Date,AssetPrice,AssetPriceUSD,GoldPrice,Ratio
1925-03-02,123.93,123.9300,20.67,5.99564586
1925-03-03,125.25,125.2500,20.67,6.05950653
1925-03-04,123.26,123.2600,20.67,5.96323174
1925-03-05,124.81,124.8100,20.67,6.03821964
1925-03-06,125.68,125.6800,20.67,6.08030963
1925-06-01,129.69,129.6900,20.67,6.27431060
1925-06-02,130.42,130.4200,20.67,6.30962748
1925-06-03,130.41,130.4100,20.67,6.30914369
1925-06-04,128.89,128.8900,20.67,6.23560716
1925-06-05,128.98,128.9800,20.67,6.23996130
1925-06-08,127.12,127.1200,20.67,6.14997581
1925-09-01,139.78,139.7800,20.67,6.76245767
1925-09-02,137.22,137.2200,20.67,6.63860668
1925-09-03,139.91,139.9100,20.67,6.76874698
1925-09-04,140.88,140.8800,20.67,6.81567489
1925-09-08,140.86,140.8600,20.67,6.81470731
1925-12-01,152.11,152.1100,20.67,7.35897436
1925-12-02,152.88,152.8800,20.67,7.39622642
1925-12-03,153.8,153.8000,20.67,7.44073537
1925-12-04,154.6,154.6000,20.67,7.47943880
1925-12-07,154.21,154.2100,20.67,7.46057088
1925-12-08,153.84,153.8400,20.67,7.44267054
1926-03-01,150.9,150.9000,20.67,7.30043541
1926-03-02,147.06,147.0600,20.67,7.11465893
1926-03-03,144.44,144.4400,20.67,6.98790518
1926-03-04,150.76,150.7600,20.67,7.29366231
1926-03-05,150.4,150.4000,20.67,7.27624577
1926-03-08,150.1,150.1000,20.67,7.26173198
1926-06-01,142.3,142.3000,20.67,6.88437349
1926-06-02,143.55,143.5500,20.67,6.94484761
1926-06-03,145.03,145.0300,20.67,7.01644896
1926-06-04,145.28,145.2800,20.67,7.02854378
1926-06-07,145.56,145.5600,20.67,7.04208999
1926-06-08,145.4,145.4000,20.67,7.03434930
1926-09-01,163.93,163.9300,20.67,7.93081761
1926-09-02,163.23,163.2300,20.67,7.89695210
1926-09-03,163.75,163.7500,20.67,7.92210934
1926-09-07,166.1,166.1000,20.67,8.03580068
1926-09-08,165.05,165.0500,20.67,7.98500242
1926-12-01,157.31,157.3100,20.67,7.61054669
1926-12-02,158,158.0000,20.67,7.64392840
1926-12-03,158.5,158.5000,20.67,7.66811805
1926-12-06,159.3,159.3000,20.67,7.70682148
1926-12-07,158.86,158.8600,20.67,7.68553459
1926-12-08,158.35,158.3500,20.67,7.66086115
1927-03-01,161.42,161.4200,20.67,7.80938558
1927-03-02,159.07,159.0700,20.67,7.69569424
1927-03-03,160.89,160.8900,20.67,7.78374456
1927-03-04,159.68,159.6800,20.67,7.72520561
1927-03-07,158.62,158.6200,20.67,7.67392356
1927-03-08,158.84,158.8400,20.67,7.68456701
1927-06-01,171.98,171.9800,20.67,8.32027092
1927-06-02,171.88,171.8800,20.67,8.31543299
1927-06-03,169.65,169.6500,20.67,8.20754717
1927-06-06,171.13,171.1300,20.67,8.27914852
1927-06-07,170.18,170.1800,20.67,8.23318820
1927-06-08,170.22,170.2200,20.67,8.23512337
1927-09-01,191.56,191.5600,20.67,9.26753749
1927-09-02,192.83,192.8300,20.67,9.32897920
1927-09-06,196.91,196.9100,20.67,9.52636672
1927-09-07,197.75,197.7500,20.67,9.56700532
1927-09-08,196.92,196.9200,20.67,9.52685051
1927-12-01,196.58,196.5800,20.67,9.51040155
1927-12-02,196.75,196.7500,20.67,9.51862603
1927-12-05,196.96,196.9600,20.67,9.52878568
1927-12-06,196.44,196.4400,20.67,9.50362845
1927-12-07,195.43,195.4300,20.67,9.45476536
1927-12-08,193.58,193.5800,20.67,9.36526367
1928-03-01,194.81,194.8100,20.67,9.42477020
1928-03-02,194.53,194.5300,20.67,9.41122400
1928-03-03,195.43,195.4300,20.67,9.45476536
1928-03-05,197.8,197.8000,20.67,9.56942429
1928-03-06,199.51,199.5100,20.67,9.65215288
1928-03-07,197.48,197.4800,20.67,9.55394291
1928-03-08,198.26,198.2600,20.67,9.59167876
1928-06-01,220.27,220.2700,20.67,10.65650701
1928-06-02,220.96,220.9600,20.67,10.68988873
1928-06-04,216.62,216.6200,20.67,10.47992259
1928-06-05,217.8,217.8000,20.67,10.53701016
1928-06-06,215.51,215.5100,20.67,10.42622158
1928-06-07,215.08,215.0800,20.67,10.40541848
1928-06-08,211.51,211.5100,20.67,10.23270440
1928-09-01,240.38,240.3800,20.67,11.62941461
1928-09-04,240.25,240.2500,20.67,11.62312530
1928-09-05,240.02,240.0200,20.67,11.61199806
1928-09-06,239.06,239.0600,20.67,11.56555394
1928-09-07,241.72,241.7200,20.67,11.69424286
1928-09-08,241.11,241.1100,20.67,11.66473149
1928-12-01,290.8,290.8000,20.67,14.06869860
1928-12-03,289.2,289.2000,20.67,13.99129173
1928-12-04,291.3,291.3000,20.67,14.09288824
1928-12-05,290.7,290.7000,20.67,14.06386067
1928-12-06,279.8,279.8000,20.67,13.53652637
1928-12-07,271.1,271.1000,20.67,13.11562651
1928-12-08,257.3,257.3000,20.67,12.44799226
1929-03-01,321.2,321.2000,20.67,15.53942912
1929-03-02,319.1,319.1000,20.67,15.43783261
1929-03-04,313.9,313.9000,20.67,15.18626028
1929-03-05,310.2,310.2000,20.67,15.00725689
1929-03-06,305.2,305.2000,20.67,14.76536043
1929-03-07,309,309.0000,20.67,14.94920174
1929-03-08,311.6,311.6000,20.67,15.07498791
1929-06-01,299.1,299.1000,20.67,14.47024673
1929-06-03,304.2,304.2000,20.67,14.71698113
1929-06-04,310.6,310.6000,20.67,15.02660861
1929-06-05,307.7,307.7000,20.67,14.88630866
1929-06-06,307.7,307.7000,20.67,14.88630866
1929-06-07,307.5,307.5000,20.67,14.87663280
1929-06-08,305.1,305.1000,20.67,14.76052250
1929-09-03,381.2,381.2000,20.67,18.44218674
1929-09-04,379.6,379.6000,20.67,18.36477987
1929-09-05,369.8,369.8000,20.67,17.89066280
1929-09-06,376.3,376.3000,20.67,18.20512821
1929-09-07,377.6,377.6000,20.67,18.26802129
1929-12-02,241.7,241.7000,20.67,11.69327528
1929-12-03,249.6,249.6000,20.67,12.07547170
1929-12-04,254.6,254.6000,20.67,12.31736817
1929-12-05,251.5,251.5000,20.67,12.16739236
1929-12-06,260.1,260.1000,20.67,12.58345428
1929-12-07,263.5,263.5000,20.67,12.74794388
1930-03-01,273.2,273.2000,20.67,13.21722303
1930-03-03,271.1,271.1000,20.67,13.11562651
1930-03-04,273.5,273.5000,20.67,13.23173682
1930-03-05,270.6,270.6000,20.67,13.09143687
1930-03-06,274.5,274.5000,20.67,13.28011611
1930-03-07,275.6,275.6000,20.67,13.33333333
1930-03-08,275.5,275.5000,20.67,13.32849540
1930-06-02,274.5,274.5000,20.67,13.28011611
1930-06-03,271.2,271.2000,20.67,13.12046444
1930-06-04,272.4,272.4000,20.67,13.17851959
1930-06-05,268.6,268.6000,20.67,12.99467828
1930-06-06,263.9,263.9000,20.67,12.76729560
1930-06-07,257.8,257.8000,20.67,12.47218191
1930-09-02,240.4,240.4000,20.67,11.63038220
1930-09-03,237.5,237.5000,20.67,11.49008224
1930-09-04,236,236.0000,20.67,11.41751330
1930-09-05,240.4,240.4000,20.67,11.63038220
1930-09-06,243.6,243.6000,20.67,11.78519594
1930-09-08,242.8,242.8000,20.67,11.74649250
1930-12-01,185.5,185.5000,20.67,8.97435897
1930-12-02,186.8,186.8000,20.67,9.03725206
1930-12-03,184.1,184.1000,20.67,8.90662796
1930-12-04,181,181.0000,20.67,8.75665215
1930-12-05,181.1,181.1000,20.67,8.76149008
1930-12-06,178.4,178.4000,20.67,8.63086599
1930-12-08,176.1,176.1000,20.67,8.51959361
1931-03-02,184.4,184.4000,20.67,8.92114175
1931-03-03,183.8,183.8000,20.67,8.89211418
1931-03-04,181,181.0000,20.67,8.75665215
1931-03-05,184.7,184.7000,20.67,8.93565554
1931-03-06,179.7,179.7000,20.67,8.69375907
1931-03-07,183.9,183.9000,20.67,8.89695210
1931-06-01,122.8,122.8000,20.67,5.94097726
1931-06-02,121.7,121.7000,20.67,5.88776004
1931-06-03,130.4,130.4000,20.67,6.30865989
1931-06-04,134.7,134.7000,20.67,6.51669086
1931-06-05,133.3,133.3000,20.67,6.44895985
1931-06-06,129.9,129.9000,20.67,6.28447025
1931-06-08,135.9,135.9000,20.67,6.57474601
1931-09-01,140.1,140.1000,20.67,6.77793904
1931-09-02,137.3,137.3000,20.67,6.64247702
1931-09-03,133.1,133.1000,20.67,6.43928399
1931-09-04,132.6,132.6000,20.67,6.41509434
1931-09-08,129.2,129.2000,20.67,6.25060474
1931-12-01,91.2,91.2000,20.67,4.41219158
1931-12-02,87.9,87.9000,20.67,4.25253991
1931-12-03,89.7,89.7000,20.67,4.33962264
1931-12-04,86.8,86.8000,20.67,4.19932269
1931-12-05,90.1,90.1000,20.67,4.35897436
1931-12-07,90.1,90.1000,20.67,4.35897436
1931-12-08,86.5,86.5000,20.67,4.18480890
1932-03-01,81.9,81.9000,20.67,3.96226415
1932-03-02,86.3,86.3000,20.67,4.17513304
1932-03-03,86.1,86.1000,20.67,4.16545718
1932-03-04,86.1,86.1000,20.67,4.16545718
1932-03-05,88.5,88.5000,20.67,4.28156749
1932-03-07,87.2,87.2000,20.67,4.21867441
1932-03-08,88.8,88.8000,20.67,4.29608128
1932-06-01,44.9,44.9000,20.67,2.17223029
1932-06-02,47.3,47.3000,20.67,2.28834059
1932-06-03,48.4,48.4000,20.67,2.34155781
1932-06-04,50.9,50.9000,20.67,2.46250605
1932-06-06,49.3,49.3000,20.67,2.38509918
1932-06-07,47.5,47.5000,20.67,2.29801645
1932-06-08,45.2,45.2000,20.67,2.18674407
1932-09-01,73.7,73.7000,20.67,3.56555394
1932-09-02,76.8,76.8000,20.67,3.71552975
1932-09-03,78.3,78.3000,20.67,3.78809869
1932-09-06,77.3,77.3000,20.67,3.73971940
1932-09-07,79.9,79.9000,20.67,3.86550556
1932-09-08,77.5,77.5000,20.67,3.74939526
1932-12-01,58,58.0000,20.67,2.80599903
1932-12-02,55.9,55.9000,20.67,2.70440252
1932-12-03,55.8,55.8000,20.67,2.69956459
1932-12-05,56.5,56.5000,20.67,2.73343009
1932-12-06,59.6,59.6000,20.67,2.88340590
1932-12-07,59.8,59.8000,20.67,2.89308176
1932-12-08,60.1,60.1000,20.67,2.90759555
1933-03-01,52.5,52.5000,20.67,2.53991292
1933-03-02,52.5,52.5000,20.67,2.53991292
1933-03-03,53.8,53.8000,20.67,2.60280600
1933-06-01,89.1,89.1000,20.67,4.31059507
1933-06-02,92.2,92.2000,20.67,4.46057088
1933-06-03,90,90.0000,20.67,4.35413643
1933-06-05,91.9,91.9000,20.67,4.44605709
1933-06-06,91.9,91.9000,20.67,4.44605709
1933-06-07,93,93.0000,20.67,4.49927431
1933-06-08,93.5,93.5000,20.67,4.52346396
1933-09-01,103.7,103.7000,34.06,3.04462713
1933-09-05,100.2,100.2000,34.06,2.94186729
1933-09-06,100.3,100.3000,34.06,2.94480329
1933-09-07,99.2,99.2000,34.06,2.91250734
1933-09-08,99.6,99.6000,34.06,2.92425132
1933-12-01,98.9,98.9000,32.32,3.06002475
1933-12-02,99.1,99.1000,32.32,3.06621287
1933-12-04,98.9,98.9000,32.32,3.06002475
1933-12-05,102,102.0000,32.32,3.15594059
1933-12-06,101.3,101.3000,32.32,3.13428218
1933-12-07,102,102.0000,32.32,3.15594059
1933-12-08,101,101.0000,32.32,3.12500000
1934-03-01,103.2,103.2000,34.06,3.02994715
1934-03-02,105.8,105.8000,34.06,3.10628303
1934-03-03,105.6,105.6000,34.06,3.10041104
1934-03-05,105,105.0000,34.06,3.08279507
1934-03-06,103.8,103.8000,34.06,3.04756312
1934-03-07,101.6,101.6000,34.06,2.98297123
1934-03-08,103.2,103.2000,34.06,3.02994715
1934-06-01,91.8,91.8000,34.06,2.69524369
1934-06-02,91.4,91.4000,34.06,2.68349971
1934-06-04,92.7,92.7000,34.06,2.72166765
1934-06-05,94.7,94.7000,34.06,2.78038755
1934-06-06,94.8,94.8000,34.06,2.78332355
1934-06-07,94.7,94.7000,34.06,2.78038755
1934-06-08,98.4,98.4000,34.06,2.88901938
1934-09-01,92.6,92.6000,35,2.64571429
1934-09-04,92.3,92.3000,35,2.63714286
1934-09-05,93.7,93.7000,35,2.67714286
1934-09-06,91.8,91.8000,35,2.62285714
1934-09-07,91,91.0000,35,2.60000000
1934-09-08,90.8,90.8000,35,2.59428571
1934-12-01,102.9,102.9000,35,2.94000000
1934-12-03,101.9,101.9000,35,2.91142857
1934-12-04,102.6,102.6000,35,2.93142857
1934-12-05,103.4,103.4000,35,2.95428571
1934-12-06,103.5,103.5000,35,2.95714286
1934-12-07,103.2,103.2000,35,2.94857143
1934-12-08,102.8,102.8000,35,2.93714286
1935-03-01,103.3,103.3000,35,2.95142857
1935-03-02,103.2,103.2000,35,2.94857143
1935-03-04,102.6,102.6000,35,2.93142857
1935-03-05,100.1,100.1000,35,2.86000000
1935-03-06,100.2,100.2000,35,2.86285714
1935-03-07,101.2,101.2000,35,2.89142857
1935-03-08,101.6,101.6000,35,2.90285714
1935-06-01,109.7,109.7000,35,3.13428571
1935-06-03,111.5,111.5000,35,3.18571429
1935-06-04,113.6,113.6000,35,3.24571429
1935-06-05,113.9,113.9000,35,3.25428571
1935-06-06,113.5,113.5000,35,3.24285714
1935-06-07,114,114.0000,35,3.25714286
1935-06-08,114.7,114.7000,35,3.27714286
1935-09-03,127.3,127.3000,35,3.63714286
1935-09-04,128.5,128.5000,35,3.67142857
1935-09-05,129.3,129.3000,35,3.69428571
1935-09-06,130.8,130.8000,35,3.73714286
1935-09-07,131.9,131.9000,35,3.76857143
1935-12-02,140.7,140.7000,35,4.02000000
1935-12-03,143.6,143.6000,35,4.10285714
1935-12-04,144,144.0000,35,4.11428571
1935-12-05,143.7,143.7000,35,4.10571429
1935-12-06,143.5,143.5000,35,4.10000000
1935-12-07,144.5,144.5000,35,4.12857143
1936-03-02,154.1,154.1000,35,4.40285714
1936-03-03,156.2,156.2000,35,4.46285714
1936-03-04,156.7,156.7000,35,4.47714286
1936-03-05,157.5,157.5000,35,4.50000000
1936-03-06,158.8,158.8000,35,4.53714286
1936-03-07,157.9,157.9000,35,4.51142857
1936-06-01,152.8,152.8000,35,4.36571429
1936-06-02,152,152.0000,35,4.34285714
1936-06-03,151.5,151.5000,35,4.32857143
1936-06-04,149.4,149.4000,35,4.26857143
1936-06-05,149.3,149.3000,35,4.26571429
1936-06-06,149.8,149.8000,35,4.28000000
1936-06-08,151.4,151.4000,35,4.32571429
1936-09-01,166.4,166.4000,35,4.75428571
1936-09-02,166.7,166.7000,35,4.76285714
1936-09-03,166.2,166.2000,35,4.74857143
1936-09-04,167,167.0000,35,4.77142857
1936-09-05,167.8,167.8000,35,4.79428571
1936-09-08,169.6,169.6000,35,4.84571429
1936-12-01,182.1,182.1000,35,5.20285714
1936-12-02,180.3,180.3000,35,5.15142857
1936-12-03,181.3,181.3000,35,5.18000000
1936-12-04,181,181.0000,35,5.17142857
1936-12-05,181.1,181.1000,35,5.17428571
1936-12-07,180.1,180.1000,35,5.14571429
1936-12-08,180.6,180.6000,35,5.16000000
1937-03-01,187.7,187.7000,35,5.36285714
1937-03-02,189.9,189.9000,35,5.42571429
1937-03-03,192.9,192.9000,35,5.51142857
1937-03-04,191.6,191.6000,35,5.47428571
1937-03-05,194.1,194.1000,35,5.54571429
1937-03-06,194.2,194.2000,35,5.54857143
1937-03-08,192.7,192.7000,35,5.50571429
1937-06-01,171.6,171.6000,35,4.90285714
1937-06-02,172.6,172.6000,35,4.93142857
1937-06-03,172.8,172.8000,35,4.93714286
1937-06-04,175.1,175.1000,35,5.00285714
1937-06-05,175,175.0000,35,5.00000000
1937-06-07,173.9,173.9000,35,4.96857143
1937-06-08,174.3,174.3000,35,4.98000000
1937-09-01,173.1,173.1000,35,4.94571429
1937-09-02,170.8,170.8000,35,4.88000000
1937-09-03,172.2,172.2000,35,4.92000000
1937-09-04,172.6,172.6000,35,4.93142857
1937-09-07,164.4,164.4000,35,4.69714286
1937-09-08,163.4,163.4000,35,4.66857143
1937-12-01,122.1,122.1000,35,3.48857143
1937-12-02,125.1,125.1000,35,3.57428571
1937-12-03,127.6,127.6000,35,3.64571429
1937-12-04,127.8,127.8000,35,3.65142857
1937-12-06,126.2,126.2000,35,3.60571429
1937-12-07,128.3,128.3000,35,3.66571429
1937-12-08,129.8,129.8000,35,3.70857143
1938-03-01,130.5,130.5000,35,3.72857143
1938-03-02,129.4,129.4000,35,3.69714286
1938-03-03,128.2,128.2000,35,3.66285714
1938-03-04,127.8,127.8000,35,3.65142857
1938-03-05,127.7,127.7000,35,3.64857143
1938-03-07,125.4,125.4000,35,3.58285714
1938-03-08,125.3,125.3000,35,3.58000000
1938-06-01,110.6,110.6000,35,3.16000000
1938-06-02,110.7,110.7000,35,3.16285714
1938-06-03,109.7,109.7000,35,3.13428571
1938-06-04,111.8,111.8000,35,3.19428571
1938-06-06,113.2,113.2000,35,3.23428571
1938-06-07,113.1,113.1000,35,3.23142857
1938-06-08,113.8,113.8000,35,3.25142857
1938-09-01,138.4,138.4000,35,3.95428571
1938-09-02,141.4,141.4000,35,4.04000000
1938-09-03,142.5,142.5000,35,4.07142857
1938-09-06,141.5,141.5000,35,4.04285714
1938-09-07,143.1,143.1000,35,4.08857143
1938-09-08,142.2,142.2000,35,4.06285714
1938-12-01,148.6,148.6000,35,4.24571429
1938-12-02,147.6,147.6000,35,4.21714286
1938-12-03,147.5,147.5000,35,4.21428571
1938-12-05,147.5,147.5000,35,4.21428571
1938-12-06,148.3,148.3000,35,4.23714286
1938-12-07,148.7,148.7000,35,4.24857143
1938-12-08,147.6,147.6000,35,4.21714286
1939-03-01,147.2,147.2000,35,4.20571429
1939-03-02,147,147.0000,35,4.20000000
1939-03-03,148.8,148.8000,35,4.25142857
1939-03-04,149.5,149.5000,35,4.27142857
1939-03-06,148.8,148.8000,35,4.25142857
1939-03-07,149.4,149.4000,35,4.26857143
1939-03-08,151.4,151.4000,35,4.32571429
1939-06-01,136.2,136.2000,35,3.89142857
1939-06-02,136.7,136.7000,35,3.90571429
1939-06-03,137.1,137.1000,35,3.91714286
1939-06-05,137.1,137.1000,35,3.91714286
1939-06-06,138.4,138.4000,35,3.95428571
1939-06-07,138.7,138.7000,35,3.96285714
1939-06-08,138.5,138.5000,35,3.95714286
1939-09-01,135.3,135.3000,35,3.86571429
1939-09-02,138.1,138.1000,35,3.94571429
1939-09-05,148.1,148.1000,35,4.23142857
1939-09-06,148,148.0000,35,4.22857143
1939-09-07,148.3,148.3000,35,4.23714286
1939-09-08,150,150.0000,35,4.28571429
1939-12-01,146.5,146.5000,35,4.18571429
1939-12-02,146.6,146.6000,35,4.18857143
1939-12-04,146.3,146.3000,35,4.18000000
1939-12-05,146.5,146.5000,35,4.18571429
1939-12-06,148.8,148.8000,35,4.25142857
1939-12-07,148.7,148.7000,35,4.24857143
1939-12-08,147.9,147.9000,35,4.22571429
1940-03-01,146.2,146.2000,34.75,4.20719424
1940-03-02,146.3,146.3000,34.75,4.21007194
1940-03-04,146.4,146.4000,34.75,4.21294964
1940-03-05,146.9,146.9000,34.75,4.22733813
1940-03-06,148,148.0000,34.75,4.25899281
1940-03-07,148.3,148.3000,34.75,4.26762590
1940-03-08,148.1,148.1000,34.75,4.26187050
1940-06-01,115.7,115.7000,34.75,3.32949640
1940-06-03,114.7,114.7000,34.75,3.30071942
1940-06-04,115.8,115.8000,34.75,3.33237410
1940-06-05,113.3,113.3000,34.75,3.26043165
1940-06-06,114.5,114.5000,34.75,3.29496403
1940-06-07,115.7,115.7000,34.75,3.32949640
1940-06-08,115.4,115.4000,34.75,3.32086331
1940-09-03,129.7,129.7000,34.1,3.80351906
1940-09-04,132.2,132.2000,34.1,3.87683284
1940-09-05,134.1,134.1000,34.1,3.93255132
1940-09-06,133.1,133.1000,34.1,3.90322581
1940-09-07,132.8,132.8000,34.1,3.89442815
1940-12-02,130.9,130.9000,34.5,3.79420290
1940-12-03,130.8,130.8000,34.5,3.79130435
1940-12-04,130.8,130.8000,34.5,3.79130435
1940-12-05,130,130.0000,34.5,3.76811594
1940-12-06,130.3,130.3000,34.5,3.77681159
1940-12-07,131.3,131.3000,34.5,3.80579710
1941-03-01,121.9,121.9000,34.5,3.53333333
1941-03-03,120.9,120.9000,34.5,3.50434783
1941-03-04,121.2,121.2000,34.5,3.51304348
1941-03-05,120.3,120.3000,34.5,3.48695652
1941-03-06,121.6,121.6000,34.5,3.52463768
1941-03-07,121.6,121.6000,34.5,3.52463768
1941-03-08,121.5,121.5000,34.5,3.52173913
1941-06-02,116.2,116.2000,34.25,3.39270073
1941-06-03,117.4,117.4000,34.25,3.42773723
1941-06-04,117.7,117.7000,34.25,3.43649635
1941-06-05,118.1,118.1000,34.25,3.44817518
1941-06-06,118,118.0000,34.25,3.44525547
1941-06-07,118.9,118.9000,34.25,3.47153285
1941-09-02,128.3,128.3000,35.5,3.61408451
1941-09-03,127.9,127.9000,35.5,3.60281690
1941-09-04,127.5,127.5000,35.5,3.59154930
1941-09-05,127.2,127.2000,35.5,3.58309859
1941-09-06,127.3,127.3000,35.5,3.58591549
1941-09-08,127.5,127.5000,35.5,3.59154930
1941-12-01,113.6,113.6000,35.5,3.20000000
1941-12-02,115.6,115.6000,35.5,3.25633803
1941-12-03,116.7,116.7000,35.5,3.28732394
1941-12-04,116.6,116.6000,35.5,3.28450704
1941-12-05,115.9,115.9000,35.5,3.26478873
1941-12-06,116.6,116.6000,35.5,3.28450704
1941-12-08,112.5,112.5000,35.5,3.16901408
1942-03-02,105.8,105.8000,35.5,2.98028169
1942-03-03,107,107.0000,35.5,3.01408451
1942-03-04,106,106.0000,35.5,2.98591549
1942-03-05,104.6,104.6000,35.5,2.94647887
1942-03-06,102.1,102.1000,35.5,2.87605634
1942-03-07,102.3,102.3000,35.5,2.88169014
1942-06-01,101.4,101.4000,35,2.89714286
1942-06-02,101.3,101.3000,35,2.89428571
1942-06-03,102.2,102.2000,35,2.92000000
1942-06-04,103.6,103.6000,35,2.96000000
1942-06-05,104.4,104.4000,35,2.98285714
1942-06-06,104.5,104.5000,35,2.98571429
1942-06-08,105.6,105.6000,35,3.01714286
1942-09-01,106.3,106.3000,36.25,2.93241379
1942-09-02,106.5,106.5000,36.25,2.93793103
1942-09-03,106.3,106.3000,36.25,2.93241379
1942-09-04,106.4,106.4000,36.25,2.93517241
1942-09-05,106.7,106.7000,36.25,2.94344828
1942-09-08,107.6,107.6000,36.25,2.96827586
1942-12-01,114.6,114.6000,35.5,3.22816901
1942-12-02,115.2,115.2000,35.5,3.24507042
1942-12-03,115.2,115.2000,35.5,3.24507042
1942-12-04,115,115.0000,35.5,3.23943662
1942-12-05,115.2,115.2000,35.5,3.24507042
1942-12-07,115,115.0000,35.5,3.23943662
1942-12-08,115.8,115.8000,35.5,3.26197183
1943-03-01,129.4,129.4000,35.5,3.64507042
1943-03-02,128.6,128.6000,35.5,3.62253521
1943-03-03,130,130.0000,35.5,3.66197183
1943-03-04,130.4,130.4000,35.5,3.67323944
1943-03-05,130.6,130.6000,35.5,3.67887324
1943-03-06,130.7,130.7000,35.5,3.68169014
1943-03-08,130.6,130.6000,35.5,3.67887324
1943-06-01,142.4,142.4000,35.5,4.01126761
1943-06-02,142.4,142.4000,35.5,4.01126761
1943-06-03,142.8,142.8000,35.5,4.02253521
1943-06-04,142.3,142.3000,35.5,4.00845070
1943-06-05,143.1,143.1000,35.5,4.03098592
1943-06-07,141.8,141.8000,35.5,3.99436620
1943-06-08,141.4,141.4000,35.5,3.98309859
1943-09-01,137.1,137.1000,36.5,3.75616438
1943-09-02,137.1,137.1000,36.5,3.75616438
1943-09-03,137.2,137.2000,36.5,3.75890411
1943-09-04,137.3,137.3000,36.5,3.76164384
1943-09-07,137.6,137.6000,36.5,3.76986301
1943-09-08,136.9,136.9000,36.5,3.75068493
1943-12-01,130.7,130.7000,36.5,3.58082192
1943-12-02,131.7,131.7000,36.5,3.60821918
1943-12-03,131.9,131.9000,36.5,3.61369863
1943-12-04,131.9,131.9000,36.5,3.61369863
1943-12-06,132.5,132.5000,36.5,3.63013699
1943-12-07,133.4,133.4000,36.5,3.65479452
1943-12-08,134.4,134.4000,36.5,3.68219178
1944-03-01,136.4,136.4000,36.5,3.73698630
1944-03-02,136.7,136.7000,36.5,3.74520548
1944-03-03,136.6,136.6000,36.5,3.74246575
1944-03-04,136.8,136.8000,36.5,3.74794521
1944-03-06,137.2,137.2000,36.5,3.75890411
1944-03-07,138.3,138.3000,36.5,3.78904110
1944-03-08,139.5,139.5000,36.5,3.82191781
1944-06-01,142.1,142.1000,36.75,3.86666667
1944-06-02,142.1,142.1000,36.75,3.86666667
1944-06-03,142.3,142.3000,36.75,3.87210884
1944-06-05,141.6,141.6000,36.75,3.85306122
1944-06-06,142.2,142.2000,36.75,3.86938776
1944-06-07,142.1,142.1000,36.75,3.86666667
1944-06-08,141.9,141.9000,36.75,3.86122449
1944-09-01,147.2,147.2000,36,4.08888889
1944-09-05,146.6,146.6000,36,4.07222222
1944-09-06,144.4,144.4000,36,4.01111111
1944-09-07,143.6,143.6000,36,3.98888889
1944-09-08,143.5,143.5000,36,3.98611111
1944-12-01,147.3,147.3000,36.25,4.06344828
1944-12-02,147.5,147.5000,36.25,4.06896552
1944-12-04,148.2,148.2000,36.25,4.08827586
1944-12-05,148.6,148.6000,36.25,4.09931034
1944-12-06,148.8,148.8000,36.25,4.10482759
1944-12-07,149.2,149.2000,36.25,4.11586207
1944-12-08,150.5,150.5000,36.25,4.15172414
1945-03-01,160.7,160.7000,36.25,4.43310345
1945-03-02,160,160.0000,36.25,4.41379310
1945-03-03,159.7,159.7000,36.25,4.40551724
1945-03-05,160.7,160.7000,36.25,4.43310345
1945-03-06,161.5,161.5000,36.25,4.45517241
1945-03-07,161.5,161.5000,36.25,4.45517241
1945-03-08,158.9,158.9000,36.25,4.38344828
1945-06-01,168.1,168.1000,36.25,4.63724138
1945-06-02,168,168.0000,36.25,4.63448276
1945-06-04,168.1,168.1000,36.25,4.63724138
1945-06-05,168.1,168.1000,36.25,4.63724138
1945-06-06,167.3,167.3000,36.25,4.61517241
1945-06-07,167.2,167.2000,36.25,4.61241379
1945-06-08,166.8,166.8000,36.25,4.60137931
1945-09-04,173.9,173.9000,38.25,4.54640523
1945-09-05,174.2,174.2000,38.25,4.55424837
1945-09-06,176,176.0000,38.25,4.60130719
1945-09-07,176.6,176.6000,38.25,4.61699346
1945-09-08,177,177.0000,38.25,4.62745098
1945-12-01,192.4,192.4000,37.25,5.16510067
1945-12-03,193.7,193.7000,37.25,5.20000000
1945-12-04,193.1,193.1000,37.25,5.18389262
1945-12-05,193.1,193.1000,37.25,5.18389262
1945-12-06,193.8,193.8000,37.25,5.20268456
1945-12-07,194.1,194.1000,37.25,5.21073826
1945-12-08,195.2,195.2000,37.25,5.24026846
1946-03-01,189.4,189.4000,37.75,5.01721854
1946-03-02,188.7,188.7000,37.75,4.99867550
1946-03-04,188.5,188.5000,37.75,4.99337748
1946-03-05,190.5,190.5000,37.75,5.04635762
1946-03-06,190.3,190.3000,37.75,5.04105960
1946-03-07,191.5,191.5000,37.75,5.07284768
1946-03-08,193.7,193.7000,37.75,5.13112583
1946-06-03,211.5,211.5000,37.75,5.60264901
1946-06-04,210,210.0000,37.75,5.56291391
1946-06-05,209.8,209.8000,37.75,5.55761589
1946-06-06,209.5,209.5000,37.75,5.54966887
1946-06-07,210,210.0000,37.75,5.56291391
1946-09-03,178.7,178.7000,39.5,4.52405063
1946-09-04,176.7,176.7000,39.5,4.47341772
1946-09-05,181.2,181.2000,39.5,4.58734177
1946-09-06,180,180.0000,39.5,4.55696203
1946-12-02,167.5,167.5000,38.25,4.37908497
1946-12-03,168.1,168.1000,38.25,4.39477124
1946-12-04,170.3,170.3000,38.25,4.45228758
1946-12-05,170,170.0000,38.25,4.44444444
1946-12-06,170.4,170.4000,38.25,4.45490196
1946-12-07,171,171.0000,38.25,4.47058824
1947-03-01,179.3,179.3000,38.25,4.68758170
1947-03-03,179.4,179.4000,38.25,4.69019608
1947-03-04,179.8,179.8000,38.25,4.70065359
1947-03-05,181.2,181.2000,38.25,4.73725490
1947-03-06,181.9,181.9000,38.25,4.75555556
1947-03-07,177.1,177.1000,38.25,4.63006536
1947-03-08,175.8,175.8000,38.25,4.59607843
1947-06-02,168,168.0000,37.5,4.48000000
1947-06-03,170.4,170.4000,37.5,4.54400000
1947-06-04,169.6,169.6000,37.5,4.52266667
1947-06-05,169.4,169.4000,37.5,4.51733333
1947-06-06,170.3,170.3000,37.5,4.54133333
1947-09-02,179.8,179.8000,43.25,4.15722543
1947-09-03,179.1,179.1000,43.25,4.14104046
1947-09-04,177.3,177.3000,43.25,4.09942197
1947-09-05,177.1,177.1000,43.25,4.09479769
1947-09-08,175.1,175.1000,43.25,4.04855491
1947-12-01,180.6,180.6000,43,4.20000000
1947-12-02,180.8,180.8000,43,4.20465116
1947-12-03,179.6,179.6000,43,4.17674419
1947-12-04,178.8,178.8000,43,4.15813953
1947-12-05,176.1,176.1000,43,4.09534884
1947-12-06,175.7,175.7000,43,4.08604651
1947-12-08,176.7,176.7000,43,4.10930233
1948-03-01,168.1,168.1000,43,3.90930233
1948-03-02,168.8,168.8000,43,3.92558140
1948-03-03,168.6,168.6000,43,3.92093023
1948-03-04,168.1,168.1000,43,3.90930233
1948-03-05,168.4,168.4000,43,3.91627907
1948-03-06,168.9,168.9000,43,3.92790698
1948-03-08,167.7,167.7000,43,3.90000000
1948-06-01,191.2,191.2000,43.25,4.42080925
1948-06-02,191.3,191.3000,43.25,4.42312139
1948-06-03,191.1,191.1000,43.25,4.41849711
1948-06-04,190.2,190.2000,43.25,4.39768786
1948-06-07,190.1,190.1000,43.25,4.39537572
1948-06-08,192.2,192.2000,43.25,4.44393064
1948-09-01,183.6,183.6000,41.5,4.42409639
1948-09-02,184.4,184.4000,41.5,4.44337349
1948-09-03,184.4,184.4000,41.5,4.44337349
1948-09-07,185.4,185.4000,41.5,4.46746988
1948-09-08,182.9,182.9000,41.5,4.40722892
1948-12-01,173.2,173.2000,42,4.12380952
1948-12-02,173.6,173.6000,42,4.13333333
1948-12-03,175,175.0000,42,4.16666667
1948-12-04,176.2,176.2000,42,4.19523810
1948-12-06,176.3,176.3000,42,4.19761905
1948-12-07,176.7,176.7000,42,4.20714286
1948-12-08,176.3,176.3000,42,4.19761905
1949-03-01,174.2,174.2000,42,4.14761905
1949-03-02,173.8,173.8000,42,4.13809524
1949-03-03,173.8,173.8000,42,4.13809524
1949-03-04,173.7,173.7000,42,4.13571429
1949-03-05,174.9,174.9000,42,4.16428571
1949-03-07,175.6,175.6000,42,4.18095238
1949-03-08,176.1,176.1000,42,4.19285714
1949-06-01,168,168.0000,42.5,3.95294118
1949-06-02,168.2,168.2000,42.5,3.95764706
1949-06-03,167.2,167.2000,42.5,3.93411765
1949-06-06,165.2,165.2000,42.5,3.88705882
1949-06-07,165.3,165.3000,42.5,3.88941176
1949-06-08,165.8,165.8000,42.5,3.90117647
1949-09-01,179.5,179.5000,40.5,4.43209877
1949-09-02,179.4,179.4000,40.5,4.42962963
1949-09-06,179.2,179.2000,40.5,4.42469136
1949-09-07,180.2,180.2000,40.5,4.44938272
1949-09-08,180.5,180.5000,40.5,4.45679012
1949-12-01,192.7,192.7000,40.5,4.75802469
1949-12-02,193.6,193.6000,40.5,4.78024691
1949-12-03,194.4,194.4000,40.5,4.80000000
1949-12-05,194.7,194.7000,40.5,4.80740741
1949-12-06,194.6,194.6000,40.5,4.80493827
1949-12-07,194.2,194.2000,40.5,4.79506173
1949-12-08,194.5,194.5000,40.5,4.80246914
1950-03-01,203.6,203.6000,40.5,5.02716049
1950-03-02,203.5,203.5000,40.5,5.02469136
1950-03-03,204.5,204.5000,40.5,5.04938272
1950-03-04,204.7,204.7000,40.5,5.05432099
1950-03-06,204.9,204.9000,40.5,5.05925926
1950-03-07,203.7,203.7000,40.5,5.02962963
1950-03-08,203.7,203.7000,40.5,5.02962963
1950-06-01,223.2,223.2000,41.5,5.37831325
1950-06-02,223.7,223.7000,41.5,5.39036145
1950-06-05,221.8,221.8000,41.5,5.34457831
1950-06-06,223.5,223.5000,41.5,5.38554217
1950-06-07,223.7,223.7000,41.5,5.39036145
1950-06-08,225.5,225.5000,41.5,5.43373494
1950-09-01,218.4,218.4000,36.5,5.98356164
1950-09-05,220,220.0000,36.5,6.02739726
1950-09-06,218.2,218.2000,36.5,5.97808219
1950-09-07,218.3,218.3000,36.5,5.98082192
1950-09-08,220,220.0000,36.5,6.02739726
1950-12-01,228.9,228.9000,40.25,5.68695652
1950-12-02,227.6,227.6000,40.25,5.65465839
1950-12-04,222.3,222.3000,40.25,5.52298137
1950-12-05,225.4,225.4000,40.25,5.60000000
1950-12-06,226.2,226.2000,40.25,5.61987578
1950-12-07,225.9,225.9000,40.25,5.61242236
1950-12-08,226.7,226.7000,40.25,5.63229814
1951-03-01,252.8,252.8000,40.25,6.28074534
1951-03-02,253.6,253.6000,40.25,6.30062112
1951-03-03,253.4,253.4000,40.25,6.29565217
1951-03-05,251.8,251.8000,40.25,6.25590062
1951-03-06,251.6,251.6000,40.25,6.25093168
1951-03-07,252.5,252.5000,40.25,6.27329193
1951-03-08,252.8,252.8000,40.25,6.28074534
1951-06-01,249.3,249.3000,44,5.66590909
1951-06-04,246.8,246.8000,44,5.60909091
1951-06-05,247.6,247.6000,44,5.62727273
1951-06-06,249.6,249.6000,44,5.67272727
1951-06-07,250.8,250.8000,44,5.70000000
1951-06-08,250.4,250.4000,44,5.69090909
1951-09-04,270.6,270.6000,40,6.76500000
1951-09-05,272.5,272.5000,40,6.81250000
1951-09-06,272.3,272.3000,40,6.80750000
1951-09-07,273.9,273.9000,40,6.84750000
1951-12-01,262.3,262.3000,40,6.55750000
1951-12-03,263.2,263.2000,40,6.58000000
1951-12-04,264.3,264.3000,40,6.60750000
1951-12-05,263.7,263.7000,40,6.59250000
1951-12-06,266.2,266.2000,40,6.65500000
1951-12-07,267,267.0000,40,6.67500000
1951-12-08,266.9,266.9000,40,6.67250000
1952-03-01,260.3,260.3000,40,6.50750000
1952-03-03,260.1,260.1000,40,6.50250000
1952-03-04,264,264.0000,40,6.60000000
1952-03-05,264.7,264.7000,40,6.61750000
1952-03-06,264,264.0000,40,6.60000000
1952-03-07,263.9,263.9000,40,6.59750000
1952-03-08,264.1,264.1000,40,6.60250000
1952-06-02,262.3,262.3000,40.75,6.43680982
1952-06-03,262.1,262.1000,40.75,6.43190184
1952-06-04,263.7,263.7000,40.75,6.47116564
1952-06-05,266.3,266.3000,40.75,6.53496933
1952-06-06,268,268.0000,40.75,6.57668712
1952-09-02,276.4,276.4000,38.15,7.24508519
1952-09-03,277.2,277.2000,38.15,7.26605505
1952-09-04,276.8,276.8000,38.15,7.25557012
1952-09-05,276.5,276.5000,38.15,7.24770642
1952-09-08,275.9,275.9000,38.15,7.23197903
1952-12-01,283.7,283.7000,38.7,7.33074935
1952-12-02,283.8,283.8000,38.7,7.33333333
1952-12-03,282.9,282.9000,38.7,7.31007752
1952-12-04,281.6,281.6000,38.7,7.27648579
1952-12-05,282.1,282.1000,38.7,7.28940568
1952-12-08,283.6,283.6000,38.7,7.32816537
1953-03-02,284.7,284.7000,38.7,7.35658915
1953-03-03,286,286.0000,38.7,7.39018088
1953-03-04,283.7,283.7000,38.7,7.33074935
1953-03-05,283.9,283.9000,38.7,7.33591731
1953-03-06,284.8,284.8000,38.7,7.35917313
1953-06-01,268.4,268.4000,39.25,6.83821656
1953-06-02,269.8,269.8000,39.25,6.87388535
1953-06-03,269.6,269.6000,39.25,6.86878981
1953-06-04,267.6,267.6000,39.25,6.81783439
1953-06-05,268.3,268.3000,39.25,6.83566879
1953-06-08,267.9,267.9000,39.25,6.82547771
1953-09-01,262.5,262.5000,35.25,7.44680851
1953-09-02,264,264.0000,35.25,7.48936170
1953-09-03,263.6,263.6000,35.25,7.47801418
1953-09-04,264.3,264.3000,35.25,7.49787234
1953-09-08,265.4,265.4000,35.25,7.52907801
1953-12-01,281.1,281.1000,35.5,7.91830986
1953-12-02,282.8,282.8000,35.5,7.96619718
1953-12-03,283.3,283.3000,35.5,7.98028169
1953-12-04,282.7,282.7000,35.5,7.96338028
1953-12-07,282,282.0000,35.5,7.94366197
1953-12-08,281.5,281.5000,35.5,7.92957746
1954-03-01,296.6,296.6000,35.5,8.35492958
1954-03-02,297.5,297.5000,35.5,8.38028169
1954-03-03,297,297.0000,35.5,8.36619718
1954-03-04,297.5,297.5000,35.5,8.38028169
1954-03-05,299.5,299.5000,35.5,8.43661972
1954-03-08,298.6,298.6000,35.5,8.41126761
1954-06-01,328.7,328.7000,35.5,9.25915493
1954-06-02,328.4,328.4000,35.5,9.25070423
1954-06-03,328.6,328.6000,35.5,9.25633803
1954-06-04,327.6,327.6000,35.5,9.22816901
1954-06-07,328,328.0000,35.5,9.23943662
1954-06-08,321,321.0000,35.5,9.04225352
1954-09-01,338.1,338.1000,35.25,9.59148936
1954-09-02,341.2,341.2000,35.25,9.67943262
1954-09-03,343.1,343.1000,35.25,9.73333333
1954-09-07,345.4,345.4000,35.25,9.79858156
1954-09-08,346.1,346.1000,35.25,9.81843972
1954-12-01,384,384.0000,35.25,10.89361702
1954-12-02,385.6,385.6000,35.25,10.93900709
1954-12-03,389.6,389.6000,35.25,11.05248227
1954-12-06,392.5,392.5000,35.25,11.13475177
1954-12-07,393.9,393.9000,35.25,11.17446809
1954-12-08,393.1,393.1000,35.25,11.15177305
1955-03-01,413.7,413.7000,35.25,11.73617021
1955-03-02,417.2,417.2000,35.25,11.83546099
1955-03-03,418.3,418.3000,35.25,11.86666667
1955-03-04,419.7,419.7000,35.25,11.90638298
1955-03-07,416.8,416.8000,35.25,11.82411348
1955-03-08,409.1,409.1000,35.25,11.60567376
1955-06-01,424.9,424.9000,35.25,12.05390071
1955-06-02,425.8,425.8000,35.25,12.07943262
1955-06-03,428.5,428.5000,35.25,12.15602837
1955-06-06,431.5,431.5000,35.25,12.24113475
1955-06-07,434.6,434.6000,35.25,12.32907801
1955-06-08,437,437.0000,35.25,12.39716312
1955-09-01,469.6,469.6000,35.15,13.35988620
1955-09-02,472.5,472.5000,35.15,13.44238976
1955-09-06,476.2,476.2000,35.15,13.54765292
1955-09-07,475.2,475.2000,35.15,13.51920341
1955-09-08,475.1,475.1000,35.15,13.51635846
1955-12-01,481.4,481.4000,35.15,13.69559033
1955-12-02,482.7,482.7000,35.15,13.73257468
1955-12-05,487.2,487.2000,35.15,13.86059744
1955-12-06,486.7,486.7000,35.15,13.84637269
1955-12-07,486.4,486.4000,35.15,13.83783784
1955-12-08,487.8,487.8000,35.15,13.87766714
1956-03-01,486.7,486.7000,35.15,13.84637269
1956-03-02,488.8,488.8000,35.15,13.90611664
1956-03-05,491.7,491.7000,35.15,13.98862020
1956-03-06,491.4,491.4000,35.15,13.98008535
1956-03-07,491.3,491.3000,35.15,13.97724040
1956-03-08,492.4,492.4000,35.15,14.00853485
1956-06-01,480.6,480.6000,35.15,13.67283073
1956-06-04,483.2,483.2000,35.15,13.74679943
1956-06-05,483.2,483.2000,35.15,13.74679943
1956-06-06,480.5,480.5000,35.15,13.66998578
1956-06-07,483,483.0000,35.15,13.74110953
1956-06-08,475.3,475.3000,35.15,13.52204836
1956-09-04,507.7,507.7000,35.2,14.42329545
1956-09-05,509.8,509.8000,35.2,14.48295455
1956-09-06,509.5,509.5000,35.2,14.47443182
1956-09-07,506.8,506.8000,35.2,14.39772727
1956-12-03,480.6,480.6000,35.2,13.65340909
1956-12-04,481.4,481.4000,35.2,13.67613636
1956-12-05,488.6,488.6000,35.2,13.88068182
1956-12-06,492.7,492.7000,35.2,13.99715909
1956-12-07,494.8,494.8000,35.2,14.05681818
1957-03-01,468.9,468.9000,35.2,13.32102273
1957-03-04,471.5,471.5000,35.2,13.39488636
1957-03-05,472.9,472.9000,35.2,13.43465909
1957-03-06,474.9,474.9000,35.2,13.49147727
1957-03-07,474.2,474.2000,35.2,13.47159091
1957-03-08,471.6,471.6000,35.2,13.39772727
1957-06-03,503.8,503.8000,35.15,14.33285917
1957-06-04,503,503.0000,35.15,14.31009957
1957-06-05,502.1,502.1000,35.15,14.28449502
1957-06-06,504.6,504.6000,35.15,14.35561878
1957-06-07,505.6,505.6000,35.15,14.38406828
1957-09-03,486.1,486.1000,35.25,13.79007092
1957-09-04,482.6,482.6000,35.25,13.69078014
1957-09-05,479.5,479.5000,35.25,13.60283688
1957-09-06,478.6,478.6000,35.25,13.57730496
1957-12-02,446.9,446.9000,35.25,12.67801418
1957-12-03,446.6,446.6000,35.25,12.66950355
1957-12-04,448.9,448.9000,35.25,12.73475177
1957-12-05,449.6,449.6000,35.25,12.75460993
1957-12-06,447.2,447.2000,35.25,12.68652482
1958-03-03,443.4,443.4000,35.25,12.57872340
1958-03-04,445.1,445.1000,35.25,12.62695035
1958-03-05,446.6,446.6000,35.25,12.66950355
1958-03-06,451,451.0000,35.25,12.79432624
1958-03-07,451.5,451.5000,35.25,12.80851064
1958-06-02,466.1,466.1000,35.25,13.22269504
1958-06-03,468.1,468.1000,35.25,13.27943262
1958-06-04,468.6,468.6000,35.25,13.29361702
1958-06-05,468.6,468.6000,35.25,13.29361702
1958-06-06,469.6,469.6000,35.25,13.32198582
1958-09-02,511.8,511.8000,35.25,14.51914894
1958-09-03,513.7,513.7000,35.25,14.57304965
1958-09-04,513.4,513.4000,35.25,14.56453901
1958-09-05,512.8,512.8000,35.25,14.54751773
1958-09-08,515.2,515.2000,35.25,14.61560284
1958-12-01,560.1,560.1000,35.25,15.88936170
1958-12-02,558.6,558.6000,35.25,15.84680851
1958-12-03,558.8,558.8000,35.25,15.85248227
1958-12-04,559.1,559.1000,35.25,15.86099291
1958-12-05,556.8,556.8000,35.25,15.79574468
1958-12-08,556.1,556.1000,35.25,15.77588652
1959-03-02,605,605.0000,35.25,17.16312057
1959-03-03,610.8,610.8000,35.25,17.32765957
1959-03-04,611.8,611.8000,35.25,17.35602837
1959-03-05,611.9,611.9000,35.25,17.35886525
1959-03-06,609.5,609.5000,35.25,17.29078014
1959-06-01,643.5,643.5000,35.25,18.25531915
1959-06-02,637.5,637.5000,35.25,18.08510638
1959-06-03,637.4,637.4000,35.25,18.08226950
1959-06-04,630.5,630.5000,35.25,17.88652482
1959-06-05,630,630.0000,35.25,17.87234043
1959-06-08,621.6,621.6000,35.25,17.63404255
1959-09-01,655.9,655.9000,35.25,18.60709220
1959-09-02,655.8,655.8000,35.25,18.60425532
1959-09-03,645.9,645.9000,35.25,18.32340426
1959-09-04,652.2,652.2000,35.25,18.50212766
1959-09-08,642.7,642.7000,35.25,18.23262411
1959-12-01,664.4,664.4000,35.25,18.84822695
1959-12-02,661.3,661.3000,35.25,18.76028369
1959-12-03,663,663.0000,35.25,18.80851064
1959-12-04,664,664.0000,35.25,18.83687943
1959-12-07,665.7,665.7000,35.25,18.88510638
1959-12-08,675.4,675.4000,35.25,19.16028369
1960-03-01,626.9,626.9000,35.25,17.78439716
1960-03-02,621.4,621.4000,35.25,17.62836879
1960-03-03,612.1,612.1000,35.25,17.36453901
1960-03-04,609.8,609.8000,35.25,17.29929078
1960-03-07,604,604.0000,35.25,17.13475177
1960-03-08,599.1,599.1000,35.25,16.99574468
1960-06-01,624.9,624.9000,35.2,17.75284091
1960-06-02,627.9,627.9000,35.2,17.83806818
1960-06-03,629,629.0000,35.2,17.86931818
1960-06-06,636.9,636.9000,35.2,18.09375000
1960-06-07,645.6,645.6000,35.2,18.34090909
1960-06-08,650.4,650.4000,35.2,18.47727273
1960-09-01,626.1,626.1000,36.5,17.15342466
1960-09-02,625.2,625.2000,36.5,17.12876712
1960-09-06,620.9,620.9000,36.5,17.01095890
1960-09-07,612.3,612.3000,36.5,16.77534247
1960-09-08,611.4,611.4000,36.5,16.75068493
1960-12-01,594.6,594.6000,36.5,16.29041096
1960-12-02,596,596.0000,36.5,16.32876712
1960-12-05,593.5,593.5000,36.5,16.26027397
1960-12-06,597.1,597.1000,36.5,16.35890411
1960-12-07,604.6,604.6000,36.5,16.56438356
1960-12-08,605.2,605.2000,36.5,16.58082192
1961-03-01,663,663.0000,36.5,18.16438356
1961-03-02,669.4,669.4000,36.5,18.33972603
1961-03-03,671.6,671.6000,36.5,18.40000000
1961-03-06,674.5,674.5000,36.5,18.47945205
1961-03-07,667.1,667.1000,36.5,18.27671233
1961-03-08,666.2,666.2000,36.5,18.25205479
1961-06-01,695.4,695.4000,36.5,19.05205479
1961-06-02,697.7,697.7000,36.5,19.11506849
1961-06-05,703.4,703.4000,36.5,19.27123288
1961-06-06,703.8,703.8000,36.5,19.28219178
1961-06-07,700.9,700.9000,36.5,19.20273973
1961-06-08,701.7,701.7000,36.5,19.22465753
1961-09-01,721.2,721.2000,35.15,20.51778094
1961-09-05,718.7,718.7000,35.15,20.44665718
1961-09-06,726,726.0000,35.15,20.65433855
1961-09-07,726.5,726.5000,35.15,20.66856330
1961-09-08,720.9,720.9000,35.15,20.50924609
1961-12-01,728.8,728.8000,35.5,20.52957746
1961-12-04,731.2,731.2000,35.5,20.59718310
1961-12-05,731.3,731.3000,35.5,20.60000000
1961-12-06,730.1,730.1000,35.5,20.56619718
1961-12-07,726.5,726.5000,35.5,20.46478873
1961-12-08,728.2,728.2000,35.5,20.51267606
1962-03-01,711.8,711.8000,35.5,20.05070423
1962-03-02,711,711.0000,35.5,20.02816901
1962-03-05,710,710.0000,35.5,20.00000000
1962-03-06,708.2,708.2000,35.5,19.94929577
1962-03-07,706.6,706.6000,35.5,19.90422535
1962-03-08,713.8,713.8000,35.5,20.10704225
1962-06-01,611.1,611.1000,35.5,17.21408451
1962-06-04,593.7,593.7000,35.5,16.72394366
1962-06-05,595,595.0000,35.5,16.76056338
1962-06-06,603.9,603.9000,35.5,17.01126761
1962-06-07,602.2,602.2000,35.5,16.96338028
1962-06-08,601.6,601.6000,35.5,16.94647887
1962-09-04,602.5,602.5000,35.2,17.11647727
1962-09-05,599.1,599.1000,35.2,17.01988636
1962-09-06,600.8,600.8000,35.2,17.06818182
1962-09-07,600.9,600.9000,35.2,17.07102273
1962-12-03,646.4,646.4000,35.35,18.28571429
1962-12-04,651.5,651.5000,35.35,18.42998586
1962-12-05,654,654.0000,35.35,18.50070721
1962-12-06,651.7,651.7000,35.35,18.43564356
1962-12-07,652.1,652.1000,35.35,18.44695898
1963-03-01,659.7,659.7000,35.35,18.66195191
1963-03-04,667,667.0000,35.35,18.86845827
1963-03-05,667.2,667.2000,35.35,18.87411598
1963-03-06,668.1,668.1000,35.35,18.89957567
1963-03-07,671.4,671.4000,35.35,18.99292786
1963-03-08,672.4,672.4000,35.35,19.02121641
1963-06-03,726.3,726.3000,35.42,20.50536420
1963-06-04,726.5,726.5000,35.42,20.51101073
1963-06-05,725.9,725.9000,35.42,20.49407115
1963-06-06,726.9,726.9000,35.42,20.52230378
1963-06-07,722.4,722.4000,35.42,20.39525692
1963-09-03,732,732.0000,35.25,20.76595745
1963-09-04,732.9,732.9000,35.25,20.79148936
1963-09-05,738,738.0000,35.25,20.93617021
1963-09-06,735.4,735.4000,35.25,20.86241135
1963-12-02,751.9,751.9000,35.25,21.33049645
1963-12-03,751.8,751.8000,35.25,21.32765957
1963-12-04,755.5,755.5000,35.25,21.43262411
1963-12-05,763.9,763.9000,35.25,21.67092199
1963-12-06,760.3,760.3000,35.25,21.56879433
1964-03-02,802.8,802.8000,35.25,22.77446809
1964-03-03,805.7,805.7000,35.25,22.85673759
1964-03-04,804.7,804.7000,35.25,22.82836879
1964-03-05,803.8,803.8000,35.25,22.80283688
1964-03-06,806,806.0000,35.25,22.86524823
1964-06-01,818.6,818.6000,35.25,23.22269504
1964-06-02,813.8,813.8000,35.25,23.08652482
1964-06-03,811.8,811.8000,35.25,23.02978723
1964-06-04,802.5,802.5000,35.25,22.76595745
1964-06-05,806,806.0000,35.25,22.86524823
1964-06-08,800.3,800.3000,35.25,22.70354610
1964-09-01,844,844.0000,35.35,23.87553041
1964-09-02,845.1,845.1000,35.35,23.90664781
1964-09-03,846,846.0000,35.35,23.93210750
1964-09-04,848.3,848.3000,35.35,23.99717115
1964-09-08,851.9,851.9000,35.35,24.09900990
1964-12-01,864.4,864.4000,35.35,24.45261669
1964-12-02,867.2,867.2000,35.35,24.53182461
1964-12-03,870.8,870.8000,35.35,24.63366337
1964-12-04,870.9,870.9000,35.35,24.63649222
1964-12-07,874,874.0000,35.35,24.72418670
1964-12-08,870.7,870.7000,35.35,24.63083451
1965-03-01,899.8,899.8000,35.35,25.45403112
1965-03-02,901.9,901.9000,35.35,25.51343706
1965-03-03,900.8,900.8000,35.35,25.48231966
1965-03-04,897.8,897.8000,35.35,25.39745403
1965-03-05,896,896.0000,35.35,25.34653465
1965-03-08,896.8,896.8000,35.35,25.36916549
1965-06-01,908.5,908.5000,35.25,25.77304965
1965-06-02,904.1,904.1000,35.25,25.64822695
1965-06-03,899.2,899.2000,35.25,25.50921986
1965-06-04,900.9,900.9000,35.25,25.55744681
1965-06-07,902.2,902.2000,35.25,25.59432624
1965-06-08,889.1,889.1000,35.25,25.22269504
1965-09-01,893.6,893.6000,35.5,25.17183099
1965-09-02,900.4,900.4000,35.5,25.36338028
1965-09-03,908,908.0000,35.5,25.57746479
1965-09-07,910.1,910.1000,35.5,25.63661972
1965-09-08,913.7,913.7000,35.5,25.73802817
1965-12-01,947.6,947.6000,35.5,26.69295775
1965-12-02,944.6,944.6000,35.5,26.60845070
1965-12-03,946.1,946.1000,35.5,26.65070423
1965-12-06,939.5,939.5000,35.5,26.46478873
1965-12-07,951.3,951.3000,35.5,26.79718310
1965-12-08,946.6,946.6000,35.5,26.66478873
1966-03-01,938.2,938.2000,35.5,26.42816901
1966-03-02,932,932.0000,35.5,26.25352113
1966-03-03,936.4,936.4000,35.5,26.37746479
1966-03-04,932.3,932.3000,35.5,26.26197183
1966-03-07,917.8,917.8000,35.5,25.85352113
1966-03-08,920,920.0000,35.5,25.91549296
1966-06-01,883.6,883.6000,35.5,24.89014085
1966-06-02,882.7,882.7000,35.5,24.86478873
1966-06-03,887.9,887.9000,35.5,25.01126761
1966-06-06,881.7,881.7000,35.5,24.83661972
1966-06-07,877.3,877.3000,35.5,24.71267606
1966-06-08,879.3,879.3000,35.5,24.76901408
1966-09-01,792.1,792.1000,35.3,22.43909348
1966-09-02,787.7,787.7000,35.3,22.31444759
1966-09-06,782.3,782.3000,35.3,22.16147309
1966-09-07,777.4,777.4000,35.3,22.02266289
1966-09-08,774.9,774.9000,35.3,21.95184136
1966-12-01,789.8,789.8000,35.4,22.31073446
1966-12-02,789.5,789.5000,35.4,22.30225989
1966-12-05,791.6,791.6000,35.4,22.36158192
1966-12-06,797.4,797.4000,35.4,22.52542373
1966-12-07,808,808.0000,35.4,22.82485876
1966-12-08,812.8,812.8000,35.4,22.96045198
1967-03-01,843.5,843.5000,35.4,23.82768362
1967-03-02,846.7,846.7000,35.4,23.91807910
1967-03-03,846.6,846.6000,35.4,23.91525424
1967-03-06,842.2,842.2000,35.4,23.79096045
1967-03-07,841.8,841.8000,35.4,23.77966102
1967-03-08,843.3,843.3000,35.4,23.82203390
1967-06-01,865,865.0000,35.27,24.52509215
1967-06-02,863.3,863.3000,35.27,24.47689254
1967-06-05,847.8,847.8000,35.27,24.03742557
1967-06-06,862.7,862.7000,35.27,24.45988092
1967-06-07,869.2,869.2000,35.27,24.64417352
1967-06-08,873.2,873.2000,35.27,24.75758435
1967-09-01,901.2,901.2000,35.5,25.38591549
1967-09-05,904.1,904.1000,35.5,25.46760563
1967-09-06,907,907.0000,35.5,25.54929577
1967-09-07,908.2,908.2000,35.5,25.58309859
1967-09-08,907.5,907.5000,35.5,25.56338028
1967-12-01,879.2,879.2000,35.5,24.76619718
1967-12-04,883.5,883.5000,35.5,24.88732394
1967-12-05,888.1,888.1000,35.5,25.01690141
1967-12-06,892.3,892.3000,35.5,25.13521127
1967-12-07,892.2,892.2000,35.5,25.13239437
1967-12-08,887.3,887.3000,35.5,24.99436620
1968-01-31,855.5,855.5000,35.2,24.30397727
1968-02-01,861.4,861.4000,35.2,24.47159091
1968-02-02,863.6,863.6000,35.2,24.53409091
1968-02-05,861.1,861.1000,35.2,24.46306818
1968-02-06,861.3,861.3000,35.2,24.46875000
1968-02-07,859.9,859.9000,35.2,24.42897727
1968-02-29,840.5,840.5000,35.2,23.87784091
1968-03-01,840.4,840.4000,35.2,23.87500000
1968-03-04,830.6,830.6000,35.2,23.59659091
1968-03-05,827,827.0000,35.2,23.49431818
1968-03-06,837.2,837.2000,35.2,23.78409091
1968-03-07,836.2,836.2000,35.2,23.75568182
1968-03-29,840.7,840.7000,39.4,21.33756345
1968-04-01,861.3,861.3000,39.4,21.86040609
1968-04-02,864,864.0000,39.4,21.92893401
1968-04-03,869.1,869.1000,39.4,22.05837563
1968-04-04,872.5,872.5000,39.4,22.14467005
1968-04-05,865.8,865.8000,39.4,21.97461929
1968-04-30,912.2,912.2000,39.1,23.32992327
1968-05-01,913.2,913.2000,39.1,23.35549872
1968-05-02,918.1,918.1000,39.1,23.48081841
1968-05-03,919.2,919.2000,39.1,23.50895141
1968-05-06,914.5,914.5000,39.1,23.38874680
1968-05-07,919.9,919.9000,39.1,23.52685422
1968-05-31,899,899.0000,41.3,21.76755448
1968-06-03,905.4,905.4000,41.3,21.92251816
1968-06-04,916.6,916.6000,41.3,22.19370460
1968-06-05,907.4,907.4000,41.3,21.97094431
1968-06-06,910.1,910.1000,41.3,22.03631961
1968-06-07,914.9,914.9000,41.3,22.15254237
1968-06-28,897.8,897.8000,41,21.89756098
1968-07-01,896.4,896.4000,41,21.86341463
1968-07-02,896.8,896.8000,41,21.87317073
1968-07-03,903.5,903.5000,41,22.03658537
1968-08-01,878.1,878.1000,38.75,22.66064516
1968-08-02,871.3,871.3000,38.75,22.48516129
1968-08-05,872.5,872.5000,38.75,22.51612903
1968-08-06,876.9,876.9000,38.75,22.62967742
1968-08-30,896,896.0000,39.9,22.45614035
1968-09-03,900.4,900.4000,39.9,22.56641604
1968-09-04,907,907.0000,39.9,22.73182957
1968-09-05,917.5,917.5000,39.9,22.99498747
1968-09-06,921.3,921.3000,39.9,23.09022556
1968-09-30,935.8,935.8000,38.55,24.27496757
1968-10-01,942.3,942.3000,38.55,24.44357977
1968-10-03,949.5,949.5000,38.55,24.63035019
1968-10-04,953,953.0000,38.55,24.72114137
1968-10-07,956.7,956.7000,38.55,24.81712062
1968-10-31,952.4,952.4000,39.5,24.11139241
1968-11-01,948.4,948.4000,39.5,24.01012658
1968-11-04,946.2,946.2000,39.5,23.95443038
1968-11-06,949.5,949.5000,39.5,24.03797468
1968-11-07,950.7,950.7000,39.5,24.06835443
1968-11-29,985.1,985.1000,40.62,24.25160020
1968-12-02,983.3,983.3000,40.62,24.20728705
1968-12-03,985.2,985.2000,40.62,24.25406204
1968-12-05,977.7,977.7000,40.62,24.06942393
1968-12-06,978.2,978.2000,40.62,24.08173314
1968-12-31,943.8,943.8000,41.72,22.62224353
1969-01-02,947.7,947.7000,41.72,22.71572387
1969-01-03,951.9,951.9000,41.72,22.81639501
1969-01-06,936.7,936.7000,41.72,22.45206136
1969-01-07,925.7,925.7000,41.72,22.18839885
1969-01-31,946.1,946.1000,42.52,22.25070555
1969-02-03,946.9,946.9000,42.52,22.26952023
1969-02-04,945.1,945.1000,42.52,22.22718721
1969-02-05,946,946.0000,42.52,22.24835372
1969-02-06,946.7,946.7000,42.52,22.26481656
1969-02-07,947.9,947.9000,42.52,22.29303857
1969-02-28,905.2,905.2000,42.7,21.19906323
1969-03-03,908.6,908.6000,42.7,21.27868852
1969-03-04,919.5,919.5000,42.7,21.53395785
1969-03-05,923.1,923.1000,42.7,21.61826698
1969-03-06,913.5,913.5000,42.7,21.39344262
1969-03-07,911.2,911.2000,42.7,21.33957845
1969-04-01,933.1,933.1000,43.4,21.50000000
1969-04-02,930.9,930.9000,43.4,21.44930876
1969-04-03,927.3,927.3000,43.4,21.36635945
1969-04-07,918.8,918.8000,43.4,21.17050691
1969-04-30,950.2,950.2000,43.6,21.79357798
1969-05-01,949.2,949.2000,43.6,21.77064220
1969-05-02,957.2,957.2000,43.6,21.95412844
1969-05-05,959,959.0000,43.6,21.99541284
1969-05-06,962.1,962.1000,43.6,22.06651376
1969-05-07,959.6,959.6000,43.6,22.00917431
1969-06-02,933.2,933.2000,42.9,21.75291375
1969-06-03,930.8,930.8000,42.5,21.90117647
1969-06-04,928.8,928.8000,42.3,21.95744681
1969-06-05,930.7,930.7000,41.8,22.26555024
1969-06-06,924.8,924.8000,40.9,22.61124694
1969-06-09,918.1,918.1000,41.5,22.12289157
1969-06-10,912.5,912.5000,42.5,21.47058824
1969-06-11,904.6,904.6000,41.6,21.74519231
1969-06-12,892.6,892.6000,41.7,21.40527578
1969-06-13,894.8,894.8000,41.8,21.40669856
1969-06-16,891.2,891.2000,40.8,21.84313725
1969-06-17,885.7,885.7000,41.7,21.23980815
1969-06-18,887.1,887.1000,41.6,21.32451923
1969-06-19,882.4,882.4000,41.6,21.21153846
1969-06-20,876.2,876.2000,41.5,21.11325301
1969-06-23,870.9,870.9000,41.5,20.98554217
1969-06-24,877.2,877.2000,41.2,21.29126214
1969-06-25,874.1,874.1000,41.1,21.26763990
1969-06-26,870.3,870.3000,41.2,21.12378641
1969-06-27,869.8,869.8000,41.3,21.06053269
1969-06-30,873.2,873.2000,41.4,21.09178744
1969-07-01,875.9,875.9000,41.4,21.15700483
1969-07-02,880.7,880.7000,41.4,21.27294686
1969-07-03,886.1,886.1000,41.8,21.19856459
1969-07-07,883.2,883.2000,42,21.02857143
1969-07-08,870.4,870.4000,42.3,20.57683215
1969-07-09,861.6,861.6000,42,20.51428571
1969-07-10,847.8,847.8000,42.1,20.13776722
1969-07-11,852.3,852.3000,42.1,20.24465558
1969-07-14,843.1,843.1000,42.2,19.97867299
1969-07-15,841.1,841.1000,42.2,19.93127962
1969-07-16,849.3,849.3000,42,20.22142857
1969-07-17,853.1,853.1000,42.2,20.21563981
1969-07-18,845.9,845.9000,42.2,20.04502370
1969-07-22,834,834.0000,42.1,19.80997625
1969-07-23,828,828.0000,42,19.71428571
1969-07-24,826.5,826.5000,42.1,19.63182898
1969-07-25,818.1,818.1000,42.1,19.43230404
1969-07-28,806.2,806.2000,42,19.19523810
1969-07-29,802,802.0000,41.7,19.23261391
1969-07-30,803.6,803.6000,41.7,19.27098321
1969-07-31,815.5,815.5000,41.6,19.60336538
1969-08-01,826.6,826.6000,41.6,19.87019231
1969-08-04,822.6,822.6000,41.5,19.82168675
1969-08-05,821.2,821.2000,41.3,19.88377724
1969-08-06,825.9,825.9000,41.2,20.04611650
1969-08-07,826.3,826.3000,41.3,20.00726392
1969-08-08,824.5,824.5000,41.3,19.96368039
1969-08-11,819.8,819.8000,41.4,19.80193237
1969-08-12,813,813.0000,41.3,19.68523002
1969-08-13,809.1,809.1000,41.4,19.54347826
1969-08-14,813.2,813.2000,41.4,19.64251208
1969-08-15,820.9,820.9000,41.1,19.97323601
1969-08-18,827.7,827.7000,41.4,19.99275362
1969-08-19,833.7,833.7000,41.1,20.28467153
1969-08-20,833.2,833.2000,41.3,20.17433414
1969-08-21,834.9,834.9000,41.3,20.21549637
1969-08-22,837.3,837.3000,41.3,20.27360775
1969-08-25,831.4,831.4000,41.1,20.22871046
1969-08-26,823.5,823.5000,41.1,20.03649635
1969-08-27,824.8,824.8000,41.2,20.01941748
1969-08-28,828.4,828.4000,40.9,20.25427873
1969-08-29,836.7,836.7000,41.1,20.35766423
1969-09-02,837.8,837.8000,40.9,20.48410758
1969-09-03,835.7,835.7000,41,20.38292683
1969-09-04,825.3,825.3000,41.1,20.08029197
1969-09-05,819.5,819.5000,41.1,19.93917275
1969-09-08,811.8,811.8000,41.1,19.75182482
1969-09-09,815.7,815.7000,41.2,19.79854369
1969-09-10,828,828.0000,41.1,20.14598540
1969-09-11,825.8,825.8000,41.1,20.09245742
1969-09-12,824.3,824.3000,41.3,19.95883777
1969-09-15,830.5,830.5000,41.2,20.15776699
1969-09-16,831.6,831.6000,41.2,20.18446602
1969-09-17,826.6,826.6000,41.2,20.06310680
1969-09-18,831.6,831.6000,41.1,20.23357664
1969-09-19,830.4,830.4000,41.1,20.20437956
1969-09-22,831.8,831.8000,41.1,20.23844282
1969-09-23,834.8,834.8000,41.1,20.31143552
1969-09-24,834.7,834.7000,41,20.35853659
1969-09-25,829.9,829.9000,41,20.24146341
1969-09-26,824.2,824.2000,41,20.10243902
1969-09-29,818,818.0000,40.9,20.00000000
1969-09-30,813.1,813.1000,40.9,19.88019560
1969-10-01,806.9,806.9000,41,19.68048780
1969-10-02,811.8,811.8000,41.1,19.75182482
1969-10-03,808.4,808.4000,41.2,19.62135922
1969-10-06,809.4,809.4000,41,19.74146341
1969-10-07,806.2,806.2000,41,19.66341463
1969-10-08,802.2,802.2000,40.9,19.61369193
1969-10-09,803.8,803.8000,41,19.60487805
1969-10-10,807,807.0000,40.9,19.73105134
1969-10-13,819.3,819.3000,40.8,20.08088235
1969-10-14,832.4,832.4000,40.9,20.35207824
1969-10-15,830.1,830.1000,40.9,20.29584352
1969-10-16,838.8,838.8000,40.8,20.55882353
1969-10-17,836.1,836.1000,40.8,20.49264706
1969-10-20,839.2,839.2000,40.6,20.66995074
1969-10-21,846.9,846.9000,40.5,20.91111111
1969-10-22,860.4,860.4000,40.3,21.34987593
1969-10-23,855.7,855.7000,40.2,21.28606965
1969-10-24,862.3,862.3000,40.3,21.39702233
1969-10-27,860.3,860.3000,40.4,21.29455446
1969-10-28,855.9,855.9000,40.3,21.23821340
1969-10-29,848.3,848.3000,40.2,21.10199005
1969-10-30,850.5,850.5000,40.1,21.20947631
1969-10-31,856,856.0000,40,21.40000000
1969-11-03,854.5,854.5000,39.8,21.46984925
1969-11-04,853.5,853.5000,39.8,21.44472362
1969-11-05,854.1,854.1000,39.6,21.56818182
1969-11-06,855.2,855.2000,39.2,21.81632653
1969-11-07,860.5,860.5000,38.7,22.23514212
1969-11-10,863.1,863.1000,38.3,22.53524804
1969-11-11,859.8,859.8000,38.5,22.33246753
1969-11-12,856,856.0000,38,22.52631579
1969-11-13,849.9,849.9000,38,22.36578947
1969-11-14,849.3,849.3000,38.1,22.29133858
1969-11-17,842.5,842.5000,38,22.17105263
1969-11-18,845.2,845.2000,37.8,22.35978836
1969-11-19,840,840.0000,36.8,22.82608696
1969-11-20,831.2,831.2000,36.5,22.77260274
1969-11-21,823.1,823.1000,36.3,22.67493113
1969-11-24,812.9,812.9000,35.7,22.77030812
1969-11-25,807.3,807.3000,35.7,22.61344538
1969-11-26,810.5,810.5000,35.8,22.63966480
1969-11-28,812.3,812.3000,35.9,22.62674095
1969-12-01,805,805.0000,35.7,22.54901961
1969-12-02,801.4,801.4000,35.5,22.57464789
1969-12-03,793.4,793.4000,35.6,22.28651685
1969-12-04,796.5,796.5000,35.4,22.50000000
1969-12-05,793,793.0000,35.4,22.40112994
1969-12-08,785,785.0000,35.2,22.30113636
1969-12-09,783.8,783.8000,35.2,22.26704545
1969-12-10,784,784.0000,35.2,22.27272727
1969-12-11,783.5,783.5000,35.4,22.13276836
1969-12-12,786.7,786.7000,35.5,22.16056338
1969-12-15,784.1,784.1000,35.3,22.21246459
1969-12-16,773.8,773.8000,35.2,21.98295455
1969-12-17,769.9,769.9000,35.3,21.81019830
1969-12-18,783.8,783.8000,35.2,22.26704545
1969-12-19,789.9,789.9000,35.2,22.44034091
1969-12-22,786,786.0000,35.3,22.26628895
1969-12-23,783.8,783.8000,35.3,22.20396601
1969-12-24,794.2,794.2000,35.4,22.43502825
1969-12-26,797.7,797.7000,35.4,22.53389831
1969-12-29,792.4,792.4000,35.4,22.38418079
1969-12-30,794.7,794.7000,35.4,22.44915254
1969-12-31,800.4,800.4000,35.4,22.61016949
1970-01-02,809.2,809.2000,35.4,22.85875706
1970-01-05,811.3,811.3000,35.4,22.91807910
1970-01-06,803.7,803.7000,35.2,22.83238636
1970-01-07,801.8,801.8000,35.2,22.77840909
1970-01-08,802.1,802.1000,35.1,22.85185185
1970-01-09,798.1,798.1000,35.1,22.73789174
1970-01-12,790.5,790.5000,35.1,22.52136752
1970-01-13,788,788.0000,35.1,22.45014245
1970-01-14,787.2,787.2000,35.1,22.42735043
1970-01-15,785,785.0000,35,22.42857143
1970-01-16,782.6,782.6000,34.9,22.42406877
1970-01-19,776.1,776.1000,34.9,22.23782235
1970-01-20,777.9,777.9000,35,22.22571429
1970-01-21,782.3,782.3000,35,22.35142857
1970-01-22,786.1,786.1000,35.2,22.33238636
1970-01-23,775.5,775.5000,35.2,22.03125000
1970-01-26,768.9,768.9000,35.1,21.90598291
1970-01-27,764,764.0000,35.2,21.70454545
1970-01-28,758.8,758.8000,35.2,21.55681818
1970-01-29,748.4,748.4000,35.2,21.26136364
1970-01-30,744.1,744.1000,35.2,21.13920455
1970-02-02,746.4,746.4000,35.2,21.20454545
1970-02-03,757.5,757.5000,35.2,21.51988636
1970-02-04,754.5,754.5000,35.2,21.43465909
1970-02-05,750.3,750.3000,35.2,21.31534091
1970-02-06,752.8,752.8000,35.2,21.38636364
1970-02-09,755.7,755.7000,35.2,21.46875000
1970-02-10,746.6,746.6000,35.2,21.21022727
1970-02-11,757.3,757.3000,35.2,21.51420455
1970-02-12,755.6,755.6000,35.2,21.46590909
1970-02-13,753.3,753.3000,35.2,21.40056818
1970-02-16,753.7,753.7000,35.2,21.41193182
1970-02-17,747.4,747.4000,35.2,21.23295455
1970-02-18,756.8,756.8000,35.1,21.56125356
1970-02-19,757.9,757.9000,35.2,21.53125000
1970-02-20,757.5,757.5000,35.2,21.51988636
1970-02-24,754.4,754.4000,35.2,21.43181818
1970-02-25,768.3,768.3000,35.2,21.82670455
1970-02-26,764.5,764.5000,35.2,21.71875000
1970-02-27,777.6,777.6000,35.2,22.09090909
1970-03-02,780.2,780.2000,35.2,22.16477273
1970-03-03,787.4,787.4000,35.2,22.36931818
1970-03-04,788.2,788.2000,35.2,22.39204545
1970-03-05,787.6,787.6000,35.2,22.37500000
1970-03-06,784.1,784.1000,35.1,22.33903134
1970-03-09,778.3,778.3000,35.1,22.17378917
1970-03-10,779.7,779.7000,35.1,22.21367521
1970-03-11,778.1,778.1000,35.2,22.10511364
1970-03-12,776.5,776.5000,35.2,22.05965909
1970-03-13,772.1,772.1000,35.2,21.93465909
1970-03-16,765.1,765.1000,35.2,21.73579545
1970-03-17,767.4,767.4000,35.2,21.80113636
1970-03-18,768,768.0000,35.3,21.75637394
1970-03-19,765,765.0000,35.4,21.61016949
1970-03-20,763.7,763.7000,35.3,21.63456091
1970-03-23,763.6,763.6000,35.3,21.63172805
1970-03-24,773.8,773.8000,35.4,21.85875706
1970-03-25,790.1,790.1000,35.5,22.25633803
1970-03-26,791.1,791.1000,35.4,22.34745763
1970-03-30,784.7,784.7000,35.4,22.16666667
1970-03-31,785.6,785.6000,35.4,22.19209040
1970-04-01,792,792.0000,35.5,22.30985915
1970-04-02,792.4,792.4000,35.5,22.32112676
1970-04-03,791.8,791.8000,35.5,22.30422535
1970-04-06,791.2,791.2000,35.5,22.28732394
1970-04-07,791.6,791.6000,35.5,22.29859155
1970-04-08,791.6,791.6000,35.6,22.23595506
1970-04-09,792.5,792.5000,35.6,22.26123596
1970-04-10,790.5,790.5000,35.6,22.20505618
1970-04-13,785.9,785.9000,35.6,22.07584270
1970-04-14,780.6,780.6000,35.9,21.74373259
1970-04-15,782.6,782.6000,35.8,21.86033520
1970-04-16,775.9,775.9000,36,21.55277778
1970-04-17,775.9,775.9000,36,21.55277778
1970-04-20,775.9,775.9000,36,21.55277778
1970-04-21,772.5,772.5000,36.1,21.39889197
1970-04-22,762.6,762.6000,36.2,21.06629834
1970-04-23,750.6,750.6000,36.1,20.79224377
1970-04-24,747.3,747.3000,36,20.75833333
1970-04-27,735.2,735.2000,35.9,20.47910864
1970-04-28,724.3,724.3000,36.1,20.06371191
1970-04-29,737.4,737.4000,36.1,20.42659280
1970-04-30,736.1,736.1000,36.1,20.39058172
1970-05-01,733.6,733.6000,36.1,20.32132964
1970-05-04,714.6,714.6000,36.1,19.79501385
1970-05-05,709.7,709.7000,36.4,19.49725275
1970-05-06,718.4,718.4000,36.4,19.73626374
1970-05-07,723.1,723.1000,36.4,19.86538462
1970-05-08,717.7,717.7000,36.4,19.71703297
1970-05-11,710.1,710.1000,36.3,19.56198347
1970-05-12,704.6,704.6000,36.2,19.46408840
1970-05-13,693.8,693.8000,36.1,19.21883657
1970-05-14,684.8,684.8000,36.1,18.96952909
1970-05-15,702.2,702.2000,36.2,19.39779006
1970-05-18,702.8,702.8000,36.2,19.41436464
1970-05-19,691.4,691.4000,36.2,19.09944751
1970-05-20,676.6,676.6000,36.2,18.69060773
1970-05-21,665.3,665.3000,36.1,18.42936288
1970-05-22,662.2,662.2000,36.1,18.34349030
1970-05-25,641.4,641.4000,36.1,17.76731302
1970-05-26,631.2,631.2000,36,17.53333333
1970-05-27,663.2,663.2000,35.9,18.47353760
1970-05-28,684.2,684.2000,35.8,19.11173184
1970-05-29,700.4,700.4000,35.8,19.56424581
1970-06-01,710.4,710.4000,35.6,19.95505618
1970-06-02,709.6,709.6000,35.4,20.04519774
1970-06-03,713.9,713.9000,35.3,20.22379603
1970-06-04,706.5,706.5000,35.4,19.95762712
1970-06-05,695,695.0000,35.4,19.63276836
1970-06-08,700.2,700.2000,35.7,19.61344538
1970-06-09,700.2,700.2000,35.7,19.61344538
1970-06-10,694.4,694.4000,35.8,19.39664804
1970-06-11,684.4,684.4000,35.9,19.06406685
1970-06-12,684.2,684.2000,35.8,19.11173184
1970-06-15,687.4,687.4000,35.7,19.25490196
1970-06-16,706.3,706.3000,35.6,19.83988764
1970-06-17,704.7,704.7000,35.6,19.79494382
1970-06-18,712.7,712.7000,35.6,20.01966292
1970-06-19,720.4,720.4000,35.6,20.23595506
1970-06-22,716.1,716.1000,35.6,20.11516854
1970-06-23,698.1,698.1000,35.6,19.60955056
1970-06-24,692.3,692.3000,35.8,19.33798883
1970-06-25,693.6,693.6000,35.7,19.42857143
1970-06-26,687.8,687.8000,35.6,19.32022472
1970-06-29,682.9,682.9000,35.7,19.12885154
1970-06-30,683.5,683.5000,35.7,19.14565826
1970-07-01,687.6,687.6000,35.7,19.26050420
1970-07-02,689.1,689.1000,35.7,19.30252101
1970-07-06,675.7,675.7000,35.6,18.98033708
1970-07-07,669.4,669.4000,35.5,18.85633803
1970-07-08,682.1,682.1000,35.5,19.21408451
1970-07-09,692.8,692.8000,35.5,19.51549296
1970-07-10,700.1,700.1000,35.5,19.72112676
1970-07-13,702.2,702.2000,35.5,19.78028169
1970-07-14,703,703.0000,35.5,19.80281690
1970-07-15,711.7,711.7000,35.5,20.04788732
1970-07-16,723.4,723.4000,35.5,20.37746479
1970-07-17,735.1,735.1000,35.5,20.70704225
1970-07-20,733.9,733.9000,35.5,20.67323944
1970-07-21,722.1,722.1000,35.5,20.34084507
1970-07-22,724.7,724.7000,35.5,20.41408451
1970-07-23,732.7,732.7000,35.5,20.63943662
1970-07-24,730.2,730.2000,35.5,20.56901408
1970-07-27,730.1,730.1000,35.5,20.56619718
1970-07-28,731.5,731.5000,35.5,20.60563380
1970-07-29,735.6,735.6000,35.5,20.72112676
1970-07-30,734.7,734.7000,35.5,20.69577465
1970-07-31,734.1,734.1000,35.5,20.67887324
1970-08-03,723,723.0000,35.5,20.36619718
1970-08-04,725.9,725.9000,35.5,20.44788732
1970-08-05,724.8,724.8000,35.5,20.41690141
1970-08-06,722.8,722.8000,35.5,20.36056338
1970-08-07,725.7,725.7000,35.5,20.44225352
1970-08-10,713.9,713.9000,35.5,20.10985915
1970-08-11,712.6,712.6000,35.5,20.07323944
1970-08-12,710.6,710.6000,35.5,20.01690141
1970-08-13,707.4,707.4000,35.5,19.92676056
1970-08-14,710.8,710.8000,35.5,20.02253521
1970-08-17,709.1,709.1000,35.5,19.97464789
1970-08-18,716.7,716.7000,35.5,20.18873239
1970-08-19,724,724.0000,35.5,20.39436620
1970-08-20,729.6,729.6000,35.5,20.55211268
1970-08-21,745.4,745.4000,35.6,20.93820225
1970-08-24,759.6,759.6000,35.7,21.27731092
1970-08-25,759,759.0000,35.8,21.20111732
1970-08-26,760.5,760.5000,35.9,21.18384401
1970-08-27,759.8,759.8000,36,21.10555556
1970-08-28,765.8,765.8000,36,21.27222222
1970-08-31,764.6,764.6000,36.1,21.18005540
1970-09-01,758.2,758.2000,36.1,21.00277008
1970-09-02,756.6,756.6000,36.3,20.84297521
1970-09-03,765.3,765.3000,36.5,20.96712329
1970-09-04,771.2,771.2000,36.5,21.12876712
1970-09-08,773.1,773.1000,36.5,21.18082192
1970-09-09,766.4,766.4000,36.5,20.99726027
1970-09-10,760.8,760.8000,36.4,20.90109890
1970-09-11,761.8,761.8000,36.6,20.81420765
1970-09-14,757.1,757.1000,36.5,20.74246575
1970-09-15,750.6,750.6000,36.4,20.62087912
1970-09-16,754.3,754.3000,36.3,20.77961433
1970-09-17,757.7,757.7000,36.4,20.81593407
1970-09-18,758.5,758.5000,36.4,20.83791209
1970-09-21,751.9,751.9000,36.5,20.60000000
1970-09-22,747.5,747.5000,36.5,20.47945205
1970-09-23,754.4,754.4000,36.4,20.72527473
1970-09-24,759.3,759.3000,36.5,20.80273973
1970-09-25,761.8,761.8000,36.4,20.92857143
1970-09-28,759,759.0000,36.4,20.85164835
1970-09-29,760.9,760.9000,36.4,20.90384615
1970-09-30,760.7,760.7000,36.6,20.78415301
1970-10-01,760.7,760.7000,36.6,20.78415301
1970-10-02,766.2,766.2000,36.6,20.93442623
1970-10-05,776.7,776.7000,37,20.99189189
1970-10-06,782.5,782.5000,37.1,21.09164420
1970-10-07,783.7,783.7000,36.9,21.23848238
1970-10-08,777,777.0000,37,21.00000000
1970-10-09,768.7,768.7000,37.2,20.66397849
1970-10-12,764.2,764.2000,37.4,20.43315508
1970-10-13,760.1,760.1000,37.6,20.21542553
1970-10-14,762.7,762.7000,37.5,20.33866667
1970-10-15,767.9,767.9000,37.8,20.31481481
1970-10-16,763.4,763.4000,37.7,20.24933687
1970-10-19,756.5,756.5000,37.8,20.01322751
1970-10-20,758.8,758.8000,38.1,19.91601050
1970-10-21,759.7,759.7000,38.2,19.88743455
1970-10-22,757.9,757.9000,38.2,19.84031414
1970-10-23,759.4,759.4000,38.7,19.62273902
1970-10-26,756.4,756.4000,39.2,19.29591837
1970-10-27,754.5,754.5000,39.3,19.19847328
1970-10-28,756,756.0000,39.9,18.94736842
1970-10-29,753.6,753.6000,38.4,19.62500000
1970-10-30,755.6,755.6000,37.5,20.14933333
1970-11-02,758,758.0000,37.9,20.00000000
1970-11-03,768.1,768.1000,37.9,20.26649077
1970-11-04,770.8,770.8000,37.4,20.60962567
1970-11-05,771.6,771.6000,37,20.85405405
1970-11-06,772,772.0000,37.4,20.64171123
1970-11-09,777.7,777.7000,37.6,20.68351064
1970-11-10,777.4,777.4000,37.6,20.67553191
1970-11-11,779.5,779.5000,37.5,20.78666667
1970-11-12,768,768.0000,37.6,20.42553191
1970-11-13,759.8,759.8000,37.9,20.04749340
1970-11-16,760.1,760.1000,37.9,20.05540897
1970-11-17,760.5,760.5000,37.9,20.06596306
1970-11-18,754.2,754.2000,37.7,20.00530504
1970-11-19,755.8,755.8000,37.7,20.04774536
1970-11-20,761.6,761.6000,37.9,20.09498681
1970-11-23,767.5,767.5000,37.7,20.35809019
1970-11-24,772.7,772.7000,37.9,20.38786280
1970-11-25,774.7,774.7000,37.9,20.44063325
1970-11-27,781.4,781.4000,37.9,20.61741425
1970-11-30,794.1,794.1000,37.8,21.00793651
1970-12-01,794.3,794.3000,37.7,21.06896552
1970-12-02,802.6,802.6000,37.8,21.23280423
1970-12-03,808.5,808.5000,37.8,21.38888889
1970-12-04,816.1,816.1000,37.8,21.58994709
1970-12-07,818.7,818.7000,37.7,21.71618037
1970-12-08,815.1,815.1000,37.6,21.67819149
1970-12-09,815.2,815.2000,37.4,21.79679144
1970-12-10,821.1,821.1000,37.4,21.95454545
1970-12-11,825.9,825.9000,37.4,22.08288770
1970-12-14,823.2,823.2000,37.6,21.89361702
1970-12-15,819.6,819.6000,37.9,21.62532982
1970-12-16,819.1,819.1000,37.8,21.66931217
1970-12-17,822.2,822.2000,37.9,21.69393140
1970-12-18,822.8,822.8000,37.9,21.70976253
1970-12-21,821.5,821.5000,37.9,21.67546174
1970-12-22,822.8,822.8000,37.9,21.70976253
1970-12-23,823.1,823.1000,37.6,21.89095745
1970-12-24,828.4,828.4000,37.6,22.03191489
1970-12-28,830.9,830.9000,37.6,22.09840426
1970-12-29,842,842.0000,37.6,22.39361702
1970-12-30,841.3,841.3000,37.7,22.31564987
1970-12-31,838.9,838.9000,37.6,22.31117021
1971-01-04,830.6,830.6000,37.7,22.03183024
1971-01-05,835.8,835.8000,37.8,22.11111111
1971-01-06,838,838.0000,37.7,22.22811671
1971-01-07,837.8,837.8000,37.7,22.22281167
1971-01-08,837,837.0000,37.7,22.20159151
1971-01-11,837.2,837.2000,38,22.03157895
1971-01-12,844.2,844.2000,38.2,22.09947644
1971-01-13,841.1,841.1000,38.3,21.96083551
1971-01-14,843.3,843.3000,38.2,22.07591623
1971-01-15,845.7,845.7000,38.4,22.02343750
1971-01-18,847.8,847.8000,38.3,22.13577023
1971-01-19,849.5,849.5000,38.2,22.23821990
1971-01-20,850,850.0000,38.4,22.13541667
1971-01-21,854.7,854.7000,38.3,22.31592689
1971-01-22,861.3,861.3000,38.2,22.54712042
1971-01-25,865.6,865.6000,38.3,22.60052219
1971-01-26,866.8,866.8000,38.4,22.57291667
1971-01-27,860.8,860.8000,38.3,22.47519582
1971-01-28,865.1,865.1000,38.3,22.58746736
1971-01-29,868.5,868.5000,38.4,22.61718750
1971-02-01,877.8,877.8000,38.4,22.85937500
1971-02-02,874.6,874.6000,38.8,22.54123711
1971-02-03,876.2,876.2000,39.2,22.35204082
1971-02-04,874.8,874.8000,38.7,22.60465116
1971-02-05,876.6,876.6000,38.7,22.65116279
1971-02-08,882.1,882.1000,38.9,22.67609254
1971-02-09,879.8,879.8000,39.1,22.50127877
1971-02-10,881.1,881.1000,39.1,22.53452685
1971-02-11,885.3,885.3000,39.2,22.58418367
1971-02-12,888.8,888.8000,39.1,22.73145780
1971-02-16,890.1,890.1000,39.2,22.70663265
1971-02-17,887.9,887.9000,39.1,22.70843990
1971-02-18,885.1,885.1000,39.1,22.63682864
1971-02-19,878.6,878.6000,39,22.52820513
1971-02-22,869,869.0000,39,22.28205128
1971-02-23,870,870.0000,39.1,22.25063939
1971-02-24,875.6,875.6000,39,22.45128205
1971-02-25,882,882.0000,39.1,22.55754476
1971-02-26,878.8,878.8000,39.1,22.47570332
1971-03-01,882.5,882.5000,39,22.62820513
1971-03-02,883,883.0000,39,22.64102564
1971-03-03,882.4,882.4000,39.1,22.56777494
1971-03-04,891.4,891.4000,39,22.85641026
1971-03-05,898,898.0000,39,23.02564103
1971-03-08,898.6,898.6000,39.1,22.98209719
1971-03-09,899.1,899.1000,39.1,22.99488491
1971-03-10,895.9,895.9000,39.1,22.91304348
1971-03-11,899.4,899.4000,39.3,22.88549618
1971-03-12,898.3,898.3000,39.3,22.85750636
1971-03-15,908.2,908.2000,39.3,23.10941476
1971-03-16,914.6,914.6000,39.2,23.33163265
1971-03-17,914,914.0000,39.1,23.37595908
1971-03-18,916.8,916.8000,39.3,23.32824427
1971-03-19,912.9,912.9000,39.2,23.28826531
1971-03-22,910.6,910.6000,39.2,23.22959184
1971-03-23,908.9,908.9000,39.2,23.18622449
1971-03-24,899.4,899.4000,39.2,22.94387755
1971-03-25,900.8,900.8000,39.2,22.97959184
1971-03-26,903.5,903.5000,39.2,23.04846939
1971-03-29,903.5,903.5000,39,23.16666667
1971-03-30,903.4,903.4000,39.1,23.10485934
1971-03-31,904.4,904.4000,39.1,23.13043478
1971-04-01,903.9,903.9000,39.2,23.05867347
1971-04-02,903,903.0000,39.1,23.09462916
1971-04-05,905.1,905.1000,39.1,23.14833760
1971-04-06,912.7,912.7000,39.1,23.34271100
1971-04-07,918.5,918.5000,39.2,23.43112245
1971-04-08,920.4,920.4000,39.2,23.47959184
1971-04-12,926.6,926.6000,39.2,23.63775510
1971-04-13,927.3,927.3000,39.2,23.65561224
1971-04-14,932.6,932.6000,39.2,23.79081633
1971-04-15,938.2,938.2000,39.2,23.93367347
1971-04-16,940.2,940.2000,39.2,23.98469388
1971-04-19,948.9,948.9000,39.2,24.20663265
1971-04-20,944.4,944.4000,39.2,24.09183673
1971-04-21,941.3,941.3000,39.2,24.01275510
1971-04-22,940.6,940.6000,39.4,23.87309645
1971-04-23,947.8,947.8000,39.3,24.11704835
1971-04-26,944,944.0000,39.2,24.08163265
1971-04-27,947.1,947.1000,39.2,24.16071429
1971-04-28,950.8,950.8000,39.4,24.13197970
1971-04-29,948.2,948.2000,39.7,23.88413098
1971-04-30,941.8,941.8000,39.9,23.60401003
1971-05-03,932.4,932.4000,39.7,23.48614610
1971-05-04,938.5,938.5000,39.9,23.52130326
1971-05-05,939.9,939.9000,40.4,23.26485149
1971-05-06,937.4,937.4000,40.6,23.08866995
1971-05-07,937,937.0000,40.1,23.36658354
1971-05-10,932.6,932.6000,40.1,23.25685786
1971-05-11,937.3,937.3000,40.5,23.14320988
1971-05-12,937.5,937.5000,40.7,23.03439803
1971-05-13,936.3,936.3000,41.1,22.78102190
1971-05-14,936.1,936.1000,41.5,22.55662651
1971-05-17,921.3,921.3000,41,22.47073171
1971-05-18,918.6,918.6000,41.2,22.29611650
1971-05-19,920,920.0000,40.9,22.49388753
1971-05-20,923.4,923.4000,41.4,22.30434783
1971-05-21,921.9,921.9000,41.2,22.37621359
1971-05-24,913.2,913.2000,41.1,22.21897810
1971-05-25,906.7,906.7000,41.3,21.95399516
1971-05-26,906.4,906.4000,41.1,22.05352798
1971-05-27,905.8,905.8000,41.1,22.03892944
1971-05-28,907.8,907.8000,41.1,22.08759124
1971-06-01,913.7,913.7000,41.1,22.23114355
1971-06-02,919.6,919.6000,40.9,22.48410758
1971-06-03,921.3,921.3000,40.9,22.52567237
1971-06-04,922.2,922.2000,40.9,22.54767726
1971-06-07,923.1,923.1000,40.7,22.68058968
1971-06-08,915,915.0000,40.4,22.64851485
1971-06-09,912.5,912.5000,40.2,22.69900498
1971-06-10,916,916.0000,40,22.90000000
1971-06-11,916.5,916.5000,39.9,22.96992481
1971-06-14,907.7,907.7000,39.8,22.80653266
1971-06-15,907.2,907.2000,39.9,22.73684211
1971-06-16,908.6,908.6000,40.3,22.54590571
1971-06-17,906.3,906.3000,40.1,22.60099751
1971-06-18,889.2,889.2000,40.2,22.11940299
1971-06-21,876.5,876.5000,40.2,21.80348259
1971-06-22,874.4,874.4000,40.4,21.64356436
1971-06-23,879.5,879.5000,40.6,21.66256158
1971-06-24,877.3,877.3000,40.6,21.60837438
1971-06-25,876.7,876.7000,40.4,21.70049505
1971-06-28,873.1,873.1000,40.2,21.71890547
1971-06-29,882.3,882.3000,40.2,21.94776119
1971-06-30,891.1,891.1000,40.4,22.05693069
1971-07-01,893,893.0000,40.5,22.04938272
1971-07-02,890.2,890.2000,40.6,21.92610837
1971-07-06,892.3,892.3000,40.6,21.97783251
1971-07-07,895.9,895.9000,40.5,22.12098765
1971-07-08,901,901.0000,40.5,22.24691358
1971-07-09,901.8,901.8000,40.5,22.26666667
1971-07-12,903.4,903.4000,40.6,22.25123153
1971-07-13,892.4,892.4000,40.6,21.98029557
1971-07-14,891.2,891.2000,40.6,21.95073892
1971-07-15,888.9,888.9000,40.7,21.84029484
1971-07-16,888.5,888.5000,41,21.67073171
1971-07-19,886.4,886.4000,41.3,21.46246973
1971-07-20,892.3,892.3000,41.2,21.65776699
1971-07-21,890.8,890.8000,41.4,21.51690821
1971-07-22,886.7,886.7000,42,21.11190476
1971-07-23,887.8,887.8000,42,21.13809524
1971-07-26,888.9,888.9000,42,21.16428571
1971-07-27,880.7,880.7000,42.2,20.86966825
1971-07-28,872,872.0000,42.4,20.56603774
1971-07-29,861.4,861.4000,42.6,20.22065728
1971-07-30,858.4,858.4000,42.7,20.10304450
1971-08-02,864.9,864.9000,42.6,20.30281690
1971-08-03,850,850.0000,42.6,19.95305164
1971-08-04,844.9,844.9000,42.9,19.69463869
1971-08-05,849.5,849.5000,43.1,19.70997680
1971-08-06,850.6,850.6000,42.9,19.82750583
1971-08-09,842.7,842.7000,44.2,19.06561086
1971-08-10,839.6,839.6000,43.5,19.30114943
1971-08-11,846.4,846.4000,43.2,19.59259259
1971-08-12,859,859.0000,43.6,19.70183486
1971-08-13,856,856.0000,43.3,19.76905312
1971-08-16,889,889.0000,43.4,20.48387097
1971-08-17,899.9,899.9000,43.5,20.68735632
1971-08-18,886.2,886.2000,43.6,20.32568807
1971-08-19,880.8,880.8000,43.7,20.15560641
1971-08-20,880.9,880.9000,43.6,20.20412844
1971-08-23,892.4,892.4000,43.6,20.46788991
1971-08-24,904.1,904.1000,43.5,20.78390805
1971-08-25,908.4,908.4000,43.1,21.07656613
1971-08-26,906.1,906.1000,42.3,21.42080378
1971-08-27,908.2,908.2000,41.4,21.93719807
1971-08-30,901.4,901.4000,41.7,21.61630695
1971-08-31,898.1,898.1000,41,21.90487805
1971-09-01,899,899.0000,41.4,21.71497585
1971-09-02,900.6,900.6000,41.6,21.64903846
1971-09-03,912.8,912.8000,42,21.73333333
1971-09-07,916.5,916.5000,41.9,21.87350835
1971-09-08,920.9,920.9000,41.7,22.08393285
1971-09-09,915.9,915.9000,42.1,21.75534442
1971-09-10,911,911.0000,42,21.69047619
1971-09-13,909.4,909.4000,41.9,21.70405728
1971-09-14,901.7,901.7000,42.1,21.41805226
1971-09-15,904.9,904.9000,42.3,21.39243499
1971-09-16,903.1,903.1000,42.6,21.19953052
1971-09-17,908.2,908.2000,42.4,21.41981132
1971-09-20,905.2,905.2000,42.6,21.24882629
1971-09-21,903.4,903.4000,42.6,21.20657277
1971-09-22,893.6,893.6000,42.5,21.02588235
1971-09-23,891.3,891.3000,42.5,20.97176471
1971-09-24,889.3,889.3000,42.8,20.77803738
1971-09-27,883.5,883.5000,42.9,20.59440559
1971-09-28,884.4,884.4000,43.4,20.37788018
1971-09-29,883.8,883.8000,42.8,20.64953271
1971-09-30,887.2,887.2000,42.9,20.68065268
1971-10-01,894,894.0000,42.7,20.93676815
1971-10-04,895.7,895.7000,42.8,20.92757009
1971-10-05,891.1,891.1000,42.7,20.86885246
1971-10-06,900.6,900.6000,42.7,21.09133489
1971-10-07,901.8,901.8000,42.8,21.07009346
1971-10-08,893.9,893.9000,42.7,20.93442623
1971-10-11,891.9,891.9000,42.7,20.88758782
1971-10-12,893.6,893.6000,42.8,20.87850467
1971-10-13,888.8,888.8000,43,20.66976744
1971-10-14,878.4,878.4000,42.9,20.47552448
1971-10-15,874.6,874.6000,42.8,20.43457944
1971-10-18,872.4,872.4000,42.8,20.38317757
1971-10-19,868.4,868.4000,42.8,20.28971963
1971-10-20,855.7,855.7000,42.8,19.99299065
1971-10-21,854.9,854.9000,42.7,20.02107728
1971-10-22,852.4,852.4000,42.7,19.96252927
1971-10-25,848.5,848.5000,42.8,19.82476636
1971-10-26,845.4,845.4000,42.8,19.75233645
1971-10-27,836.4,836.4000,42.8,19.54205607
1971-10-28,837.6,837.6000,42.7,19.61592506
1971-10-29,839,839.0000,42.6,19.69483568
1971-11-01,825.9,825.9000,42.4,19.47877358
1971-11-02,828,828.0000,42.5,19.48235294
1971-11-03,842.6,842.6000,42.5,19.82588235
1971-11-04,843.2,843.2000,42.5,19.84000000
1971-11-05,840.4,840.4000,42.6,19.72769953
1971-11-08,837.5,837.5000,42.7,19.61358314
1971-11-09,837.9,837.9000,42.8,19.57710280
1971-11-10,826.2,826.2000,42.9,19.25874126
1971-11-11,814.9,814.9000,42.9,18.99533800
1971-11-12,812.9,812.9000,43,18.90465116
1971-11-15,810.5,810.5000,43.1,18.80510441
1971-11-16,818.7,818.7000,43.1,18.99535963
1971-11-17,822.1,822.1000,43.1,19.07424594
1971-11-18,815.4,815.4000,43.4,18.78801843
1971-11-19,810.7,810.7000,43.4,18.67972350
1971-11-22,803.2,803.2000,43.5,18.46436782
1971-11-23,798,798.0000,43.5,18.34482759
1971-11-24,798.6,798.6000,43.7,18.27459954
1971-11-26,816.6,816.6000,43.8,18.64383562
1971-11-29,829.7,829.7000,43.9,18.89977221
1971-11-30,831.3,831.3000,43.9,18.93621868
1971-12-01,846,846.0000,43.8,19.31506849
1971-12-02,848.8,848.8000,44,19.29090909
1971-12-03,859.6,859.6000,44.1,19.49206349
1971-12-06,855.7,855.7000,44.2,19.35972851
1971-12-07,857.4,857.4000,44.1,19.44217687
1971-12-08,854.9,854.9000,43.7,19.56292906
1971-12-09,852.2,852.2000,43.9,19.41230068
1971-12-10,856.8,856.8000,44,19.47272727
1971-12-13,858.8,858.8000,43.9,19.56264237
1971-12-14,855.1,855.1000,43.9,19.47835991
1971-12-15,863.8,863.8000,43.9,19.67653759
1971-12-16,871.4,871.4000,43.5,20.03218391
1971-12-17,873.8,873.8000,43,20.32093023
1971-12-20,885,885.0000,43,20.58139535
1971-12-21,888.3,888.3000,43.4,20.46774194
1971-12-22,884.9,884.9000,43.6,20.29587156
1971-12-23,881.2,881.2000,43.7,20.16475973
1971-12-27,881.5,881.5000,43.7,20.17162471
1971-12-28,890,890.0000,43.7,20.36613272
1971-12-29,893.7,893.7000,43.8,20.40410959
1971-12-30,889.1,889.1000,43.8,20.29908676
1971-12-31,890.2,890.2000,43.8,20.32420091
1972-01-03,889.3,889.3000,44.3,20.07449210
1972-01-04,892.2,892.2000,44.7,19.95973154
1972-01-05,904.4,904.4000,44.8,20.18750000
1972-01-06,908.5,908.5000,44.5,20.41573034
1972-01-07,910.4,910.4000,46.1,19.74837310
1972-01-10,908,908.0000,46,19.73913043
1972-01-11,912.1,912.1000,44.5,20.49662921
1972-01-12,910.8,910.8000,45.6,19.97368421
1972-01-13,905.2,905.2000,45.7,19.80743982
1972-01-14,906.7,906.7000,46.2,19.62554113
1972-01-17,911.1,911.1000,46.5,19.59354839
1972-01-18,917.2,917.2000,46.1,19.89587852
1972-01-19,915,915.0000,46.2,19.80519481
1972-01-20,910.3,910.3000,46.2,19.70346320
1972-01-21,907.4,907.4000,46.2,19.64069264
1972-01-24,896.8,896.8000,46.3,19.36933045
1972-01-25,894.7,894.7000,46.4,19.28232759
1972-01-26,889.2,889.2000,46.5,19.12258065
1972-01-27,899.8,899.8000,46.8,19.22649573
1972-01-28,906.4,906.4000,47.6,19.04201681
1972-01-31,902.2,902.2000,47.4,19.03375527
1972-02-01,901.8,901.8000,48.4,18.63223140
1972-02-02,905.9,905.9000,49.5,18.30101010
1972-02-03,903.2,903.2000,48.3,18.69979296
1972-02-04,906.7,906.7000,47.3,19.16913319
1972-02-07,904,904.0000,47.9,18.87265136
1972-02-08,907.1,907.1000,48.4,18.74173554
1972-02-09,918.7,918.7000,48.4,18.98140496
1972-02-10,921.3,921.3000,48.7,18.91786448
1972-02-11,917.6,917.6000,48.5,18.91958763
1972-02-14,910.9,910.9000,48.1,18.93762994
1972-02-15,914.5,914.5000,48.2,18.97302905
1972-02-16,922.9,922.9000,48.5,19.02886598
1972-02-17,922,922.0000,48.6,18.97119342
1972-02-18,917.5,917.5000,48.7,18.83983573
1972-02-22,913.5,913.5000,48.9,18.68098160
1972-02-23,911.9,911.9000,48.9,18.64826176
1972-02-24,912.7,912.7000,49.1,18.58859470
1972-02-25,922.8,922.8000,48.8,18.90983607
1972-02-28,924.3,924.3000,48.7,18.97946612
1972-02-29,928.1,928.1000,48.5,19.13608247
1972-03-01,935.4,935.4000,48.3,19.36645963
1972-03-02,933.8,933.8000,48.5,19.25360825
1972-03-03,942.4,942.4000,48.3,19.51138716
1972-03-06,950.2,950.2000,48.5,19.59175258
1972-03-07,946.9,946.9000,48.6,19.48353909
1972-03-08,945.6,945.6000,48.4,19.53719008
1972-03-09,942.8,942.8000,48.7,19.35934292
1972-03-10,939.9,939.9000,48.6,19.33950617
1972-03-13,928.7,928.7000,48.7,19.06981520
1972-03-14,934,934.0000,48.7,19.17864476
1972-03-15,937.3,937.3000,48.6,19.28600823
1972-03-16,936.7,936.7000,48.7,19.23408624
1972-03-17,942.9,942.9000,48.7,19.36139630
1972-03-20,941.2,941.2000,48.7,19.32648871
1972-03-21,934,934.0000,48.7,19.17864476
1972-03-22,933.9,933.9000,48.6,19.21604938
1972-03-23,944.7,944.7000,48.6,19.43827160
1972-03-24,942.3,942.3000,48.6,19.38888889
1972-03-27,939.7,939.7000,48.6,19.33539095
1972-03-28,937,937.0000,48.6,19.27983539
1972-03-29,933,933.0000,48.7,19.15811088
1972-03-30,940.7,940.7000,48.6,19.35596708
1972-04-03,940.9,940.9000,48.6,19.36008230
1972-04-04,943.4,943.4000,48.7,19.37166324
1972-04-05,954.6,954.6000,48.7,19.60164271
1972-04-06,959.4,959.4000,48.6,19.74074074
1972-04-07,962.6,962.6000,48.6,19.80658436
1972-04-10,958.1,958.1000,48.7,19.67351129
1972-04-11,962.6,962.6000,48.8,19.72540984
1972-04-12,967,967.0000,49.2,19.65447154
1972-04-13,965.5,965.5000,49.2,19.62398374
1972-04-14,967.7,967.7000,49.6,19.51008065
1972-04-17,966.6,966.6000,49.7,19.44869215
1972-04-18,968.9,968.9000,49.7,19.49496982
1972-04-19,964.8,964.8000,49.7,19.41247485
1972-04-20,966.3,966.3000,49.6,19.48185484
1972-04-21,963.8,963.8000,49.6,19.43145161
1972-04-24,957.5,957.5000,49.6,19.30443548
1972-04-25,946.5,946.5000,49.5,19.12121212
1972-04-26,946.9,946.9000,49.5,19.12929293
1972-04-27,946,946.0000,49.7,19.03420523
1972-04-28,954.2,954.2000,49.9,19.12224449
1972-05-01,942.3,942.3000,50.6,18.62252964
1972-05-02,935.2,935.2000,50.6,18.48221344
1972-05-03,933.5,933.5000,50.7,18.41222880
1972-05-04,937.3,937.3000,50.6,18.52371542
1972-05-05,941.2,941.2000,51.3,18.34697856
1972-05-08,937.8,937.8000,52.3,17.93116635
1972-05-09,925.1,925.1000,54,17.13148148
1972-05-10,931.1,931.1000,53.4,17.43632959
1972-05-11,934.8,934.8000,53.3,17.53846154
1972-05-12,941.8,941.8000,53.2,17.70300752
1972-05-15,942.2,942.2000,53.4,17.64419476
1972-05-16,939.3,939.3000,54.9,17.10928962
1972-05-17,941.2,941.2000,58,16.22758621
1972-05-18,951.2,951.2000,57.2,16.62937063
1972-05-19,961.5,961.5000,57.3,16.78010471
1972-05-22,965.3,965.3000,57.6,16.75868056
1972-05-23,962.3,962.3000,57.7,16.67764298
1972-05-24,965.5,965.5000,57.3,16.84991274
1972-05-25,969.1,969.1000,57.3,16.91273997
1972-05-26,971.3,971.3000,58.2,16.68900344
1972-05-30,971.2,971.2000,58.8,16.51700680
1972-05-31,960.7,960.7000,59.7,16.09212730
1972-06-01,960.7,960.7000,59.5,16.14621849
1972-06-02,961.4,961.4000,59.7,16.10385260
1972-06-05,954.4,954.4000,59.8,15.95986622
1972-06-06,951.5,951.5000,61.8,15.39644013
1972-06-07,944.1,944.1000,65.1,14.50230415
1972-06-08,941.3,941.3000,64.8,14.52623457
1972-06-09,934.5,934.5000,62.8,14.88057325
1972-06-12,936.7,936.7000,61.5,15.23089431
1972-06-13,938.3,938.3000,61.9,15.15831987
1972-06-14,946.8,946.8000,61.7,15.34521880
1972-06-15,946,946.0000,61.3,15.43230016
1972-06-16,945.1,945.1000,61.8,15.29288026
1972-06-19,941.8,941.8000,61.5,15.31382114
1972-06-20,948.2,948.2000,61.4,15.44299674
1972-06-21,951.6,951.6000,61.5,15.47317073
1972-06-22,950.7,950.7000,62,15.33387097
1972-06-23,944.7,944.7000,63.3,14.92417062
1972-06-26,936.4,936.4000,63.7,14.70015699
1972-06-27,935.3,935.3000,63.1,14.82250396
1972-06-28,930.8,930.8000,64.3,14.47589425
1972-06-29,926.3,926.3000,64.8,14.29475309
1972-06-30,929,929.0000,64.9,14.31432974
1972-07-03,928.7,928.7000,65.8,14.11398176
1972-07-05,933.5,933.5000,66.2,14.10120846
1972-07-06,942.1,942.1000,66.2,14.23111782
1972-07-07,938.1,938.1000,65.5,14.32213740
1972-07-10,932.3,932.3000,65.9,14.14719272
1972-07-11,925.9,925.9000,65.5,14.13587786
1972-07-12,923.7,923.7000,65.3,14.14548239
1972-07-13,917,917.0000,65.1,14.08602151
1972-07-14,922.3,922.3000,65.2,14.14570552
1972-07-17,915,915.0000,65.8,13.90577508
1972-07-18,911.7,911.7000,65.7,13.87671233
1972-07-19,916.7,916.7000,65.1,14.08141321
1972-07-20,910.5,910.5000,65.6,13.87957317
1972-07-21,920.5,920.5000,65.3,14.09647779
1972-07-24,935.4,935.4000,65.5,14.28091603
1972-07-25,934.5,934.5000,65.8,14.20212766
1972-07-26,932.6,932.6000,66,14.13030303
1972-07-27,926.9,926.9000,66.5,13.93834586
1972-07-28,926.7,926.7000,68.4,13.54824561
1972-07-31,924.7,924.7000,68.6,13.47959184
1972-08-01,930.5,930.5000,69.6,13.36925287
1972-08-02,941.2,941.2000,70.3,13.38833570
1972-08-03,947.7,947.7000,69.3,13.67532468
1972-08-04,951.8,951.8000,68.8,13.83430233
1972-08-07,953.1,953.1000,67.8,14.05752212
1972-08-08,952.4,952.4000,66.4,14.34337349
1972-08-09,951.2,951.2000,65.4,14.54434251
1972-08-10,952.9,952.9000,67,14.22238806
1972-08-11,964.2,964.2000,66,14.60909091
1972-08-14,973.5,973.5000,66,14.75000000
1972-08-15,970,970.0000,66,14.69696970
1972-08-16,964.3,964.3000,66.8,14.43562874
1972-08-17,961.4,961.4000,66.7,14.41379310
1972-08-18,965.8,965.8000,66.9,14.43647235
1972-08-21,967.2,967.2000,67.1,14.41430700
1972-08-22,973.5,973.5000,67.3,14.46508172
1972-08-23,970.4,970.4000,67.3,14.41901932
1972-08-24,958.4,958.4000,67.6,14.17751479
1972-08-25,959.4,959.4000,67.4,14.23442136
1972-08-28,957,957.0000,67.3,14.21991085
1972-08-29,954.7,954.7000,66.9,14.27055306
1972-08-30,957.9,957.9000,67.1,14.27570790
1972-08-31,963.7,963.7000,67.1,14.36214605
1972-09-01,970.1,970.1000,67.1,14.45752608
1972-09-05,969.4,969.4000,67.2,14.42559524
1972-09-06,963.4,963.4000,67.3,14.31500743
1972-09-07,962.5,962.5000,67.4,14.28041543
1972-09-08,961.2,961.2000,67.4,14.26112760
1972-09-11,955,955.0000,67.5,14.14814815
1972-09-12,946,946.0000,67.1,14.09836066
1972-09-13,949.9,949.9000,67.3,14.11441308
1972-09-14,947.6,947.6000,67.1,14.12220566
1972-09-15,947.3,947.3000,65.7,14.41856925
1972-09-18,945.4,945.4000,61.5,15.37235772
1972-09-19,943.2,943.2000,64.5,14.62325581
1972-09-20,940.3,940.3000,65.3,14.39969372
1972-09-21,939.5,939.5000,65.5,14.34351145
1972-09-22,943,943.0000,64.2,14.68847352
1972-09-25,935.7,935.7000,63.8,14.66614420
1972-09-26,936.6,936.6000,64.2,14.58878505
1972-09-27,947.3,947.3000,64.1,14.77847114
1972-09-28,955.2,955.2000,64.7,14.76352396
1972-09-29,953.3,953.3000,64.5,14.77984496
1972-10-02,953.3,953.3000,64.4,14.80279503
1972-10-03,954.5,954.5000,64.4,14.82142857
1972-10-04,951.3,951.3000,65.5,14.52366412
1972-10-05,941.3,941.3000,65.9,14.28376328
1972-10-06,945.4,945.4000,65.8,14.36778116
1972-10-09,948.8,948.8000,65.7,14.44140030
1972-10-10,951.8,951.8000,65.5,14.53129771
1972-10-11,946.4,946.4000,65.3,14.49310873
1972-10-12,937.5,937.5000,64.9,14.44530046
1972-10-13,930.5,930.5000,65,14.31538462
1972-10-16,921.7,921.7000,65.4,14.09327217
1972-10-17,926.5,926.5000,65.2,14.21012270
1972-10-18,932.3,932.3000,65.1,14.32104455
1972-10-19,932.1,932.1000,65.3,14.27411945
1972-10-20,942.8,942.8000,65.3,14.43797856
1972-10-23,951.3,951.3000,65.1,14.61290323
1972-10-24,952.5,952.5000,65.1,14.63133641
1972-10-25,951.4,951.4000,65,14.63692308
1972-10-26,950.6,950.6000,64.8,14.66975309
1972-10-27,946.4,946.4000,64.9,14.58243451
1972-10-30,946.4,946.4000,64.8,14.60493827
1972-10-31,955.5,955.5000,64.6,14.79102167
1972-11-01,968.5,968.5000,64.3,15.06220840
1972-11-02,973.1,973.1000,64.3,15.13374806
1972-11-03,984.1,984.1000,64.4,15.28105590
1972-11-06,984.8,984.8000,64.3,15.31570762
1972-11-08,983.7,983.7000,63.9,15.39436620
1972-11-09,988.3,988.3000,63.4,15.58832808
1972-11-10,995.3,995.3000,63.1,15.77337559
1972-11-13,997.1,997.1000,62.9,15.85214626
1972-11-14,1003.2,1003.2000,62.2,16.12861736
1972-11-15,998.4,998.4000,62.2,16.05144695
1972-11-16,1003.7,1003.7000,61.7,16.26742301
1972-11-17,1005.6,1005.6000,60.6,16.59405941
1972-11-20,1005,1005.0000,61.4,16.36807818
1972-11-21,1013.3,1013.3000,62.8,16.13535032
1972-11-22,1020.5,1020.5000,62.8,16.25000000
1972-11-24,1025.2,1025.2000,63.5,16.14488189
1972-11-27,1017.8,1017.8000,64.3,15.82892691
1972-11-28,1019.3,1019.3000,64,15.92656250
1972-11-29,1018.8,1018.8000,63.8,15.96865204
1972-11-30,1018.2,1018.2000,63.9,15.93427230
1972-12-01,1023.9,1023.9000,64.5,15.87441860
1972-12-04,1027,1027.0000,63.7,16.12244898
1972-12-05,1023,1023.0000,63.4,16.13564669
1972-12-06,1027.5,1027.5000,63.4,16.20662461
1972-12-07,1033.3,1033.3000,63.4,16.29810726
1972-12-08,1033.2,1033.2000,63.4,16.29652997
1972-12-11,1036.3,1036.3000,63.2,16.39715190
1972-12-12,1033.2,1033.2000,63.2,16.34810127
1972-12-13,1030.5,1030.5000,63.4,16.25394322
1972-12-14,1025.1,1025.1000,63.7,16.09262166
1972-12-15,1027.2,1027.2000,64.2,16.00000000
1972-12-18,1013.3,1013.3000,65.4,15.49388379
1972-12-19,1009.2,1009.2000,65.7,15.36073059
1972-12-20,1004.8,1004.8000,64.7,15.53013910
1972-12-21,1000,1000.0000,64.5,15.50387597
1972-12-22,1004.2,1004.2000,64.5,15.56899225
1972-12-26,1006.7,1006.7000,64.5,15.60775194
1972-12-27,1007.7,1007.7000,64.9,15.52696456
1972-12-29,1020,1020.0000,65.2,15.64417178
1973-01-02,1031.7,1031.7000,65.4,15.77522936
1973-01-03,1043.8,1043.8000,65.6,15.91158537
1973-01-04,1039.8,1039.8000,65.2,15.94785276
1973-01-05,1047.5,1047.5000,65.5,15.99236641
1973-01-08,1047.9,1047.9000,65.4,16.02293578
1973-01-09,1047.1,1047.1000,65.4,16.01070336
1973-01-10,1046.1,1046.1000,65.3,16.01990812
1973-01-11,1051.7,1051.7000,65.3,16.10566616
1973-01-12,1039.4,1039.4000,65.4,15.89296636
1973-01-15,1025.6,1025.6000,65.4,15.68195719
1973-01-16,1024.3,1024.3000,65.4,15.66207951
1973-01-17,1029.1,1029.1000,64.9,15.85670262
1973-01-18,1029.1,1029.1000,64.2,16.02959502
1973-01-19,1026.2,1026.2000,64.8,15.83641975
1973-01-22,1018.8,1018.8000,65.5,15.55419847
1973-01-23,1018.7,1018.7000,65.5,15.55267176
1973-01-24,1004.6,1004.6000,65.9,15.24430956
1973-01-26,1003.5,1003.5000,65.8,15.25075988
1973-01-29,996.5,996.5000,65.6,15.19054878
1973-01-30,992.9,992.9000,66.3,14.97586727
1973-01-31,999,999.0000,66.3,15.06787330
1973-02-01,985.8,985.8000,66.9,14.73542601
1973-02-02,980.8,980.8000,67.2,14.59523810
1973-02-05,978.4,978.4000,67.9,14.40942563
1973-02-06,979.9,979.9000,69.1,14.18089725
1973-02-07,968.3,968.3000,68.9,14.05370102
1973-02-08,967.2,967.2000,69.3,13.95670996
1973-02-09,979.5,979.5000,68.4,14.32017544
1973-02-12,991.6,991.6000,68.8,14.41279070
1973-02-13,996.8,996.8000,69.2,14.40462428
1973-02-14,979.9,979.9000,72.6,13.49724518
1973-02-15,973.1,973.1000,73.9,13.16779432
1973-02-16,979.2,979.2000,73.6,13.30434783
1973-02-20,983.6,983.6000,76.8,12.80729167
1973-02-21,974.3,974.3000,79.6,12.23994975
1973-02-22,971.8,971.8000,86.8,11.19585253
1973-02-23,959.9,959.9000,85.3,11.25322392
1973-02-26,953.8,953.8000,81,11.77530864
1973-02-27,947.9,947.9000,84,11.28452381
1973-02-28,955.1,955.1000,85.3,11.19695193
1973-03-01,949.7,949.7000,86,11.04302326
1973-03-02,961.3,961.3000,86.3,11.13904983
1973-03-05,966.9,966.9000,84.3,11.46975089
1973-03-06,979,979.0000,83.3,11.75270108
1973-03-07,980,980.0000,82.8,11.83574879
1973-03-08,976.4,976.4000,84,11.62380952
1973-03-09,972.2,972.2000,83.1,11.69915764
1973-03-12,969.8,969.8000,82.8,11.71256039
1973-03-13,976.1,976.1000,80.3,12.15566625
1973-03-14,978.9,978.9000,80.3,12.19053549
1973-03-15,969.8,969.8000,83,11.68433735
1973-03-16,963.1,963.1000,83,11.60361446
1973-03-19,952.1,952.1000,82.5,11.54060606
1973-03-20,949.4,949.4000,82.5,11.50787879
1973-03-21,938.4,938.4000,81.9,11.45787546
1973-03-22,925.2,925.2000,82,11.28292683
1973-03-23,922.7,922.7000,84.8,10.88089623
1973-03-26,927.9,927.9000,90.3,10.27574751
1973-03-27,944.9,944.9000,90.3,10.46400886
1973-03-28,948,948.0000,88.8,10.67567568
1973-03-29,959.1,959.1000,89.5,10.71620112
1973-03-30,951,951.0000,90.3,10.53156146
1973-04-02,936.2,936.2000,89.5,10.46033520
1973-04-03,927.8,927.8000,90.3,10.27464009
1973-04-04,925.1,925.1000,90.5,10.22209945
1973-04-05,923.5,923.5000,91.2,10.12609649
1973-04-06,931.1,931.1000,91,10.23186813
1973-04-09,947.6,947.6000,91.3,10.37897043
1973-04-10,960.5,960.5000,91.3,10.52026287
1973-04-11,967.4,967.4000,91.5,10.57267760
1973-04-12,964,964.0000,91.2,10.57017544
1973-04-13,959.4,959.4000,90.3,10.62458472
1973-04-16,956.7,956.7000,89.6,10.67745536
1973-04-17,953.4,953.4000,90.5,10.53480663
1973-04-18,958.3,958.3000,91.3,10.49616648
1973-04-19,963.2,963.2000,91,10.58461538
1973-04-23,955.4,955.4000,91,10.49890110
1973-04-24,940.8,940.8000,91.1,10.32711306
1973-04-25,930.5,930.5000,90.4,10.29314159
1973-04-26,937.8,937.8000,90.8,10.32819383
1973-04-27,922.2,922.2000,90.9,10.14521452
1973-04-30,921.4,921.4000,91,10.12527473
1973-05-01,921.2,921.2000,91,10.12307692
1973-05-02,932.3,932.3000,90.9,10.25632563
1973-05-03,945.7,945.7000,90.6,10.43818985
1973-05-04,953.9,953.9000,90.6,10.52869757
1973-05-07,950.7,950.7000,90.6,10.49337748
1973-05-08,956.6,956.6000,91.7,10.43184297
1973-05-09,949.1,949.1000,93,10.20537634
1973-05-10,939.3,939.3000,95.1,9.87697161
1973-05-11,928,928.0000,97,9.56701031
1973-05-14,909.7,909.7000,102.5,8.87512195
1973-05-15,917.4,917.4000,110.3,8.31731641
1973-05-16,917.1,917.1000,106.8,8.58707865
1973-05-17,911.7,911.7000,104.5,8.72440191
1973-05-18,895.2,895.2000,105.8,8.46124764
1973-05-21,886.5,886.5000,112.3,7.89403384
1973-05-22,892.5,892.5000,110.8,8.05505415
1973-05-23,895,895.0000,110,8.13636364
1973-05-24,924.4,924.4000,110.3,8.38077969
1973-05-25,930.8,930.8000,106.8,8.71535581
1973-05-29,925.6,925.6000,110.3,8.39165911
1973-05-30,908.9,908.9000,113.5,8.00792952
1973-05-31,901.4,901.4000,115,7.83826087
1973-06-01,894,894.0000,118,7.57627119
1973-06-04,885.9,885.9000,123.8,7.15589661
1973-06-05,900.8,900.8000,126.3,7.13222486
1973-06-06,898.2,898.2000,121.8,7.37438424
1973-06-07,909.6,909.6000,118.8,7.65656566
1973-06-08,920,920.0000,117.5,7.82978723
1973-06-11,915.1,915.1000,115.8,7.90241796
1973-06-12,927,927.0000,117.5,7.88936170
1973-06-13,915.5,915.5000,115.8,7.90587219
1973-06-14,902.9,902.9000,118,7.65169492
1973-06-15,888.6,888.6000,120.3,7.38653367
1973-06-18,875.1,875.1000,122.8,7.12622150
1973-06-19,881.6,881.6000,120.5,7.31618257
1973-06-20,884.7,884.7000,120.3,7.35411471
1973-06-21,873.7,873.7000,120.8,7.23261589
1973-06-22,879.8,879.8000,120.3,7.31338321
1973-06-25,869.1,869.1000,118.8,7.31565657
1973-06-26,879.4,879.4000,123.5,7.12064777
1973-06-27,884.6,884.6000,122.5,7.22122449
1973-06-28,894.6,894.6000,121.8,7.34482759
1973-06-29,891.7,891.7000,123.5,7.22024291
1973-07-02,880.6,880.6000,121.3,7.25968673
1973-07-03,874.2,874.2000,122.3,7.14799673
1973-07-05,874.3,874.3000,123.3,7.09083536
1973-07-06,870.1,870.1000,124.8,6.97195513
1973-07-09,877.3,877.3000,126.3,6.94615994
1973-07-10,888.3,888.3000,123.3,7.20437956
1973-07-11,908.2,908.2000,119.3,7.61274099
1973-07-12,901.9,901.9000,121.3,7.43528442
1973-07-13,886,886.0000,121.3,7.30420445
1973-07-16,897.6,897.6000,120.2,7.46755408
1973-07-17,898,898.0000,121.3,7.40313273
1973-07-18,905.4,905.4000,119.8,7.55759599
1973-07-19,906.7,906.7000,114.5,7.91877729
1973-07-20,910.9,910.9000,118,7.71949153
1973-07-23,913.2,913.2000,119,7.67394958
1973-07-24,918.7,918.7000,120.2,7.64309484
1973-07-25,933,933.0000,118.8,7.85353535
1973-07-26,934.5,934.5000,119.8,7.80050083
1973-07-27,936.7,936.7000,117.3,7.98550725
1973-07-30,933.8,933.8000,115.8,8.06390328
1973-07-31,926.4,926.4000,115.9,7.99309750
1973-08-01,912.2,912.2000,117.8,7.74363328
1973-08-02,910.1,910.1000,116.4,7.81872852
1973-08-03,908.9,908.9000,116.3,7.81513328
1973-08-06,912.8,912.8000,115.8,7.88255613
1973-08-07,912,912.0000,115.2,7.91666667
1973-08-08,902,902.0000,114,7.91228070
1973-08-09,901.5,901.5000,110.3,8.17316410
1973-08-10,892.4,892.4000,107,8.34018692
1973-08-13,883.2,883.2000,102.3,8.63343109
1973-08-14,870.7,870.7000,95.8,9.08872651
1973-08-15,874.2,874.2000,94.3,9.27041357
1973-08-16,872.7,872.7000,103.3,8.44820910
1973-08-17,871.8,871.8000,104.3,8.35858102
1973-08-20,867.4,867.4000,109.8,7.89981785
1973-08-21,857.8,857.8000,106,8.09245283
1973-08-22,851.9,851.9000,103.3,8.24685382
1973-08-23,864.5,864.5000,100.5,8.60199005
1973-08-24,863.5,863.5000,101.3,8.52418559
1973-08-27,870.7,870.7000,103.3,8.42884802
1973-08-28,872.1,872.1000,104.3,8.36145733
1973-08-29,883.4,883.4000,107.6,8.21003717
1973-08-30,882.5,882.5000,105.8,8.34120983
1973-08-31,887.6,887.6000,103.8,8.55105973
1973-09-04,895.4,895.4000,105.4,8.49525617
1973-09-05,899.1,899.1000,106.4,8.45018797
1973-09-06,901,901.0000,105.8,8.51606805
1973-09-07,898.6,898.6000,105.5,8.51753555
1973-09-10,891.3,891.3000,105,8.48857143
1973-09-11,885.8,885.8000,103,8.60000000
1973-09-12,881.3,881.3000,102.5,8.59804878
1973-09-13,880.6,880.6000,100.5,8.76218905
1973-09-14,886.4,886.4000,100.6,8.81113320
1973-09-17,893,893.0000,104.3,8.56184084
1973-09-18,891.3,891.3000,103.3,8.62826718
1973-09-19,910.4,910.4000,101.7,8.95181908
1973-09-20,920.5,920.5000,103.5,8.89371981
1973-09-21,927.9,927.9000,103.8,8.93930636
1973-09-24,936.7,936.7000,102.3,9.15640274
1973-09-25,940.6,940.6000,102,9.22156863
1973-09-26,949.5,949.5000,102.8,9.23638132
1973-09-27,953.3,953.3000,101.5,9.39211823
1973-09-28,947.1,947.1000,100.3,9.44267198
1973-10-01,948.8,948.8000,97,9.78144330
1973-10-02,956.8,956.8000,98,9.76326531
1973-10-03,964.6,964.6000,99.4,9.70422535
1973-10-04,955.9,955.9000,99.3,9.62638469
1973-10-05,971.3,971.3000,98.8,9.83097166
1973-10-08,977.7,977.7000,99.3,9.84592145
1973-10-09,974.2,974.2000,99.9,9.75175175
1973-10-10,960.6,960.6000,103.8,9.25433526
1973-10-11,976.1,976.1000,104,9.38557692
1973-10-12,978.6,978.6000,102.2,9.57534247
1973-10-15,967,967.0000,101.5,9.52709360
1973-10-16,967.4,967.4000,102.1,9.47502449
1973-10-17,962.5,962.5000,103.8,9.27263969
1973-10-18,959.7,959.7000,102.2,9.39041096
1973-10-19,963.7,963.7000,101.3,9.51332675
1973-10-22,960.6,960.6000,99.5,9.65427136
1973-10-23,966.5,966.5000,101,9.56930693
1973-10-24,971.9,971.9000,100,9.71900000
1973-10-25,974.5,974.5000,100.4,9.70617530
1973-10-26,987.1,987.1000,98.5,10.02131980
1973-10-29,984.8,984.8000,98.5,9.99796954
1973-10-30,968.5,968.5000,97.5,9.93333333
1973-10-31,956.6,956.6000,98.3,9.73143438
1973-11-01,948.8,948.8000,97,9.78144330
1973-11-02,935.3,935.3000,98.5,9.49543147
1973-11-05,919.4,919.4000,98,9.38163265
1973-11-06,913.1,913.1000,98,9.31734694
1973-11-07,920.1,920.1000,97.4,9.44661191
1973-11-08,932.7,932.7000,98,9.51734694
1973-11-09,908.4,908.4000,98.5,9.22233503
1973-11-12,897.7,897.7000,97,9.25463918
1973-11-13,891,891.0000,96.9,9.19504644
1973-11-14,869.9,869.9000,90,9.66555556
1973-11-15,874.6,874.6000,91.25,9.58465753
1973-11-16,891.3,891.3000,90.25,9.87590028
1973-11-19,862.7,862.7000,90,9.58555556
1973-11-20,844.9,844.9000,90.5,9.33591160
1973-11-21,855,855.0000,90.25,9.47368421
1973-11-23,854,854.0000,90,9.48888889
1973-11-26,825,825.0000,90.25,9.14127424
1973-11-27,817.7,817.7000,92,8.88804348
1973-11-28,839.8,839.8000,101.5,8.27389163
1973-11-29,835.1,835.1000,102,8.18725490
1973-11-30,822.3,822.3000,101.2,8.12549407
1973-12-03,806.5,806.5000,100.5,8.02487562
1973-12-04,803.2,803.2000,105.7,7.59886471
1973-12-05,788.3,788.3000,105.3,7.48622982
1973-12-06,814.1,814.1000,106,7.68018868
1973-12-07,838.1,838.1000,107.5,7.79627907
1973-12-10,851.1,851.1000,105.8,8.04442344
1973-12-11,834.2,834.2000,104.4,7.99042146
1973-12-12,810.7,810.7000,104.3,7.77277085
1973-12-13,800.4,800.4000,103.9,7.70356112
1973-12-14,815.7,815.7000,105.2,7.75380228
1973-12-17,811.1,811.1000,107,7.58037383
1973-12-18,829.5,829.5000,109.2,7.59615385
1973-12-19,829.6,829.6000,108.6,7.63904236
1973-12-20,828.1,828.1000,108.2,7.65341959
1973-12-21,818.7,818.7000,107,7.65140187
1973-12-24,814.8,814.8000,108.4,7.51660517
1973-12-26,837.6,837.6000,109.8,7.62841530
1973-12-27,851,851.0000,112,7.59821429
1973-12-28,848,848.0000,112.3,7.55120214
1973-12-31,850.9,850.9000,114.5,7.43144105
1974-01-02,855.3,855.3000,116.8,7.32277397
1974-01-03,880.7,880.7000,121.5,7.24855967
1974-01-04,880.2,880.2000,118.8,7.40909091
1974-01-07,876.9,876.9000,121.8,7.19950739
1974-01-08,861.8,861.8000,126.8,6.79652997
1974-01-09,834.8,834.8000,124.3,6.71600965
1974-01-10,823.1,823.1000,120.3,6.84206151
1974-01-11,841.5,841.5000,122.3,6.88062142
1974-01-14,840.2,840.2000,125,6.72160000
1974-01-15,846.4,846.4000,125.8,6.72813990
1974-01-16,856.1,856.1000,126.5,6.76758893
1974-01-17,872.2,872.2000,128.6,6.78227061
1974-01-18,855.5,855.5000,130.3,6.56561781
1974-01-21,854.6,854.6000,140.1,6.09992862
1974-01-22,863.5,863.5000,137.7,6.27087872
1974-01-23,871,871.0000,134.8,6.46142433
1974-01-24,863.1,863.1000,141.3,6.10828025
1974-01-25,859.4,859.4000,141.2,6.08640227
1974-01-28,853,853.0000,139.8,6.10157368
1974-01-29,852.3,852.3000,137.8,6.18505080
1974-01-30,862.3,862.3000,135.8,6.34977909
1974-01-31,855.6,855.6000,132.8,6.44277108
1974-02-01,843.9,843.9000,130.8,6.45183486
1974-02-04,821.5,821.5000,133.8,6.13976084
1974-02-05,820.6,820.6000,140.3,5.84889522
1974-02-06,824.6,824.6000,138.3,5.96240058
1974-02-07,828.5,828.5000,139.3,5.94759512
1974-02-08,820.4,820.4000,143.3,5.72505234
1974-02-11,803.9,803.9000,145.3,5.53269098
1974-02-12,806.6,806.6000,146.8,5.49455041
1974-02-13,806.9,806.9000,144.3,5.59182259
1974-02-14,809.9,809.9000,146.3,5.53588517
1974-02-15,820.3,820.3000,149.1,5.50167673
1974-02-19,819.5,819.5000,149.8,5.47062750
1974-02-20,831,831.0000,150.3,5.52894212
1974-02-21,846.8,846.8000,157,5.39363057
1974-02-22,856,856.0000,163.3,5.24188610
1974-02-25,851.4,851.4000,169.8,5.01413428
1974-02-26,859.5,859.5000,175.3,4.90302339
1974-02-27,863.4,863.4000,174.3,4.95352840
1974-02-28,860.5,860.5000,162.8,5.28562654
1974-03-01,851.9,851.9000,167.8,5.07687723
1974-03-04,853.2,853.2000,166.3,5.13048707
1974-03-05,872.4,872.4000,159.3,5.47645951
1974-03-06,879.9,879.9000,160.3,5.48908297
1974-03-07,869.1,869.1000,166.3,5.22609741
1974-03-08,878.1,878.1000,165.3,5.31215971
1974-03-11,888.5,888.5000,165.8,5.35886610
1974-03-12,887.1,887.1000,163.3,5.43233313
1974-03-13,891.7,891.7000,164.8,5.41080097
1974-03-14,889.8,889.8000,164.8,5.39927184
1974-03-15,887.8,887.8000,164.1,5.41011578
1974-03-18,874.2,874.2000,164.3,5.32075472
1974-03-19,867.6,867.6000,169.3,5.12463083
1974-03-20,872.3,872.3000,176.3,4.94781622
1974-03-21,875.5,875.5000,175.3,4.99429549
1974-03-22,878.1,878.1000,177.8,4.93869516
1974-03-25,881,881.0000,177,4.97740113
1974-03-26,883.7,883.7000,172.5,5.12289855
1974-03-27,871.2,871.2000,174.3,4.99827883
1974-03-28,854.4,854.4000,174.8,4.88787185
1974-03-29,846.7,846.7000,173.3,4.88574726
1974-04-01,843.5,843.5000,174.4,4.83658257
1974-04-02,846.6,846.6000,177.3,4.77495770
1974-04-03,858,858.0000,179.8,4.77196885
1974-04-04,858.9,858.9000,176.5,4.86628895
1974-04-05,847.5,847.5000,173.5,4.88472622
1974-04-08,840,840.0000,167.3,5.02092050
1974-04-09,846.8,846.8000,170.3,4.97240164
1974-04-10,843.7,843.7000,173.5,4.86282421
1974-04-11,844.8,844.8000,173.8,4.86075949
1974-04-15,843.8,843.8000,174,4.84942529
1974-04-16,861.2,861.2000,172.5,4.99246377
1974-04-17,867.4,867.4000,170.2,5.09635723
1974-04-18,869.9,869.9000,170.3,5.10804463
1974-04-19,859.9,859.9000,172.3,4.99071387
1974-04-22,858.6,858.6000,175,4.90628571
1974-04-23,846,846.0000,175,4.83428571
1974-04-24,832.4,832.4000,171,4.86783626
1974-04-25,827.7,827.7000,169.3,4.88895452
1974-04-26,834.6,834.6000,169.3,4.92971057
1974-04-29,835.4,835.4000,169.5,4.92861357
1974-04-30,836.8,836.8000,169.5,4.93687316
1974-05-01,853.9,853.9000,169.8,5.02885748
1974-05-02,851.1,851.1000,169.9,5.00941730
1974-05-03,845.9,845.9000,169.3,4.99645600
1974-05-06,844.9,844.9000,166.3,5.08057727
1974-05-07,847.2,847.2000,163.3,5.18799755
1974-05-08,851,851.0000,158,5.38607595
1974-05-09,865.8,865.8000,166.5,5.20000000
1974-05-10,850.4,850.4000,168,5.06190476
1974-05-13,845.6,845.6000,166.8,5.06954436
1974-05-14,847.9,847.9000,166.5,5.09249249
1974-05-15,846.1,846.1000,164.7,5.13721919
1974-05-16,835.3,835.3000,164.3,5.08399270
1974-05-17,818.8,818.8000,165.8,4.93848010
1974-05-20,812.4,812.4000,163.2,4.97794118
1974-05-21,809.5,809.5000,161.3,5.01859888
1974-05-22,802.6,802.6000,163.3,4.91488059
1974-05-23,805.2,805.2000,159.8,5.03879850
1974-05-24,816.7,816.7000,162,5.04135802
1974-05-28,814.3,814.3000,154.3,5.27738172
1974-05-29,795.4,795.4000,155.8,5.10526316
1974-05-30,803.6,803.6000,162.3,4.95132471
1974-05-31,802.2,802.2000,157,5.10955414
1974-06-03,821.3,821.3000,155.8,5.27150193
1974-06-04,828.7,828.7000,154.7,5.35681965
1974-06-05,830.2,830.2000,162,5.12469136
1974-06-06,845.4,845.4000,159.3,5.30696798
1974-06-07,853.7,853.7000,155.8,5.47946085
1974-06-10,859.7,859.7000,157.7,5.45149017
1974-06-11,852.1,852.1000,157.5,5.41015873
1974-06-12,848.6,848.6000,156.8,5.41198980
1974-06-13,852.1,852.1000,157.3,5.41703751
1974-06-14,843.1,843.1000,160.8,5.24315920
1974-06-17,833.2,833.2000,157.8,5.28010139
1974-06-18,830.3,830.3000,155.8,5.32926829
1974-06-19,826.1,826.1000,153.9,5.36777128
1974-06-20,820.8,820.8000,152,5.40000000
1974-06-21,815.4,815.4000,154,5.29480519
1974-06-24,816.3,816.3000,150.3,5.43113772
1974-06-25,828.9,828.9000,150,5.52600000
1974-06-26,817,817.0000,146.8,5.56539510
1974-06-27,803.7,803.7000,144.8,5.55041436
1974-06-28,802.4,802.4000,144.5,5.55294118
1974-07-01,806.2,806.2000,143.3,5.62595953
1974-07-02,790.7,790.7000,137.2,5.76311953
1974-07-03,792.9,792.9000,136.7,5.80029261
1974-07-05,791.8,791.8000,134.3,5.89575577
1974-07-08,770.6,770.6000,141.2,5.45750708
1974-07-09,772.3,772.3000,145.7,5.30061771
1974-07-10,762.1,762.1000,139,5.48273381
1974-07-11,759.6,759.6000,137.2,5.53644315
1974-07-12,787.2,787.2000,137.2,5.73760933
1974-07-15,786.6,786.6000,139,5.65899281
1974-07-16,776,776.0000,141.3,5.49186129
1974-07-17,785,785.0000,141,5.56737589
1974-07-18,789.2,789.2000,144.2,5.47295423
1974-07-19,787.9,787.9000,145.8,5.40397805
1974-07-22,790.4,790.4000,143.3,5.51570133
1974-07-23,797.7,797.7000,144.2,5.53190014
1974-07-24,805.8,805.8000,144.5,5.57647059
1974-07-25,795.7,795.7000,149.3,5.32953784
1974-07-26,784.6,784.6000,149.3,5.25519089
1974-07-29,770.9,770.9000,157.8,4.88529785
1974-07-30,765.6,765.6000,157.3,4.86713287
1974-07-31,757.4,757.4000,156.2,4.84891165
1974-08-01,751.1,751.1000,159.6,4.70614035
1974-08-02,752.6,752.6000,156.8,4.79974490
1974-08-05,760.4,760.4000,153.9,4.94087070
1974-08-06,773.8,773.8000,155.3,4.98261429
1974-08-07,797.6,797.6000,154.8,5.15245478
1974-08-08,784.9,784.9000,152.3,5.15364412
1974-08-09,777.3,777.3000,154.5,5.03106796
1974-08-12,767.3,767.3000,152.5,5.03147541
1974-08-13,756.4,756.4000,151.8,4.98287220
1974-08-14,740.5,740.5000,156.5,4.73162939
1974-08-15,737.9,737.9000,153.3,4.81343770
1974-08-16,731.5,731.5000,155.8,4.69512195
1974-08-19,721.8,721.8000,155.5,4.64180064
1974-08-20,726.9,726.9000,156.3,4.65067179
1974-08-21,711.6,711.6000,155.8,4.56739409
1974-08-22,704.6,704.6000,154.8,4.55167959
1974-08-23,686.8,686.8000,154.3,4.45106935
1974-08-26,688.1,688.1000,154.3,4.45949449
1974-08-27,671.5,671.5000,153.8,4.36605982
1974-08-28,666.6,666.6000,154.6,4.31177232
1974-08-29,656.8,656.8000,155.8,4.21566110
1974-08-30,678.6,678.6000,156.3,4.34165067
1974-09-03,663.3,663.3000,158,4.19810127
1974-09-04,648,648.0000,157.2,4.12213740
1974-09-05,670.8,670.8000,157.7,4.25364616
1974-09-06,677.9,677.9000,157.3,4.30959949
1974-09-09,662.9,662.9000,155.8,4.25481386
1974-09-10,658.2,658.2000,154.7,4.25468649
1974-09-11,654.7,654.7000,153.2,4.27349869
1974-09-12,641.7,641.7000,154.7,4.14802844
1974-09-13,627.2,627.2000,153.2,4.09399478
1974-09-16,639.8,639.8000,153,4.18169935
1974-09-17,648.8,648.8000,148,4.38378378
1974-09-18,651.9,651.9000,148.2,4.39878543
1974-09-19,674.1,674.1000,149.8,4.50000000
1974-09-20,670.8,670.8000,146.3,4.58509911
1974-09-23,663.7,663.7000,148.3,4.47538773
1974-09-24,654.1,654.1000,147.8,4.42557510
1974-09-25,650,650.0000,147.5,4.40677966
1974-09-26,638,638.0000,145.7,4.37886067
1974-09-27,622,622.0000,146,4.26027397
1974-09-30,607.9,607.9000,151.5,4.01254125
1974-10-01,604.8,604.8000,156,3.87692308
1974-10-02,601.5,601.5000,154.3,3.89825016
1974-10-03,587.6,587.6000,155.9,3.76908275
1974-10-04,584.6,584.6000,159.3,3.66980540
1974-10-07,607.6,607.6000,157.8,3.85044360
1974-10-08,602.6,602.6000,155.3,3.88023181
1974-10-09,631,631.0000,155.9,4.04746632
1974-10-10,648.1,648.1000,158.5,4.08895899
1974-10-11,658.2,658.2000,157.2,4.18702290
1974-10-14,673.5,673.5000,156.3,4.30902111
1974-10-15,658.4,658.4000,155.3,4.23953638
1974-10-16,642.3,642.3000,155.2,4.13853093
1974-10-17,651.4,651.4000,155.2,4.19716495
1974-10-18,654.9,654.9000,155.5,4.21157556
1974-10-21,669.8,669.8000,157.3,4.25810553
1974-10-22,662.9,662.9000,158.2,4.19026549
1974-10-23,645,645.0000,158,4.08227848
1974-10-24,636.3,636.3000,162.2,3.92293465
1974-10-25,636.2,636.2000,163.5,3.89113150
1974-10-28,633.8,633.8000,167.7,3.77936792
1974-10-29,659.3,659.3000,168.5,3.91275964
1974-10-30,673,673.0000,168.2,4.00118906
1974-10-31,665.5,665.5000,167.2,3.98026316
1974-11-01,665.3,665.3000,168,3.96011905
1974-11-04,657.2,657.2000,169.5,3.87728614
1974-11-05,674.8,674.8000,169.5,3.98112094
1974-11-06,669.1,669.1000,178.2,3.75476992
1974-11-07,671.9,671.9000,177.5,3.78535211
1974-11-08,667.2,667.2000,183.2,3.64192140
1974-11-11,672.6,672.6000,182.2,3.69154775
1974-11-12,659.2,659.2000,180.2,3.65815760
1974-11-13,659.2,659.2000,185.5,3.55363881
1974-11-14,658.4,658.4000,188.5,3.49283820
1974-11-15,647.6,647.6000,187.7,3.45018647
1974-11-18,624.9,624.9000,190.8,3.27515723
1974-11-19,614.1,614.1000,188,3.26648936
1974-11-20,609.6,609.6000,180.8,3.37168142
1974-11-21,608.6,608.6000,182.7,3.33114395
1974-11-22,615.3,615.3000,182.5,3.37150685
1974-11-25,611.9,611.9000,184,3.32554348
1974-11-26,617.3,617.3000,186.2,3.31525242
1974-11-27,619.3,619.3000,184.5,3.35663957
1974-11-29,618.7,618.7000,185.3,3.33890988
1974-12-02,603,603.0000,186,3.24193548
1974-12-03,596.6,596.6000,183.2,3.25655022
1974-12-04,598.6,598.6000,174.5,3.43037249
1974-12-05,587.1,587.1000,178.7,3.28539452
1974-12-06,577.6,577.6000,181.1,3.18939812
1974-12-09,579.9,579.9000,180.7,3.20918650
1974-12-10,593.9,593.9000,178.2,3.33277217
1974-12-11,595.4,595.4000,175,3.40228571
1974-12-12,596.4,596.4000,176,3.38863636
1974-12-13,592.8,592.8000,180,3.29333333
1974-12-16,586.8,586.8000,183.2,3.20305677
1974-12-17,597.5,597.5000,188.7,3.16640170
1974-12-18,603.5,603.5000,187.2,3.22382479
1974-12-19,604.4,604.4000,186.5,3.24075067
1974-12-20,598.5,598.5000,187.7,3.18859883
1974-12-23,589.6,589.6000,193.2,3.05175983
1974-12-24,598.4,598.4000,193.9,3.08612687
1974-12-26,604.7,604.7000,194.5,3.10899743
1974-12-27,602.2,602.2000,195.2,3.08504098
1974-12-30,603.3,603.3000,195.5,3.08593350
1974-12-31,616.2,616.2000,185.7,3.31825525
1975-01-02,632,632.0000,178.2,3.54657688
1975-01-03,634.5,634.5000,177.5,3.57464789
1975-01-06,637.2,637.2000,176.8,3.60407240
1975-01-07,641.2,641.2000,175.8,3.64732651
1975-01-08,635.4,635.4000,180.4,3.52217295
1975-01-09,645.3,645.3000,180.9,3.56716418
1975-01-10,658.8,658.8000,183.8,3.58433079
1975-01-13,654.2,654.2000,181.4,3.60639471
1975-01-14,648.7,648.7000,181.2,3.58002208
1975-01-15,653.4,653.4000,180,3.63000000
1975-01-16,655.7,655.7000,177.7,3.68992684
1975-01-17,644.6,644.6000,174.7,3.68975386
1975-01-20,647.5,647.5000,178.9,3.61934041
1975-01-21,641.9,641.9000,176.3,3.64095292
1975-01-22,652.6,652.6000,176.9,3.68908988
1975-01-23,656.8,656.8000,178.9,3.67132476
1975-01-24,666.6,666.6000,182.2,3.65861690
1975-01-27,692.7,692.7000,179.4,3.86120401
1975-01-28,694.8,694.8000,178.6,3.89025756
1975-01-29,706,706.0000,181.7,3.88552559
1975-01-30,696.4,696.4000,178.3,3.90577678
1975-01-31,703.7,703.7000,178,3.95337079
1975-02-03,711.4,711.4000,178.3,3.98990466
1975-02-04,708.1,708.1000,177.3,3.99379583
1975-02-05,717.9,717.9000,176.7,4.06281834
1975-02-06,714.2,714.2000,176.3,4.05104935
1975-02-07,711.9,711.9000,177.3,4.01522843
1975-02-10,708.4,708.4000,175.6,4.03416856
1975-02-11,707.6,707.6000,176.8,4.00226244
1975-02-12,715,715.0000,176.8,4.04411765
1975-02-13,726.9,726.9000,185.8,3.91227126
1975-02-14,734.2,734.2000,184.9,3.97079502
1975-02-18,731.3,731.3000,185.4,3.94444444
1975-02-19,736.4,736.4000,185.6,3.96767241
1975-02-20,745.4,745.4000,187.7,3.97123069
1975-02-21,749.8,749.8000,186,4.03118280
1975-02-24,736.9,736.9000,186.9,3.94275013
1975-02-25,719.2,719.2000,184.4,3.90021692
1975-02-26,728.1,728.1000,185.2,3.93142549
1975-02-27,731.2,731.2000,182.5,4.00657534
1975-02-28,739.1,739.1000,183,4.03879781
1975-03-03,753.1,753.1000,182.6,4.12431544
1975-03-04,757.7,757.7000,177,4.28079096
1975-03-05,752.8,752.8000,178.7,4.21264689
1975-03-06,761.8,761.8000,180.6,4.21816168
1975-03-07,770.1,770.1000,178,4.32640449
1975-03-10,776.1,776.1000,177.2,4.37979684
1975-03-11,770.9,770.9000,180,4.28277778
1975-03-12,763.7,763.7000,178.1,4.28804043
1975-03-13,763,763.0000,179.5,4.25069638
1975-03-14,773.5,773.5000,178.7,4.32848349
1975-03-17,786.5,786.5000,179,4.39385475
1975-03-18,779.4,779.4000,178.6,4.36394177
1975-03-19,769.5,769.5000,179.2,4.29408482
1975-03-20,764,764.0000,175.5,4.35327635
1975-03-21,763.1,763.1000,175.6,4.34567198
1975-03-24,743.4,743.4000,175.9,4.22626492
1975-03-25,747.9,747.9000,178.7,4.18522664
1975-03-26,766.2,766.2000,180.7,4.24017709
1975-03-27,770.3,770.3000,178.5,4.31540616
1975-03-31,768.2,768.2000,179.5,4.27966574
1975-04-01,761.6,761.6000,179.1,4.25237298
1975-04-02,760.6,760.6000,178.1,4.27063448
1975-04-03,752.2,752.2000,177.1,4.24731790
1975-04-04,747.3,747.3000,173.8,4.29976985
1975-04-07,742.9,742.9000,174.1,4.26708788
1975-04-08,749.2,749.2000,174.5,4.29340974
1975-04-09,768,768.0000,174.5,4.40114613
1975-04-10,781.3,781.3000,173.1,4.51357597
1975-04-11,789.5,789.5000,172.7,4.57151129
1975-04-14,807,807.0000,166.2,4.85559567
1975-04-15,815.1,815.1000,164.6,4.95200486
1975-04-16,815.7,815.7000,166.5,4.89909910
1975-04-17,819.5,819.5000,169.5,4.83480826
1975-04-18,808.4,808.4000,169,4.78343195
1975-04-21,815.9,815.9000,165.7,4.92395896
1975-04-22,814.1,814.1000,166.7,4.88362328
1975-04-23,802.5,802.5000,168.8,4.75414692
1975-04-24,803.7,803.7000,167,4.81257485
1975-04-25,811.8,811.8000,166.8,4.86690647
1975-04-28,810,810.0000,166.3,4.87071557
1975-04-29,803,803.0000,167.8,4.78545888
1975-04-30,821.3,821.3000,166.8,4.92386091
1975-05-01,831,831.0000,165.5,5.02114804
1975-05-02,848.5,848.5000,165,5.14242424
1975-05-05,855.6,855.6000,163.5,5.23302752
1975-05-06,834.7,834.7000,164.9,5.06185567
1975-05-07,836.4,836.4000,166.1,5.03552077
1975-05-08,840.5,840.5000,167.3,5.02390915
1975-05-09,850.1,850.1000,166.6,5.10264106
1975-05-12,847.5,847.5000,165.9,5.10849910
1975-05-13,850.1,850.1000,166.7,5.09958008
1975-05-14,858.7,858.7000,169.3,5.07206143
1975-05-15,848.8,848.8000,165.9,5.11633514
1975-05-16,837.6,837.6000,166.9,5.01857400
1975-05-19,837.7,837.7000,168.8,4.96267773
1975-05-20,830.5,830.5000,168.2,4.93757432
1975-05-21,818.7,818.7000,172.2,4.75435540
1975-05-22,818.9,818.9000,173.5,4.71988473
1975-05-23,831.9,831.9000,174.7,4.76187750
1975-05-27,826.1,826.1000,174.4,4.73681193
1975-05-28,817,817.0000,172.5,4.73623188
1975-05-29,815,815.0000,170.1,4.79129924
1975-05-30,832.3,832.3000,169,4.92485207
1975-06-02,846.6,846.6000,165.2,5.12469734
1975-06-03,846.1,846.1000,167.5,5.05134328
1975-06-04,840,840.0000,165.9,5.06329114
1975-06-05,842.2,842.2000,167.4,5.03106332
1975-06-06,839.6,839.6000,167.2,5.02153110
1975-06-09,830.1,830.1000,168.5,4.92640950
1975-06-10,822.1,822.1000,167.3,4.91392708
1975-06-11,824.6,824.6000,167.1,4.93476960
1975-06-12,819.3,819.3000,166.5,4.92072072
1975-06-13,824.5,824.5000,165.9,4.96986136
1975-06-16,834.6,834.6000,164.4,5.07664234
1975-06-17,828.6,828.6000,166,4.99156627
1975-06-18,827.8,827.8000,165.4,5.00483676
1975-06-19,845.4,845.4000,164.3,5.14546561
1975-06-20,855.4,855.4000,164.3,5.20632988
1975-06-23,864.8,864.8000,163.5,5.28929664
1975-06-24,869.1,869.1000,164.5,5.28328267
1975-06-25,872.7,872.7000,166.3,5.24774504
1975-06-26,874.1,874.1000,166,5.26566265
1975-06-27,873.1,873.1000,167.9,5.20011912
1975-06-30,879,879.0000,167.8,5.23837902
1975-07-01,877.4,877.4000,168.1,5.21951220
1975-07-02,870.4,870.4000,166.3,5.23391461
1975-07-03,871.8,871.8000,166.4,5.23918269
1975-07-07,861.1,861.1000,164,5.25060976
1975-07-08,857.8,857.8000,166.7,5.14577085
1975-07-09,871.9,871.9000,172.2,5.06329849
1975-07-10,871.9,871.9000,170.7,5.10779145
1975-07-11,871.1,871.1000,173,5.03526012
1975-07-14,875.9,875.9000,172.7,5.07180081
1975-07-15,881.8,881.8000,171.5,5.14169096
1975-07-16,872.1,872.1000,170.9,5.10298420
1975-07-17,864.3,864.3000,170.8,5.06030445
1975-07-18,862.4,862.4000,170.8,5.04918033
1975-07-21,854.7,854.7000,170.6,5.00996483
1975-07-22,846.8,846.8000,172.2,4.91753775
1975-07-23,836.7,836.7000,171.5,4.87871720
1975-07-24,840.3,840.3000,172,4.88546512
1975-07-25,834.1,834.1000,174.3,4.78542742
1975-07-28,827.8,827.8000,176.1,4.70073822
1975-07-29,824.9,824.9000,173.8,4.74626007
1975-07-30,831.7,831.7000,173.8,4.78538550
1975-07-31,831.5,831.5000,173.4,4.79527105
1975-08-01,826.5,826.5000,173.4,4.76643599
1975-08-04,818.1,818.1000,173.1,4.72616984
1975-08-05,810.2,810.2000,171.6,4.72144522
1975-08-06,813.7,813.7000,171,4.75847953
1975-08-07,815.8,815.8000,171.3,4.76240514
1975-08-08,817.7,817.7000,166.6,4.90816327
1975-08-11,823.8,823.8000,166.7,4.94181164
1975-08-12,828.5,828.5000,168.4,4.91983373
1975-08-13,820.6,820.6000,165,4.97333333
1975-08-14,817,817.0000,163.9,4.98474680
1975-08-15,825.6,825.6000,166.8,4.94964029
1975-08-18,822.8,822.8000,166.2,4.95066185
1975-08-19,808.5,808.5000,166.2,4.86462094
1975-08-20,793.3,793.3000,167,4.75029940
1975-08-21,791.7,791.7000,166.3,4.76067348
1975-08-22,804.8,804.8000,165.8,4.85404101
1975-08-25,812.3,812.3000,166,4.89337349
1975-08-26,803.1,803.1000,165.6,4.84963768
1975-08-27,807.2,807.2000,166,4.86265060
1975-08-28,829.5,829.5000,165.5,5.01208459
1975-08-29,835.3,835.3000,162.8,5.13083538
1975-09-02,823.7,823.7000,152.8,5.39070681
1975-09-03,832.3,832.3000,153.7,5.41509434
1975-09-04,838.3,838.3000,155.2,5.40141753
1975-09-05,836,836.0000,156,5.35897436
1975-09-08,840.1,840.1000,153,5.49084967
1975-09-09,827.8,827.8000,151.8,5.45322793
1975-09-10,817.7,817.7000,150.4,5.43683511
1975-09-11,812.7,812.7000,149.6,5.43248663
1975-09-12,809.2,809.2000,149.7,5.40547762
1975-09-15,803.2,803.2000,150,5.35466667
1975-09-16,795.1,795.1000,147.7,5.38320921
1975-09-17,799.1,799.1000,144.3,5.53776854
1975-09-18,814.6,814.6000,137.8,5.91146589
1975-09-19,829.8,829.8000,138.4,5.99566474
1975-09-22,820.4,820.4000,134.8,6.08605341
1975-09-23,819.9,819.9000,131.2,6.24923780
1975-09-24,826.2,826.2000,137.5,6.00872727
1975-09-25,820.2,820.2000,137,5.98686131
1975-09-26,818.6,818.6000,139,5.88920863
1975-09-29,805.2,805.2000,139.8,5.75965665
1975-09-30,793.9,793.9000,142.2,5.58298172
1975-10-01,784.2,784.2000,144.2,5.43828017
1975-10-02,794.6,794.6000,143.4,5.54114365
1975-10-03,813.2,813.2000,139.9,5.81272337
1975-10-06,819.7,819.7000,142.6,5.74824684
1975-10-07,816.5,816.5000,143.7,5.68197634
1975-10-08,823.9,823.9000,139.6,5.90186246
1975-10-09,824.5,824.5000,141.7,5.81863091
1975-10-10,823.9,823.9000,143.6,5.73746518
1975-10-13,837.8,837.8000,143.6,5.83426184
1975-10-14,835.3,835.3000,142.9,5.84534640
1975-10-15,837.2,837.2000,142.9,5.85864241
1975-10-16,837.9,837.9000,144,5.81875000
1975-10-17,832.2,832.2000,146.1,5.69609856
1975-10-20,842.3,842.3000,146.8,5.73773842
1975-10-21,846.8,846.8000,145.2,5.83195592
1975-10-22,849.6,849.6000,146.5,5.79931741
1975-10-23,855.2,855.2000,145.1,5.89386630
1975-10-24,840.5,840.5000,144.1,5.83275503
1975-10-27,838.5,838.5000,143,5.86363636
1975-10-28,851.5,851.5000,143.3,5.94207955
1975-10-29,838.6,838.6000,144.1,5.81956974
1975-10-30,839.4,839.4000,143.6,5.84540390
1975-10-31,836,836.0000,142.8,5.85434174
1975-11-03,825.7,825.7000,143.3,5.76203768
1975-11-04,830.1,830.1000,143.3,5.79274250
1975-11-05,836.3,836.3000,148.4,5.63544474
1975-11-06,840.9,840.9000,146,5.75958904
1975-11-07,835.8,835.8000,147.8,5.65493911
1975-11-10,835.5,835.5000,146.4,5.70696721
1975-11-11,838.6,838.6000,146.4,5.72814208
1975-11-12,852.3,852.3000,155.2,5.49162371
1975-11-13,851.2,851.2000,144.6,5.88658368
1975-11-14,853.7,853.7000,141.6,6.02895480
1975-11-17,856.7,856.7000,140.8,6.08451705
1975-11-18,855.2,855.2000,141.8,6.03102962
1975-11-19,848.2,848.2000,144.4,5.87396122
1975-11-20,843.5,843.5000,152.8,5.52028796
1975-11-21,840.8,840.8000,152.3,5.52068286
1975-11-24,845.6,845.6000,152.6,5.54128440
1975-11-25,855.4,855.4000,151.5,5.64620462
1975-11-26,858.6,858.6000,150.7,5.69741208
1975-11-28,860.7,860.7000,147.8,5.82341001
1975-12-01,856.3,856.3000,147.3,5.81330618
1975-12-02,843.2,843.2000,148.7,5.67047747
1975-12-03,825.5,825.5000,147.2,5.60801630
1975-12-04,829.1,829.1000,147.1,5.63630184
1975-12-05,818.8,818.8000,146.6,5.58526603
1975-12-08,821.6,821.6000,144.4,5.68975069
1975-12-09,824.2,824.2000,145.4,5.66850069
1975-12-10,834,834.0000,147,5.67346939
1975-12-11,832.7,832.7000,147,5.66462585
1975-12-12,832.8,832.8000,145.9,5.70801919
1975-12-15,836.6,836.6000,145.3,5.75774260
1975-12-16,844.3,844.3000,146.3,5.77101846
1975-12-17,846.3,846.3000,146.6,5.77285130
1975-12-18,852.1,852.1000,146.5,5.81638225
1975-12-19,844.4,844.4000,153.5,5.50097720
1975-12-22,838.6,838.6000,151.3,5.54263054
1975-12-23,843.8,843.8000,149.5,5.64414716
1975-12-24,851.9,851.9000,149.4,5.70214190
1975-12-26,859.8,859.8000,149.4,5.75502008
1975-12-29,856.7,856.7000,149.9,5.71514343
1975-12-30,852.4,852.4000,149.7,5.69405478
1975-12-31,852.4,852.4000,148.8,5.72849462
1976-01-02,858.7,858.7000,148.8,5.77083333
1976-01-05,877.8,877.8000,147.1,5.96736914
1976-01-06,890.8,890.8000,147.5,6.03932203
1976-01-07,898.7,898.7000,146.6,6.13028649
1976-01-08,908,908.0000,142.7,6.36299930
1976-01-09,911.1,911.1000,143.4,6.35355649
1976-01-12,922.4,922.4000,143.4,6.43235704
1976-01-13,912.9,912.9000,137.7,6.62962963
1976-01-14,929.6,929.6000,138.8,6.69740634
1976-01-15,924.5,924.5000,137.6,6.71875000
1976-01-16,929.6,929.6000,136.8,6.79532164
1976-01-19,943.7,943.7000,132.9,7.10082769
1976-01-20,949.9,949.9000,129.3,7.34648105
1976-01-21,946.2,946.2000,129.3,7.31786543
1976-01-22,943.5,943.5000,131.1,7.19679634
1976-01-23,954,954.0000,133.5,7.14606742
1976-01-26,961.5,961.5000,131.1,7.33409611
1976-01-27,957.8,957.8000,131.5,7.28365019
1976-01-28,951.4,951.4000,133.8,7.11061286
1976-01-29,968.8,968.8000,133.9,7.23525019
1976-01-30,975.3,975.3000,134,7.27835821
1976-02-02,971.4,971.4000,136.6,7.11127379
1976-02-03,972.6,972.6000,136.2,7.14096916
1976-02-04,976.6,976.6000,134.6,7.25557207
1976-02-05,964.8,964.8000,134.6,7.16790490
1976-02-06,954.9,954.9000,136.5,6.99560440
1976-02-09,957.2,957.2000,135.1,7.08512213
1976-02-10,968.8,968.8000,135.7,7.13927782
1976-02-11,971.9,971.9000,135.1,7.19393042
1976-02-12,966.8,966.8000,135.5,7.13505535
1976-02-13,958.4,958.4000,136,7.04705882
1976-02-17,950.6,950.6000,134.5,7.06765799
1976-02-18,960.1,960.1000,134.7,7.12769117
1976-02-19,975.8,975.8000,134.9,7.23350630
1976-02-20,987.8,987.8000,136,7.26323529
1976-02-23,985.3,985.3000,135.8,7.25552283
1976-02-24,993.6,993.6000,137.9,7.20522117
1976-02-25,994.6,994.6000,137.6,7.22819767
1976-02-26,978.8,978.8000,136.3,7.18121790
1976-02-27,972.6,972.6000,136.5,7.12527473
1976-03-01,975.4,975.4000,135.9,7.17733628
1976-03-02,985.1,985.1000,135.3,7.28085735
1976-03-03,978.8,978.8000,134.9,7.25574500
1976-03-04,970.6,970.6000,136.1,7.13152094
1976-03-05,972.9,972.9000,137.8,7.06023222
1976-03-08,988.7,988.7000,136.7,7.23262619
1976-03-09,993.7,993.7000,137,7.25328467
1976-03-10,995.3,995.3000,137.7,7.22803195
1976-03-11,1003.3,1003.3000,137.4,7.30203785
1976-03-12,987.6,987.6000,136.7,7.22457937
1976-03-15,974.5,974.5000,136.3,7.14966985
1976-03-16,983.5,983.5000,135.9,7.23693893
1976-03-17,986,986.0000,136.8,7.20760234
1976-03-18,979.9,979.9000,136.9,7.15777940
1976-03-19,979.9,979.9000,137.6,7.12136628
1976-03-22,982.3,982.3000,136.8,7.18055556
1976-03-23,995.4,995.4000,136.6,7.28696925
1976-03-24,1009.2,1009.2000,136.2,7.40969163
1976-03-25,1002.1,1002.1000,136.3,7.35216434
1976-03-26,1003.5,1003.5000,132.8,7.55647590
1976-03-29,997.4,997.4000,131.7,7.57327259
1976-03-30,992.1,992.1000,133.1,7.45379414
1976-03-31,999.5,999.5000,132.7,7.53202713
1976-04-01,994.1,994.1000,132.7,7.49133384
1976-04-02,991.6,991.6000,132.6,7.47812971
1976-04-05,1004.1,1004.1000,130.9,7.67074102
1976-04-06,1001.7,1001.7000,131.3,7.62909368
1976-04-07,986.2,986.2000,131,7.52824427
1976-04-08,977.1,977.1000,132.4,7.37990937
1976-04-09,968.3,968.3000,130.5,7.41992337
1976-04-12,971.3,971.3000,131.6,7.38069909
1976-04-13,984.3,984.3000,131.7,7.47380410
1976-04-14,974.7,974.7000,131.3,7.42345773
1976-04-15,980.5,980.5000,131.3,7.46763138
1976-04-19,988.1,988.1000,132,7.48560606
1976-04-20,1003.5,1003.5000,132.1,7.59651779
1976-04-21,1011,1011.0000,131,7.71755725
1976-04-22,1007.7,1007.7000,131.1,7.68649886
1976-04-23,1000.7,1000.7000,131.1,7.63310450
1976-04-26,1002.8,1002.8000,131.9,7.60272934
1976-04-27,995.5,995.5000,132.8,7.49623494
1976-04-28,1000.7,1000.7000,132.1,7.57532173
1976-04-29,1002.1,1002.1000,132.1,7.58591976
1976-04-30,996.9,996.9000,132.5,7.52377358
1976-05-03,990.3,990.3000,132.5,7.47396226
1976-05-04,993.7,993.7000,131.8,7.53945372
1976-05-05,986.5,986.5000,131.8,7.48482549
1976-05-06,989.5,989.5000,132.7,7.45666918
1976-05-07,996.2,996.2000,132.3,7.52985639
1976-05-10,1007.5,1007.5000,132.1,7.62679788
1976-05-11,1006.6,1006.6000,131.9,7.63153904
1976-05-12,1005.7,1005.7000,131.8,7.63050076
1976-05-13,1001.1,1001.1000,131.2,7.63033537
1976-05-14,992.6,992.6000,131.1,7.57131960
1976-05-17,987.6,987.6000,130.7,7.55623565
1976-05-18,989.5,989.5000,130.5,7.58237548
1976-05-19,988.9,988.9000,128.6,7.68973561
1976-05-20,997.3,997.3000,128.8,7.74301242
1976-05-21,990.8,990.8000,129.1,7.67467080
1976-05-24,971.5,971.5000,128.5,7.56031128
1976-05-25,971.7,971.7000,128.1,7.58548009
1976-05-26,968.6,968.6000,130.7,7.41086458
1976-05-27,965.6,965.6000,130.8,7.38226300
1976-05-28,975.2,975.2000,130.1,7.49577248
1976-06-01,973.1,973.1000,132.9,7.32204665
1976-06-02,975.9,975.9000,134.4,7.26116071
1976-06-03,973.8,973.8000,132.5,7.34943396
1976-06-04,963.9,963.9000,131,7.35801527
1976-06-07,958.1,958.1000,132,7.25833333
1976-06-08,960,960.0000,131.9,7.27824109
1976-06-09,958.1,958.1000,131.2,7.30259146
1976-06-10,964.4,964.4000,131,7.36183206
1976-06-11,978.8,978.8000,130,7.52923077
1976-06-14,991.2,991.2000,130.3,7.60706063
1976-06-15,985.9,985.9000,130.1,7.57801691
1976-06-16,988.6,988.6000,129.4,7.63987635
1976-06-17,1003.2,1003.2000,130,7.71692308
1976-06-18,1001.9,1001.9000,130.1,7.70099923
1976-06-21,1007.5,1007.5000,130.2,7.73809524
1976-06-22,997.6,997.6000,128.9,7.73933282
1976-06-23,996.6,996.6000,128.3,7.76773188
1976-06-24,1003.8,1003.8000,128.3,7.82385035
1976-06-25,999.8,999.8000,128.1,7.80483997
1976-06-28,997.4,997.4000,126.2,7.90332805
1976-06-29,1000.7,1000.7000,126.3,7.92319873
1976-06-30,1002.8,1002.8000,126,7.95873016
1976-07-01,994.8,994.8000,125.8,7.90779014
1976-07-02,999.8,999.8000,126.3,7.91607284
1976-07-06,991.8,991.8000,126.6,7.83412322
1976-07-07,991.2,991.2000,126.4,7.84177215
1976-07-08,992,992.0000,126.2,7.86053883
1976-07-09,1003.1,1003.1000,125.5,7.99282869
1976-07-12,1011.2,1011.2000,124.7,8.10906175
1976-07-13,1006.1,1006.1000,125.6,8.01035032
1976-07-14,1005.2,1005.2000,125.7,7.99681782
1976-07-15,997.5,997.5000,120,8.31250000
1976-07-16,993.2,993.2000,120.1,8.26977519
1976-07-19,990.8,990.8000,114.6,8.64572426
1976-07-20,988.3,988.3000,110.9,8.91163210
1976-07-21,989.4,989.4000,114.8,8.61846690
1976-07-22,991.1,991.1000,113,8.77079646
1976-07-23,990.9,990.9000,113.3,8.74580759
1976-07-26,991.5,991.5000,114.3,8.67454068
1976-07-27,984.1,984.1000,115.4,8.52772964
1976-07-28,981.3,981.3000,115.2,8.51822917
1976-07-29,979.3,979.3000,113.7,8.61301671
1976-07-30,984.6,984.6000,114.2,8.62171629
1976-08-02,982.3,982.3000,113.3,8.66990291
1976-08-03,990.3,990.3000,113.9,8.69446883
1976-08-04,992.3,992.3000,114.3,8.68153981
1976-08-05,986.7,986.7000,113.3,8.70873786
1976-08-06,986,986.0000,113.8,8.66432337
1976-08-09,983.5,983.5000,113.6,8.65757042
1976-08-10,993.4,993.4000,114.7,8.66085440
1976-08-11,986.8,986.8000,114.5,8.61834061
1976-08-12,987.1,987.1000,113.9,8.66637401
1976-08-13,990.2,990.2000,114.5,8.64803493
1976-08-16,992.8,992.8000,114,8.70877193
1976-08-17,999.3,999.3000,112.2,8.90641711
1976-08-18,995,995.0000,108.8,9.14522059
1976-08-19,983.9,983.9000,108.9,9.03489440
1976-08-20,974.1,974.1000,108.6,8.96961326
1976-08-23,971.5,971.5000,104.5,9.29665072
1976-08-24,962.9,962.9000,103.4,9.31237911
1976-08-25,970.8,970.8000,106.1,9.14985862
1976-08-26,960.4,960.4000,104.9,9.15538608
1976-08-27,963.9,963.9000,103.1,9.34917556
1976-08-30,968.9,968.9000,102.8,9.42509728
1976-08-31,973.7,973.7000,103.2,9.43507752
1976-09-01,986,986.0000,105.4,9.35483871
1976-09-02,984.8,984.8000,105.4,9.34345351
1976-09-03,989.1,989.1000,108,9.15833333
1976-09-07,996.6,996.6000,111.8,8.91413238
1976-09-08,992.9,992.9000,112.4,8.83362989
1976-09-09,986.9,986.9000,113.9,8.66461809
1976-09-10,988.4,988.4000,118.4,8.34797297
1976-09-13,983.3,983.3000,114.7,8.57279861
1976-09-14,978.6,978.6000,110.8,8.83212996
1976-09-15,979.3,979.3000,112.3,8.72039181
1976-09-16,988,988.0000,114,8.66666667
1976-09-17,995.1,995.1000,117.5,8.46893617
1976-09-20,994.5,994.5000,115,8.64782609
1976-09-21,1014.8,1014.8000,119.1,8.52057095
1976-09-22,1014.1,1014.1000,118.5,8.55780591
1976-09-23,1010.8,1010.8000,117.8,8.58064516
1976-09-24,1009.3,1009.3000,118.6,8.51011804
1976-09-27,1013.1,1013.1000,117.7,8.60747664
1976-09-28,994.9,994.9000,116.2,8.56196213
1976-09-29,991.2,991.2000,116.1,8.53746770
1976-09-30,990.2,990.2000,116.1,8.52885444
1976-10-01,979.9,979.9000,116,8.44741379
1976-10-04,978,978.0000,114.2,8.56392294
1976-10-05,966.8,966.8000,114.5,8.44366812
1976-10-06,959.7,959.7000,116.6,8.23070326
1976-10-07,965.1,965.1000,115.5,8.35584416
1976-10-08,952.4,952.4000,114,8.35438596
1976-10-11,940.8,940.8000,114.6,8.20942408
1976-10-12,932.4,932.4000,114.7,8.12903226
1976-10-13,948.3,948.3000,115,8.24608696
1976-10-14,935.9,935.9000,114.9,8.14534378
1976-10-15,937,937.0000,117,8.00854701
1976-10-18,946.6,946.6000,116.9,8.09751925
1976-10-19,950,950.0000,115.3,8.23937554
1976-10-20,954.9,954.9000,114.9,8.31070496
1976-10-21,944.9,944.9000,116.3,8.12467756
1976-10-22,938.8,938.8000,115.8,8.10708117
1976-10-25,938,938.0000,116.9,8.02395210
1976-10-26,948.1,948.1000,118.4,8.00760135
1976-10-27,956.1,956.1000,120,7.96750000
1976-10-28,952.6,952.6000,125.8,7.57233704
1976-10-29,964.9,964.9000,123.8,7.79402262
1976-11-01,966.1,966.1000,123.7,7.81002425
1976-11-03,956.5,956.5000,125.2,7.63977636
1976-11-04,960.4,960.4000,126,7.62222222
1976-11-05,943.1,943.1000,128,7.36796875
1976-11-08,933.7,933.7000,133,7.02030075
1976-11-09,930.8,930.8000,133.2,6.98798799
1976-11-10,924,924.0000,137.1,6.73960613
1976-11-11,931.4,931.4000,135.8,6.85861561
1976-11-12,927.7,927.7000,136.9,6.77647918
1976-11-15,935.4,935.4000,135.9,6.88300221
1976-11-16,935.3,935.3000,133.3,7.01650413
1976-11-17,938.1,938.1000,136.9,6.85244704
1976-11-18,950.1,950.1000,128.6,7.38802488
1976-11-19,948.8,948.8000,130.8,7.25382263
1976-11-22,955.9,955.9000,138.3,6.91178597
1976-11-23,949.3,949.3000,135.6,7.00073746
1976-11-24,951,951.0000,136.1,6.98750918
1976-11-26,956.6,956.6000,132.6,7.21417798
1976-11-29,950.1,950.1000,133.4,7.12218891
1976-11-30,947.2,947.2000,132.6,7.14328808
1976-12-01,949.4,949.4000,132.2,7.18154312
1976-12-02,946.6,946.6000,132.1,7.16578350
1976-12-03,950.6,950.6000,133.3,7.13128282
1976-12-06,961.8,961.8000,136,7.07205882
1976-12-07,960.7,960.7000,140.8,6.82315341
1976-12-08,963.3,963.3000,138.1,6.97538016
1976-12-09,970.7,970.7000,138.6,7.00360750
1976-12-10,973.2,973.2000,143.7,6.77244259
1976-12-13,974.2,974.2000,140.9,6.91412349
1976-12-14,980.6,980.6000,139,7.05467626
1976-12-15,983.8,983.8000,138,7.12898551
1976-12-16,981.3,981.3000,139.3,7.04450826
1976-12-17,979.1,979.1000,133.9,7.31217326
1976-12-20,972.4,972.4000,134.2,7.24590164
1976-12-21,978.4,978.4000,137,7.14160584
1976-12-22,984.5,984.5000,136.2,7.22834068
1976-12-23,985.6,985.6000,135.7,7.26308032
1976-12-27,996.1,996.1000,138.5,7.19205776
1976-12-28,1000.1,1000.1000,136.5,7.32673993
1976-12-29,994.9,994.9000,137.1,7.25674690
1976-12-30,999.1,999.1000,137.7,7.25562818
1976-12-31,1004.7,1004.7000,137.7,7.29629630
1977-01-03,999.8,999.8000,138.2,7.23444284
1977-01-04,987.9,987.9000,138.6,7.12770563
1977-01-05,978.1,978.1000,137.8,7.09796807
1977-01-06,979.9,979.9000,140.8,6.95951705
1977-01-07,983.1,983.1000,138.8,7.08285303
1977-01-10,986.9,986.9000,127.6,7.73432602
1977-01-11,976.7,976.7000,130.7,7.47283856
1977-01-12,968.3,968.3000,131.7,7.35231587
1977-01-13,976.2,976.2000,132.3,7.37868481
1977-01-14,972.2,972.2000,136.9,7.10153397
1977-01-17,967.3,967.3000,138.1,7.00434468
1977-01-18,962.4,962.4000,132.5,7.26339623
1977-01-19,968.7,968.7000,138.7,6.98413843
1977-01-20,959,959.0000,138.7,6.91420332
1977-01-21,962.4,962.4000,133.4,7.21439280
1977-01-24,963.6,963.6000,138.5,6.95740072
1977-01-25,965.9,965.9000,140.3,6.88453314
1977-01-26,958.5,958.5000,132.7,7.22305953
1977-01-27,954.5,954.5000,132.2,7.22012103
1977-01-28,957.5,957.5000,132.9,7.20466516
1977-01-31,954.4,954.4000,138.8,6.87608069
1977-02-01,958.4,958.4000,136,7.04705882
1977-02-02,952.8,952.8000,138.7,6.86950252
1977-02-03,947.1,947.1000,137.2,6.90306122
1977-02-04,947.9,947.9000,138.7,6.83417448
1977-02-07,946.3,946.3000,136.4,6.93768328
1977-02-08,942.2,942.2000,140.6,6.70128023
1977-02-09,933.8,933.8000,137.1,6.81108680
1977-02-10,937.9,937.9000,141.2,6.64235127
1977-02-11,931.5,931.5000,141.8,6.56911142
1977-02-14,938.3,938.3000,141.4,6.63578501
1977-02-15,944.3,944.3000,141.1,6.69241673
1977-02-16,948.3,948.3000,142.1,6.67346939
1977-02-17,943.7,943.7000,142.6,6.61781206
1977-02-18,940.2,940.2000,143.2,6.56564246
1977-02-22,939.9,939.9000,141,6.66595745
1977-02-23,938.3,938.3000,142,6.60774648
1977-02-24,932.6,932.6000,143.4,6.50348675
1977-02-25,933.4,933.4000,143.6,6.50000000
1977-02-28,936.4,936.4000,146,6.41369863
1977-03-01,944.7,944.7000,145,6.51517241
1977-03-02,942.1,942.1000,148.9,6.32706514
1977-03-03,948.6,948.6000,147.5,6.43118644
1977-03-04,953.5,953.5000,149.7,6.36940548
1977-03-07,955.1,955.1000,149.7,6.38009352
1977-03-08,952,952.0000,149.6,6.36363636
1977-03-09,942.9,942.9000,149.5,6.30702341
1977-03-10,946.7,946.7000,148.3,6.38368173
1977-03-11,947.7,947.7000,147.7,6.41638456
1977-03-14,958.4,958.4000,147.2,6.51086957
1977-03-15,965,965.0000,149.6,6.45053476
1977-03-16,968,968.0000,150.7,6.42335766
1977-03-17,964.8,964.8000,151.8,6.35573123
1977-03-18,961,961.0000,152.6,6.29750983
1977-03-21,953.5,953.5000,155.3,6.13972956
1977-03-22,951,951.0000,152.6,6.23197903
1977-03-23,942.3,942.3000,155.5,6.05980707
1977-03-24,935.7,935.7000,154.6,6.05239327
1977-03-25,928.9,928.9000,154.8,6.00064599
1977-03-28,926.1,926.1000,151.5,6.11287129
1977-03-29,932,932.0000,150.2,6.20505992
1977-03-30,921.2,921.2000,151.5,6.08052805
1977-03-31,919.1,919.1000,151,6.08675497
1977-04-01,927.4,927.4000,152.2,6.09329829
1977-04-04,915.6,915.6000,151.1,6.05956320
1977-04-05,916.1,916.1000,147.7,6.20243737
1977-04-06,914.7,914.7000,149,6.13892617
1977-04-07,918.9,918.9000,149.5,6.14648829
1977-04-11,924.1,924.1000,150.7,6.13205043
1977-04-12,937.2,937.2000,151.3,6.19431593
1977-04-13,938.2,938.2000,153.8,6.10013004
1977-04-14,947,947.0000,153.3,6.17742988
1977-04-15,947.8,947.8000,152.7,6.20694172
1977-04-18,942.8,942.8000,152.3,6.19041366
1977-04-19,938.8,938.8000,151.1,6.21310390
1977-04-20,942.6,942.6000,149.2,6.31769437
1977-04-21,935.8,935.8000,150,6.23866667
1977-04-22,927.1,927.1000,150.1,6.17654897
1977-04-25,914.6,914.6000,148.3,6.16722859
1977-04-26,915.6,915.6000,146.7,6.24130879
1977-04-27,923.8,923.8000,146.9,6.28863172
1977-04-28,927.3,927.3000,146.2,6.34268126
1977-04-29,926.9,926.9000,148,6.26283784
1977-05-02,931.2,931.2000,149.6,6.22459893
1977-05-03,934.2,934.2000,147.9,6.31643002
1977-05-04,940.7,940.7000,148,6.35608108
1977-05-05,943.4,943.4000,147.6,6.39159892
1977-05-06,936.7,936.7000,148.5,6.30774411
1977-05-09,933.1,933.1000,148.2,6.29622132
1977-05-10,936.1,936.1000,148,6.32500000
1977-05-11,926.9,926.9000,147.5,6.28406780
1977-05-12,925.5,925.5000,148,6.25337838
1977-05-13,928.3,928.3000,148.3,6.25960890
1977-05-16,932.5,932.5000,148.5,6.27946128
1977-05-17,936.5,936.5000,147.5,6.34915254
1977-05-18,941.9,941.9000,146.8,6.41621253
1977-05-19,936.5,936.5000,151.5,6.18151815
1977-05-20,930.5,930.5000,151.4,6.14597094
1977-05-23,917.1,917.1000,149.5,6.13444816
1977-05-24,912.4,912.4000,148.2,6.15654521
1977-05-25,903.2,903.2000,148.3,6.09035738
1977-05-26,908.1,908.1000,146.6,6.19440655
1977-05-27,898.8,898.8000,148.1,6.06887238
1977-05-31,898.7,898.7000,147.1,6.10944935
1977-06-01,906.6,906.6000,147.9,6.12981744
1977-06-02,903.2,903.2000,146.4,6.16939891
1977-06-03,912.2,912.2000,146.4,6.23087432
1977-06-06,903,903.0000,147.1,6.13868117
1977-06-07,908.7,908.7000,146.4,6.20696721
1977-06-08,913,913.0000,145.5,6.27491409
1977-06-09,909.9,909.9000,143.4,6.34518828
1977-06-10,910.8,910.8000,142.1,6.40957072
1977-06-13,912.4,912.4000,141.1,6.46633593
1977-06-14,922.6,922.6000,140.1,6.58529622
1977-06-15,917.6,917.6000,142.9,6.42127362
1977-06-16,920.5,920.5000,142.7,6.45059566
1977-06-17,920.5,920.5000,143.1,6.43256464
1977-06-20,924.3,924.3000,143.5,6.44111498
1977-06-21,928.6,928.6000,144.2,6.43966713
1977-06-22,926.3,926.3000,143.2,6.46857542
1977-06-23,925.4,925.4000,144.1,6.42192922
1977-06-24,929.7,929.7000,144.3,6.44282744
1977-06-27,924.1,924.1000,147,6.28639456
1977-06-28,915.6,915.6000,145.5,6.29278351
1977-06-29,913.3,913.3000,146.2,6.24692202
1977-06-30,916.3,916.3000,146.1,6.27173169
1977-07-01,912.7,912.7000,144.4,6.32063712
1977-07-05,913.6,913.6000,143.1,6.38434661
1977-07-06,907.7,907.7000,143.6,6.32103064
1977-07-07,909.5,909.5000,144.3,6.30284130
1977-07-08,908,908.0000,144.7,6.27505183
1977-07-11,905.5,905.5000,143.9,6.29256428
1977-07-12,903.4,903.4000,145.9,6.19191227
1977-07-13,903,903.0000,147.5,6.12203390
1977-07-15,906,906.0000,147.2,6.15489130
1977-07-18,910.6,910.6000,148.3,6.14025624
1977-07-19,919.3,919.3000,147.7,6.22410291
1977-07-20,920.5,920.5000,147.3,6.24915139
1977-07-21,921.8,921.8000,146.6,6.28785812
1977-07-22,923.4,923.4000,147.7,6.25186188
1977-07-25,914.2,914.2000,149.7,6.10688043
1977-07-26,908.2,908.2000,149.1,6.09121395
1977-07-27,888.4,888.4000,147.8,6.01082544
1977-07-28,890,890.0000,146.4,6.07923497
1977-07-29,890.1,890.1000,147.1,6.05098572
1977-08-01,891.8,891.8000,148.2,6.01754386
1977-08-02,887.4,887.4000,148.3,5.98381659
1977-08-03,886,886.0000,149.1,5.94232059
1977-08-04,888.2,888.2000,148.6,5.97711978
1977-08-05,888.7,888.7000,149.2,5.95643432
1977-08-08,879.4,879.4000,149.3,5.89015405
1977-08-09,879.4,879.4000,148.5,5.92188552
1977-08-10,887,887.0000,148.6,5.96904441
1977-08-11,877.4,877.4000,148.6,5.90444145
1977-08-12,871.1,871.1000,146,5.96643836
1977-08-15,874.1,874.1000,144.7,6.04077402
1977-08-16,869.3,869.3000,145.9,5.95819054
1977-08-17,864.7,864.7000,146.4,5.90642077
1977-08-18,864.3,864.3000,147,5.87959184
1977-08-19,863.5,863.5000,146.8,5.88215259
1977-08-22,867.3,867.3000,146.2,5.93228454
1977-08-23,865.6,865.6000,146.4,5.91256831
1977-08-24,862.9,862.9000,146.9,5.87406399
1977-08-25,854.1,854.1000,146.4,5.83401639
1977-08-26,855.4,855.4000,148.6,5.75639300
1977-08-29,864.1,864.1000,148.1,5.83457124
1977-08-30,858.9,858.9000,148.5,5.78383838
1977-08-31,861.5,861.5000,148.1,5.81701553
1977-09-01,864.9,864.9000,148.3,5.83209710
1977-09-02,872.3,872.3000,150.8,5.78448276
1977-09-06,873.3,873.3000,149.3,5.84929672
1977-09-07,876.4,876.4000,150.6,5.81938911
1977-09-08,869.2,869.2000,149.4,5.81793842
1977-09-09,857,857.0000,150.4,5.69813830
1977-09-12,854.4,854.4000,150.3,5.68463074
1977-09-13,854.6,854.6000,150,5.69733333
1977-09-14,858.7,858.7000,150.4,5.70944149
1977-09-15,860.8,860.8000,150.3,5.72721224
1977-09-16,856.8,856.8000,151.5,5.65544554
1977-09-19,851.5,851.5000,152,5.60197368
1977-09-20,851.8,851.8000,153.5,5.54918567
1977-09-21,841,841.0000,154,5.46103896
1977-09-22,839.4,839.4000,154.1,5.44711226
1977-09-23,839.1,839.1000,154,5.44870130
1977-09-26,841.7,841.7000,155.9,5.39897370
1977-09-27,835.9,835.9000,155.3,5.38248551
1977-09-28,834.7,834.7000,155.6,5.36439589
1977-09-29,840.1,840.1000,156,5.38525641
1977-09-30,847.1,847.1000,156.4,5.41624041
1977-10-03,852,852.0000,157.8,5.39923954
1977-10-04,842,842.0000,157.8,5.33586819
1977-10-05,837.3,837.3000,156.8,5.33992347
1977-10-06,842.1,842.1000,155.5,5.41543408
1977-10-07,840.4,840.4000,157.3,5.34265734
1977-10-10,840.3,840.3000,159,5.28490566
1977-10-11,832.3,832.3000,160.2,5.19538077
1977-10-12,824,824.0000,160,5.15000000
1977-10-13,818.2,818.2000,159.5,5.12978056
1977-10-14,821.6,821.6000,162.1,5.06847625
1977-10-17,820.3,820.3000,164.1,4.99878123
1977-10-18,820.5,820.5000,162.6,5.04612546
1977-10-19,812.2,812.2000,160.2,5.06991261
1977-10-20,814.8,814.8000,162.5,5.01415385
1977-10-21,808.3,808.3000,164.3,4.91965916
1977-10-24,802.3,802.3000,166.6,4.81572629
1977-10-25,801.5,801.5000,166.5,4.81381381
1977-10-26,813.4,813.4000,164.1,4.95673370
1977-10-27,818.6,818.6000,161.7,5.06246135
1977-10-28,822.7,822.7000,162,5.07839506
1977-10-31,818.4,818.4000,162.7,5.03011678
1977-11-01,806.9,806.9000,163.6,4.93215159
1977-11-02,800.9,800.9000,163.4,4.90146879
1977-11-03,802.7,802.7000,166.1,4.83263095
1977-11-04,809.9,809.9000,168.3,4.81224005
1977-11-07,816.4,816.4000,166.2,4.91215403
1977-11-08,816.3,816.3000,167.5,4.87343284
1977-11-09,818.4,818.4000,168.2,4.86563615
1977-11-10,832.6,832.6000,168.7,4.93538826
1977-11-11,845.9,845.9000,168.9,5.00828893
1977-11-14,838.4,838.4000,164.3,5.10286062
1977-11-15,842.8,842.8000,163.5,5.15474006
1977-11-16,837.1,837.1000,158.4,5.28472222
1977-11-17,831.9,831.9000,160.6,5.17995019
1977-11-18,835.8,835.8000,161.5,5.17523220
1977-11-21,836.1,836.1000,155.2,5.38724227
1977-11-22,842.5,842.5000,155.9,5.40410520
1977-11-23,843.3,843.3000,160.7,5.24766646
1977-11-25,844.4,844.4000,161.8,5.21878863
1977-11-28,839.6,839.6000,163,5.15092025
1977-11-29,827.3,827.3000,162.8,5.08169533
1977-11-30,829.7,829.7000,162.3,5.11213802
1977-12-01,825.7,825.7000,159.6,5.17355890
1977-12-02,824,824.0000,160.1,5.14678326
1977-12-05,821,821.0000,161.7,5.07730365
1977-12-06,806.9,806.9000,161.8,4.98702101
1977-12-07,807.4,807.4000,163.6,4.93520782
1977-12-08,806.9,806.9000,162,4.98086420
1977-12-09,815.2,815.2000,160,5.09500000
1977-12-12,815.8,815.8000,157.2,5.18956743
1977-12-13,815.2,815.2000,159.5,5.11097179
1977-12-14,822.7,822.7000,161.5,5.09411765
1977-12-15,817.9,817.9000,161.5,5.06439628
1977-12-16,815.3,815.3000,161.6,5.04517327
1977-12-19,808,808.0000,160.8,5.02487562
1977-12-20,806.2,806.2000,161.5,4.99195046
1977-12-21,813.9,813.9000,161.2,5.04900744
1977-12-22,821.8,821.8000,162.9,5.04481277
1977-12-23,829.9,829.9000,164.7,5.03885853
1977-12-27,829.7,829.7000,166.2,4.99217810
1977-12-28,829.7,829.7000,166.2,4.99217810
1977-12-29,830.4,830.4000,167.7,4.95169946
1977-12-30,831.2,831.2000,167.5,4.96238806
1978-01-03,817.7,817.7000,173,4.72658960
1978-01-04,813.6,813.6000,168,4.84285714
1978-01-05,804.9,804.9000,170.8,4.71252927
1978-01-06,793.5,793.5000,171.3,4.63222417
1978-01-09,784.6,784.6000,173.3,4.52740912
1978-01-10,781.5,781.5000,172.8,4.52256944
1978-01-11,775.9,775.9000,175,4.43371429
1978-01-12,778.2,778.2000,172.6,4.50869061
1978-01-13,775.7,775.7000,175.5,4.41994302
1978-01-16,771.7,771.7000,181.3,4.25648097
1978-01-17,779,779.0000,179,4.35195531
1978-01-18,786.3,786.3000,177.3,4.43485618
1978-01-19,778.7,778.7000,178.7,4.35758254
1978-01-20,776.9,776.9000,178.7,4.34750979
1978-01-23,770.7,770.7000,182,4.23461538
1978-01-24,771.6,771.6000,182,4.23956044
1978-01-25,772.4,772.4000,181.9,4.24628917
1978-01-26,763.3,763.3000,181.4,4.20782800
1978-01-27,764.1,764.1000,180,4.24500000
1978-01-30,772.4,772.4000,179.3,4.30786392
1978-01-31,769.9,769.9000,181.5,4.24187328
1978-02-01,774.3,774.3000,180.5,4.28975069
1978-02-02,775.4,775.4000,178.6,4.34154535
1978-02-03,771,771.0000,179.1,4.30485762
1978-02-06,768.6,768.6000,179.9,4.27237354
1978-02-07,778.9,778.9000,179.9,4.32962757
1978-02-08,782.7,782.7000,178.2,4.39225589
1978-02-09,777.8,777.8000,178.8,4.35011186
1978-02-10,776,776.0000,180.5,4.29916898
1978-02-13,774.4,774.4000,182.3,4.24794295
1978-02-14,765.2,765.2000,181.8,4.20902090
1978-02-15,761.7,761.7000,184.6,4.12621885
1978-02-16,753.3,753.3000,185.2,4.06749460
1978-02-17,752.7,752.7000,183.9,4.09298532
1978-02-21,749.3,749.3000,185.7,4.03500269
1978-02-22,749.1,749.1000,184.7,4.05576611
1978-02-23,751,751.0000,187.3,4.00961025
1978-02-24,756.2,756.2000,184.2,4.10532030
1978-02-27,748.4,748.4000,185.3,4.03885591
1978-02-28,742.1,742.1000,187.1,3.96632817
1978-03-01,743.3,743.3000,186.7,3.98125335
1978-03-02,746.5,746.5000,187.7,3.97709110
1978-03-03,747.3,747.3000,187.3,3.98985585
1978-03-06,742.7,742.7000,189.8,3.91306639
1978-03-07,746.8,746.8000,192,3.88958333
1978-03-08,750.9,750.9000,193.5,3.88062016
1978-03-09,750,750.0000,190.8,3.93081761
1978-03-10,758.6,758.6000,191.6,3.95929019
1978-03-13,760,760.0000,192.2,3.95421436
1978-03-14,762.6,762.6000,188.9,4.03705664
1978-03-15,758.6,758.6000,186.3,4.07192700
1978-03-16,762.8,762.8000,188.3,4.05098247
1978-03-17,768.7,768.7000,184.5,4.16639566
1978-03-20,773.8,773.8000,178.5,4.33501401
1978-03-21,762.8,762.8000,179.7,4.24485253
1978-03-22,757.5,757.5000,182.9,4.14160744
1978-03-23,756.5,756.5000,183.4,4.12486369
1978-03-27,753.2,753.2000,185.8,4.05382131
1978-03-28,758.8,758.8000,185.1,4.09940573
1978-03-29,761.8,761.8000,181.7,4.19262521
1978-03-30,759.6,759.6000,182.9,4.15308912
1978-03-31,757.4,757.4000,186.2,4.06766917
1978-04-03,751,751.0000,179.8,4.17686318
1978-04-04,755.4,755.4000,179.2,4.21540179
1978-04-05,763.1,763.1000,180.4,4.23004435
1978-04-06,764,764.0000,182.5,4.18630137
1978-04-07,769.6,769.6000,179.5,4.28746518
1978-04-10,773.7,773.7000,180.5,4.28642659
1978-04-11,770.2,770.2000,182,4.23186813
1978-04-12,766.3,766.3000,181.2,4.22902870
1978-04-13,775.2,775.2000,179.6,4.31625835
1978-04-14,795.1,795.1000,178.3,4.45933819
1978-04-17,810.1,810.1000,173,4.68265896
1978-04-18,803.3,803.3000,174.6,4.60080183
1978-04-19,808,808.0000,174.3,4.63568560
1978-04-20,814.5,814.5000,171.4,4.75204201
1978-04-21,812.8,812.8000,171.5,4.73935860
1978-04-24,826.1,826.1000,168.4,4.90558195
1978-04-25,833.6,833.6000,168.4,4.95011876
1978-04-26,837,837.0000,169.4,4.94096812
1978-04-27,826.9,826.9000,171.7,4.81595807
1978-04-28,837.3,837.3000,170.6,4.90797186
1978-05-01,844.3,844.3000,169.8,4.97232038
1978-05-02,840.2,840.2000,170.7,4.92208553
1978-05-03,828.8,828.8000,172.2,4.81300813
1978-05-04,824.4,824.4000,174.1,4.73520965
1978-05-05,829.1,829.1000,174,4.76494253
1978-05-08,824.6,824.6000,172.6,4.77752028
1978-05-09,822.1,822.1000,172.8,4.75752315
1978-05-10,822.2,822.2000,174.9,4.70097198
1978-05-11,834.2,834.2000,174.4,4.78325688
1978-05-12,840.7,840.7000,174.4,4.82052752
1978-05-15,846.8,846.8000,176.6,4.79501699
1978-05-16,854.3,854.3000,177.6,4.81024775
1978-05-17,858.4,858.4000,177.2,4.84424379
1978-05-18,850.9,850.9000,179,4.75363128
1978-05-19,846.9,846.9000,178.6,4.74188130
1978-05-22,855.4,855.4000,179.9,4.75486381
1978-05-23,845.3,845.3000,181.8,4.64961496
1978-05-24,837.9,837.9000,179.4,4.67056856
1978-05-25,835.4,835.4000,188.3,4.43653744
1978-05-26,831.7,831.7000,188.2,4.41923486
1978-05-30,834.2,834.2000,192.4,4.33575884
1978-05-31,840.6,840.6000,192.8,4.35995851
1978-06-01,840.7,840.7000,192.5,4.36727273
1978-06-02,847.5,847.5000,190.9,4.43949712
1978-06-05,863.8,863.8000,189.6,4.55590717
1978-06-06,866.5,866.5000,189.9,4.56292786
1978-06-07,861.9,861.9000,188.2,4.57970244
1978-06-08,862.1,862.1000,189.5,4.54934037
1978-06-09,859.2,859.2000,189,4.54603175
1978-06-12,856.7,856.7000,188.8,4.53760593
1978-06-13,857,857.0000,191.1,4.48456306
1978-06-14,854.6,854.6000,190.6,4.48373557
1978-06-15,844.3,844.3000,191.5,4.40887728
1978-06-16,837,837.0000,193.5,4.32558140
1978-06-19,838.6,838.6000,194.3,4.31600618
1978-06-20,830,830.0000,193.8,4.28276574
1978-06-21,824.9,824.9000,193.7,4.25864739
1978-06-22,827.7,827.7000,194,4.26649485
1978-06-23,823,823.0000,193.4,4.25542916
1978-06-26,812.3,812.3000,192.4,4.22193347
1978-06-27,817.3,817.3000,192.4,4.24792100
1978-06-28,819.9,819.9000,191.9,4.27253778
1978-06-29,821.6,821.6000,189.5,4.33562005
1978-06-30,819,819.0000,189.2,4.32875264
1978-07-03,812.9,812.9000,190.4,4.26943277
1978-07-05,805.8,805.8000,190.5,4.22992126
1978-07-06,807.2,807.2000,189.4,4.26187962
1978-07-07,812.5,812.5000,192.2,4.22736733
1978-07-10,816.8,816.8000,193.1,4.22993268
1978-07-11,821.3,821.3000,192.5,4.26649351
1978-07-12,824.9,824.9000,193.1,4.27187985
1978-07-13,824.8,824.8000,192,4.29583333
1978-07-14,839.8,839.8000,192.5,4.36259740
1978-07-17,839.1,839.1000,190.4,4.40703782
1978-07-18,829,829.0000,191.6,4.32672234
1978-07-19,840.7,840.7000,193.2,4.35144928
1978-07-20,838.6,838.6000,198.3,4.22894604
1978-07-21,833.4,833.4000,202.5,4.11555556
1978-07-24,831.6,831.6000,200,4.15800000
1978-07-25,839.6,839.6000,201.7,4.16261775
1978-07-26,847.2,847.2000,201.2,4.21073559
1978-07-27,850.6,850.6000,204.5,4.15941320
1978-07-28,856.3,856.3000,206.9,4.13871435
1978-07-31,862.3,862.3000,209.8,4.11010486
1978-08-01,860.7,860.7000,207.5,4.14795181
1978-08-02,883.5,883.5000,208.4,4.23944338
1978-08-03,886.9,886.9000,205.7,4.31161886
1978-08-04,888.4,888.4000,209.6,4.23854962
1978-08-07,885.1,885.1000,213.1,4.15344908
1978-08-08,889.2,889.2000,214,4.15514019
1978-08-09,891.6,891.6000,210.8,4.22960152
1978-08-10,885.5,885.5000,215.3,4.11286577
1978-08-11,890.9,890.9000,216,4.12453704
1978-08-14,888.2,888.2000,220.3,4.03177485
1978-08-15,887.1,887.1000,218,4.06926606
1978-08-16,894.6,894.6000,217.3,4.11688909
1978-08-17,900.1,900.1000,211.7,4.25177137
1978-08-18,896.8,896.8000,212.7,4.21626704
1978-08-21,889,889.0000,212.7,4.17959567
1978-08-22,892.4,892.4000,209.5,4.25966587
1978-08-23,897,897.0000,207.1,4.33124095
1978-08-24,897.4,897.4000,204.8,4.38183594
1978-08-25,895.5,895.5000,202.6,4.42003949
1978-08-28,884.9,884.9000,202.8,4.36341223
1978-08-29,880.2,880.2000,211.4,4.16367077
1978-08-30,880.7,880.7000,211.6,4.16209830
1978-08-31,876.8,876.8000,210.6,4.16334283
1978-09-01,879.3,879.3000,215.5,4.08027842
1978-09-05,886.6,886.6000,217.6,4.07444853
1978-09-06,895.8,895.8000,216.5,4.13764434
1978-09-07,893.7,893.7000,211.3,4.22953147
1978-09-08,907.7,907.7000,210.2,4.31826832
1978-09-11,907.7,907.7000,210.4,4.31416350
1978-09-12,906.4,906.4000,211.5,4.28557920
1978-09-13,899.6,899.6000,215.6,4.17254174
1978-09-14,887,887.0000,214.2,4.14098973
1978-09-15,878.6,878.6000,214.5,4.09603730
1978-09-18,870.2,870.2000,216.3,4.02311604
1978-09-19,861.6,861.6000,214.4,4.01865672
1978-09-20,857.2,857.2000,219.4,3.90701914
1978-09-21,861.1,861.1000,220.1,3.91231259
1978-09-22,862.4,862.4000,222.8,3.87073609
1978-09-25,862.4,862.4000,221.7,3.88994136
1978-09-26,868.2,868.2000,219.7,3.95175239
1978-09-27,860.2,860.2000,222.3,3.86954566
1978-09-28,861.3,861.3000,221.4,3.89024390
1978-09-29,865.8,865.8000,220.9,3.91942055
1978-10-02,871.4,871.4000,223.1,3.90587181
1978-10-03,867.9,867.9000,226.4,3.83348057
1978-10-04,874,874.0000,227,3.85022026
1978-10-05,876.5,876.5000,227.2,3.85783451
1978-10-06,880,880.0000,225.5,3.90243902
1978-10-09,893.2,893.2000,227.1,3.93306913
1978-10-10,891.6,891.6000,227.9,3.91224221
1978-10-11,901.4,901.4000,230.7,3.90723884
1978-10-12,896.7,896.7000,226.3,3.96243924
1978-10-13,897.1,897.1000,226.9,3.95372411
1978-10-16,875.2,875.2000,229.6,3.81184669
1978-10-17,866.3,866.3000,231.1,3.74859368
1978-10-18,859.7,859.7000,230.9,3.72325682
1978-10-19,846.4,846.4000,227.7,3.71717172
1978-10-20,838,838.0000,230,3.64347826
1978-10-23,839.7,839.7000,227.8,3.68612818
1978-10-24,832.6,832.6000,229.8,3.62315057
1978-10-25,830.2,830.2000,235.5,3.52526539
1978-10-26,821.1,821.1000,236.5,3.47188161
1978-10-27,806.1,806.1000,239.4,3.36716792
1978-10-30,811.9,811.9000,247,3.28704453
1978-10-31,792.5,792.5000,240.7,3.29248027
1978-11-01,827.8,827.8000,230.7,3.58820980
1978-11-02,817,817.0000,220.7,3.70185773
1978-11-03,823.1,823.1000,215,3.82837209
1978-11-06,814.9,814.9000,213.2,3.82223265
1978-11-07,800.1,800.1000,213.2,3.75281426
1978-11-08,807.6,807.6000,218.3,3.69949611
1978-11-09,804,804.0000,208.5,3.85611511
1978-11-10,807.1,807.1000,210.2,3.83967650
1978-11-13,792,792.0000,211.2,3.75000000
1978-11-14,785.3,785.3000,209,3.75741627
1978-11-15,785.6,785.6000,199.1,3.94575590
1978-11-16,794.2,794.2000,199.3,3.98494732
1978-11-17,797.7,797.7000,200,3.98850000
1978-11-20,805.6,805.6000,198.3,4.06253152
1978-11-21,804.1,804.1000,197.9,4.06316321
1978-11-22,807,807.0000,205,3.93658537
1978-11-24,810.1,810.1000,205.1,3.94978059
1978-11-27,813.8,813.8000,200.4,4.06087824
1978-11-28,804.1,804.1000,196.2,4.09836901
1978-11-29,790.1,790.1000,195.4,4.04350051
1978-11-30,799,799.0000,196.4,4.06822811
1978-12-01,811.5,811.5000,200.1,4.05547226
1978-12-04,806.8,806.8000,199.9,4.03601801
1978-12-05,820.5,820.5000,199.1,4.12104470
1978-12-06,821.9,821.9000,200.9,4.09109009
1978-12-07,816.1,816.1000,202.2,4.03610287
1978-12-08,811.9,811.9000,207.6,3.91088632
1978-12-11,817.7,817.7000,206.2,3.96556741
1978-12-12,815,815.0000,208.3,3.91262602
1978-12-13,809.9,809.9000,204.6,3.95845552
1978-12-14,812.5,812.5000,207.1,3.92322549
1978-12-15,805.4,805.4000,208.1,3.87025469
1978-12-18,787.5,787.5000,217.6,3.61902574
1978-12-19,789.9,789.9000,223.7,3.53106840
1978-12-20,793.7,793.7000,217.6,3.64751838
1978-12-21,794.8,794.8000,217.6,3.65257353
1978-12-22,808.5,808.5000,216.7,3.73096447
1978-12-26,816,816.0000,221.6,3.68231047
1978-12-27,808.6,808.6000,249.6,3.23958333
1978-12-28,806,806.0000,225.1,3.58063083
1978-12-29,805,805.0000,229,3.51528384
1979-01-02,811.4,811.4000,224.1,3.62070504
1979-01-03,817.4,817.4000,223,3.66547085
1979-01-04,826.1,826.1000,226.9,3.64081093
1979-01-05,830.7,830.7000,224.8,3.69528470
1979-01-08,828.1,828.1000,226.7,3.65284517
1979-01-09,831.4,831.4000,222,3.74504505
1979-01-10,824.9,824.9000,223.4,3.69247986
1979-01-11,828.1,828.1000,218.6,3.78819762
1979-01-12,836.3,836.3000,219.4,3.81175934
1979-01-15,848.7,848.7000,220,3.85772727
1979-01-16,835.6,835.6000,226.3,3.69244366
1979-01-17,834.2,834.2000,227.4,3.66842568
1979-01-18,839.1,839.1000,230.8,3.63561525
1979-01-19,837.5,837.5000,237,3.53375527
1979-01-22,838.5,838.5000,235.7,3.55748833
1979-01-23,846.9,846.9000,237.7,3.56289440
1979-01-24,846.4,846.4000,242.7,3.48743304
1979-01-25,854.6,854.6000,239,3.57573222
1979-01-26,859.8,859.8000,240.2,3.57951707
1979-01-29,855.8,855.8000,236.2,3.62320068
1979-01-30,851.8,851.8000,238,3.57899160
1979-01-31,839.2,839.2000,236.6,3.54691462
1979-02-01,840.9,840.9000,235.2,3.57525510
1979-02-02,834.6,834.6000,242.5,3.44164948
1979-02-05,824,824.0000,250.4,3.29073482
1979-02-06,822.9,822.9000,247,3.33157895
1979-02-07,816,816.0000,257,3.17509728
1979-02-08,818.9,818.9000,247,3.31538462
1979-02-09,822.2,822.2000,247.3,3.32470683
1979-02-12,824.8,824.8000,248.6,3.31777957
1979-02-13,830.2,830.2000,241.9,3.43199669
1979-02-14,829.8,829.8000,249,3.33253012
1979-02-15,829.1,829.1000,248,3.34314516
1979-02-16,827,827.0000,250.6,3.30007981
1979-02-20,834.6,834.6000,252.7,3.30273051
1979-02-21,834.6,834.6000,252.6,3.30403800
1979-02-22,828.6,828.6000,253.8,3.26477541
1979-02-23,823.3,823.3000,255.7,3.21978882
1979-02-26,821.1,821.1000,247.7,3.31489705
1979-02-27,807,807.0000,251.2,3.21257962
1979-02-28,808.8,808.8000,252.9,3.19810202
1979-03-01,815.8,815.8000,252,3.23730159
1979-03-02,815.8,815.8000,243.2,3.35444079
1979-03-05,827.4,827.4000,236.7,3.49556401
1979-03-06,826.6,826.6000,239.7,3.44847726
1979-03-07,834.3,834.3000,242.5,3.44041237
1979-03-08,844.9,844.9000,244.3,3.45845272
1979-03-09,842.9,842.9000,245.9,3.42781619
1979-03-12,844.7,844.7000,244.3,3.45763406
1979-03-13,846.9,846.9000,244.4,3.46522095
1979-03-14,845.4,845.4000,244.4,3.45908347
1979-03-15,847,847.0000,248.3,3.41119613
1979-03-16,852.8,852.8000,248,3.43870968
1979-03-19,857.6,857.6000,248.4,3.45249597
1979-03-20,850.3,850.3000,243.7,3.48912597
1979-03-21,857.8,857.8000,247.4,3.46725950
1979-03-22,861.3,861.3000,246.6,3.49270073
1979-03-23,859.8,859.8000,246.4,3.48944805
1979-03-26,854.8,854.8000,251,3.40557769
1979-03-27,871.4,871.4000,247.6,3.51938611
1979-03-28,866.3,866.3000,246.9,3.50870798
1979-03-29,866.8,866.8000,243.9,3.55391554
1979-03-30,862.2,862.2000,243.8,3.53650533
1979-04-02,855.3,855.3000,243.8,3.50820345
1979-04-03,868.3,868.3000,242.8,3.57619440
1979-04-04,869.8,869.8000,245.3,3.54586221
1979-04-05,877.6,877.6000,243.5,3.60410678
1979-04-06,875.7,875.7000,244.3,3.58452722
1979-04-09,873.7,873.7000,243.2,3.59251645
1979-04-10,878.7,878.7000,242.4,3.62500000
1979-04-11,871.7,871.7000,235.3,3.70463238
1979-04-12,870.5,870.5000,235.6,3.69482173
1979-04-16,860.5,860.5000,233.1,3.69154869
1979-04-17,857.9,857.9000,235.6,3.64134126
1979-04-18,860.3,860.3000,242.5,3.54762887
1979-04-19,855.3,855.3000,240.5,3.55634096
1979-04-20,857,857.0000,239,3.58577406
1979-04-23,860.1,860.1000,243.8,3.52789171
1979-04-24,866.9,866.9000,244.2,3.54995905
1979-04-25,867.5,867.5000,245.4,3.53504482
1979-04-26,861,861.0000,245.1,3.51285190
1979-04-27,856.6,856.6000,248.5,3.44708249
1979-04-30,854.9,854.9000,249.2,3.43057785
1979-05-01,855.5,855.5000,247.8,3.45238095
1979-05-02,855.5,855.5000,248.5,3.44265594
1979-05-03,857.6,857.6000,249.5,3.43727455
1979-05-04,847.5,847.5000,250.3,3.38593688
1979-05-07,833.4,833.4000,251.7,3.31108462
1979-05-08,834.9,834.9000,247.7,3.37060961
1979-05-09,838.6,838.6000,252.3,3.32382085
1979-05-10,828.9,828.9000,252.6,3.28147268
1979-05-11,830.6,830.6000,249.8,3.32506005
1979-05-14,825,825.0000,254.2,3.24547600
1979-05-15,825.9,825.9000,255.8,3.22869429
1979-05-16,828.5,828.5000,258.7,3.20255122
1979-05-17,843,843.0000,259.7,3.24605314
1979-05-18,841.9,841.9000,274.4,3.06814869
1979-05-21,842.4,842.4000,272.4,3.09251101
1979-05-22,845.4,845.4000,270.6,3.12416851
1979-05-23,837.4,837.4000,279.1,3.00035829
1979-05-24,837.7,837.7000,280,2.99178571
1979-05-25,836.3,836.3000,275.3,3.03777697
1979-05-29,832.6,832.6000,274.4,3.03425656
1979-05-30,822.2,822.2000,276.3,2.97575100
1979-05-31,822.3,822.3000,281.1,2.92529349
1979-06-01,821.2,821.2000,276.9,2.96569159
1979-06-02,821.9,821.9000,276.9,2.96821957
1979-06-04,821.9,821.9000,279.9,2.93640586
1979-06-05,831.3,831.3000,283.9,2.92814371
1979-06-06,835.5,835.5000,293.9,2.84280367
1979-06-07,837,837.0000,281.6,2.97230114
1979-06-08,835.2,835.2000,284.6,2.93464512
1979-06-11,837.6,837.6000,284.6,2.94307800
1979-06-12,845.3,845.3000,279.4,3.02541160
1979-06-13,842.2,842.2000,283,2.97597173
1979-06-14,842.3,842.3000,281.1,2.99644255
1979-06-15,843.3,843.3000,283.1,2.97880608
1979-06-18,839.4,839.4000,281.2,2.98506401
1979-06-19,839.4,839.4000,285,2.94526316
1979-06-20,839.8,839.8000,282.6,2.97169144
1979-06-21,843.6,843.6000,284.5,2.96520211
1979-06-22,849.1,849.1000,284.6,2.98348559
1979-06-25,844.3,844.3000,286.5,2.94694590
1979-06-26,837.7,837.7000,281.9,2.97162114
1979-06-27,840.5,840.5000,280,3.00178571
1979-06-28,843,843.0000,280.3,3.00749197
1979-06-29,842,842.0000,283.8,2.96687808
1979-07-02,834,834.0000,284,2.93661972
1979-07-03,835.6,835.6000,296.1,2.82201959
1979-07-05,835.8,835.8000,292.8,2.85450820
1979-07-06,846.2,846.2000,301.4,2.80756470
1979-07-09,853,853.0000,303.6,2.80961792
1979-07-10,850.3,850.3000,302.9,2.80719709
1979-07-11,843.9,843.9000,303.9,2.77690030
1979-07-12,836.9,836.9000,302,2.77119205
1979-07-13,833.5,833.5000,301.4,2.76542800
1979-07-16,834.9,834.9000,308.2,2.70895522
1979-07-17,828.5,828.5000,310.1,2.67171880
1979-07-18,828.6,828.6000,312.6,2.65067179
1979-07-19,827.3,827.3000,312.2,2.64990391
1979-07-20,828.1,828.1000,313.7,2.63978323
1979-07-23,825.5,825.5000,317.5,2.60000000
1979-07-24,829.8,829.8000,318.7,2.60370254
1979-07-25,839.5,839.5000,316.4,2.65328698
1979-07-26,839.8,839.8000,317.2,2.64754098
1979-07-27,839.8,839.8000,317.3,2.64670659
1979-07-30,838.7,838.7000,307.3,2.72925480
1979-07-31,846.4,846.4000,297.3,2.84695594
1979-08-01,850.3,850.3000,300.9,2.82585577
1979-08-02,848,848.0000,295.5,2.86971235
1979-08-03,846.2,846.2000,295.8,2.86071670
1979-08-06,848.6,848.6000,290.4,2.92217631
1979-08-07,859.8,859.8000,294.2,2.92250170
1979-08-08,863.1,863.1000,303,2.84851485
1979-08-09,858.3,858.3000,309.1,2.77677127
1979-08-10,867.1,867.1000,312.7,2.77294531
1979-08-13,875.3,875.3000,305.8,2.86232832
1979-08-14,876.7,876.7000,308.8,2.83905440
1979-08-15,885.8,885.8000,309.6,2.86111111
1979-08-16,884,884.0000,310.2,2.84977434
1979-08-17,883.4,883.4000,307.3,2.87471526
1979-08-20,886.5,886.5000,307,2.88762215
1979-08-21,886,886.0000,316.2,2.80202404
1979-08-22,885.8,885.8000,320.4,2.76466916
1979-08-23,880.4,880.4000,324.7,2.71142593
1979-08-24,880.2,880.2000,320.7,2.74462114
1979-08-27,885.4,885.4000,323.9,2.73355974
1979-08-28,884.6,884.6000,326.8,2.70685435
1979-08-29,884.9,884.9000,326,2.71441718
1979-08-30,883.7,883.7000,329.2,2.68438639
1979-08-31,887.6,887.6000,326.7,2.71686563
1979-09-04,872.6,872.6000,330.6,2.63944344
1979-09-05,866.1,866.1000,340.6,2.54286553
1979-09-06,867.3,867.3000,339,2.55840708
1979-09-07,874.2,874.2000,346.3,2.52440081
1979-09-10,876.9,876.9000,348.9,2.51332760
1979-09-11,869.7,869.7000,346,2.51358382
1979-09-12,870.9,870.9000,343.3,2.53684824
1979-09-13,870.7,870.7000,352.9,2.46727118
1979-09-14,879.1,879.1000,354.4,2.48053047
1979-09-17,881.3,881.3000,364.4,2.41849616
1979-09-18,874.2,874.2000,374.4,2.33493590
1979-09-19,876.5,876.5000,384.8,2.27780665
1979-09-20,893.7,893.7000,381.5,2.34259502
1979-09-21,893.9,893.9000,384.2,2.32665279
1979-09-24,885.8,885.8000,383.2,2.31158664
1979-09-25,886.2,886.2000,381,2.32598425
1979-09-26,886.4,886.4000,389,2.27866324
1979-09-27,887.5,887.5000,408,2.17524510
1979-09-28,878.6,878.6000,404.5,2.17206428
1979-10-01,873,873.0000,424.5,2.05653710
1979-10-02,885.3,885.3000,421,2.10285036
1979-10-03,885.2,885.2000,402.5,2.19925466
1979-10-04,890.1,890.1000,382.5,2.32705882
1979-10-05,897.6,897.6000,393,2.28396947
1979-10-08,884,884.0000,374.5,2.36048064
1979-10-09,857.6,857.6000,399.5,2.14668335
1979-10-10,849.3,849.3000,424.5,2.00070671
1979-10-11,844.6,844.6000,396,2.13282828
1979-10-12,839,839.0000,404,2.07673267
1979-10-15,831.1,831.1000,407,2.04201474
1979-10-16,829.5,829.5000,396,2.09469697
1979-10-17,830.7,830.7000,393,2.11374046
1979-10-18,830.1,830.1000,393.5,2.10952986
1979-10-19,814.7,814.7000,400,2.03675000
1979-10-22,809.1,809.1000,396.8,2.03906250
1979-10-23,806.8,806.8000,392.5,2.05554140
1979-10-24,808.4,808.4000,402.5,2.00844720
1979-10-25,808.5,808.5000,394.7,2.04839118
1979-10-26,809.3,809.3000,377.7,2.14270585
1979-10-29,808.6,808.6000,379.5,2.13069829
1979-10-30,823.8,823.8000,383.5,2.14810952
1979-10-31,815.7,815.7000,385.7,2.11485611
1979-11-01,820.1,820.1000,372,2.20456989
1979-11-02,818.9,818.9000,378.5,2.16354029
1979-11-05,812.6,812.6000,383.3,2.12001044
1979-11-06,806.5,806.5000,397.5,2.02893082
1979-11-07,796.7,796.7000,396,2.01186869
1979-11-08,797.6,797.6000,394,2.02436548
1979-11-09,806.5,806.5000,391.2,2.06160532
1979-11-12,821.9,821.9000,397,2.07027708
1979-11-13,814.1,814.1000,387,2.10361757
1979-11-14,816.6,816.6000,392.4,2.08103976
1979-11-15,821.3,821.3000,388.3,2.11511718
1979-11-16,815.7,815.7000,410.9,1.98515454
1979-11-19,815.3,815.3000,408.6,1.99534998
1979-11-20,809.2,809.2000,393.5,2.05641677
1979-11-21,807.4,807.4000,394.2,2.04819888
1979-11-23,811.8,811.8000,415.7,1.95285061
1979-11-26,828.8,828.8000,401,2.06683292
1979-11-27,825.9,825.9000,408.6,2.02129222
1979-11-28,830.5,830.5000,422.5,1.96568047
1979-11-29,831.7,831.7000,419.5,1.98259833
1979-11-30,822.4,822.4000,430.5,1.91033682
1979-12-03,819.6,819.6000,443.7,1.84719405
1979-12-04,824.9,824.9000,438.5,1.88118586
1979-12-05,828.4,828.4000,444,1.86576577
1979-12-06,835.1,835.1000,436.7,1.91229677
1979-12-07,833.2,833.2000,436,1.91100917
1979-12-10,833.9,833.9000,446,1.86973094
1979-12-11,833.7,833.7000,460,1.81239130
1979-12-12,835.7,835.7000,459.3,1.81950795
1979-12-13,836.1,836.1000,472,1.77139831
1979-12-14,842.8,842.8000,474.5,1.77618546
1979-12-17,844.6,844.6000,479,1.76325678
1979-12-18,838.7,838.7000,492,1.70467480
1979-12-19,838.9,838.9000,480,1.74770833
1979-12-20,843.3,843.3000,481,1.75322245
1979-12-21,838.9,838.9000,495.5,1.69303734
1979-12-24,839.2,839.2000,495.5,1.69364279
1979-12-26,838.1,838.1000,514.3,1.62959362
1979-12-27,840.1,840.1000,523.5,1.60477555
1979-12-28,838.9,838.9000,525,1.59790476
1979-12-31,838.7,838.7000,541,1.55027726
1980-01-02,824.6,824.6000,582.8,1.41489362
1980-01-03,820.3,820.3000,607.8,1.34962159
1980-01-04,828.8,828.8000,611,1.35646481
1980-01-07,832,832.0000,634,1.31230284
1980-01-08,851.7,851.7000,609,1.39852217
1980-01-09,850.1,850.1000,605,1.40512397
1980-01-10,859,859.0000,603,1.42454395
1980-01-11,858.5,858.5000,628,1.36703822
1980-01-14,863.6,863.6000,722.4,1.19545958
1980-01-15,868.6,868.6000,704.8,1.23240636
1980-01-16,865.2,865.2000,754.8,1.14626391
1980-01-17,863.6,863.6000,790.5,1.09247312
1980-01-18,867.2,867.2000,845,1.02627219
1980-01-21,872.8,872.8000,834,1.04652278
1980-01-22,866.2,866.2000,909.9,0.95197274
1980-01-23,877.6,877.6000,859.9,1.02058379
1980-01-24,880,880.0000,809.9,1.08655390
1980-01-25,876.1,876.1000,661,1.32541604
1980-01-28,878.5,878.5000,659.2,1.33267597
1980-01-29,874.4,874.4000,709.2,1.23293852
1980-01-30,881.9,881.9000,681,1.29500734
1980-01-31,875.9,875.9000,704,1.24417614
1980-02-01,881.5,881.5000,704,1.25213068
1980-02-04,875.1,875.1000,677,1.29261448
1980-02-05,876.6,876.6000,702,1.24871795
1980-02-06,881.8,881.8000,727,1.21292985
1980-02-07,885.5,885.5000,710,1.24718310
1980-02-08,895.7,895.7000,717.5,1.24836237
1980-02-11,889.6,889.6000,726,1.22534435
1980-02-12,899,899.0000,718.5,1.25121781
1980-02-13,903.8,903.8000,709,1.27475317
1980-02-14,893.8,893.8000,690.5,1.29442433
1980-02-15,885,885.0000,680.5,1.30051433
1980-02-19,876,876.0000,655.5,1.33638444
1980-02-20,886.9,886.9000,673,1.31783061
1980-02-21,868.5,868.5000,666.5,1.30307577
1980-02-22,868.8,868.8000,641.5,1.35432580
1980-02-25,859.8,859.8000,659,1.30470410
1980-02-26,864.3,864.3000,635.5,1.36003147
1980-02-27,855.1,855.1000,639,1.33818466
1980-02-28,854.4,854.4000,650.5,1.31345119
1980-02-29,863.1,863.1000,640,1.34859375
1980-03-03,854.4,854.4000,641,1.33291732
1980-03-04,856.5,856.5000,651.5,1.31465848
1980-03-05,844.9,844.9000,643,1.31399689
1980-03-06,828.1,828.1000,618,1.33996764
1980-03-07,820.6,820.6000,605,1.35636364
1980-03-10,818.9,818.9000,567.5,1.44299559
1980-03-11,826.5,826.5000,570.5,1.44872918
1980-03-12,819.5,819.5000,581.5,1.40928633
1980-03-13,809.6,809.6000,544,1.48823529
1980-03-14,811.7,811.7000,530,1.53150943
1980-03-17,788.7,788.7000,480,1.64312500
1980-03-18,801.6,801.6000,488.5,1.64094166
1980-03-19,800.9,800.9000,538.5,1.48727948
1980-03-20,789.1,789.1000,538.5,1.46536676
1980-03-21,785.2,785.2000,565,1.38973451
1980-03-24,765.4,765.4000,549,1.39417122
1980-03-25,767.8,767.8000,529,1.45141777
1980-03-26,762.1,762.1000,521,1.46276392
1980-03-27,760,760.0000,463,1.64146868
1980-03-28,777.7,777.7000,525,1.48133333
1980-03-31,785.8,785.8000,519,1.51406551
1980-04-01,784.5,784.5000,515,1.52330097
1980-04-02,787.8,787.8000,506,1.55691700
1980-04-03,784.1,784.1000,501.5,1.56350947
1980-04-07,768.3,768.3000,526.5,1.45925926
1980-04-08,775,775.0000,551.5,1.40525839
1980-04-09,785.9,785.9000,550,1.42890909
1980-04-10,791.5,791.5000,544.5,1.45362718
1980-04-11,791.6,791.6000,544,1.45514706
1980-04-14,784.9,784.9000,519.5,1.51087584
1980-04-15,783.4,783.4000,530,1.47811321
1980-04-16,771.3,771.3000,516,1.49476744
1980-04-17,768.9,768.9000,522,1.47298851
1980-04-18,763.4,763.4000,520,1.46807692
1980-04-21,759.1,759.1000,497,1.52736419
1980-04-22,789.9,789.9000,510,1.54882353
1980-04-23,789.3,789.3000,515,1.53262136
1980-04-24,797.1,797.1000,538,1.48159851
1980-04-25,803.6,803.6000,547,1.46910420
1980-04-28,805.5,805.5000,522,1.54310345
1980-04-29,811.1,811.1000,529,1.53327032
1980-04-30,817.1,817.1000,507,1.61163708
1980-05-01,808.8,808.8000,520,1.55538462
1980-05-02,810.9,810.9000,516,1.57151163
1980-05-05,816.3,816.3000,523,1.56080306
1980-05-06,816,816.0000,510,1.60000000
1980-05-07,821.3,821.3000,517,1.58858801
1980-05-08,815.2,815.2000,512.5,1.59063415
1980-05-09,805.8,805.8000,515.7,1.56253636
1980-05-12,805.2,805.2000,510,1.57882353
1980-05-13,816.9,816.9000,520,1.57096154
1980-05-14,819.6,819.6000,524.5,1.56263108
1980-05-15,822.5,822.5000,514.5,1.59863946
1980-05-16,826.9,826.9000,514.8,1.60625486
1980-05-19,830.9,830.9000,511,1.62602740
1980-05-20,832.5,832.5000,512,1.62597656
1980-05-21,831.1,831.1000,506.5,1.64086871
1980-05-22,842.9,842.9000,515,1.63669903
1980-05-23,854.1,854.1000,510,1.67470588
1980-05-27,857.8,857.8000,524,1.63702290
1980-05-28,860.3,860.3000,529,1.62627599
1980-05-29,846.3,846.3000,537.5,1.57451163
1980-05-30,850.9,850.9000,555,1.53315315
1980-06-02,847.4,847.4000,576.5,1.46990460
1980-06-03,843.8,843.8000,569,1.48295255
1980-06-04,858,858.0000,592.5,1.44810127
1980-06-05,858.7,858.7000,597,1.43835846
1980-06-06,861.5,861.5000,616,1.39853896
1980-06-09,860.7,860.7000,633.5,1.35864246
1980-06-10,864,864.0000,608.5,1.41988496
1980-06-11,872.7,872.7000,594.5,1.46795627
1980-06-12,872.6,872.6000,609.5,1.43166530
1980-06-13,876.4,876.4000,613,1.42969005
1980-06-16,877.7,877.7000,598,1.46772575
1980-06-17,879.3,879.3000,606.5,1.44979390
1980-06-18,881.9,881.9000,603,1.46252073
1980-06-19,870.9,870.9000,613,1.42071778
1980-06-20,869.7,869.7000,609.5,1.42690730
1980-06-23,873.8,873.8000,610,1.43245902
1980-06-24,877.3,877.3000,624,1.40592949
1980-06-25,887.5,887.5000,623.5,1.42341620
1980-06-26,883.5,883.5000,633,1.39573460
1980-06-27,881.8,881.8000,657.5,1.34114068
1980-06-30,867.9,867.9000,654,1.32706422
1980-07-01,872.3,872.3000,676,1.29038462
1980-07-02,876,876.0000,667.5,1.31235955
1980-07-03,888.9,888.9000,676,1.31494083
1980-07-07,898.2,898.2000,684,1.31315789
1980-07-08,897.4,897.4000,678.5,1.32262343
1980-07-09,897.3,897.3000,666.5,1.34628657
1980-07-10,885.9,885.9000,672,1.31830357
1980-07-11,891.1,891.1000,670.5,1.32900820
1980-07-14,905.6,905.6000,645.5,1.40294345
1980-07-15,901.5,901.5000,620.5,1.45286060
1980-07-16,904.4,904.4000,628.5,1.43898170
1980-07-17,915.1,915.1000,620.2,1.47549178
1980-07-18,924,924.0000,614,1.50488599
1980-07-21,928.7,928.7000,635.1,1.46228940
1980-07-22,927.3,927.3000,638,1.45344828
1980-07-23,928.6,928.6000,631.5,1.47046714
1980-07-24,926.1,926.1000,639.5,1.44816263
1980-07-25,918.1,918.1000,678,1.35412979
1980-07-28,925.4,925.4000,673.2,1.37462864
1980-07-29,931.9,931.9000,661,1.40983359
1980-07-30,936.2,936.2000,636,1.47201258
1980-07-31,935.3,935.3000,642,1.45685358
1980-08-01,931.5,931.5000,640,1.45546875
1980-08-04,931.1,931.1000,650,1.43246154
1980-08-05,929.8,929.8000,649.5,1.43156274
1980-08-06,938.2,938.2000,654,1.43455657
1980-08-07,950.9,950.9000,656,1.44954268
1980-08-08,954.7,954.7000,647,1.47557960
1980-08-11,964.1,964.1000,623,1.54751204
1980-08-12,952.4,952.4000,633,1.50458136
1980-08-13,949.2,949.2000,635,1.49480315
1980-08-14,962.6,962.6000,647.4,1.48687056
1980-08-15,966.7,966.7000,635,1.52236220
1980-08-18,948.6,948.6000,640.5,1.48103044
1980-08-19,939.9,939.9000,642,1.46401869
1980-08-20,945.3,945.3000,667,1.41724138
1980-08-21,955,955.0000,659,1.44916540
1980-08-22,958.2,958.2000,658,1.45623100
1980-08-25,956.2,956.2000,643.3,1.48639826
1980-08-26,953.4,953.4000,651,1.46451613
1980-08-27,943.1,943.1000,653.5,1.44315226
1980-08-28,930.4,930.4000,654,1.42262997
1980-08-29,932.6,932.6000,656,1.42164634
1980-09-02,940.8,940.8000,660,1.42545455
1980-09-03,953.2,953.2000,658,1.44863222
1980-09-04,948.8,948.8000,673,1.40980684
1980-09-05,941,941.0000,670,1.40447761
1980-09-08,928.6,928.6000,695,1.33611511
1980-09-09,934.7,934.7000,693.5,1.34780101
1980-09-10,938.5,938.5000,703.5,1.33404407
1980-09-11,941.3,941.3000,713.5,1.31927120
1980-09-12,936.5,936.5000,704,1.33025568
1980-09-15,937.6,937.6000,685,1.36875912
1980-09-16,945.9,945.9000,700,1.35128571
1980-09-17,961.3,961.3000,692,1.38916185
1980-09-18,956.5,956.5000,693,1.38023088
1980-09-19,963.7,963.7000,708,1.36115819
1980-09-22,974.6,974.6000,733,1.32960437
1980-09-23,962,962.0000,731.5,1.31510595
1980-09-24,964.8,964.8000,729.5,1.32254969
1980-09-25,956,956.0000,728.5,1.31228552
1980-09-26,940.1,940.1000,703.5,1.33631841
1980-09-29,921.9,921.9000,678.5,1.35873250
1980-09-30,932.4,932.4000,688.5,1.35424837
1980-10-01,939.4,939.4000,696.5,1.34874372
1980-10-02,942.2,942.2000,685,1.37547445
1980-10-03,950.7,950.7000,684.5,1.38889701
1980-10-06,965.7,965.7000,693.5,1.39250180
1980-10-07,960.7,960.7000,688,1.39636628
1980-10-08,964,964.0000,690,1.39710145
1980-10-09,959,959.0000,699.5,1.37097927
1980-10-10,950.7,950.7000,700,1.35814286
1980-10-13,959.9,959.9000,691.7,1.38774035
1980-10-14,962.2,962.2000,691.5,1.39146782
1980-10-15,972.4,972.4000,686,1.41749271
1980-10-16,958.7,958.7000,677.5,1.41505535
1980-10-17,956.1,956.1000,665,1.43774436
1980-10-20,960.8,960.8000,667,1.44047976
1980-10-21,954.4,954.4000,668,1.42874251
1980-10-22,955.1,955.1000,660,1.44712121
1980-10-23,939.5,939.5000,635,1.47952756
1980-10-24,943.6,943.6000,639,1.47668232
1980-10-27,931.7,931.7000,640.5,1.45464481
1980-10-28,932.6,932.6000,642,1.45264798
1980-10-29,929.2,929.2000,645,1.44062016
1980-10-30,917.8,917.8000,647.5,1.41745174
1980-10-31,924.5,924.5000,642,1.44003115
1980-11-03,937.2,937.2000,655,1.43083969
1980-11-05,953.2,953.2000,643,1.48242613
1980-11-06,935.4,935.4000,618,1.51359223
1980-11-07,932.4,932.4000,607,1.53607908
1980-11-10,933.8,933.8000,609.5,1.53207547
1980-11-11,944,944.0000,617,1.52998379
1980-11-12,964.9,964.9000,618.5,1.56006467
1980-11-13,982.4,982.4000,611,1.60785597
1980-11-14,986.4,986.4000,621,1.58840580
1980-11-17,986.3,986.3000,617,1.59854133
1980-11-18,998,998.0000,621.5,1.60579244
1980-11-19,991,991.0000,634,1.56309148
1980-11-20,1000.2,1000.2000,645,1.55069767
1980-11-21,989.9,989.9000,638.5,1.55035239
1980-11-24,978.8,978.8000,637.5,1.53537255
1980-11-25,982.7,982.7000,647.8,1.51698055
1980-11-26,989.7,989.7000,642.5,1.54038911
1980-11-28,993.3,993.3000,644.5,1.54119472
1980-12-01,969.5,969.5000,647,1.49845440
1980-12-02,974.4,974.4000,641.5,1.51893998
1980-12-03,972.3,972.3000,647.3,1.50208559
1980-12-04,970.5,970.5000,639.5,1.51759187
1980-12-05,956.2,956.2000,638,1.49874608
1980-12-08,933.7,933.7000,630.4,1.48112310
1980-12-09,934,934.0000,608,1.53618421
1980-12-10,916.2,916.2000,583,1.57152659
1980-12-11,908.5,908.5000,558,1.62813620
1980-12-12,917.2,917.2000,587,1.56252129
1980-12-15,911.6,911.6000,587.5,1.55165957
1980-12-16,918.1,918.1000,580,1.58293103
1980-12-17,928.5,928.5000,588,1.57908163
1980-12-18,930.2,930.2000,583,1.59554031
1980-12-19,937.2,937.2000,607.5,1.54271605
1980-12-22,958.8,958.8000,604,1.58741722
1980-12-23,958.3,958.3000,616,1.55568182
1980-12-24,963.1,963.1000,617,1.56094003
1980-12-26,966.4,966.4000,617,1.56628849
1980-12-29,960.6,960.6000,595,1.61445378
1980-12-30,962,962.0000,595,1.61680672
1980-12-31,964,964.0000,599.5,1.60800667
1981-01-02,972.8,972.8000,594.5,1.63633305
1981-01-05,992.7,992.7000,601.5,1.65037406
1981-01-06,1004.7,1004.7000,605,1.66066116
1981-01-07,980.9,980.9000,580,1.69120690
1981-01-08,965.7,965.7000,577.5,1.67220779
1981-01-09,968.7,968.7000,581,1.66729776
1981-01-12,968.8,968.8000,566.5,1.71015004
1981-01-13,965.1,965.1000,565.5,1.70663130
1981-01-14,966.5,966.5000,573.5,1.68526591
1981-01-15,970,970.0000,562,1.72597865
1981-01-16,973.3,973.3000,567.5,1.71506608
1981-01-19,971,971.0000,565.5,1.71706454
1981-01-20,950.7,950.7000,571,1.66497373
1981-01-21,946.3,946.3000,568,1.66602113
1981-01-22,940.4,940.4000,557,1.68833034
1981-01-23,940.2,940.2000,552.5,1.70171946
1981-01-26,938.9,938.9000,527.5,1.77990521
1981-01-27,949.5,949.5000,520.5,1.82420749
1981-01-28,942.6,942.6000,521.4,1.80782509
1981-01-29,948.9,948.9000,529,1.79376181
1981-01-30,947.3,947.3000,512.5,1.84839024
1981-02-02,932.3,932.3000,492.5,1.89299492
1981-02-03,941.4,941.4000,505,1.86415842
1981-02-04,942,942.0000,500,1.88400000
1981-02-05,946.8,946.8000,510,1.85647059
1981-02-06,952.3,952.3000,514,1.85272374
1981-02-09,947.2,947.2000,527.5,1.79563981
1981-02-10,948.6,948.6000,517.5,1.83304348
1981-02-11,942.5,942.5000,507,1.85897436
1981-02-12,936.6,936.6000,504,1.85833333
1981-02-13,931.6,931.6000,501,1.85948104
1981-02-17,939.7,939.7000,507,1.85345168
1981-02-18,947.1,947.1000,500.5,1.89230769
1981-02-19,933.4,933.4000,515.5,1.81066925
1981-02-20,936.1,936.1000,514.5,1.81943635
1981-02-23,945.2,945.2000,505,1.87168317
1981-02-24,946.1,946.1000,511,1.85146771
1981-02-25,954.4,954.4000,504,1.89365079
1981-02-26,966.8,966.8000,499,1.93747495
1981-02-27,974.6,974.6000,486.5,2.00328880
1981-03-02,978,978.0000,465,2.10322581
1981-03-03,966,966.0000,476,2.02941176
1981-03-04,971.4,971.4000,461,2.10715835
1981-03-05,964.6,964.6000,466.5,2.06773848
1981-03-06,964.6,964.6000,467,2.06552463
1981-03-09,976.4,976.4000,475,2.05557895
1981-03-10,972.7,972.7000,485.5,2.00350154
1981-03-11,967.7,967.7000,478,2.02447699
1981-03-12,989.8,989.8000,485,2.04082474
1981-03-13,985.8,985.8000,488.5,2.01801433
1981-03-16,1002.8,1002.8000,495.5,2.02381433
1981-03-17,992.5,992.5000,509,1.94990177
1981-03-18,994.1,994.1000,508.5,1.95496559
1981-03-19,986.6,986.6000,512,1.92695313
1981-03-20,992.8,992.8000,537,1.84878957
1981-03-23,1004.2,1004.2000,527,1.90550285
1981-03-24,996.1,996.1000,536.5,1.85666356
1981-03-25,1015.2,1015.2000,544,1.86617647
1981-03-26,1005.8,1005.8000,558.4,1.80121777
1981-03-27,994.8,994.8000,542.5,1.83373272
1981-03-30,992.2,992.2000,524.5,1.89170639
1981-03-31,1003.9,1003.9000,525.5,1.91037108
1981-04-01,1014.1,1014.1000,528,1.92064394
1981-04-02,1009,1009.0000,528.5,1.90917692
1981-04-03,1007.1,1007.1000,532.5,1.89126761
1981-04-06,994.2,994.2000,538,1.84795539
1981-04-07,992.9,992.9000,522.5,1.90028708
1981-04-08,993.4,993.4000,524.5,1.89399428
1981-04-09,998.8,998.8000,501.5,1.99162512
1981-04-10,1000.3,1000.3000,496,2.01673387
1981-04-13,993.2,993.2000,487,2.03942505
1981-04-14,989.1,989.1000,492,2.01036585
1981-04-15,1001.7,1001.7000,482.3,2.07692308
1981-04-16,1005.6,1005.6000,495.5,2.02946519
1981-04-20,1015.9,1015.9000,495.7,2.04942506
1981-04-21,1005.9,1005.9000,497.5,2.02190955
1981-04-22,1007,1007.0000,496,2.03024194
1981-04-23,1010.3,1010.3000,498,2.02871486
1981-04-24,1020.4,1020.4000,491.3,2.07693873
1981-04-27,1024.1,1024.1000,491,2.08574338
1981-04-28,1016.9,1016.9000,489.8,2.07615353
1981-04-29,1004.3,1004.3000,484.5,2.07285862
1981-04-30,997.8,997.8000,489,2.04049080
1981-05-01,995.6,995.6000,496,2.00725806
1981-05-04,979.1,979.1000,486.5,2.01253854
1981-05-05,972.4,972.4000,486.5,1.99876670
1981-05-06,973.3,973.3000,484.5,2.00887513
1981-05-07,978.4,978.4000,487,2.00903491
1981-05-08,976.4,976.4000,496.5,1.96656596
1981-05-11,963.4,963.4000,488,1.97418033
1981-05-12,970.8,970.8000,491.5,1.97517803
1981-05-13,967.8,967.8000,482,2.00788382
1981-05-14,973.1,973.1000,486.5,2.00020555
1981-05-15,986,986.0000,479.5,2.05630865
1981-05-18,985.8,985.8000,485,2.03257732
1981-05-19,980,980.0000,478.5,2.04806688
1981-05-20,976.9,976.9000,482.5,2.02466321
1981-05-21,976.6,976.6000,468,2.08675214
1981-05-22,971.7,971.7000,471,2.06305732
1981-05-26,984,984.0000,465.5,2.11385607
1981-05-27,993.1,993.1000,483.5,2.05398139
1981-05-28,994.3,994.3000,494.5,2.01071790
1981-05-29,991.8,991.8000,492.5,2.01380711
1981-06-01,998,998.0000,487.5,2.04717949
1981-06-02,987.5,987.5000,487,2.02772074
1981-06-03,989.7,989.7000,481.5,2.05545171
1981-06-04,986.7,986.7000,476,2.07289916
1981-06-05,993.8,993.8000,462.5,2.14875676
1981-06-08,995.6,995.6000,473,2.10486258
1981-06-09,994.4,994.4000,469,2.12025586
1981-06-10,993.9,993.9000,477,2.08364780
1981-06-11,1007.4,1007.4000,476,2.11638655
1981-06-12,1006.3,1006.3000,476,2.11407563
1981-06-15,1012,1012.0000,472,2.14406780
1981-06-16,1003.3,1003.3000,472.5,2.12338624
1981-06-17,1006.6,1006.6000,469,2.14626866
1981-06-18,995.2,995.2000,467,2.13104925
1981-06-19,996.2,996.2000,467.5,2.13090909
1981-06-22,994.2,994.2000,472.3,2.10501800
1981-06-23,1006.7,1006.7000,471.2,2.13646010
1981-06-24,999.3,999.3000,460.5,2.17003257
1981-06-25,996.8,996.8000,451,2.21019956
1981-06-26,992.9,992.9000,447,2.22125280
1981-06-29,984.6,984.6000,432,2.27916667
1981-06-30,976.9,976.9000,428.5,2.27981330
1981-07-01,967.7,967.7000,419,2.30954654
1981-07-02,959.2,959.2000,416.5,2.30300120
1981-07-06,949.3,949.3000,404,2.34975248
1981-07-07,954.2,954.2000,409.5,2.33015873
1981-07-08,953.5,953.5000,407,2.34275184
1981-07-09,959,959.0000,415.5,2.30806258
1981-07-10,955.7,955.7000,422,2.26469194
1981-07-13,954.3,954.3000,409,2.33325183
1981-07-14,948.3,948.3000,414.5,2.28781665
1981-07-15,954.2,954.2000,414,2.30483092
1981-07-16,955.5,955.5000,417.5,2.28862275
1981-07-17,958.9,958.9000,420,2.28309524
1981-07-20,940.5,940.5000,411,2.28832117
1981-07-21,934.5,934.5000,411.5,2.27095990
1981-07-22,924.7,924.7000,408,2.26642157
1981-07-23,928.6,928.6000,408.7,2.27208221
1981-07-24,936.7,936.7000,408.2,2.29470848
1981-07-27,945.9,945.9000,402,2.35298507
1981-07-28,939.4,939.4000,406.5,2.31094711
1981-07-29,937.4,937.4000,403.5,2.32317224
1981-07-30,945.1,945.1000,424.4,2.22690858
1981-07-31,952.3,952.3000,423.2,2.25023629
1981-08-03,946.3,946.3000,406.5,2.32792128
1981-08-04,946,946.0000,408.5,2.31578947
1981-08-05,953.6,953.6000,409.3,2.32983142
1981-08-06,952.9,952.9000,418.2,2.27857484
1981-08-07,942.5,942.5000,414.8,2.27217936
1981-08-10,943.7,943.7000,415.5,2.27123947
1981-08-11,949.3,949.3000,429,2.21282051
1981-08-12,945.2,945.2000,423,2.23451537
1981-08-13,944.4,944.4000,429,2.20139860
1981-08-14,936.9,936.9000,430.5,2.17630662
1981-08-17,926.8,926.8000,433,2.14041570
1981-08-18,924.4,924.4000,455.5,2.02941822
1981-08-19,926.5,926.5000,456,2.03179825
1981-08-20,928.4,928.4000,448,2.07232143
1981-08-21,920.6,920.6000,452.5,2.03447514
1981-08-24,900.1,900.1000,433,2.07875289
1981-08-25,901.8,901.8000,427.5,2.10947368
1981-08-26,899.3,899.3000,430.5,2.08896632
1981-08-27,889.1,889.1000,436,2.03922018
1981-08-28,892.2,892.2000,445,2.00494382
1981-08-31,881.5,881.5000,443.5,1.98759865
1981-09-01,882.7,882.7000,444.7,1.98493366
1981-09-02,884.2,884.2000,452.5,1.95403315
1981-09-03,867,867.0000,462.5,1.87459459
1981-09-04,861.7,861.7000,455.5,1.89176729
1981-09-08,851.1,851.1000,448.5,1.89765886
1981-09-09,853.9,853.9000,463.5,1.84228695
1981-09-10,862.4,862.4000,464.5,1.85662002
1981-09-11,872.8,872.8000,470,1.85702128
1981-09-14,866.2,866.2000,476.4,1.81821998
1981-09-15,858.4,858.4000,469,1.83027719
1981-09-16,851.6,851.6000,466,1.82746781
1981-09-17,840.1,840.1000,456.5,1.84030668
1981-09-18,836.2,836.2000,465,1.79827957
1981-09-21,846.6,846.6000,482,1.75643154
1981-09-22,845.7,845.7000,475,1.78042105
1981-09-23,840.9,840.9000,469.5,1.79105431
1981-09-24,835.1,835.1000,459.5,1.81741023
1981-09-25,824,824.0000,441.5,1.86636467
1981-09-28,842.6,842.6000,441.8,1.90719783
1981-09-29,847.9,847.9000,441.5,1.92049830
1981-09-30,850,850.0000,443,1.91873589
1981-10-01,852.3,852.3000,440,1.93704545
1981-10-02,860.7,860.7000,447.5,1.92335196
1981-10-05,859.9,859.9000,445.5,1.93019080
1981-10-06,856.3,856.3000,461.5,1.85547129
1981-10-07,868.7,868.7000,453.5,1.91554576
1981-10-08,878.1,878.1000,457.5,1.91934426
1981-10-09,873,873.0000,457,1.91028446
1981-10-12,869.5,869.5000,452,1.92367257
1981-10-13,865.6,865.6000,456,1.89824561
1981-10-14,850.7,850.7000,452,1.88207965
1981-10-15,856.3,856.3000,450.2,1.90204354
1981-10-16,851.7,851.7000,447.5,1.90324022
1981-10-19,847.1,847.1000,442.7,1.91348543
1981-10-20,851.9,851.9000,437.5,1.94720000
1981-10-21,851,851.0000,438,1.94292237
1981-10-22,848.3,848.3000,439.2,1.93146630
1981-10-23,838,838.0000,436,1.92201835
1981-10-26,831,831.0000,429.8,1.93345742
1981-10-27,838.4,838.4000,435.3,1.92602803
1981-10-28,837.6,837.6000,428,1.95700935
1981-10-29,833,833.0000,433.3,1.92245557
1981-10-30,852.6,852.6000,431.2,1.97727273
1981-11-02,866.8,866.8000,432.5,2.00416185
1981-11-03,868.7,868.7000,434.2,2.00069093
1981-11-04,866.8,866.8000,433.3,2.00046157
1981-11-05,859.1,859.1000,431.2,1.99234694
1981-11-06,852.5,852.5000,430.9,1.97841727
1981-11-09,855.2,855.2000,423.5,2.01936246
1981-11-10,854,854.0000,414.5,2.06031363
1981-11-11,857.1,857.1000,412.1,2.07983499
1981-11-12,860.5,860.5000,414,2.07850242
1981-11-13,855.9,855.9000,415.2,2.06141618
1981-11-16,845,845.0000,401.4,2.10513204
1981-11-17,850.2,850.2000,405,2.09925926
1981-11-18,844.1,844.1000,398,2.12085427
1981-11-19,844.8,844.8000,400.5,2.10936330
1981-11-20,852.9,852.9000,398,2.14296482
1981-11-23,851.8,851.8000,394,2.16192893
1981-11-24,870.2,870.2000,401.8,2.16575411
1981-11-25,878.1,878.1000,419,2.09570406
1981-11-27,885.9,885.9000,419.8,2.11029061
1981-11-30,889,889.0000,413.3,2.15097992
1981-12-01,890.2,890.2000,412,2.16067961
1981-12-02,882.6,882.6000,429,2.05734266
1981-12-03,883.9,883.9000,428,2.06518692
1981-12-04,892.7,892.7000,429,2.08088578
1981-12-07,887,887.0000,424,2.09198113
1981-12-08,881.8,881.8000,415.8,2.12073112
1981-12-09,888.2,888.2000,416.8,2.13099808
1981-12-10,892,892.0000,413.5,2.15719468
1981-12-11,886.5,886.5000,412.5,2.14909091
1981-12-14,871.5,871.5000,419.5,2.07747318
1981-12-15,876,876.0000,423,2.07092199
1981-12-16,868.7,868.7000,428.3,2.02825123
1981-12-17,870.5,870.5000,422.3,2.06133081
1981-12-18,875.8,875.8000,418.2,2.09421330
1981-12-21,873.1,873.1000,405.8,2.15155249
1981-12-22,872,872.0000,408.4,2.13516161
1981-12-23,869.7,869.7000,408,2.13161765
1981-12-24,873.4,873.4000,406.3,2.14964312
1981-12-28,870.3,870.3000,397.2,2.19108761
1981-12-29,868.3,868.3000,399,2.17619048
1981-12-30,873.1,873.1000,403,2.16650124
1981-12-31,875,875.0000,402.8,2.17229394
1982-01-04,882.5,882.5000,407.3,2.16670759
1982-01-05,865.3,865.3000,405.6,2.13338264
1982-01-06,861,861.0000,403,2.13647643
1982-01-07,861.8,861.8000,402,2.14378109
1982-01-08,866.5,866.5000,397.5,2.17987421
1982-01-11,850.5,850.5000,388,2.19201031
1982-01-12,847.7,847.7000,390,2.17358974
1982-01-13,839,839.0000,379.6,2.21022129
1982-01-14,842.3,842.3000,378.6,2.22477549
1982-01-15,847.6,847.6000,372,2.27849462
1982-01-18,855.1,855.1000,377,2.26816976
1982-01-19,847.4,847.4000,371.2,2.28286638
1982-01-20,845.9,845.9000,374.5,2.25874499
1982-01-21,848.3,848.3000,376.5,2.25312085
1982-01-22,845,845.0000,378.5,2.23249670
1982-01-25,842.8,842.8000,375.6,2.24387646
1982-01-26,841.5,841.5000,376.4,2.23565356
1982-01-27,842.7,842.7000,391.6,2.15194076
1982-01-28,864.3,864.3000,392.4,2.20259939
1982-01-29,871.1,871.1000,391.8,2.22332823
1982-02-01,851.7,851.7000,389.2,2.18833505
1982-02-02,852.6,852.6000,384.7,2.21627242
1982-02-03,845,845.0000,386.8,2.18459152
1982-02-04,847,847.0000,393.8,2.15083799
1982-02-05,851,851.0000,392,2.17091837
1982-02-08,833.4,833.4000,386.8,2.15460186
1982-02-09,830.6,830.6000,387.6,2.14293086
1982-02-10,836.7,836.7000,391.3,2.13825709
1982-02-11,834.7,834.7000,384,2.17369792
1982-02-12,833.8,833.8000,384.9,2.16627696
1982-02-16,831.3,831.3000,381.8,2.17731797
1982-02-17,827.6,827.6000,381.1,2.17160850
1982-02-18,829,829.0000,374.1,2.21598503
1982-02-19,824.3,824.3000,369.3,2.23206066
1982-02-22,811.3,811.3000,368.8,2.19983731
1982-02-23,813,813.0000,367.7,2.21104161
1982-02-24,826.8,826.8000,372.4,2.22019334
1982-02-25,825.8,825.8000,369.8,2.23309897
1982-02-26,824.4,824.4000,364.5,2.26172840
1982-03-01,828.4,828.4000,365.8,2.26462548
1982-03-02,825.8,825.8000,361.6,2.28373894
1982-03-03,815.2,815.2000,354.2,2.30152456
1982-03-04,807.6,807.6000,346.8,2.32871972
1982-03-05,807.4,807.4000,336.3,2.40083259
1982-03-08,795.5,795.5000,331,2.40332326
1982-03-09,803.8,803.8000,336,2.39226190
1982-03-10,804.9,804.9000,338.8,2.37573790
1982-03-11,805.6,805.6000,330,2.44121212
1982-03-12,797.4,797.4000,319.6,2.49499374
1982-03-15,801,801.0000,326.2,2.45554874
1982-03-16,798.3,798.3000,314.5,2.53831479
1982-03-17,795.9,795.9000,319.3,2.49264015
1982-03-18,805.3,805.3000,325.2,2.47632226
1982-03-19,805.7,805.7000,317.7,2.53604029
1982-03-22,819.5,819.5000,324.6,2.52464572
1982-03-23,826.7,826.7000,327,2.52813456
1982-03-24,823.3,823.3000,334.2,2.46349491
1982-03-25,827.6,827.6000,333.6,2.48081535
1982-03-26,817.9,817.9000,329.2,2.48450790
1982-03-29,823.8,823.8000,330.5,2.49258699
1982-03-30,824.5,824.5000,326.5,2.52526799
1982-03-31,822.8,822.8000,334.2,2.46199880
1982-04-01,833.2,833.2000,332.8,2.50360577
1982-04-02,838.6,838.6000,336.8,2.48990499
1982-04-05,835.3,835.3000,353.3,2.36427965
1982-04-06,839.3,839.3000,367,2.28692098
1982-04-07,836.4,836.4000,357,2.34285714
1982-04-08,842.9,842.9000,366,2.30300546
1982-04-12,841.3,841.3000,357.5,2.35328671
1982-04-13,841,841.0000,362.7,2.31872071
1982-04-14,838.1,838.1000,376,2.22898936
1982-04-15,839.6,839.6000,371.8,2.25820334
1982-04-16,843.4,843.4000,366,2.30437158
1982-04-19,846.1,846.1000,346.5,2.44184704
1982-04-20,840.6,840.6000,350.5,2.39828816
1982-04-21,843.4,843.4000,349.1,2.41592667
1982-04-22,853.1,853.1000,349.6,2.44021739
1982-04-23,862.2,862.2000,356.7,2.41715728
1982-04-26,865.6,865.6000,356.5,2.42805049
1982-04-27,857.5,857.5000,360,2.38194444
1982-04-28,852.6,852.6000,359.1,2.37426901
1982-04-29,844.9,844.9000,360.5,2.34368932
1982-04-30,848.4,848.4000,346.5,2.44848485
1982-05-03,849,849.0000,349,2.43266476
1982-05-04,854.5,854.5000,346.5,2.46608947
1982-05-05,854.5,854.5000,339.8,2.51471454
1982-05-06,863.2,863.2000,335,2.57671642
1982-05-07,869.2,869.2000,336.5,2.58306092
1982-05-10,860.9,860.9000,331.5,2.59698341
1982-05-11,865.9,865.9000,335.8,2.57861823
1982-05-12,865.8,865.8000,335,2.58447761
1982-05-13,859.1,859.1000,333.5,2.57601199
1982-05-14,857.8,857.8000,340,2.52294118
1982-05-17,845.3,845.3000,336.2,2.51427722
1982-05-18,840.9,840.9000,342.1,2.45805320
1982-05-19,835.9,835.9000,342.5,2.44058394
1982-05-20,832.5,832.5000,344,2.42005814
1982-05-21,835.9,835.9000,337.2,2.47894425
1982-05-24,836.4,836.4000,328.8,2.54379562
1982-05-25,834.6,834.6000,329.5,2.53292868
1982-05-26,828.8,828.8000,331.7,2.49864335
1982-05-27,825,825.0000,333.3,2.47524752
1982-05-28,819.5,819.5000,329,2.49088146
1982-06-01,815,815.0000,323.8,2.51698579
1982-06-02,816.9,816.9000,326.4,2.50275735
1982-06-03,816.5,816.5000,323.5,2.52395672
1982-06-04,805,805.0000,325.3,2.47463879
1982-06-07,804,804.0000,342.5,2.34744526
1982-06-08,802.2,802.2000,337.3,2.37829825
1982-06-09,795.6,795.6000,333.2,2.38775510
1982-06-10,798.7,798.7000,332.6,2.40138304
1982-06-11,809.7,809.7000,333.2,2.43007203
1982-06-14,801.9,801.9000,322.5,2.48651163
1982-06-15,801.3,801.3000,321,2.49626168
1982-06-16,796.9,796.9000,321.4,2.47946484
1982-06-17,791.5,791.5000,312.2,2.53523382
1982-06-18,788.6,788.6000,308.5,2.55623987
1982-06-21,790,790.0000,305,2.59016393
1982-06-22,799.7,799.7000,301.5,2.65240464
1982-06-23,813.2,813.2000,311,2.61479100
1982-06-24,810.4,810.4000,307.5,2.63544715
1982-06-25,803.1,803.1000,310.2,2.58897485
1982-06-28,811.9,811.9000,313.7,2.58814154
1982-06-29,812.2,812.2000,318,2.55408805
1982-06-30,811.9,811.9000,317.8,2.55475142
1982-07-01,803.3,803.3000,316.5,2.53807267
1982-07-02,797,797.0000,315,2.53015873
1982-07-06,798.9,798.9000,311.5,2.56468700
1982-07-07,799.7,799.7000,313.5,2.55087719
1982-07-08,805,805.0000,324.7,2.47921158
1982-07-09,814.1,814.1000,348,2.33936782
1982-07-12,824.9,824.9000,343.5,2.40145560
1982-07-13,824.2,824.2000,359.5,2.29262865
1982-07-14,828.4,828.4000,349.2,2.37227950
1982-07-15,827.3,827.3000,345.7,2.39311542
1982-07-16,828.7,828.7000,351.5,2.35761024
1982-07-19,826.1,826.1000,346.5,2.38412698
1982-07-20,833.4,833.4000,360.3,2.31307244
1982-07-21,832.2,832.2000,356.2,2.33632791
1982-07-22,832,832.0000,359.5,2.31432545
1982-07-23,830.6,830.6000,361.2,2.29955703
1982-07-26,825.4,825.4000,355.5,2.32180028
1982-07-27,822.8,822.8000,352.2,2.33617263
1982-07-28,811.8,811.8000,339.5,2.39116348
1982-07-29,812.2,812.2000,338.6,2.39870053
1982-07-30,808.6,808.6000,355.5,2.27454290
1982-08-02,822.1,822.1000,366.1,2.24556132
1982-08-03,816.4,816.4000,358,2.28044693
1982-08-04,803.5,803.5000,363.1,2.21288901
1982-08-05,795.9,795.9000,356.8,2.23066143
1982-08-06,784.3,784.3000,355.5,2.20618847
1982-08-09,780.4,780.4000,346.5,2.25223665
1982-08-10,779.3,779.3000,343.3,2.27002622
1982-08-11,777.2,777.2000,344.5,2.25602322
1982-08-12,776.9,776.9000,348.5,2.22926829
1982-08-13,788.1,788.1000,344.9,2.28501015
1982-08-16,792.4,792.4000,348.4,2.27439724
1982-08-17,831.2,831.2000,354.5,2.34471086
1982-08-18,829.4,829.4000,368.9,2.24830577
1982-08-19,838.6,838.6000,384.5,2.18101430
1982-08-20,869.3,869.3000,396,2.19520202
1982-08-23,891.2,891.2000,408.7,2.18057255
1982-08-24,874.9,874.9000,413.2,2.11737657
1982-08-25,884.9,884.9000,417,2.12206235
1982-08-26,892.4,892.4000,437.5,2.03977143
1982-08-27,883.5,883.5000,413,2.13922518
1982-08-30,893.3,893.3000,419.5,2.12943981
1982-08-31,901.3,901.3000,418.5,2.15364397
1982-09-01,895.1,895.1000,415.5,2.15427196
1982-09-02,909.4,909.4000,440.5,2.06447219
1982-09-03,925.1,925.1000,465.5,1.98732546
1982-09-07,914.3,914.3000,481,1.90083160
1982-09-08,915.8,915.8000,497,1.84265594
1982-09-09,912.5,912.5000,472,1.93326271
1982-09-10,906.8,906.8000,452,2.00619469
1982-09-13,918.7,918.7000,457,2.01028446
1982-09-14,923,923.0000,447,2.06487696
1982-09-15,930.5,930.5000,454.5,2.04730473
1982-09-16,927.8,927.8000,454,2.04361233
1982-09-17,916.9,916.9000,443,2.06975169
1982-09-20,916.3,916.3000,436,2.10160550
1982-09-21,934.8,934.8000,447,2.09127517
1982-09-22,927.6,927.6000,445.5,2.08215488
1982-09-23,925.8,925.8000,447.3,2.06975184
1982-09-24,919.5,919.5000,424.3,2.16709875
1982-09-27,920.9,920.9000,412,2.23519417
1982-09-28,919.3,919.3000,420.5,2.18620690
1982-09-29,906.3,906.3000,400,2.26575000
1982-09-30,896.3,896.3000,404.8,2.21417984
1982-10-01,907.7,907.7000,413,2.19782082
1982-10-04,903.6,903.6000,392.5,2.30216561
1982-10-05,907.2,907.2000,398.4,2.27710843
1982-10-06,944.3,944.3000,403.8,2.33853393
1982-10-07,966,966.0000,428.8,2.25279851
1982-10-08,986.9,986.9000,424.5,2.32485277
1982-10-11,1012.8,1012.8000,449.5,2.25317019
1982-10-12,1003.7,1003.7000,443.5,2.26313416
1982-10-13,1015.2,1015.2000,460,2.20695652
1982-10-14,996.9,996.9000,445.5,2.23771044
1982-10-15,993.1,993.1000,433,2.29353349
1982-10-18,1019.2,1019.2000,439.5,2.31899886
1982-10-19,1013.8,1013.8000,427,2.37423888
1982-10-20,1034.1,1034.1000,437,2.36636156
1982-10-21,1037,1037.0000,427.5,2.42573099
1982-10-22,1031.5,1031.5000,435.5,2.36854191
1982-10-25,995.1,995.1000,420.5,2.36646849
1982-10-26,1006.1,1006.1000,426.7,2.35786267
1982-10-27,1006.4,1006.4000,425,2.36800000
1982-10-28,991,991.0000,422.7,2.34445233
1982-10-29,991.7,991.7000,423,2.34444444
1982-11-01,1005.7,1005.7000,432.5,2.32531792
1982-11-02,1022.1,1022.1000,432.5,2.36323699
1982-11-03,1065.5,1065.5000,426,2.50117371
1982-11-04,1050.2,1050.2000,429.3,2.44630794
1982-11-05,1051.8,1051.8000,419,2.51026253
1982-11-08,1037.4,1037.4000,407.5,2.54576687
1982-11-09,1060.3,1060.3000,414,2.56111111
1982-11-10,1044.5,1044.5000,405,2.57901235
1982-11-11,1054.7,1054.7000,406,2.59778325
1982-11-12,1039.9,1039.9000,410.5,2.53325213
1982-11-15,1021.4,1021.4000,406.5,2.51266913
1982-11-16,1008,1008.0000,411.5,2.44957473
1982-11-17,1027.5,1027.5000,408.5,2.51529988
1982-11-18,1032.1,1032.1000,413.2,2.49782188
1982-11-19,1021.3,1021.3000,414.8,2.46215043
1982-11-22,1000,1000.0000,406,2.46305419
1982-11-23,991,991.0000,405.3,2.44510239
1982-11-24,1000,1000.0000,411.5,2.43013366
1982-11-26,1007.4,1007.4000,433.9,2.32173312
1982-11-29,1002.9,1002.9000,440.6,2.27621425
1982-11-30,1039.3,1039.3000,449,2.31469933
1982-12-01,1031.1,1031.1000,441.7,2.33438986
1982-12-02,1033.1,1033.1000,449.5,2.29833148
1982-12-03,1031.4,1031.4000,447.8,2.30326038
1982-12-06,1055.7,1055.7000,452,2.33561947
1982-12-07,1056.9,1056.9000,458.5,2.30512541
1982-12-08,1047.1,1047.1000,444.5,2.35568054
1982-12-09,1028,1028.0000,449.2,2.28851291
1982-12-10,1018.8,1018.8000,441.5,2.30758777
1982-12-13,1024.3,1024.3000,449.5,2.27875417
1982-12-14,1009.4,1009.4000,436.8,2.31089744
1982-12-15,992.6,992.6000,443.7,2.23709714
1982-12-16,990.3,990.3000,446,2.22040359
1982-12-17,1011.5,1011.5000,444.2,2.27712742
1982-12-20,1004.5,1004.5000,446.9,2.24770642
1982-12-21,1030.3,1030.3000,455.5,2.26190999
1982-12-22,1035,1035.0000,448,2.31026786
1982-12-23,1045.1,1045.1000,450.8,2.31832298
1982-12-27,1070.6,1070.6000,462.2,2.31631328
1982-12-28,1058.9,1058.9000,460,2.30195652
1982-12-29,1059.6,1059.6000,465.5,2.27626208
1982-12-30,1047.4,1047.4000,453,2.31214128
1982-12-31,1046.5,1046.5000,453,2.31015453
1983-01-03,1027,1027.0000,453.4,2.26510807
1983-01-04,1046.1,1046.1000,456.7,2.29056273
1983-01-05,1044.9,1044.9000,461,2.26659436
1983-01-06,1070.9,1070.9000,456.5,2.34589266
1983-01-07,1076.1,1076.1000,469.5,2.29201278
1983-01-10,1092.4,1092.4000,483.2,2.26076159
1983-01-11,1083.8,1083.8000,482.4,2.24668325
1983-01-12,1083.6,1083.6000,492.6,2.19975639
1983-01-13,1074,1074.0000,490,2.19183673
1983-01-14,1080.9,1080.9000,490,2.20591837
1983-01-17,1084.8,1084.8000,492.5,2.20263959
1983-01-18,1079.7,1079.7000,503.8,2.14311235
1983-01-19,1068.1,1068.1000,489.6,2.18157680
1983-01-20,1070.8,1070.8000,492.5,2.17421320
1983-01-21,1053,1053.0000,485,2.17113402
1983-01-24,1030.2,1030.2000,482.5,2.13512953
1983-01-25,1042,1042.0000,490,2.12653061
1983-01-26,1038,1038.0000,499.1,2.07974354
1983-01-27,1063.7,1063.7000,504.1,2.11009720
1983-01-28,1064.8,1064.8000,502.8,2.11774065
1983-01-31,1075.7,1075.7000,518.2,2.07583944
1983-02-01,1059.8,1059.8000,511.5,2.07194526
1983-02-02,1062.6,1062.6000,515,2.06330097
1983-02-03,1064.7,1064.7000,504,2.11250000
1983-02-04,1077.9,1077.9000,501,2.15149701
1983-02-07,1087.1,1087.1000,501,2.16986028
1983-02-08,1075.3,1075.3000,499.2,2.15404647
1983-02-09,1067.4,1067.4000,498.3,2.14208308
1983-02-10,1087.8,1087.8000,509.5,2.13503435
1983-02-11,1086.5,1086.5000,510,2.13039216
1983-02-14,1097.1,1097.1000,514.2,2.13360560
1983-02-15,1093.1,1093.1000,511.5,2.13704790
1983-02-16,1087.4,1087.4000,511,2.12798434
1983-02-17,1088.9,1088.9000,508,2.14350394
1983-02-18,1092.8,1092.8000,510.5,2.14064643
1983-02-22,1080.4,1080.4000,485.5,2.22533471
1983-02-23,1096.9,1096.9000,471.5,2.32640509
1983-02-24,1121.8,1121.8000,473.7,2.36816551
1983-02-25,1120.9,1120.9000,448.7,2.49810564
1983-02-28,1112.2,1112.2000,423.7,2.62497050
1983-03-01,1130.7,1130.7000,415,2.72457831
1983-03-02,1135.1,1135.1000,436,2.60344037
1983-03-03,1138.1,1138.1000,433,2.62840647
1983-03-04,1141,1141.0000,420,2.71666667
1983-03-07,1141.7,1141.7000,429.5,2.65820722
1983-03-08,1119.8,1119.8000,424.5,2.63792697
1983-03-09,1132.6,1132.6000,426.3,2.65681445
1983-03-10,1120.9,1120.9000,433,2.58868360
1983-03-11,1117.7,1117.7000,429.3,2.60354065
1983-03-14,1114.5,1114.5000,438.5,2.54161916
1983-03-15,1124.5,1124.5000,427.8,2.62856475
1983-03-16,1116,1116.0000,419.5,2.66030989
1983-03-17,1117,1117.0000,420.8,2.65446768
1983-03-18,1117.7,1117.7000,416.5,2.68355342
1983-03-21,1125.3,1125.3000,421,2.67292162
1983-03-22,1123,1123.0000,419.5,2.67699642
1983-03-23,1140.9,1140.9000,418.5,2.72616487
1983-03-24,1145.9,1145.9000,410.5,2.79147381
1983-03-25,1140.1,1140.1000,414.5,2.75054282
1983-03-28,1133.3,1133.3000,412.3,2.74872666
1983-03-29,1131.2,1131.2000,422.2,2.67929891
1983-03-30,1143.3,1143.3000,419.5,2.72538737
1983-03-31,1130,1130.0000,422,2.67772512
1983-04-04,1127.6,1127.6000,433.5,2.60115340
1983-04-05,1120.2,1120.2000,434.8,2.57635695
1983-04-06,1113.5,1113.5000,435.5,2.55683123
1983-04-07,1117.7,1117.7000,431,2.59327146
1983-04-08,1124.7,1124.7000,427.2,2.63272472
1983-04-11,1141.8,1141.8000,436.8,2.61401099
1983-04-12,1145.3,1145.3000,437,2.62082380
1983-04-13,1156.6,1156.6000,437.4,2.64426155
1983-04-14,1165.3,1165.3000,443,2.63047404
1983-04-15,1171.3,1171.3000,442.2,2.64880145
1983-04-18,1183.2,1183.2000,449.8,2.63050245
1983-04-19,1174.5,1174.5000,437.5,2.68457143
1983-04-20,1191.5,1191.5000,443,2.68961625
1983-04-21,1188.3,1188.3000,439.7,2.70252445
1983-04-22,1196.3,1196.3000,443.3,2.69862396
1983-04-25,1187.2,1187.2000,440.8,2.69328494
1983-04-26,1209.5,1209.5000,442.3,2.73456930
1983-04-27,1208.4,1208.4000,435,2.77793103
1983-04-28,1219.5,1219.5000,434.2,2.80861354
1983-04-29,1226.2,1226.2000,433.5,2.82860438
1983-05-02,1204.3,1204.3000,432.3,2.78579690
1983-05-03,1208,1208.0000,436.4,2.76810266
1983-05-04,1212.7,1212.7000,437.7,2.77061915
1983-05-05,1219.7,1219.7000,434.8,2.80519779
1983-05-06,1232.6,1232.6000,439.5,2.80455063
1983-05-09,1228.2,1228.2000,443.8,2.76746282
1983-05-10,1229.7,1229.7000,445.3,2.76150909
1983-05-11,1219.7,1219.7000,445.7,2.73659412
1983-05-12,1214.4,1214.4000,440.4,2.75749319
1983-05-13,1218.8,1218.8000,442.8,2.75248419
1983-05-16,1203,1203.0000,440.2,2.73284871
1983-05-17,1205.8,1205.8000,444.3,2.71393203
1983-05-18,1203.6,1203.6000,441.2,2.72801451
1983-05-19,1191.4,1191.4000,439.3,2.71204188
1983-05-20,1190,1190.0000,438,2.71689498
1983-05-23,1200.6,1200.6000,439,2.73485194
1983-05-24,1219,1219.0000,437.5,2.78628571
1983-05-25,1229,1229.0000,440.1,2.79254715
1983-05-26,1223.5,1223.5000,444.4,2.75315032
1983-05-27,1216.1,1216.1000,442.8,2.74638663
1983-05-31,1200,1200.0000,418.5,2.86738351
1983-06-01,1202.2,1202.2000,411.5,2.92150668
1983-06-02,1211.4,1211.4000,417.8,2.89947343
1983-06-03,1213,1213.0000,418,2.90191388
1983-06-06,1214.2,1214.2000,407.5,2.97963190
1983-06-07,1194.9,1194.9000,409.9,2.91510124
1983-06-08,1185.5,1185.5000,408,2.90563725
1983-06-09,1189,1189.0000,418,2.84449761
1983-06-10,1196.1,1196.1000,412.4,2.90033948
1983-06-13,1220.6,1220.6000,418.5,2.91660693
1983-06-14,1227.3,1227.3000,416.2,2.94882268
1983-06-15,1237.3,1237.3000,413.9,2.98936941
1983-06-16,1248.3,1248.3000,419.7,2.97426733
1983-06-17,1242.2,1242.2000,417.8,2.97319292
1983-06-20,1239.2,1239.2000,420.3,2.94837021
1983-06-21,1247.4,1247.4000,422.8,2.95033113
1983-06-22,1245.7,1245.7000,424.2,2.93658652
1983-06-23,1241.8,1241.8000,425.3,2.91982130
1983-06-24,1241.7,1241.7000,426.8,2.90932521
1983-06-27,1229.5,1229.5000,419,2.93436754
1983-06-28,1209.2,1209.2000,417.5,2.89628743
1983-06-29,1213.8,1213.8000,419.3,2.89482471
1983-06-30,1222,1222.0000,418.5,2.91995221
1983-07-01,1225.3,1225.3000,421.2,2.90906933
1983-07-05,1208.5,1208.5000,416,2.90504808
1983-07-06,1220.7,1220.7000,415.5,2.93790614
1983-07-07,1210.4,1210.4000,432.8,2.79667283
1983-07-08,1207.2,1207.2000,430.3,2.80548455
1983-07-11,1215.5,1215.5000,432.7,2.80910562
1983-07-12,1198.5,1198.5000,430,2.78720930
1983-07-13,1197.8,1197.8000,426.5,2.80844080
1983-07-14,1204.3,1204.3000,422.3,2.85176415
1983-07-15,1192.3,1192.3000,421.7,2.82736543
1983-07-18,1189.9,1189.9000,426.3,2.79122684
1983-07-19,1197.1,1197.1000,424.8,2.81803202
1983-07-20,1227.9,1227.9000,430.2,2.85425384
1983-07-21,1229.4,1229.4000,423.8,2.90089665
1983-07-22,1231.2,1231.2000,425.7,2.89217759
1983-07-25,1232.9,1232.9000,428.3,2.87858977
1983-07-26,1243.7,1243.7000,426.7,2.91469416
1983-07-27,1230.5,1230.5000,425,2.89529412
1983-07-28,1216.4,1216.4000,440.2,2.76328941
1983-07-29,1199.2,1199.2000,427.4,2.80580253
1983-08-01,1194.2,1194.2000,426.5,2.80000000
1983-08-02,1188,1188.0000,428,2.77570093
1983-08-03,1197.8,1197.8000,429.2,2.79077353
1983-08-04,1183.1,1183.1000,424.4,2.78770028
1983-08-05,1183.3,1183.3000,426.8,2.77249297
1983-08-08,1163.1,1163.1000,425.3,2.73477545
1983-08-09,1168.3,1168.3000,423,2.76193853
1983-08-10,1176,1176.0000,424.9,2.76771005
1983-08-11,1174.4,1174.4000,423.6,2.77242682
1983-08-12,1182.8,1182.8000,426.2,2.77522290
1983-08-15,1193.5,1193.5000,432.8,2.75762477
1983-08-16,1190.5,1190.5000,432.2,2.75451180
1983-08-17,1206.5,1206.5000,434,2.77995392
1983-08-18,1192.5,1192.5000,432.7,2.75595101
1983-08-19,1194.2,1194.2000,430.3,2.77527307
1983-08-22,1203.2,1203.2000,437.6,2.74954296
1983-08-23,1192.9,1192.9000,436.8,2.73099817
1983-08-24,1184.3,1184.3000,433.4,2.73257960
1983-08-25,1185.1,1185.1000,428.7,2.76440401
1983-08-26,1192.1,1192.1000,430.8,2.76717734
1983-08-29,1194.1,1194.1000,428.5,2.78669778
1983-08-30,1196,1196.0000,428.5,2.79113186
1983-08-31,1216.2,1216.2000,424.8,2.86299435
1983-09-01,1206.8,1206.8000,425.8,2.83419446
1983-09-02,1215.5,1215.5000,427,2.84660422
1983-09-06,1238.7,1238.7000,422.3,2.93322283
1983-09-07,1244.1,1244.1000,423.9,2.93489030
1983-09-08,1246.1,1246.1000,424.3,2.93683714
1983-09-09,1239.7,1239.7000,422.9,2.93142587
1983-09-12,1229.1,1229.1000,414,2.96884058
1983-09-13,1224.1,1224.1000,415.7,2.94467164
1983-09-14,1229.5,1229.5000,416.5,2.95198079
1983-09-15,1215,1215.0000,413.2,2.94046467
1983-09-16,1225.7,1225.7000,418.7,2.92739432
1983-09-19,1233.9,1233.9000,421.5,2.92740214
1983-09-20,1249.2,1249.2000,419.2,2.97996183
1983-09-21,1243.3,1243.3000,419.1,2.96659508
1983-09-22,1257.5,1257.5000,419.5,2.99761621
1983-09-23,1255.6,1255.6000,423.6,2.96411709
1983-09-26,1260.8,1260.8000,421.9,2.98838587
1983-09-27,1248,1248.0000,420.2,2.97001428
1983-09-28,1242,1242.0000,417.6,2.97413793
1983-09-29,1240.1,1240.1000,411.5,3.01360875
1983-09-30,1233.1,1233.1000,407.8,3.02378617
1983-10-03,1231.3,1231.3000,396.4,3.10620585
1983-10-04,1236.7,1236.7000,398.8,3.10105316
1983-10-05,1250.2,1250.2000,402.3,3.10763112
1983-10-06,1268.8,1268.8000,400.5,3.16803995
1983-10-07,1272.2,1272.2000,405.3,3.13890945
1983-10-10,1284.7,1284.7000,408.4,3.14569050
1983-10-11,1265.1,1265.1000,403,3.13920596
1983-10-12,1259.7,1259.7000,401.8,3.13514186
1983-10-13,1261.4,1261.4000,403.7,3.12459747
1983-10-14,1263.5,1263.5000,403.7,3.12979936
1983-10-17,1268.7,1268.7000,401.6,3.15911355
1983-10-18,1250.8,1250.8000,400.3,3.12465651
1983-10-19,1246.8,1246.8000,394.8,3.15805471
1983-10-20,1251.5,1251.5000,397.5,3.14842767
1983-10-21,1248.9,1248.9000,396.8,3.14742944
1983-10-24,1249,1249.0000,401.8,3.10851170
1983-10-25,1252.4,1252.4000,400.8,3.12475050
1983-10-26,1243.8,1243.8000,389.3,3.19496532
1983-10-27,1242.1,1242.1000,389,3.19305913
1983-10-28,1223.5,1223.5000,389.8,3.13878912
1983-10-31,1225.2,1225.2000,378.8,3.23442450
1983-11-01,1229.3,1229.3000,380.8,3.22820378
1983-11-02,1237.3,1237.3000,385.5,3.20959792
1983-11-03,1227.1,1227.1000,385,3.18727273
1983-11-04,1218.3,1218.3000,382.3,3.18676432
1983-11-07,1214.8,1214.8000,383.4,3.16849244
1983-11-08,1214.9,1214.9000,383,3.17206266
1983-11-09,1232.5,1232.5000,383.5,3.21382008
1983-11-10,1235.9,1235.9000,383.4,3.22352634
1983-11-11,1250.2,1250.2000,385.7,3.24137931
1983-11-14,1254.1,1254.1000,384.1,3.26503515
1983-11-15,1248,1248.0000,384.2,3.24830817
1983-11-16,1251.3,1251.3000,376.3,3.32527239
1983-11-17,1254.7,1254.7000,378.2,3.31755685
1983-11-18,1251,1251.0000,376.3,3.32447515
1983-11-21,1268.8,1268.8000,376.7,3.36819750
1983-11-22,1275.8,1275.8000,376.2,3.39128123
1983-11-23,1275.6,1275.6000,375.7,3.39526218
1983-11-25,1277.4,1277.4000,377.2,3.38653234
1983-11-28,1269.8,1269.8000,401.7,3.16106547
1983-11-29,1287.2,1287.2000,403.8,3.18771669
1983-11-30,1276,1276.0000,409,3.11980440
1983-12-01,1275.1,1275.1000,406.9,3.13369378
1983-12-02,1265.2,1265.2000,404.1,3.13090819
1983-12-05,1270.5,1270.5000,404.5,3.14091471
1983-12-06,1269.3,1269.3000,404.4,3.13872404
1983-12-07,1273.8,1273.8000,408.8,3.11594912
1983-12-08,1261.9,1261.9000,394,3.20279188
1983-12-09,1260.1,1260.1000,393.4,3.20310117
1983-12-12,1261.6,1261.6000,395.5,3.18988622
1983-12-13,1255.9,1255.9000,395.3,3.17708070
1983-12-14,1246.7,1246.7000,393.4,3.16903915
1983-12-15,1236.8,1236.8000,385.1,3.21163334
1983-12-16,1242.2,1242.2000,377,3.29496021
1983-12-19,1244.6,1244.6000,377.3,3.29870130
1983-12-20,1242,1242.0000,383.4,3.23943662
1983-12-21,1255,1255.0000,381.7,3.28792245
1983-12-22,1253.7,1253.7000,385.7,3.25045372
1983-12-23,1250.5,1250.5000,383.6,3.25990615
1983-12-27,1263.7,1263.7000,382.9,3.30033951
1983-12-28,1263.2,1263.2000,381.6,3.31027254
1983-12-29,1260.2,1260.2000,385.5,3.26900130
1983-12-30,1258.6,1258.6000,388,3.24381443
1984-01-03,1252.7,1252.7000,381.7,3.28189678
1984-01-04,1269.1,1269.1000,379.7,3.34237556
1984-01-05,1282.2,1282.2000,377.7,3.39475774
1984-01-06,1286.6,1286.6000,370,3.47729730
1984-01-09,1286.2,1286.2000,367.7,3.49796029
1984-01-10,1278.5,1278.5000,370.2,3.45353863
1984-01-11,1277.3,1277.3000,372.9,3.42531510
1984-01-12,1279.3,1279.3000,371.8,3.44082840
1984-01-13,1270.1,1270.1000,372.5,3.40966443
1984-01-16,1267.6,1267.6000,371.3,3.41395098
1984-01-17,1271.5,1271.5000,370.8,3.42907228
1984-01-18,1269.4,1269.4000,370.2,3.42895732
1984-01-19,1266,1266.0000,375.3,3.37330136
1984-01-20,1259.1,1259.1000,372.4,3.38104189
1984-01-23,1244.5,1244.5000,366.3,3.39748840
1984-01-24,1242.9,1242.9000,366.8,3.38849509
1984-01-25,1231.9,1231.9000,367.5,3.35210884
1984-01-26,1229.7,1229.7000,366.3,3.35708436
1984-01-27,1230,1230.0000,375.4,3.27650506
1984-01-30,1221.5,1221.5000,375.8,3.25039915
1984-01-31,1220.6,1220.6000,379.2,3.21888186
1984-02-01,1212.3,1212.3000,384.9,3.14964926
1984-02-02,1213.9,1213.9000,391.8,3.09826442
1984-02-03,1197,1197.0000,391.5,3.05747126
1984-02-06,1174.3,1174.3000,387,3.03436693
1984-02-07,1180.5,1180.5000,386.2,3.05670637
1984-02-08,1156.3,1156.3000,387.3,2.98554092
1984-02-09,1152.7,1152.7000,383.6,3.00495308
1984-02-10,1160.7,1160.7000,382.5,3.03450980
1984-02-13,1150.1,1150.1000,381.8,3.01231011
1984-02-14,1163.8,1163.8000,387.8,3.00103146
1984-02-15,1158.7,1158.7000,385.7,3.00414830
1984-02-16,1154.9,1154.9000,387.4,2.98115643
1984-02-17,1148.9,1148.9000,388.7,2.95574994
1984-02-21,1139.3,1139.3000,392.4,2.90341488
1984-02-22,1134.2,1134.2000,403.5,2.81090458
1984-02-23,1134.6,1134.6000,402.8,2.81678252
1984-02-24,1165.1,1165.1000,399.5,2.91639549
1984-02-27,1180,1180.0000,405,2.91358025
1984-02-28,1157.1,1157.1000,398.3,2.90509666
1984-02-29,1154.6,1154.6000,398.9,2.89445976
1984-03-01,1159.4,1159.4000,397.8,2.91452991
1984-03-02,1171.5,1171.5000,403.7,2.90190736
1984-03-05,1165.2,1165.2000,407.3,2.86079057
1984-03-06,1152.5,1152.5000,407,2.83169533
1984-03-07,1143.6,1143.6000,401.2,2.85044865
1984-03-08,1147.1,1147.1000,405.3,2.83024920
1984-03-09,1139.8,1139.8000,402.8,2.82969215
1984-03-12,1155.4,1155.4000,398.3,2.90082852
1984-03-13,1164.8,1164.8000,400.4,2.90909091
1984-03-14,1166,1166.0000,395.8,2.94593229
1984-03-15,1167.4,1167.4000,394.7,2.95768938
1984-03-16,1184.4,1184.4000,395.3,2.99620541
1984-03-19,1171.4,1171.4000,395.5,2.96182048
1984-03-20,1175.8,1175.8000,395.3,2.97444978
1984-03-21,1170.9,1170.9000,394,2.97182741
1984-03-22,1155.9,1155.9000,387.8,2.98066013
1984-03-23,1154.8,1154.8000,386.8,2.98552223
1984-03-26,1153,1153.0000,388.5,2.96782497
1984-03-27,1154.3,1154.3000,387.3,2.98037697
1984-03-28,1174.6,1174.6000,397.2,2.95720040
1984-03-29,1170.8,1170.8000,396.7,2.95134863
1984-03-30,1164.9,1164.9000,394.3,2.95434948
1984-04-02,1153.2,1153.2000,385.7,2.98988851
1984-04-03,1148.8,1148.8000,387.5,2.96464516
1984-04-04,1148.6,1148.6000,388.2,2.95878413
1984-04-05,1130.6,1130.6000,385.4,2.93357551
1984-04-06,1132.2,1132.2000,387.1,2.92482563
1984-04-09,1133.9,1133.9000,388,2.92242268
1984-04-10,1138.3,1138.3000,387.9,2.93451921
1984-04-11,1131,1131.0000,388.7,2.90969900
1984-04-12,1157.1,1157.1000,384.7,3.00779828
1984-04-13,1150.1,1150.1000,387,2.97183463
1984-04-16,1160.3,1160.3000,384.5,3.01768531
1984-04-17,1164.6,1164.6000,385.6,3.02022822
1984-04-18,1156.5,1156.5000,392,2.95025510
1984-04-19,1158.1,1158.1000,388.8,2.97865226
1984-04-23,1149.5,1149.5000,390.6,2.94290835
1984-04-24,1162.9,1162.9000,386.1,3.01191401
1984-04-25,1163.5,1163.5000,385.9,3.01502980
1984-04-26,1175.3,1175.3000,381.2,3.08315845
1984-04-27,1169.1,1169.1000,381.5,3.06448231
1984-04-30,1170.8,1170.8000,379.6,3.08429926
1984-05-01,1183,1183.0000,380.3,3.11070208
1984-05-02,1186.6,1186.6000,381.3,3.11198531
1984-05-03,1181.5,1181.5000,381.3,3.09861002
1984-05-04,1165.3,1165.3000,378.5,3.07873184
1984-05-07,1166.6,1166.6000,374.5,3.11508678
1984-05-08,1176.3,1176.3000,375.9,3.12928970
1984-05-09,1165.5,1165.5000,373.3,3.12215376
1984-05-10,1167.2,1167.2000,375,3.11253333
1984-05-11,1157.1,1157.1000,373.3,3.09965175
1984-05-14,1151.1,1151.1000,375.5,3.06551265
1984-05-15,1150.9,1150.9000,376.4,3.05765143
1984-05-16,1153.2,1153.2000,378.1,3.04998678
1984-05-17,1142.3,1142.3000,376.4,3.03480340
1984-05-18,1133.8,1133.8000,379.6,2.98682824
1984-05-21,1125.3,1125.3000,380.2,2.95975802
1984-05-22,1116.6,1116.6000,380.4,2.93533123
1984-05-23,1113.8,1113.8000,377.2,2.95281018
1984-05-24,1103.4,1103.4000,379,2.91134565
1984-05-25,1107.1,1107.1000,390,2.83871795
1984-05-29,1101.2,1101.2000,392.3,2.80703543
1984-05-30,1102.6,1102.6000,391.6,2.81562819
1984-05-31,1104.9,1104.9000,393.6,2.80716463
1984-06-01,1124.4,1124.4000,397,2.83224181
1984-06-04,1131.6,1131.6000,402.2,2.81352561
1984-06-05,1124.9,1124.9000,401.1,2.80453752
1984-06-06,1133.8,1133.8000,398.9,2.84231637
1984-06-07,1132.4,1132.4000,396.4,2.85671039
1984-06-08,1131.3,1131.3000,389.5,2.90449294
1984-06-11,1115.6,1115.6000,378.9,2.94431248
1984-06-12,1110.5,1110.5000,379.5,2.92621871
1984-06-13,1110.5,1110.5000,379.2,2.92853376
1984-06-14,1097.6,1097.6000,379.9,2.88918136
1984-06-15,1086.9,1086.9000,375.3,2.89608313
1984-06-18,1109.7,1109.7000,375.7,2.95368645
1984-06-19,1115.8,1115.8000,375.8,2.96913252
1984-06-20,1131.6,1131.6000,376.6,3.00477961
1984-06-21,1127.2,1127.2000,377.6,2.98516949
1984-06-22,1131.1,1131.1000,376.6,3.00345194
1984-06-25,1130.5,1130.5000,372.5,3.03489933
1984-06-26,1122.8,1122.8000,374.5,2.99813084
1984-06-27,1116.7,1116.7000,373.7,2.98822585
1984-06-28,1126.6,1126.6000,376.9,2.98912178
1984-06-29,1132.4,1132.4000,376.1,3.01090136
1984-07-02,1130.1,1130.1000,373.6,3.02489293
1984-07-03,1134.3,1134.3000,372.4,3.04591837
1984-07-05,1124.6,1124.6000,362,3.10662983
1984-07-06,1122.6,1122.6000,347.2,3.23329493
1984-07-09,1134.1,1134.1000,349.8,3.24213836
1984-07-10,1126.9,1126.9000,345.3,3.26353895
1984-07-11,1108.6,1108.6000,343.3,3.22924556
1984-07-12,1104.6,1104.6000,339.5,3.25360825
1984-07-13,1109.9,1109.9000,345.8,3.20965876
1984-07-16,1116.8,1116.8000,349.8,3.19268153
1984-07-17,1122.9,1122.9000,347.3,3.23322776
1984-07-18,1111.6,1111.6000,350.3,3.17328005
1984-07-19,1102.9,1102.9000,348.3,3.16652311
1984-07-20,1101.4,1101.4000,340,3.23941176
1984-07-23,1096.6,1096.6000,337.8,3.24629959
1984-07-24,1086.6,1086.6000,337.8,3.21669627
1984-07-25,1097,1097.0000,343.7,3.19173698
1984-07-26,1107.6,1107.6000,333.8,3.31815458
1984-07-27,1114.6,1114.6000,342,3.25906433
1984-07-30,1110,1110.0000,355.1,3.12588003
1984-07-31,1115.3,1115.3000,350.3,3.18384242
1984-08-01,1134.6,1134.6000,358,3.16927374
1984-08-02,1166.1,1166.1000,357.1,3.26547186
1984-08-03,1202.1,1202.1000,363,3.31157025
1984-08-06,1203,1203.0000,361.5,3.32780083
1984-08-07,1204.6,1204.6000,356.3,3.38085883
1984-08-08,1196.1,1196.1000,356.7,3.35323802
1984-08-09,1224.1,1224.1000,361.3,3.38804318
1984-08-10,1218.1,1218.1000,354.8,3.43320180
1984-08-13,1220.1,1220.1000,362.7,3.36393714
1984-08-14,1214.1,1214.1000,366.8,3.30997819
1984-08-15,1199,1199.0000,365.7,3.27864370
1984-08-16,1209.1,1209.1000,362.2,3.33821093
1984-08-17,1211.9,1211.9000,362.3,3.34501794
1984-08-20,1217,1217.0000,354.8,3.43010147
1984-08-21,1239.7,1239.7000,357.1,3.47157659
1984-08-22,1231.8,1231.8000,365,3.37479452
1984-08-23,1232.4,1232.4000,360.4,3.41953385
1984-08-24,1236.5,1236.5000,362.3,3.41291747
1984-08-27,1227.9,1227.9000,358.9,3.42128727
1984-08-28,1232.1,1232.1000,358.7,3.43490382
1984-08-29,1226.9,1226.9000,360,3.40805556
1984-08-30,1223.3,1223.3000,358.2,3.41513121
1984-08-31,1224.4,1224.4000,358,3.42011173
1984-09-04,1212.4,1212.4000,347.3,3.49093003
1984-09-05,1209,1209.0000,348.8,3.46616972
1984-09-06,1218.9,1218.9000,352.7,3.45591154
1984-09-07,1207.4,1207.4000,344.3,3.50682544
1984-09-10,1202.5,1202.5000,347.2,3.46342166
1984-09-11,1198,1198.0000,347.7,3.44549899
1984-09-12,1200.3,1200.3000,346.8,3.46107266
1984-09-13,1228.3,1228.3000,346.2,3.54794916
1984-09-14,1237.5,1237.5000,348.1,3.55501293
1984-09-17,1237.1,1237.1000,343.5,3.60145560
1984-09-18,1226.3,1226.3000,348.3,3.52081539
1984-09-19,1213,1213.0000,348,3.48563218
1984-09-20,1216.5,1216.5000,349.3,3.48267965
1984-09-21,1201.7,1201.7000,354.3,3.39175840
1984-09-24,1205.1,1205.1000,352.3,3.42066421
1984-09-25,1207.2,1207.2000,352.4,3.42565267
1984-09-26,1212.1,1212.1000,348.7,3.47605391
1984-09-27,1216.8,1216.8000,350.3,3.47359406
1984-09-28,1206.7,1206.7000,351.3,3.43495588
1984-10-01,1199,1199.0000,350.9,3.41692790
1984-10-02,1191.4,1191.4000,353.4,3.37125071
1984-10-03,1182.9,1182.9000,351.9,3.36146633
1984-10-04,1187.4,1187.4000,352.8,3.36564626
1984-10-05,1182.5,1182.5000,347,3.40778098
1984-10-08,1177.9,1177.9000,347.8,3.38671650
1984-10-09,1175.1,1175.1000,342,3.43596491
1984-10-10,1177.2,1177.2000,343.6,3.42607683
1984-10-11,1183.1,1183.1000,341.3,3.46645180
1984-10-12,1190.7,1190.7000,346.3,3.43834825
1984-10-15,1203,1203.0000,345.2,3.48493627
1984-10-16,1197.8,1197.8000,343.2,3.49009324
1984-10-17,1195.9,1195.9000,340.7,3.51012621
1984-10-18,1225.4,1225.4000,344.3,3.55910543
1984-10-19,1225.9,1225.9000,342.4,3.58031542
1984-10-22,1217.2,1217.2000,342,3.55906433
1984-10-23,1213,1213.0000,343.4,3.53232382
1984-10-24,1216.4,1216.4000,342.9,3.54738991
1984-10-25,1211,1211.0000,340.4,3.55757932
1984-10-26,1205,1205.0000,340.3,3.54099324
1984-10-29,1201.4,1201.4000,338,3.55443787
1984-10-30,1217.3,1217.3000,336.5,3.61753343
1984-10-31,1207.4,1207.4000,336,3.59345238
1984-11-01,1217.1,1217.1000,338,3.60088757
1984-11-02,1216.7,1216.7000,345.4,3.52258251
1984-11-05,1229.2,1229.2000,349.8,3.51400800
1984-11-06,1244.2,1244.2000,347.2,3.58352535
1984-11-07,1233.2,1233.2000,352.5,3.49843972
1984-11-08,1228.7,1228.7000,349.7,3.51358307
1984-11-09,1219,1219.0000,347.5,3.50791367
1984-11-12,1219.2,1219.2000,349.2,3.49140893
1984-11-13,1206.6,1206.6000,347.7,3.47023296
1984-11-14,1206.9,1206.9000,347.8,3.47009776
1984-11-15,1206.2,1206.2000,345.8,3.48814344
1984-11-16,1187.9,1187.9000,345,3.44318841
1984-11-19,1185.3,1185.3000,343.3,3.45266531
1984-11-20,1195.1,1195.1000,343.8,3.47614892
1984-11-21,1201.5,1201.5000,342.9,3.50393701
1984-11-23,1220.3,1220.3000,345.5,3.53198263
1984-11-26,1212.4,1212.4000,331.5,3.65731523
1984-11-27,1220.2,1220.2000,327.4,3.72693952
1984-11-28,1205.4,1205.4000,335.6,3.59177592
1984-11-29,1193.5,1193.5000,335.4,3.55843769
1984-11-30,1188.9,1188.9000,333.5,3.56491754
1984-12-03,1182.4,1182.4000,336.1,3.51800060
1984-12-04,1185.1,1185.1000,334.1,3.54714157
1984-12-05,1171.6,1171.6000,334.3,3.50463655
1984-12-06,1170.5,1170.5000,334.7,3.49716164
1984-12-07,1163.2,1163.2000,330.8,3.51632406
1984-12-10,1172.3,1172.3000,329.4,3.55889496
1984-12-11,1178.3,1178.3000,329.3,3.57819617
1984-12-12,1175.1,1175.1000,329.5,3.56631259
1984-12-13,1168.8,1168.8000,327.8,3.56558877
1984-12-14,1175.9,1175.9000,325.4,3.61370621
1984-12-17,1176.8,1176.8000,316.9,3.71347428
1984-12-18,1211.6,1211.6000,311.5,3.88956661
1984-12-19,1208,1208.0000,311.1,3.88299582
1984-12-20,1203.3,1203.3000,309.6,3.88662791
1984-12-21,1199,1199.0000,313.2,3.82822478
1984-12-24,1210.1,1210.1000,313.2,3.86366539
1984-12-26,1208.9,1208.9000,314.2,3.84754933
1984-12-27,1202.5,1202.5000,309.2,3.88906856
1984-12-28,1204.2,1204.2000,310,3.88451613
1984-12-31,1211.6,1211.6000,309.7,3.91217307
1985-01-02,1198.9,1198.9000,304.2,3.94115713
1985-01-03,1189.8,1189.8000,303.2,3.92414248
1985-01-04,1185,1185.0000,299.7,3.95395395
1985-01-07,1190.6,1190.6000,303.7,3.92031610
1985-01-08,1191.7,1191.7000,298,3.99899329
1985-01-09,1202.7,1202.7000,305.5,3.93682488
1985-01-10,1223.5,1223.5000,304.3,4.02070325
1985-01-11,1218.1,1218.1000,300.3,4.05627706
1985-01-14,1234.5,1234.5000,303.9,4.06219151
1985-01-15,1230.8,1230.8000,302.3,4.07145220
1985-01-16,1230.7,1230.7000,304.5,4.04170772
1985-01-17,1228.7,1228.7000,308.5,3.98282010
1985-01-18,1227.4,1227.4000,307.2,3.99544271
1985-01-21,1261.4,1261.4000,308.4,4.09014267
1985-01-22,1259.5,1259.5000,303.9,4.14445541
1985-01-23,1274.7,1274.7000,301.7,4.22505800
1985-01-24,1270.4,1270.4000,299.7,4.23890557
1985-01-25,1276.1,1276.1000,300.4,4.24800266
1985-01-28,1277.8,1277.8000,306.3,4.17172706
1985-01-29,1292.6,1292.6000,305.3,4.23386833
1985-01-30,1287.9,1287.9000,307.9,4.18285158
1985-01-31,1286.8,1286.8000,307.4,4.18607677
1985-02-01,1277.7,1277.7000,306.5,4.16867863
1985-02-04,1290.1,1290.1000,305.4,4.22429601
1985-02-05,1285.2,1285.2000,305.5,4.20687398
1985-02-06,1280.6,1280.6000,305.3,4.19456273
1985-02-07,1290.1,1290.1000,302.7,4.26197555
1985-02-08,1290,1290.0000,303.4,4.25181279
1985-02-11,1276.1,1276.1000,307.5,4.14991870
1985-02-12,1276.6,1276.6000,304.7,4.18969478
1985-02-13,1297.9,1297.9000,305.7,4.24566569
1985-02-14,1287.9,1287.9000,305.9,4.21019941
1985-02-15,1282,1282.0000,306.9,4.17725644
1985-02-19,1280.6,1280.6000,306.4,4.17950392
1985-02-20,1283.1,1283.1000,306,4.19313725
1985-02-21,1279,1279.0000,301.1,4.24775822
1985-02-22,1275.8,1275.8000,296.5,4.30286678
1985-02-25,1277.5,1277.5000,284.1,4.49665611
1985-02-26,1286.1,1286.1000,290,4.43482759
1985-02-27,1281,1281.0000,289.8,4.42028986
1985-02-28,1284,1284.0000,288.7,4.44752338
1985-03-01,1299.4,1299.4000,291.6,4.45610425
1985-03-04,1289.5,1289.5000,291.9,4.41760877
1985-03-05,1291.9,1291.9000,287.9,4.48732199
1985-03-06,1280.4,1280.4000,292.9,4.37145784
1985-03-07,1271.5,1271.5000,291,4.36941581
1985-03-08,1269.7,1269.7000,288.5,4.40103986
1985-03-11,1268.6,1268.6000,290.1,4.37297484
1985-03-12,1271.8,1271.8000,292.3,4.35100924
1985-03-13,1261.7,1261.7000,291.9,4.32237067
1985-03-14,1260.1,1260.1000,291.8,4.31836875
1985-03-15,1247.4,1247.4000,295.2,4.22560976
1985-03-18,1249.7,1249.7000,303.8,4.11356155
1985-03-19,1271.1,1271.1000,328.8,3.86587591
1985-03-20,1265.2,1265.2000,324.3,3.90132593
1985-03-21,1268.2,1268.2000,317.5,3.99433071
1985-03-22,1267.5,1267.5000,316.8,4.00094697
1985-03-25,1259.9,1259.9000,320.9,3.92614522
1985-03-26,1259.7,1259.7000,324.4,3.88316893
1985-03-27,1264.9,1264.9000,332.4,3.80535499
1985-03-28,1260.7,1260.7000,331.4,3.80416415
1985-03-29,1266.8,1266.8000,334.1,3.79167914
1985-04-01,1272.8,1272.8000,322.7,3.94422064
1985-04-02,1265.7,1265.7000,326.2,3.88013489
1985-04-03,1258.1,1258.1000,320.7,3.92298098
1985-04-04,1259.1,1259.1000,324,3.88611111
1985-04-08,1253,1253.0000,329,3.80851064
1985-04-09,1253.9,1253.9000,327.9,3.82403172
1985-04-10,1259.9,1259.9000,330,3.81787879
1985-04-11,1263.7,1263.7000,336.4,3.75653983
1985-04-12,1265.7,1265.7000,331.6,3.81694813
1985-04-15,1266.8,1266.8000,333.2,3.80192077
1985-04-16,1269.6,1269.6000,330.8,3.83796856
1985-04-17,1272.3,1272.3000,327.9,3.88014639
1985-04-18,1265.1,1265.1000,330.8,3.82436518
1985-04-19,1266.6,1266.6000,331.3,3.82312104
1985-04-22,1266.6,1266.6000,330.1,3.83701909
1985-04-23,1278.7,1278.7000,325.6,3.92721130
1985-04-24,1278.5,1278.5000,325.3,3.93021826
1985-04-25,1284.8,1284.8000,326.2,3.93868792
1985-04-26,1275.2,1275.2000,325.2,3.92127921
1985-04-29,1259.7,1259.7000,327.2,3.84993888
1985-04-30,1258.1,1258.1000,316.5,3.97503949
1985-05-01,1242.1,1242.1000,315.3,3.93942277
1985-05-02,1242.3,1242.3000,316.3,3.92760038
1985-05-03,1247.2,1247.2000,313.3,3.98084903
1985-05-06,1247.8,1247.8000,310.5,4.01867955
1985-05-07,1252.8,1252.8000,316.5,3.95829384
1985-05-08,1249.8,1249.8000,314.2,3.97772120
1985-05-09,1260.3,1260.3000,314.3,4.00986319
1985-05-10,1274.2,1274.2000,317.5,4.01322835
1985-05-13,1277.5,1277.5000,326.3,3.91510880
1985-05-14,1273.3,1273.3000,325.8,3.90822591
1985-05-15,1273.5,1273.5000,323.9,3.93176906
1985-05-16,1278.1,1278.1000,321.5,3.97542768
1985-05-17,1285.3,1285.3000,321,4.00404984
1985-05-20,1304.9,1304.9000,314,4.15573248
1985-05-21,1309.7,1309.7000,317.9,4.11984901
1985-05-22,1303.8,1303.8000,316.1,4.12464410
1985-05-23,1296.7,1296.7000,316.1,4.10218285
1985-05-24,1302,1302.0000,314.8,4.13595934
1985-05-28,1301.5,1301.5000,310.3,4.19432807
1985-05-29,1303,1303.0000,315.5,4.12995246
1985-05-30,1305.8,1305.8000,316.6,4.12444725
1985-05-31,1315.4,1315.4000,319.5,4.11705790
1985-06-03,1310.9,1310.9000,320.3,4.09272557
1985-06-04,1315.3,1315.3000,319.1,4.12190536
1985-06-05,1320.6,1320.6000,318.4,4.14761307
1985-06-06,1327.3,1327.3000,318.9,4.16211979
1985-06-07,1316.4,1316.4000,317.7,4.14353163
1985-06-10,1318.4,1318.4000,317.2,4.15636822
1985-06-11,1313.8,1313.8000,316.9,4.14578731
1985-06-12,1306.3,1306.3000,316.7,4.12472371
1985-06-13,1290.1,1290.1000,317.4,4.06458727
1985-06-14,1301,1301.0000,322,4.04037267
1985-06-17,1298.4,1298.4000,321.8,4.03480423
1985-06-18,1304.8,1304.8000,330.5,3.94795764
1985-06-19,1297.4,1297.4000,324.8,3.99445813
1985-06-20,1299.7,1299.7000,316,4.11297468
1985-06-21,1324.5,1324.5000,316.6,4.18351232
1985-06-24,1320.6,1320.6000,317.9,4.15413652
1985-06-25,1323,1323.0000,318.3,4.15645617
1985-06-26,1323.8,1323.8000,317.8,4.16551290
1985-06-27,1332.2,1332.2000,319,4.17617555
1985-06-28,1335.5,1335.5000,317.7,4.20365124
1985-07-01,1337.1,1337.1000,310.8,4.30212355
1985-07-02,1334,1334.0000,311.4,4.28387925
1985-07-03,1326.4,1326.4000,311.4,4.25947335
1985-07-05,1334.5,1334.5000,311.4,4.28548491
1985-07-08,1328.4,1328.4000,316.6,4.19583070
1985-07-09,1321.9,1321.9000,314.5,4.20317965
1985-07-10,1332.9,1332.9000,316.2,4.21537002
1985-07-11,1337.7,1337.7000,315.1,4.24531895
1985-07-12,1338.6,1338.6000,319.2,4.19360902
1985-07-15,1335.5,1335.5000,318.4,4.19440955
1985-07-16,1347.9,1347.9000,321,4.19906542
1985-07-17,1358,1358.0000,324,4.19135802
1985-07-18,1350.9,1350.9000,318.8,4.23745295
1985-07-19,1359.5,1359.5000,318.8,4.26442911
1985-07-22,1357.6,1357.6000,322.3,4.21222464
1985-07-23,1351.8,1351.8000,318.3,4.24693685
1985-07-24,1348.9,1348.9000,319.3,4.22455371
1985-07-25,1353.6,1353.6000,319.6,4.23529412
1985-07-26,1357.1,1357.1000,322,4.21459627
1985-07-29,1343.9,1343.9000,324.2,4.14528069
1985-07-30,1346.1,1346.1000,332,4.05451807
1985-07-31,1347.5,1347.5000,335.2,4.01998807
1985-08-01,1355.6,1355.6000,328,4.13292683
1985-08-02,1353.1,1353.1000,329.7,4.10403397
1985-08-05,1346.9,1346.9000,330.6,4.07410768
1985-08-06,1325.2,1325.2000,328.6,4.03286671
1985-08-07,1325,1325.0000,330.2,4.01271956
1985-08-08,1329.9,1329.9000,329.6,4.03489078
1985-08-09,1320.8,1320.8000,336.3,3.92744573
1985-08-12,1314.3,1314.3000,334.7,3.92680012
1985-08-13,1315.3,1315.3000,334.3,3.93448998
1985-08-14,1317,1317.0000,334.2,3.94075404
1985-08-15,1317.8,1317.8000,340.4,3.87132785
1985-08-16,1312.7,1312.7000,345.6,3.79832176
1985-08-19,1312.5,1312.5000,345.8,3.79554656
1985-08-20,1323.7,1323.7000,343,3.85918367
1985-08-21,1329.5,1329.5000,346.2,3.84026574
1985-08-22,1318.1,1318.1000,345.2,3.81836616
1985-08-23,1318.3,1318.3000,342.7,3.84680479
1985-08-26,1317.7,1317.7000,342.9,3.84281132
1985-08-27,1322.5,1322.5000,344,3.84447674
1985-08-28,1331.1,1331.1000,347.3,3.83270947
1985-08-29,1335.1,1335.1000,341.6,3.90837237
1985-08-30,1334,1334.0000,339.8,3.92583873
1985-09-03,1329.2,1329.2000,331,4.01570997
1985-09-04,1326.7,1326.7000,331.1,4.00694654
1985-09-05,1325.8,1325.8000,326.3,4.06313209
1985-09-06,1335.7,1335.7000,326.6,4.08971219
1985-09-09,1339.3,1339.3000,325.2,4.11838868
1985-09-10,1333.5,1333.5000,327.6,4.07051282
1985-09-11,1319.4,1319.4000,326.7,4.03856749
1985-09-12,1312.4,1312.4000,326.3,4.02206558
1985-09-13,1307.7,1307.7000,324,4.03611111
1985-09-16,1309.1,1309.1000,324.5,4.03420647
1985-09-17,1298.2,1298.2000,321.5,4.03794712
1985-09-18,1300.4,1300.4000,319.8,4.06629143
1985-09-19,1306.8,1306.8000,324.6,4.02587800
1985-09-20,1297.9,1297.9000,323.8,4.00833848
1985-09-23,1316.3,1316.3000,333.7,3.94456098
1985-09-24,1321.1,1321.1000,334.8,3.94593787
1985-09-25,1312.1,1312.1000,334.3,3.92491774
1985-09-26,1320.8,1320.8000,332.2,3.97591812
1985-09-30,1328.6,1328.6000,327.1,4.06175482
1985-10-01,1341,1341.0000,327.1,4.09966371
1985-10-02,1333.7,1333.7000,328.3,4.06244289
1985-10-03,1333.1,1333.1000,333.9,3.99251273
1985-10-04,1328.7,1328.7000,332.2,3.99969898
1985-10-07,1324.4,1324.4000,330.5,4.00726172
1985-10-08,1325.5,1325.5000,328.6,4.03377967
1985-10-09,1326.7,1326.7000,329,4.03252280
1985-10-10,1328.1,1328.1000,329.1,4.03555150
1985-10-11,1339.9,1339.9000,330.7,4.05170850
1985-10-14,1354.7,1354.7000,329.8,4.10764099
1985-10-15,1350.8,1350.8000,329.1,4.10452750
1985-10-16,1368.5,1368.5000,326.8,4.18757650
1985-10-17,1369.3,1369.3000,328.4,4.16961023
1985-10-18,1368.8,1368.8000,329.7,4.15165302
1985-10-21,1364.1,1364.1000,329.4,4.14116576
1985-10-22,1364.4,1364.4000,330.1,4.13329294
1985-10-23,1367.2,1367.2000,329,4.15562310
1985-10-24,1362.3,1362.3000,328.2,4.15082267
1985-10-25,1356.5,1356.5000,329.4,4.11809350
1985-10-28,1360,1360.0000,328.9,4.13499544
1985-10-29,1368.7,1368.7000,329.3,4.15639235
1985-10-30,1375.6,1375.6000,327.8,4.19646126
1985-10-31,1374.3,1374.3000,326.7,4.20661157
1985-11-01,1390.3,1390.3000,328.1,4.23742761
1985-11-04,1389.7,1389.7000,327.1,4.24854784
1985-11-05,1396.7,1396.7000,326.2,4.28172900
1985-11-06,1403.4,1403.4000,325.5,4.31152074
1985-11-07,1399.5,1399.5000,323.1,4.33147632
1985-11-08,1404.4,1404.4000,325.6,4.31326781
1985-11-11,1431.9,1431.9000,324.5,4.41263482
1985-11-12,1433.6,1433.6000,325.8,4.40024555
1985-11-13,1427.8,1427.8000,326.2,4.37706928
1985-11-14,1439.2,1439.2000,325.8,4.41743401
1985-11-15,1435.1,1435.1000,324.7,4.41977210
1985-11-18,1440,1440.0000,324.7,4.43486295
1985-11-19,1439,1439.0000,324.7,4.43178318
1985-11-20,1439.2,1439.2000,326.8,4.40391677
1985-11-21,1462.3,1462.3000,327.4,4.46640195
1985-11-22,1464.3,1464.3000,327.4,4.47251069
1985-11-25,1456.7,1456.7000,332.7,4.37841900
1985-11-26,1456.8,1456.8000,335.6,4.34088200
1985-11-27,1475.7,1475.7000,330.2,4.46910963
1985-11-29,1472.1,1472.1000,327.3,4.49770852
1985-12-02,1457.9,1457.9000,326.5,4.46523737
1985-12-03,1459.1,1459.1000,326.7,4.46617692
1985-12-04,1484.4,1484.4000,325.7,4.55756831
1985-12-05,1482.9,1482.9000,326.9,4.53624962
1985-12-06,1477.2,1477.2000,326.2,4.52851012
1985-12-09,1497,1497.0000,319.8,4.68105066
1985-12-10,1499.2,1499.2000,321.2,4.66749689
1985-12-11,1511.7,1511.7000,320.1,4.72258669
1985-12-12,1511.2,1511.2000,320.4,4.71660424
1985-12-13,1535.2,1535.2000,322.2,4.76474240
1985-12-16,1553.1,1553.1000,324.9,4.78024007
1985-12-17,1544.5,1544.5000,323.9,4.76844705
1985-12-18,1542.4,1542.4000,327.3,4.71249618
1985-12-19,1543.9,1543.9000,327.2,4.71852078
1985-12-20,1543,1543.0000,328.7,4.69425008
1985-12-23,1528.8,1528.8000,328.3,4.65671642
1985-12-24,1519.2,1519.2000,328.2,4.62888483
1985-12-26,1526.5,1526.5000,327.7,4.65822399
1985-12-27,1543,1543.0000,329,4.68996960
1985-12-30,1550.5,1550.5000,330.6,4.68995765
1985-12-31,1546.7,1546.7000,331.1,4.67139837
1986-01-02,1537.7,1537.7000,328.9,4.67528124
1986-01-03,1549.2,1549.2000,330,4.69454545
1986-01-06,1547.6,1547.6000,330.7,4.67977018
1986-01-07,1565.7,1565.7000,332.8,4.70462740
1986-01-08,1526.6,1526.6000,336.1,4.54210057
1986-01-09,1518.2,1518.2000,339.9,4.46660783
1986-01-10,1513.5,1513.5000,343.3,4.40868045
1986-01-13,1520.5,1520.5000,341.5,4.45241581
1986-01-14,1519,1519.0000,341,4.45454545
1986-01-15,1527.3,1527.3000,350.7,4.35500428
1986-01-16,1541.6,1541.6000,357.6,4.31096197
1986-01-17,1536.7,1536.7000,358,4.29245810
1986-01-20,1529.1,1529.1000,355.1,4.30611095
1986-01-21,1514.5,1514.5000,352.8,4.29280045
1986-01-22,1502.3,1502.3000,351.5,4.27396871
1986-01-23,1511.2,1511.2000,351.9,4.29440182
1986-01-24,1529.9,1529.9000,358.4,4.26869420
1986-01-27,1537.6,1537.6000,354.3,4.33982501
1986-01-28,1556.4,1556.4000,357.1,4.35844301
1986-01-29,1558.9,1558.9000,360.2,4.32787340
1986-01-30,1552.2,1552.2000,359.4,4.31886477
1986-01-31,1571,1571.0000,352.9,4.45168603
1986-02-03,1594.3,1594.3000,347.4,4.58923431
1986-02-04,1593.2,1593.2000,337.4,4.72199170
1986-02-05,1593.1,1593.1000,339.3,4.69525494
1986-02-06,1600.7,1600.7000,340.4,4.70240893
1986-02-07,1613.4,1613.4000,342.5,4.71065693
1986-02-10,1626.4,1626.4000,340.8,4.77230047
1986-02-11,1622.8,1622.8000,341.6,4.75058548
1986-02-12,1629.9,1629.9000,340.8,4.78257042
1986-02-13,1645.1,1645.1000,335.3,4.90635252
1986-02-14,1664.5,1664.5000,336.2,4.95092207
1986-02-18,1678.8,1678.8000,339.7,4.94200765
1986-02-19,1658.3,1658.3000,339,4.89174041
1986-02-20,1672.8,1672.8000,341.4,4.89982425
1986-02-21,1697.7,1697.7000,343.3,4.94523740
1986-02-24,1698.3,1698.3000,351,4.83846154
1986-02-25,1692.7,1692.7000,350,4.83628571
1986-02-26,1696.9,1696.9000,338.5,5.01299852
1986-02-27,1714,1714.0000,339.2,5.05306604
1986-02-28,1709.1,1709.1000,341,5.01202346
1986-03-03,1696.7,1696.7000,340.5,4.98296623
1986-03-04,1686.4,1686.4000,346,4.87398844
1986-03-05,1686.7,1686.7000,344.5,4.89608128
1986-03-06,1696.6,1696.6000,344.3,4.92767935
1986-03-07,1699.8,1699.8000,345.7,4.91698004
1986-03-10,1703,1703.0000,343.3,4.96067579
1986-03-11,1746.1,1746.1000,344.9,5.06262685
1986-03-12,1745.5,1745.5000,353,4.94475921
1986-03-13,1753.7,1753.7000,349.2,5.02205040
1986-03-14,1792.7,1792.7000,348.9,5.13814847
1986-03-17,1776.9,1776.9000,350.8,5.06527936
1986-03-18,1789.9,1789.9000,350.3,5.10962033
1986-03-19,1788,1788.0000,350.8,5.09692132
1986-03-20,1804.2,1804.2000,352.7,5.11539552
1986-03-21,1768.6,1768.6000,357.4,4.94851707
1986-03-24,1782.9,1782.9000,351.3,5.07514944
1986-03-25,1778.5,1778.5000,344,5.17005814
1986-03-26,1810.7,1810.7000,348.5,5.19569584
1986-03-27,1821.7,1821.7000,347.2,5.24683180
1986-03-31,1818.6,1818.6000,334.8,5.43189964
1986-04-01,1790.1,1790.1000,337,5.31186944
1986-04-02,1795.3,1795.3000,339.5,5.28807069
1986-04-03,1766.4,1766.4000,338.4,5.21985816
1986-04-04,1739.2,1739.2000,338.4,5.13947991
1986-04-07,1735.5,1735.5000,342.5,5.06715328
1986-04-08,1769.8,1769.8000,342.9,5.16127151
1986-04-09,1778.6,1778.6000,342.2,5.19754530
1986-04-10,1794.3,1794.3000,341.7,5.25109745
1986-04-11,1790.2,1790.2000,347.5,5.15165468
1986-04-14,1805.3,1805.3000,344.2,5.24491575
1986-04-15,1809.7,1809.7000,343.4,5.26994758
1986-04-16,1848,1848.0000,341.9,5.40508921
1986-04-17,1855,1855.0000,341.5,5.43191801
1986-04-18,1840.4,1840.4000,346.7,5.30833574
1986-04-21,1855.9,1855.9000,345.7,5.36852763
1986-04-22,1831,1831.0000,349,5.24641834
1986-04-23,1829.6,1829.6000,348.1,5.25596093
1986-04-24,1831.7,1831.7000,347.1,5.27715356
1986-04-25,1835.6,1835.6000,346.2,5.30213749
1986-04-28,1843.8,1843.8000,345.8,5.33198381
1986-04-29,1825.9,1825.9000,346.9,5.26347651
1986-04-30,1784,1784.0000,348.1,5.12496409
1986-05-01,1777.8,1777.8000,342.8,5.18611435
1986-05-02,1774.7,1774.7000,344.7,5.14853496
1986-05-05,1793.8,1793.8000,344.2,5.21150494
1986-05-06,1788,1788.0000,344,5.19767442
1986-05-07,1775.3,1775.3000,345.8,5.13389242
1986-05-08,1786.2,1786.2000,345.5,5.16989870
1986-05-09,1789.4,1789.4000,345.5,5.17916064
1986-05-12,1787.3,1787.3000,345.5,5.17308249
1986-05-13,1785.3,1785.3000,345.1,5.17328311
1986-05-14,1808.3,1808.3000,343.1,5.27047508
1986-05-15,1774.7,1774.7000,343.4,5.16802563
1986-05-16,1759.8,1759.8000,343.8,5.11867365
1986-05-19,1758.2,1758.2000,340.7,5.16055181
1986-05-20,1784,1784.0000,339.8,5.25014715
1986-05-21,1775.2,1775.2000,339.8,5.22424956
1986-05-22,1806.3,1806.3000,342.6,5.27232925
1986-05-23,1823.3,1823.3000,342.4,5.32505841
1986-05-27,1853,1853.0000,341.8,5.42129901
1986-05-28,1878.3,1878.3000,342.5,5.48408759
1986-05-29,1882.4,1882.4000,347,5.42478386
1986-05-30,1876.7,1876.7000,347.1,5.40679919
1986-06-02,1862,1862.0000,345.1,5.39553753
1986-06-03,1870.4,1870.4000,345.3,5.41673907
1986-06-04,1863.3,1863.3000,344.8,5.40400232
1986-06-05,1879.4,1879.4000,344.6,5.45385955
1986-06-06,1885.9,1885.9000,344.8,5.46954756
1986-06-09,1840.2,1840.2000,354.2,5.19536985
1986-06-10,1837.2,1837.2000,351.2,5.23120729
1986-06-11,1846.1,1846.1000,351.7,5.24907592
1986-06-12,1838.1,1838.1000,349.8,5.25471698
1986-06-13,1874.2,1874.2000,348.8,5.37327982
1986-06-16,1871.8,1871.8000,337.5,5.54607407
1986-06-17,1865.8,1865.8000,339.3,5.49896846
1986-06-18,1868.9,1868.9000,340.5,5.48869310
1986-06-19,1855.9,1855.9000,340.9,5.44411851
1986-06-20,1879.5,1879.5000,342.7,5.48438868
1986-06-23,1864.3,1864.3000,343.3,5.43052724
1986-06-24,1875.6,1875.6000,345.2,5.43337196
1986-06-25,1885.1,1885.1000,347.1,5.43099971
1986-06-26,1880.2,1880.2000,346.6,5.42469706
1986-06-27,1885.3,1885.3000,346.9,5.43470741
1986-06-30,1892.7,1892.7000,347.7,5.44348576
1986-07-01,1903.5,1903.5000,345.8,5.50462695
1986-07-02,1909,1909.0000,344.9,5.53493766
1986-07-03,1900.9,1900.9000,344.9,5.51145259
1986-07-07,1838.9,1838.9000,345.9,5.31627638
1986-07-08,1820.7,1820.7000,351.2,5.18422551
1986-07-09,1826.1,1826.1000,349.6,5.22339817
1986-07-10,1831.8,1831.8000,348.6,5.25473322
1986-07-11,1821.4,1821.4000,347.8,5.23691777
1986-07-14,1793.5,1793.5000,346.4,5.17754042
1986-07-15,1768.7,1768.7000,349.1,5.06645660
1986-07-16,1774.2,1774.2000,348.7,5.08804130
1986-07-17,1781.8,1781.8000,348.7,5.10983654
1986-07-18,1778,1778.0000,356.5,4.98737728
1986-07-21,1779.1,1779.1000,355.6,5.00309336
1986-07-22,1795.1,1795.1000,353.7,5.07520498
1986-07-23,1798.4,1798.4000,349,5.15300860
1986-07-24,1791.6,1791.6000,349.3,5.12911537
1986-07-25,1810,1810.0000,348.2,5.19816198
1986-07-28,1773.9,1773.9000,355.1,4.99549423
1986-07-29,1766.9,1766.9000,358.6,4.92721695
1986-07-30,1779.4,1779.4000,358.6,4.96207474
1986-07-31,1775.3,1775.3000,369.7,4.80200162
1986-08-01,1763.6,1763.6000,367.5,4.79891156
1986-08-04,1770,1770.0000,367,4.82288828
1986-08-05,1777,1777.0000,366.1,4.85386506
1986-08-06,1779.5,1779.5000,367.5,4.84217687
1986-08-07,1786.3,1786.3000,369.3,4.83698890
1986-08-08,1782.6,1782.6000,382.5,4.66039216
1986-08-11,1811.2,1811.2000,398.5,4.54504391
1986-08-12,1835.5,1835.5000,392.4,4.67762487
1986-08-13,1844.5,1844.5000,391.7,4.70896094
1986-08-14,1844.9,1844.9000,393.7,4.68605537
1986-08-15,1855.6,1855.6000,390.2,4.75550999
1986-08-18,1869.5,1869.5000,382.8,4.88375131
1986-08-19,1862.9,1862.9000,381,4.88950131
1986-08-20,1881.3,1881.3000,385.1,4.88522462
1986-08-21,1881.2,1881.2000,390.6,4.81618024
1986-08-22,1887.8,1887.8000,379.5,4.97444005
1986-08-25,1871.8,1871.8000,386.5,4.84294955
1986-08-26,1904.3,1904.3000,385.6,4.93853734
1986-08-27,1904.5,1904.5000,386.3,4.93010614
1986-08-28,1900.2,1900.2000,392,4.84744898
1986-08-29,1898.3,1898.3000,393.3,4.82659547
1986-09-02,1870.4,1870.4000,411.5,4.54532199
1986-09-03,1881.3,1881.3000,410.3,4.58518157
1986-09-04,1919.7,1919.7000,415.5,4.62021661
1986-09-05,1899.8,1899.8000,428.3,4.43567593
1986-09-08,1888.6,1888.6000,416.4,4.53554275
1986-09-09,1884.1,1884.1000,414.4,4.54657336
1986-09-10,1879.5,1879.5000,409.8,4.58638360
1986-09-11,1792.9,1792.9000,413,4.34116223
1986-09-12,1758.7,1758.7000,421.5,4.17247924
1986-09-15,1767.6,1767.6000,422.3,4.18565001
1986-09-16,1778.5,1778.5000,420.2,4.23250833
1986-09-17,1769.4,1769.4000,418.8,4.22492837
1986-09-18,1774.2,1774.2000,422.6,4.19829626
1986-09-19,1762.7,1762.7000,441,3.99705215
1986-09-22,1793.5,1793.5000,445.2,4.02852650
1986-09-23,1797.8,1797.8000,436,4.12339450
1986-09-24,1803.3,1803.3000,436,4.13600917
1986-09-25,1768.6,1768.6000,438.8,4.03053783
1986-09-26,1769.7,1769.7000,431.5,4.10127462
1986-09-29,1755.2,1755.2000,427.1,4.10957621
1986-09-30,1767.6,1767.6000,429.8,4.11261052
1986-10-01,1782.9,1782.9000,429.2,4.15400746
1986-10-02,1781.2,1781.2000,441.1,4.03808660
1986-10-03,1774.2,1774.2000,437.5,4.05531429
1986-10-06,1784.5,1784.5000,442.8,4.03003613
1986-10-07,1784.5,1784.5000,444.8,4.01191547
1986-10-08,1803.9,1803.9000,442.4,4.07753165
1986-10-09,1796.8,1796.8000,433,4.14965358
1986-10-10,1793.2,1793.2000,434.5,4.12704258
1986-10-13,1798.4,1798.4000,437.2,4.11344922
1986-10-14,1800.2,1800.2000,430.5,4.18164925
1986-10-15,1831.7,1831.7000,428.7,4.27268486
1986-10-16,1836.2,1836.2000,427.4,4.29620964
1986-10-17,1837,1837.0000,422.2,4.35101847
1986-10-20,1811,1811.0000,428.9,4.22242947
1986-10-21,1805.7,1805.7000,427.9,4.21991119
1986-10-22,1808.4,1808.4000,428.7,4.21833450
1986-10-23,1834.9,1834.9000,417.5,4.39497006
1986-10-24,1832.4,1832.4000,409.7,4.47254088
1986-10-27,1841.8,1841.8000,410.3,4.48891055
1986-10-28,1845.5,1845.5000,413.9,4.45880647
1986-10-29,1851.8,1851.8000,407.3,4.54652590
1986-10-30,1878.4,1878.4000,409.9,4.58258112
1986-10-31,1877.7,1877.7000,405.5,4.63057953
1986-11-03,1894.3,1894.3000,406.8,4.65658800
1986-11-04,1892.4,1892.4000,411.1,4.60325955
1986-11-05,1899,1899.0000,408.5,4.64871481
1986-11-06,1891.6,1891.6000,412.4,4.58680892
1986-11-07,1886.5,1886.5000,410.6,4.59449586
1986-11-10,1892.3,1892.3000,407.5,4.64368098
1986-11-11,1896,1896.0000,409.3,4.63229905
1986-11-12,1893.7,1893.7000,409.4,4.62554958
1986-11-13,1862.2,1862.2000,409.5,4.54749695
1986-11-14,1873.6,1873.6000,398.8,4.69809428
1986-11-17,1860.5,1860.5000,389.3,4.77909068
1986-11-18,1817.2,1817.2000,394.5,4.60633714
1986-11-19,1826.6,1826.6000,388.5,4.70167310
1986-11-20,1860.7,1860.7000,391.7,4.75031912
1986-11-21,1893.6,1893.6000,379.3,4.99235434
1986-11-24,1906.1,1906.1000,382.4,4.98457113
1986-11-25,1912.1,1912.1000,385.6,4.95876556
1986-11-26,1916.8,1916.8000,387.1,4.95169207
1986-11-28,1914.2,1914.2000,394.8,4.84853090
1986-12-01,1912.5,1912.5000,397.5,4.81132075
1986-12-02,1955.6,1955.6000,392.9,4.97734793
1986-12-03,1947.3,1947.3000,395.8,4.91990904
1986-12-04,1939.7,1939.7000,391.7,4.95200408
1986-12-05,1925.1,1925.1000,392.9,4.89972003
1986-12-08,1930.3,1930.3000,393.7,4.90297181
1986-12-09,1916.9,1916.9000,390.4,4.91009221
1986-12-10,1932.9,1932.9000,393.1,4.91706945
1986-12-11,1923.7,1923.7000,393.7,4.88620777
1986-12-12,1912.3,1912.3000,395.8,4.83148055
1986-12-15,1922.8,1922.8000,398.4,4.82630522
1986-12-16,1936.2,1936.2000,396.3,4.88569266
1986-12-17,1918.3,1918.3000,395.3,4.85277005
1986-12-18,1912.8,1912.8000,397.8,4.80844646
1986-12-19,1928.9,1928.9000,395.8,4.87342092
1986-12-22,1926.2,1926.2000,396.3,4.86045925
1986-12-23,1914.4,1914.4000,391.5,4.88991060
1986-12-24,1926.9,1926.9000,393,4.90305344
1986-12-26,1930.4,1930.4000,393,4.91195929
1986-12-29,1912.1,1912.1000,391.9,4.87905078
1986-12-30,1908.6,1908.6000,392.4,4.86391437
1986-12-31,1896,1896.0000,406.9,4.65962153
1987-01-02,1927.3,1927.3000,404,4.77054455
1987-01-05,1971.3,1971.3000,405,4.86740741
1987-01-06,1974.8,1974.8000,402.2,4.90999503
1987-01-07,1994,1994.0000,404.3,4.93198120
1987-01-08,2002.3,2002.3000,403.9,4.95741520
1987-01-09,2005.9,2005.9000,407.5,4.92245399
1987-01-12,2009.4,2009.4000,410.2,4.89858606
1987-01-13,2012.9,2012.9000,412.3,4.88212467
1987-01-14,2035,2035.0000,419.2,4.85448473
1987-01-15,2070.7,2070.7000,417,4.96570743
1987-01-16,2076.6,2076.6000,417.3,4.97627606
1987-01-19,2102.5,2102.5000,423.3,4.96692653
1987-01-20,2104.5,2104.5000,408.2,5.15556100
1987-01-21,2094.1,2094.1000,408.8,5.12255382
1987-01-22,2145.7,2145.7000,408.9,5.24749327
1987-01-23,2101.5,2101.5000,405.3,5.18504811
1987-01-26,2107.3,2107.3000,411.3,5.12351082
1987-01-27,2150.5,2150.5000,419.8,5.12267747
1987-01-28,2163.4,2163.4000,414.7,5.21678322
1987-01-29,2160,2160.0000,416.6,5.18482957
1987-01-30,2158,2158.0000,408.9,5.27757398
1987-02-02,2179.4,2179.4000,404.8,5.38389328
1987-02-03,2168.5,2168.5000,407.2,5.32539293
1987-02-04,2191.2,2191.2000,406.2,5.39438700
1987-02-05,2201.5,2201.5000,412,5.34344660
1987-02-06,2186.9,2186.9000,407.4,5.36794305
1987-02-09,2176.7,2176.7000,407.2,5.34553045
1987-02-10,2158,2158.0000,406.2,5.31265387
1987-02-11,2172,2172.0000,405.5,5.35635018
1987-02-12,2165.8,2165.8000,398.3,5.43760984
1987-02-13,2183.4,2183.4000,400.7,5.44896431
1987-02-17,2237.5,2237.5000,394.9,5.66599139
1987-02-18,2237.6,2237.6000,395.3,5.66051100
1987-02-19,2244.1,2244.1000,402.7,5.57263472
1987-02-20,2235.2,2235.2000,408.7,5.46904820
1987-02-23,2216.5,2216.5000,404.6,5.47825012
1987-02-24,2223.3,2223.3000,404.6,5.49505685
1987-02-25,2226.2,2226.2000,405.2,5.49407700
1987-02-26,2216.7,2216.7000,408.5,5.42643819
1987-02-27,2224,2224.0000,407.4,5.45900835
1987-03-02,2220.5,2220.5000,405.6,5.47460552
1987-03-03,2226.5,2226.5000,409.1,5.44243461
1987-03-04,2257.5,2257.5000,412.2,5.47671033
1987-03-05,2276.4,2276.4000,408.8,5.56849315
1987-03-06,2280.2,2280.2000,407.8,5.59146641
1987-03-09,2260.1,2260.1000,406.5,5.55990160
1987-03-10,2280.1,2280.1000,408.3,5.58437423
1987-03-11,2269,2269.0000,408.3,5.55718834
1987-03-12,2267.3,2267.3000,409.9,5.53134911
1987-03-13,2258.7,2258.7000,405,5.57703704
1987-03-16,2248.4,2248.4000,406.6,5.52975898
1987-03-17,2284.8,2284.8000,406.8,5.61651917
1987-03-18,2286.9,2286.9000,406,5.63275862
1987-03-19,2299.6,2299.6000,406.1,5.66264467
1987-03-20,2333.5,2333.5000,406.3,5.74329313
1987-03-23,2363.8,2363.8000,410.8,5.75413827
1987-03-24,2369.2,2369.2000,414.1,5.72132335
1987-03-25,2363.5,2363.5000,413.3,5.71860634
1987-03-26,2372.6,2372.6000,416.3,5.69925534
1987-03-27,2335.8,2335.8000,427.5,5.46385965
1987-03-30,2278.4,2278.4000,425.9,5.34961259
1987-03-31,2304.7,2304.7000,422.7,5.45233026
1987-04-01,2316.1,2316.1000,422.5,5.48189349
1987-04-02,2320.5,2320.5000,422.2,5.49621033
1987-04-03,2390.3,2390.3000,423.9,5.63882991
1987-04-06,2405.5,2405.5000,422.6,5.69214387
1987-04-07,2360.9,2360.9000,426.2,5.53941811
1987-04-08,2372.2,2372.2000,424.1,5.59349210
1987-04-09,2339.2,2339.2000,436.5,5.35899198
1987-04-10,2338.8,2338.8000,436.7,5.35562171
1987-04-13,2287.1,2287.1000,440.8,5.18852087
1987-04-14,2253,2253.0000,454.6,4.95600528
1987-04-15,2283,2283.0000,446.5,5.11310190
1987-04-16,2276,2276.0000,447.3,5.08830762
1987-04-20,2270.6,2270.6000,456.8,4.97066550
1987-04-21,2337.1,2337.1000,451,5.18203991
1987-04-22,2285.9,2285.9000,452.5,5.05171271
1987-04-23,2281,2281.0000,463.4,4.92231334
1987-04-24,2235.4,2235.4000,465.5,4.80214823
1987-04-27,2230.5,2230.5000,446,5.00112108
1987-04-28,2232,2232.0000,454.7,4.90873103
1987-04-29,2254.3,2254.3000,453.5,4.97089305
1987-04-30,2286.4,2286.4000,456.5,5.00854326
1987-05-01,2280.4,2280.4000,459.5,4.96278564
1987-05-04,2286.2,2286.2000,465.2,4.91444540
1987-05-05,2338.1,2338.1000,460.8,5.07400174
1987-05-06,2342.2,2342.2000,460.8,5.08289931
1987-05-07,2334.7,2334.7000,459.6,5.07985205
1987-05-08,2322.3,2322.3000,456.7,5.08495730
1987-05-11,2307.3,2307.3000,457.7,5.04107494
1987-05-12,2322.6,2322.6000,461.5,5.03271939
1987-05-13,2329.7,2329.7000,460,5.06456522
1987-05-14,2325.5,2325.5000,465.6,4.99463058
1987-05-15,2272.5,2272.5000,476.2,4.77215456
1987-05-18,2258.7,2258.7000,472.8,4.77728426
1987-05-19,2221.3,2221.3000,478.3,4.64415639
1987-05-20,2215.9,2215.9000,473.3,4.68180858
1987-05-21,2225.8,2225.8000,470.3,4.73272379
1987-05-22,2243.2,2243.2000,464.6,4.82823935
1987-05-26,2297.9,2297.9000,451.8,5.08610004
1987-05-27,2295.8,2295.8000,448.5,5.11884058
1987-05-28,2310.7,2310.7000,459.5,5.02872688
1987-05-29,2291.6,2291.6000,456,5.02543860
1987-06-01,2288.2,2288.2000,451.6,5.06687334
1987-06-02,2278.2,2278.2000,461.8,4.93330446
1987-06-03,2320.7,2320.7000,455.5,5.09484083
1987-06-04,2337.1,2337.1000,458.2,5.10061109
1987-06-05,2326.2,2326.2000,458.8,5.07018309
1987-06-08,2351.6,2351.6000,454.3,5.17631521
1987-06-09,2352.7,2352.7000,462.8,5.08362143
1987-06-10,2353.6,2353.6000,461.3,5.10210275
1987-06-11,2360.1,2360.1000,468.3,5.03971813
1987-06-12,2377.7,2377.7000,458.9,5.18130312
1987-06-15,2391.5,2391.5000,456.7,5.23647909
1987-06-16,2407.4,2407.4000,451.9,5.32728480
1987-06-17,2407.4,2407.4000,451.8,5.32846392
1987-06-18,2408.1,2408.1000,454.6,5.29718434
1987-06-19,2420.9,2420.9000,448.7,5.39536439
1987-06-22,2445.5,2445.5000,440.8,5.54786751
1987-06-23,2439.7,2439.7000,443.8,5.49729608
1987-06-24,2428.4,2428.4000,446.4,5.43996416
1987-06-25,2451.1,2451.1000,443.8,5.52298333
1987-06-26,2436.9,2436.9000,450.1,5.41413019
1987-06-29,2446.9,2446.9000,449.4,5.44481531
1987-06-30,2418.5,2418.5000,452.2,5.34829721
1987-07-01,2409.8,2409.8000,449.4,5.36226079
1987-07-02,2436.7,2436.7000,448.8,5.42936720
1987-07-06,2429.5,2429.5000,450.3,5.39529203
1987-07-07,2449.8,2449.8000,446.1,5.49159381
1987-07-08,2464,2464.0000,446.8,5.51477171
1987-07-09,2451.2,2451.2000,446.8,5.48612355
1987-07-10,2456,2456.0000,446,5.50672646
1987-07-13,2453,2453.0000,448.6,5.46812305
1987-07-14,2481.4,2481.4000,449.5,5.52035595
1987-07-15,2483.7,2483.7000,455.3,5.45508456
1987-07-16,2497,2497.0000,455.4,5.48309179
1987-07-17,2510,2510.0000,449.3,5.58646784
1987-07-20,2487.8,2487.8000,452.3,5.50033164
1987-07-21,2468,2468.0000,453.7,5.43971788
1987-07-22,2470.2,2470.2000,455.7,5.42067149
1987-07-23,2471.9,2471.9000,455.7,5.42440202
1987-07-24,2485.3,2485.3000,454.5,5.46820682
1987-07-27,2493.9,2493.9000,454.2,5.49075297
1987-07-28,2519.8,2519.8000,457,5.51378556
1987-07-29,2539.5,2539.5000,468.8,5.41702218
1987-07-30,2567.4,2567.4000,473.3,5.42446651
1987-07-31,2572.1,2572.1000,475.1,5.41380762
1987-08-03,2557.1,2557.1000,488.3,5.23673971
1987-08-04,2546.7,2546.7000,488.9,5.20904070
1987-08-05,2566.7,2566.7000,477.6,5.37416248
1987-08-06,2594.2,2594.2000,478.6,5.42039281
1987-08-07,2592,2592.0000,464.8,5.57659208
1987-08-10,2635.8,2635.8000,470.6,5.60093498
1987-08-11,2680.5,2680.5000,474.2,5.65267819
1987-08-12,2669.3,2669.3000,473,5.64334038
1987-08-13,2691.5,2691.5000,467.8,5.75352715
1987-08-14,2685.4,2685.4000,461.2,5.82263660
1987-08-17,2700.6,2700.6000,463.1,5.83156986
1987-08-18,2654.7,2654.7000,467.7,5.67607441
1987-08-19,2665.8,2665.8000,467.3,5.70468650
1987-08-20,2706.8,2706.8000,462.2,5.85633925
1987-08-21,2709.5,2709.5000,465.7,5.81812326
1987-08-24,2697.1,2697.1000,469.3,5.74707010
1987-08-25,2722.4,2722.4000,465.8,5.84456848
1987-08-26,2701.9,2701.9000,465.8,5.80055818
1987-08-27,2675.1,2675.1000,463.7,5.76903170
1987-08-28,2639.4,2639.4000,461.3,5.72165619
1987-08-31,2663,2663.0000,458.7,5.80553739
1987-09-01,2611,2611.0000,462.8,5.64174589
1987-09-02,2602,2602.0000,473.4,5.49640896
1987-09-03,2599.5,2599.5000,471.7,5.51091796
1987-09-04,2561.4,2561.4000,470.8,5.44052676
1987-09-08,2545.1,2545.1000,465.5,5.46745435
1987-09-09,2549.3,2549.3000,464.5,5.48826695
1987-09-10,2576.1,2576.1000,470.6,5.47407565
1987-09-11,2608.7,2608.7000,464.3,5.61856558
1987-09-14,2613,2613.0000,463.8,5.63389392
1987-09-15,2566.6,2566.6000,465.9,5.50890749
1987-09-16,2530.2,2530.2000,465.1,5.44012040
1987-09-17,2527.9,2527.9000,466.9,5.41422146
1987-09-18,2524.6,2524.6000,465.3,5.42574683
1987-09-21,2492.8,2492.8000,469.3,5.31174089
1987-09-22,2568.1,2568.1000,468.9,5.47686074
1987-09-23,2585.7,2585.7000,468.7,5.51674845
1987-09-24,2566.4,2566.4000,468.7,5.47557073
1987-09-25,2570.2,2570.2000,466.6,5.50835834
1987-09-28,2601.5,2601.5000,466.4,5.57783019
1987-09-29,2590.6,2590.6000,464.4,5.57838071
1987-09-30,2596.3,2596.3000,458.8,5.65889276
1987-10-01,2639.2,2639.2000,459.7,5.74113552
1987-10-02,2641,2641.0000,460.3,5.73756246
1987-10-05,2640.2,2640.2000,462.8,5.70484010
1987-10-06,2548.6,2548.6000,462.7,5.50810460
1987-10-07,2551.1,2551.1000,463.4,5.50517911
1987-10-08,2516.6,2516.6000,466.5,5.39464094
1987-10-09,2482.2,2482.2000,466.9,5.31634183
1987-10-12,2471.4,2471.4000,466.7,5.29547889
1987-10-13,2508.2,2508.2000,464,5.40560345
1987-10-14,2412.7,2412.7000,465.8,5.17969085
1987-10-15,2355.1,2355.1000,467.8,5.03441642
1987-10-16,2246.7,2246.7000,476.3,4.71698509
1987-10-19,1738.7,1738.7000,486.8,3.57169269
1987-10-20,1841,1841.0000,467.5,3.93796791
1987-10-21,2027.9,2027.9000,471.7,4.29913080
1987-10-22,1950.4,1950.4000,473.2,4.12172443
1987-10-23,1950.8,1950.8000,476.7,4.09230124
1987-10-26,1793.9,1793.9000,479.4,3.74196913
1987-10-27,1846.5,1846.5000,478.8,3.85651629
1987-10-28,1846.8,1846.8000,480.5,3.84349636
1987-10-29,1938.3,1938.3000,468.7,4.13548112
1987-10-30,1993.5,1993.5000,471.2,4.23068761
1987-11-02,2014.1,2014.1000,472.5,4.26264550
1987-11-03,1963.5,1963.5000,470.6,4.17233319
1987-11-04,1945.3,1945.3000,468.2,4.15484836
1987-11-05,1985.4,1985.4000,459.2,4.32360627
1987-11-06,1959.1,1959.1000,462.1,4.23955854
1987-11-09,1900.2,1900.2000,463.3,4.10144615
1987-11-10,1878.2,1878.2000,462.4,4.06185121
1987-11-11,1899.2,1899.2000,463.1,4.10105809
1987-11-12,1960.2,1960.2000,464.7,4.21820529
1987-11-13,1935,1935.0000,465.6,4.15592784
1987-11-16,1949.1,1949.1000,464.3,4.19793237
1987-11-17,1922.3,1922.3000,465.8,4.12687849
1987-11-18,1939.2,1939.2000,464.8,4.17211704
1987-11-19,1895.4,1895.4000,465.8,4.06912838
1987-11-20,1913.6,1913.6000,470.3,4.06889220
1987-11-23,1923.1,1923.1000,476,4.04012605
1987-11-24,1963.5,1963.5000,475.4,4.13020614
1987-11-25,1947,1947.0000,476.9,4.08261690
1987-11-27,1910.5,1910.5000,492.3,3.88076376
1987-11-30,1833.6,1833.6000,497.2,3.68785197
1987-12-01,1842.3,1842.3000,496.2,3.71281741
1987-12-02,1849,1849.0000,493.7,3.74518939
1987-12-03,1776.5,1776.5000,493.8,3.59761037
1987-12-04,1766.7,1766.7000,487.8,3.62177122
1987-12-07,1812.2,1812.2000,486.5,3.72497431
1987-12-08,1868.4,1868.4000,488.6,3.82398690
1987-12-09,1902.5,1902.5000,489.4,3.88741316
1987-12-10,1855.4,1855.4000,497.2,3.73169751
1987-12-11,1867,1867.0000,502,3.71912351
1987-12-14,1932.9,1932.9000,500.4,3.86270983
1987-12-15,1941.5,1941.5000,487.2,3.98501642
1987-12-16,1974.5,1974.5000,490.1,4.02876964
1987-12-17,1924.4,1924.4000,489.7,3.92975291
1987-12-18,1975.3,1975.3000,484,4.08119835
1987-12-21,1990.4,1990.4000,483.7,4.11494728
1987-12-22,1978.5,1978.5000,487.9,4.05513425
1987-12-23,2005.6,2005.6000,486.5,4.12250771
1987-12-24,1999.7,1999.7000,489.6,4.08435458
1987-12-28,1943,1943.0000,491.1,3.95642435
1987-12-29,1926.9,1926.9000,489.4,3.93727013
1987-12-30,1950.1,1950.1000,485.5,4.01668383
1987-12-31,1938.8,1938.8000,488.9,3.96563714
1988-01-04,2015.3,2015.3000,480.5,4.19417274
1988-01-05,2031.5,2031.5000,483.2,4.20426325
1988-01-06,2037.8,2037.8000,485.3,4.19905213
1988-01-07,2051.9,2051.9000,483.1,4.24736079
1988-01-08,1911.3,1911.3000,485.5,3.93676622
1988-01-11,1945.1,1945.1000,483.6,4.02212572
1988-01-12,1928.6,1928.6000,482.3,3.99875596
1988-01-13,1924.7,1924.7000,481.6,3.99647010
1988-01-14,1916.1,1916.1000,488.2,3.92482589
1988-01-15,1956.1,1956.1000,474.5,4.12244468
1988-01-18,1963.9,1963.9000,476.8,4.11891779
1988-01-19,1936.3,1936.3000,478.2,4.04914262
1988-01-20,1879.1,1879.1000,476.8,3.94106544
1988-01-21,1879.3,1879.3000,478.8,3.92502089
1988-01-22,1903.5,1903.5000,477.8,3.98388447
1988-01-25,1946.5,1946.5000,469.5,4.14589989
1988-01-26,1920.6,1920.6000,474.8,4.04507161
1988-01-27,1911.1,1911.1000,472.2,4.04722575
1988-01-28,1930,1930.0000,471.5,4.09331919
1988-01-29,1958.2,1958.2000,458.5,4.27088332
1988-02-01,1944.6,1944.6000,458.4,4.24214660
1988-02-02,1952.9,1952.9000,458.3,4.26118263
1988-02-03,1924.6,1924.6000,442.5,4.34937853
1988-02-04,1923.6,1923.6000,448.2,4.29183400
1988-02-05,1910.5,1910.5000,443.2,4.31069495
1988-02-08,1895.7,1895.7000,444,4.26959459
1988-02-09,1914.5,1914.5000,444.9,4.30321421
1988-02-10,1962,1962.0000,443.9,4.41991440
1988-02-11,1961.5,1961.5000,443.2,4.42576715
1988-02-12,1983.3,1983.3000,448.7,4.42010252
1988-02-16,2006,2006.0000,447.6,4.48168007
1988-02-17,2001,2001.0000,449.2,4.45458593
1988-02-18,1986.4,1986.4000,445.8,4.45580978
1988-02-19,2014.6,2014.6000,448,4.49687500
1988-02-22,2040.3,2040.3000,447.6,4.55831099
1988-02-23,2039.1,2039.1000,444.3,4.58946658
1988-02-24,2040,2040.0000,434.1,4.69937802
1988-02-25,2017.6,2017.6000,434.7,4.64136186
1988-02-26,2023.2,2023.2000,431.1,4.69311065
1988-02-29,2071.6,2071.6000,431.9,4.79648067
1988-03-01,2070.5,2070.5000,432.4,4.78839038
1988-03-02,2071.3,2071.3000,432.2,4.79245720
1988-03-03,2063.5,2063.5000,429.1,4.80890235
1988-03-04,2057.9,2057.9000,438.8,4.68983592
1988-03-07,2056.4,2056.4000,438.6,4.68855449
1988-03-08,2081.1,2081.1000,436.6,4.76660559
1988-03-09,2074.3,2074.3000,437.5,4.74125714
1988-03-10,2026,2026.0000,444.5,4.55793026
1988-03-11,2035,2035.0000,442.6,4.59783100
1988-03-14,2050.1,2050.1000,443.1,4.62672083
1988-03-15,2047.4,2047.4000,447.5,4.57519553
1988-03-16,2064.3,2064.3000,446.5,4.62329227
1988-03-17,2086,2086.0000,444.9,4.68869409
1988-03-18,2087.4,2087.4000,445.2,4.68867925
1988-03-21,2067.1,2067.1000,450.2,4.59151488
1988-03-22,2066.2,2066.2000,449.6,4.59564057
1988-03-23,2067.6,2067.6000,452,4.57433628
1988-03-24,2023.9,2023.9000,454.3,4.45498569
1988-03-25,1979,1979.0000,453.3,4.36576219
1988-03-28,1979.8,1979.8000,455.9,4.34261900
1988-03-29,1998.3,1998.3000,459.8,4.34602001
1988-03-30,1978.1,1978.1000,461.3,4.28809885
1988-03-31,1988.1,1988.1000,457.9,4.34177768
1988-04-04,1980.6,1980.6000,459.5,4.31033732
1988-04-05,1997.5,1997.5000,456.2,4.37856203
1988-04-06,2061.7,2061.7000,451.3,4.56835808
1988-04-07,2062.2,2062.2000,452.7,4.55533466
1988-04-08,2090.2,2090.2000,453.7,4.60700904
1988-04-11,2096,2096.0000,454.7,4.60963272
1988-04-12,2110.1,2110.1000,453.7,4.65087062
1988-04-13,2107.1,2107.1000,449.6,4.68661032
1988-04-14,2005.6,2005.6000,456.5,4.39342826
1988-04-15,2013.9,2013.9000,458.5,4.39236641
1988-04-18,2008.1,2008.1000,461.7,4.34936106
1988-04-19,1999.5,1999.5000,460.4,4.34296264
1988-04-20,1985.4,1985.4000,459,4.32549020
1988-04-21,1987.4,1987.4000,457.2,4.34689414
1988-04-22,2015.1,2015.1000,452.4,4.45424403
1988-04-25,2036,2036.0000,450.1,4.52343924
1988-04-26,2044.8,2044.8000,451.3,4.53091070
1988-04-27,2047.9,2047.9000,454.3,4.50781422
1988-04-28,2041.3,2041.3000,452.6,4.51016350
1988-04-29,2032.3,2032.3000,452.6,4.49027839
1988-05-02,2043.3,2043.3000,447.2,4.56909660
1988-05-03,2058.4,2058.4000,445.1,4.62457875
1988-05-04,2036.3,2036.3000,446.6,4.55956113
1988-05-05,2020.2,2020.2000,447,4.51946309
1988-05-06,2007.5,2007.5000,445.3,4.50819672
1988-05-09,1997.4,1997.4000,448.8,4.45053476
1988-05-10,2003.6,2003.6000,451.6,4.43666962
1988-05-11,1965.9,1965.9000,451.2,4.35704787
1988-05-12,1968,1968.0000,453.3,4.34149570
1988-05-13,1990.6,1990.6000,453.7,4.38748071
1988-05-16,2007.6,2007.6000,456,4.40263158
1988-05-17,1986.4,1986.4000,456.4,4.35232252
1988-05-18,1951.1,1951.1000,458.1,4.25911373
1988-05-19,1958.7,1958.7000,458.2,4.27477084
1988-05-20,1952.6,1952.6000,458.7,4.25681273
1988-05-23,1941.5,1941.5000,462.8,4.19511668
1988-05-24,1962.5,1962.5000,461.1,4.25612665
1988-05-25,1961.4,1961.4000,454.8,4.31266491
1988-05-26,1966.7,1966.7000,458.7,4.28755178
1988-05-27,1956.4,1956.4000,456,4.29035088
1988-05-31,2031.1,2031.1000,459.8,4.41735537
1988-06-01,2064,2064.0000,462.4,4.46366782
1988-06-02,2052.5,2052.5000,471.5,4.35312831
1988-06-03,2071.3,2071.3000,469.3,4.41359472
1988-06-06,2075.2,2075.2000,468.1,4.43324076
1988-06-07,2054.6,2054.6000,464.8,4.42039587
1988-06-08,2103,2103.0000,460.7,4.56479271
1988-06-09,2093.4,2093.4000,461.7,4.53411306
1988-06-10,2101.7,2101.7000,453.3,4.63644386
1988-06-13,2099.4,2099.4000,453.8,4.62626708
1988-06-14,2124.5,2124.5000,454.6,4.67333920
1988-06-15,2131.4,2131.4000,455.8,4.67617376
1988-06-16,2094.2,2094.2000,453.9,4.61379158
1988-06-17,2104,2104.0000,458.3,4.59087934
1988-06-20,2083.9,2083.9000,454.5,4.58503850
1988-06-21,2109.2,2109.2000,455.4,4.63153272
1988-06-22,2152.2,2152.2000,453,4.75099338
1988-06-23,2148.3,2148.3000,450.9,4.76447106
1988-06-24,2143,2143.0000,446,4.80493274
1988-06-27,2108.5,2108.5000,445.9,4.72863871
1988-06-28,2130.9,2130.9000,440.5,4.83745743
1988-06-29,2122,2122.0000,438.3,4.84143281
1988-06-30,2141.7,2141.7000,437.7,4.89307745
1988-07-01,2131.6,2131.6000,439.6,4.84895359
1988-07-05,2158.6,2158.6000,440.3,4.90256643
1988-07-06,2130.2,2130.2000,440.7,4.83367370
1988-07-07,2122.7,2122.7000,441.1,4.81228746
1988-07-08,2106.2,2106.2000,441,4.77596372
1988-07-11,2111.3,2111.3000,436.4,4.83799267
1988-07-12,2092.6,2092.6000,438.7,4.77000228
1988-07-13,2104.4,2104.4000,441.8,4.76324129
1988-07-14,2113.6,2113.6000,439.9,4.80472835
1988-07-15,2129.5,2129.5000,441.3,4.82551552
1988-07-18,2117.9,2117.9000,438.8,4.82657247
1988-07-19,2097.3,2097.3000,447.5,4.68670391
1988-07-20,2110.6,2110.6000,445.7,4.73547229
1988-07-21,2086.6,2086.6000,442.7,4.71334990
1988-07-22,2061,2061.0000,442.9,4.65342064
1988-07-25,2071.8,2071.8000,426.6,4.85654008
1988-07-26,2074,2074.0000,431.7,4.80426222
1988-07-27,2053.7,2053.7000,444.5,4.62024747
1988-07-28,2082.3,2082.3000,443.8,4.69197837
1988-07-29,2128.7,2128.7000,447.3,4.75899844
1988-08-01,2130.5,2130.5000,445.6,4.78119390
1988-08-02,2131.2,2131.2000,442.5,4.81627119
1988-08-03,2134.1,2134.1000,444.3,4.80328607
1988-08-04,2126.6,2126.6000,443.8,4.79179811
1988-08-05,2119.1,2119.1000,442.6,4.78784455
1988-08-08,2107.4,2107.4000,440.8,4.78085299
1988-08-09,2079.1,2079.1000,437.8,4.74897213
1988-08-10,2034.1,2034.1000,439.4,4.62926718
1988-08-11,2039.3,2039.3000,439.2,4.64321494
1988-08-12,2037.5,2037.5000,441.2,4.61808704
1988-08-15,2004.3,2004.3000,442.9,4.52540077
1988-08-16,2021.5,2021.5000,438.8,4.60688241
1988-08-17,2026,2026.0000,440.9,4.59514629
1988-08-18,2027,2027.0000,442.1,4.58493553
1988-08-19,2016,2016.0000,441.4,4.56728591
1988-08-22,1990.2,1990.2000,443.2,4.49052347
1988-08-23,1989.3,1989.3000,441.8,4.50271616
1988-08-24,2026.7,2026.7000,444.4,4.56053105
1988-08-25,2010.9,2010.9000,442.2,4.54748982
1988-08-26,2017.4,2017.4000,441.4,4.57045763
1988-08-29,2041.4,2041.4000,438.7,4.65329382
1988-08-30,2038.2,2038.2000,437.7,4.65661412
1988-08-31,2031.7,2031.7000,439.9,4.61854967
1988-09-01,2002.3,2002.3000,438.7,4.56416686
1988-09-02,2054.6,2054.6000,437.4,4.69730224
1988-09-06,2065.3,2065.3000,434.8,4.75000000
1988-09-07,2065.8,2065.8000,435.7,4.74133578
1988-09-08,2063.1,2063.1000,436.3,4.72862709
1988-09-09,2068.8,2068.8000,428.5,4.82800467
1988-09-12,2072.4,2072.4000,428,4.84205607
1988-09-13,2083,2083.0000,428.2,4.86454928
1988-09-14,2100.6,2100.6000,428,4.90794393
1988-09-15,2092.3,2092.3000,425,4.92305882
1988-09-16,2098.2,2098.2000,418.2,5.01721664
1988-09-19,2081.1,2081.1000,415.4,5.00987000
1988-09-20,2087.5,2087.5000,411.3,5.07537078
1988-09-21,2090.5,2090.5000,404,5.17450495
1988-09-22,2080,2080.0000,404.6,5.14087988
1988-09-23,2090.7,2090.7000,399.3,5.23591285
1988-09-26,2085.2,2085.2000,400.3,5.20909318
1988-09-27,2082.3,2082.3000,402.5,5.17341615
1988-09-28,2085.5,2085.5000,403.4,5.16980664
1988-09-29,2119.3,2119.3000,401.6,5.27714143
1988-09-30,2112.9,2112.9000,399.2,5.29283567
1988-10-03,2105.3,2105.3000,402.2,5.23446047
1988-10-04,2102.1,2102.1000,402.7,5.22001490
1988-10-05,2106.5,2106.5000,405.3,5.19738465
1988-10-06,2107.8,2107.8000,408,5.16617647
1988-10-07,2150.3,2150.3000,407.3,5.27940093
1988-10-10,2159,2159.0000,412.7,5.23140296
1988-10-11,2156.5,2156.5000,408.4,5.28036239
1988-10-12,2126.2,2126.2000,412.2,5.15817564
1988-10-13,2133.4,2133.4000,410.4,5.19834308
1988-10-14,2133.2,2133.2000,412.5,5.17139394
1988-10-17,2140.5,2140.5000,415.5,5.15162455
1988-10-18,2159.9,2159.9000,415.1,5.20332450
1988-10-19,2137.3,2137.3000,414.7,5.15384615
1988-10-20,2181.2,2181.2000,415.4,5.25084256
1988-10-21,2183.5,2183.5000,411.5,5.30619684
1988-10-24,2170.3,2170.3000,408.8,5.30895303
1988-10-25,2173.4,2173.4000,409.4,5.30874450
1988-10-26,2165.2,2165.2000,411.1,5.26684505
1988-10-27,2140.8,2140.8000,410.1,5.22019020
1988-10-28,2149.9,2149.9000,414.9,5.18173054
1988-10-31,2148.7,2148.7000,415.1,5.17634305
1988-11-01,2151,2151.0000,414,5.19565217
1988-11-02,2156.8,2156.8000,424.2,5.08439415
1988-11-03,2170.3,2170.3000,423.7,5.12225631
1988-11-04,2145.8,2145.8000,423.5,5.06682409
1988-11-07,2124.6,2124.6000,424.7,5.00259006
1988-11-08,2127.5,2127.5000,421.2,5.05104463
1988-11-09,2118.2,2118.2000,424.7,4.98752060
1988-11-10,2114.7,2114.7000,420.5,5.02901308
1988-11-11,2067,2067.0000,423.1,4.88536989
1988-11-14,2065.1,2065.1000,425.2,4.85677328
1988-11-15,2077.2,2077.2000,425.6,4.88063910
1988-11-16,2038.6,2038.6000,425.6,4.78994361
1988-11-17,2052.5,2052.5000,421.1,4.87413916
1988-11-18,2062.4,2062.4000,418.1,4.93279120
1988-11-21,2066,2066.0000,416.5,4.96038415
1988-11-22,2077.7,2077.7000,418.1,4.96938531
1988-11-23,2092.3,2092.3000,420.1,4.98048084
1988-11-25,2074.7,2074.7000,420.1,4.93858605
1988-11-28,2081.4,2081.4000,423.3,4.91708009
1988-11-29,2101.5,2101.5000,427.1,4.92039335
1988-11-30,2114.5,2114.5000,429.6,4.92202048
1988-12-01,2101.9,2101.9000,428.6,4.90410639
1988-12-02,2092.3,2092.3000,436.7,4.79116098
1988-12-05,2123.8,2123.8000,434.2,4.89129433
1988-12-06,2149.4,2149.4000,432.6,4.96856218
1988-12-07,2153.6,2153.6000,427.7,5.03530512
1988-12-08,2141.7,2141.7000,426.7,5.01921725
1988-12-09,2143.5,2143.5000,427.6,5.01286249
1988-12-12,2139.6,2139.6000,424.6,5.03909562
1988-12-13,2143.5,2143.5000,424.1,5.05423249
1988-12-14,2134.3,2134.3000,425.7,5.01362462
1988-12-15,2133,2133.0000,416.6,5.12001920
1988-12-16,2150.7,2150.7000,417.6,5.15014368
1988-12-19,2172.7,2172.7000,418,5.19784689
1988-12-20,2166.1,2166.1000,417.5,5.18826347
1988-12-21,2164.6,2164.6000,418.8,5.16857689
1988-12-22,2160.4,2160.4000,421.3,5.12793734
1988-12-23,2168.9,2168.9000,421.6,5.14444972
1988-12-27,2162.7,2162.7000,420.9,5.13827512
1988-12-28,2166.4,2166.4000,416.6,5.20019203
1988-12-29,2182.7,2182.7000,410.5,5.31717418
1988-12-30,2168.6,2168.6000,412.3,5.25976231
1989-01-03,2144.6,2144.6000,413.4,5.18771166
1989-01-04,2177.7,2177.7000,411,5.29854015
1989-01-05,2190.5,2190.5000,410.1,5.34138015
1989-01-06,2194.3,2194.3000,408.1,5.37686841
1989-01-09,2199.5,2199.5000,406.7,5.40816327
1989-01-10,2193.2,2193.2000,405.6,5.40729783
1989-01-11,2206.4,2206.4000,405.2,5.44521224
1989-01-12,2222.3,2222.3000,405.8,5.47634303
1989-01-13,2226.1,2226.1000,403.5,5.51697646
1989-01-16,2224.6,2224.6000,403.3,5.51599306
1989-01-17,2214.6,2214.6000,404,5.48168317
1989-01-18,2238.8,2238.8000,403.3,5.55120258
1989-01-19,2239.1,2239.1000,404.5,5.53547590
1989-01-20,2235.4,2235.4000,409.3,5.46151967
1989-01-23,2218.4,2218.4000,408.5,5.43059976
1989-01-24,2256.4,2256.4000,406.3,5.55353187
1989-01-25,2265.9,2265.9000,406.4,5.57554134
1989-01-26,2291.1,2291.1000,403.2,5.68229167
1989-01-27,2322.9,2322.9000,400.2,5.80434783
1989-01-30,2324.1,2324.1000,399.6,5.81606607
1989-01-31,2342.3,2342.3000,395.8,5.91788782
1989-02-01,2338.2,2338.2000,397.2,5.88670695
1989-02-02,2333.8,2333.8000,395.9,5.89492296
1989-02-03,2331.3,2331.3000,396.3,5.88266465
1989-02-06,2321.1,2321.1000,396.9,5.84807256
1989-02-07,2347.1,2347.1000,395.5,5.93451327
1989-02-08,2343.2,2343.2000,399.1,5.87121022
1989-02-09,2323,2323.0000,398,5.83668342
1989-02-10,2286.1,2286.1000,391.7,5.83635435
1989-02-13,2282.5,2282.5000,389.7,5.85706954
1989-02-14,2281.3,2281.3000,389,5.86452442
1989-02-15,2303.9,2303.9000,388.2,5.93482741
1989-02-16,2311.4,2311.4000,387.1,5.97106691
1989-02-17,2324.8,2324.8000,384.3,6.04944054
1989-02-21,2326.4,2326.4000,389.4,5.97431947
1989-02-22,2283.9,2283.9000,390.2,5.85315223
1989-02-23,2289.5,2289.5000,394,5.81091371
1989-02-24,2245.5,2245.5000,392.6,5.71956190
1989-02-27,2250.4,2250.4000,389.8,5.77321703
1989-02-28,2258.4,2258.4000,390.4,5.78483607
1989-03-01,2243,2243.0000,387.1,5.79436838
1989-03-02,2265.7,2265.7000,386.6,5.86057941
1989-03-03,2274.3,2274.3000,389.3,5.84202415
1989-03-06,2294.8,2294.8000,390.5,5.87656850
1989-03-07,2290.7,2290.7000,395.7,5.78898155
1989-03-08,2295.5,2295.5000,395.4,5.80551340
1989-03-09,2291.4,2291.4000,397.3,5.76743015
1989-03-10,2282.1,2282.1000,396.5,5.75561160
1989-03-13,2306.3,2306.3000,396.4,5.81811302
1989-03-14,2306.3,2306.3000,398.1,5.79326802
1989-03-15,2320.5,2320.5000,393.8,5.89258507
1989-03-16,2340.7,2340.7000,391.3,5.98185535
1989-03-17,2292.1,2292.1000,395,5.80278481
1989-03-20,2262.5,2262.5000,397.4,5.69325617
1989-03-21,2266.3,2266.3000,395.6,5.72876643
1989-03-22,2263.2,2263.2000,400.2,5.65517241
1989-03-23,2243,2243.0000,393.4,5.70157600
1989-03-27,2257.9,2257.9000,396.4,5.69601413
1989-03-28,2275.5,2275.5000,388,5.86469072
1989-03-29,2281.5,2281.5000,387.5,5.88774194
1989-03-30,2281.3,2281.3000,386.2,5.90704298
1989-03-31,2293.6,2293.6000,390,5.88102564
1989-04-03,2304.8,2304.8000,391.1,5.89312196
1989-04-04,2298.2,2298.2000,390.9,5.87925301
1989-04-05,2304.8,2304.8000,388.6,5.93103448
1989-04-06,2292,2292.0000,388.7,5.89657834
1989-04-07,2304.8,2304.8000,388,5.94020619
1989-04-10,2301.9,2301.9000,390.3,5.89777095
1989-04-11,2311.6,2311.6000,389.9,5.92869967
1989-04-12,2319.7,2319.7000,392.1,5.91609283
1989-04-13,2296,2296.0000,394.2,5.82445459
1989-04-14,2337.1,2337.1000,389.8,5.99563879
1989-04-17,2337.8,2337.8000,390.1,5.99282235
1989-04-18,2379.4,2379.4000,387.4,6.14197212
1989-04-19,2386.9,2386.9000,387.1,6.16610695
1989-04-20,2377.4,2377.4000,389.3,6.10685846
1989-04-21,2409.5,2409.5000,388.2,6.20685214
1989-04-24,2402.7,2402.7000,391,6.14501279
1989-04-25,2386.9,2386.9000,388.8,6.13914609
1989-04-26,2389.1,2389.1000,388.2,6.15430191
1989-04-27,2419,2419.0000,386.1,6.26521627
1989-04-28,2418.8,2418.8000,380.5,6.35689882
1989-05-01,2415,2415.0000,380.7,6.34357762
1989-05-02,2402.9,2402.9000,380.1,6.32175743
1989-05-03,2393.7,2393.7000,380.4,6.29258675
1989-05-04,2384.9,2384.9000,379.6,6.28266596
1989-05-05,2382,2382.0000,379.3,6.27998945
1989-05-08,2376.5,2376.5000,378.4,6.28039112
1989-05-09,2371.3,2371.3000,380.3,6.23534052
1989-05-10,2374.5,2374.5000,379,6.26517150
1989-05-11,2382.9,2382.9000,382.1,6.23632557
1989-05-12,2439.7,2439.7000,378.9,6.43890208
1989-05-15,2463.9,2463.9000,376.5,6.54422311
1989-05-16,2453.5,2453.5000,376.2,6.52179692
1989-05-17,2462.4,2462.4000,373.9,6.58571811
1989-05-18,2470.1,2470.1000,370.3,6.67053740
1989-05-19,2501.1,2501.1000,366.6,6.82242226
1989-05-22,2502,2502.0000,363.7,6.87929612
1989-05-23,2478,2478.0000,364.3,6.80208619
1989-05-24,2483.9,2483.9000,364.7,6.81080340
1989-05-25,2482.6,2482.6000,367.2,6.76089325
1989-05-26,2493.8,2493.8000,365.9,6.81552337
1989-05-30,2475.6,2475.6000,369.7,6.69624019
1989-05-31,2480.2,2480.2000,366.5,6.76725784
1989-06-01,2490.6,2490.6000,367.3,6.78083311
1989-06-02,2517.8,2517.8000,371.9,6.77009949
1989-06-05,2480.7,2480.7000,370.8,6.69012945
1989-06-06,2496.3,2496.3000,383.2,6.51435282
1989-06-07,2512.3,2512.3000,380.8,6.59742647
1989-06-08,2516.9,2516.9000,378.1,6.65670458
1989-06-09,2513.4,2513.4000,362,6.94309392
1989-06-12,2518.8,2518.8000,365.8,6.88572991
1989-06-13,2503.5,2503.5000,366.8,6.82524537
1989-06-14,2503.4,2503.4000,367.5,6.81197279
1989-06-15,2475,2475.0000,370.7,6.67655786
1989-06-16,2486.4,2486.4000,368.8,6.74186551
1989-06-19,2479.9,2479.9000,370.6,6.69158122
1989-06-20,2472.9,2472.9000,369.6,6.69074675
1989-06-21,2464.9,2464.9000,375.7,6.56081980
1989-06-22,2482,2482.0000,374.2,6.63281668
1989-06-23,2531.9,2531.9000,381.8,6.63148245
1989-06-26,2511.4,2511.4000,378.3,6.63864658
1989-06-27,2526.4,2526.4000,379.8,6.65192206
1989-06-28,2504.7,2504.7000,379.2,6.60522152
1989-06-29,2458.3,2458.3000,373.9,6.57475261
1989-06-30,2440.1,2440.1000,377.3,6.46726743
1989-07-03,2452.8,2452.8000,381.1,6.43610601
1989-07-05,2456.6,2456.6000,388.4,6.32492276
1989-07-06,2462.4,2462.4000,388.6,6.33659290
1989-07-07,2487.9,2487.9000,385.7,6.45035001
1989-07-10,2502.7,2502.7000,386.6,6.47361614
1989-07-11,2514.6,2514.6000,383.3,6.56039656
1989-07-12,2532.6,2532.6000,380.4,6.65772871
1989-07-13,2538.3,2538.3000,378.5,6.70620872
1989-07-14,2554.8,2554.8000,372.2,6.86405159
1989-07-17,2553.5,2553.5000,372.2,6.86055884
1989-07-18,2544.8,2544.8000,373.8,6.80791867
1989-07-19,2584.4,2584.4000,369.3,6.99810452
1989-07-20,2575.5,2575.5000,372.2,6.91966685
1989-07-21,2607.4,2607.4000,373,6.99034853
1989-07-24,2585,2585.0000,373.9,6.91361327
1989-07-25,2583.1,2583.1000,382.6,6.75143753
1989-07-26,2613.1,2613.1000,375,6.96826667
1989-07-27,2635.4,2635.4000,382,6.89895288
1989-07-28,2635.2,2635.2000,375.4,7.01971231
1989-07-31,2660.7,2660.7000,378.7,7.02587800
1989-08-01,2641.1,2641.1000,378.8,6.97228089
1989-08-02,2657.4,2657.4000,377.8,7.03388036
1989-08-03,2661.6,2661.6000,381.4,6.97850026
1989-08-04,2653.5,2653.5000,375.4,7.06846031
1989-08-07,2695,2695.0000,373.4,7.21746117
1989-08-08,2699.2,2699.2000,373.6,7.22483940
1989-08-09,2686.1,2686.1000,373.9,7.18400642
1989-08-10,2712.6,2712.6000,374.2,7.24906467
1989-08-11,2684,2684.0000,371.4,7.22670975
1989-08-14,2677.9,2677.9000,373.2,7.17550911
1989-08-15,2687.8,2687.8000,377.5,7.12000000
1989-08-16,2693.3,2693.3000,374.7,7.18788364
1989-08-17,2679.6,2679.6000,374.6,7.15323011
1989-08-18,2688,2688.0000,373.9,7.18908799
1989-08-21,2647,2647.0000,374.5,7.06809079
1989-08-22,2651,2651.0000,374.5,7.07877170
1989-08-23,2678.1,2678.1000,371.9,7.20112934
1989-08-24,2734.6,2734.6000,370.6,7.37884512
1989-08-25,2732.4,2732.4000,366.7,7.45132261
1989-08-28,2743.4,2743.4000,366,7.49562842
1989-08-29,2726.6,2726.6000,369.3,7.38315732
1989-08-30,2728.2,2728.2000,367.6,7.42165397
1989-08-31,2737.3,2737.3000,365.4,7.49124247
1989-09-01,2752.1,2752.1000,366.1,7.51734499
1989-09-05,2744.7,2744.7000,365.1,7.51766639
1989-09-06,2719.8,2719.8000,367.4,7.40283070
1989-09-07,2706.9,2706.9000,366,7.39590164
1989-09-08,2709.5,2709.5000,365,7.42328767
1989-09-11,2704.4,2704.4000,364.6,7.41744377
1989-09-12,2707.3,2707.3000,364.8,7.42132675
1989-09-13,2679.5,2679.5000,365,7.34109589
1989-09-14,2664.9,2664.9000,365.5,7.29110807
1989-09-15,2674.6,2674.6000,368.9,7.25020331
1989-09-18,2687.5,2687.5000,366.5,7.33287858
1989-09-19,2687.3,2687.3000,366.2,7.33833971
1989-09-20,2683.9,2683.9000,370.1,7.25182383
1989-09-21,2680.3,2680.3000,370.3,7.23818526
1989-09-22,2681.6,2681.6000,370.7,7.23388185
1989-09-25,2659.2,2659.2000,374.6,7.09877202
1989-09-26,2663.9,2663.9000,373.1,7.13990887
1989-09-27,2673.1,2673.1000,372.3,7.17996240
1989-09-28,2694.9,2694.9000,372.8,7.22880901
1989-09-29,2692.8,2692.8000,372,7.23870968
1989-10-02,2713.7,2713.7000,372.1,7.29293201
1989-10-03,2754.6,2754.6000,371.4,7.41680129
1989-10-04,2771.1,2771.1000,371.5,7.45921938
1989-10-05,2773.6,2773.6000,367.9,7.53900516
1989-10-06,2785.5,2785.5000,368.2,7.56518197
1989-10-09,2791.4,2791.4000,367.4,7.59771366
1989-10-10,2785.3,2785.3000,365.2,7.62677985
1989-10-11,2773.4,2773.4000,366.1,7.57552581
1989-10-12,2759.8,2759.8000,367.4,7.51170386
1989-10-13,2569.3,2569.3000,367.3,6.99509937
1989-10-16,2657.4,2657.4000,371.2,7.15894397
1989-10-17,2638.7,2638.7000,371.2,7.10856681
1989-10-18,2643.7,2643.7000,372.4,7.09908700
1989-10-19,2683.2,2683.2000,370.6,7.24015111
1989-10-20,2689.1,2689.1000,370.6,7.25607124
1989-10-23,2662.9,2662.9000,370.2,7.19313884
1989-10-24,2659.2,2659.2000,373.4,7.12158543
1989-10-25,2653.3,2653.3000,372.3,7.12677948
1989-10-26,2613.7,2613.7000,375.4,6.96244006
1989-10-27,2596.7,2596.7000,381.2,6.81190976
1989-10-30,2603.5,2603.5000,380.8,6.83692227
1989-10-31,2645.1,2645.1000,377.6,7.00503178
1989-11-01,2645.9,2645.9000,376.9,7.02016450
1989-11-02,2631.6,2631.6000,382.9,6.87281274
1989-11-03,2629.5,2629.5000,381,6.90157480
1989-11-06,2582.2,2582.2000,383.8,6.72798332
1989-11-07,2597.1,2597.1000,388.4,6.68666323
1989-11-08,2623.4,2623.4000,390.8,6.71289662
1989-11-09,2603.7,2603.7000,389,6.69331620
1989-11-10,2625.6,2625.6000,388.6,6.75656202
1989-11-13,2626.4,2626.4000,392.7,6.68805704
1989-11-14,2610.3,2610.3000,394.9,6.61002786
1989-11-15,2632.6,2632.6000,392.8,6.70213849
1989-11-16,2635.7,2635.7000,392.7,6.71173924
1989-11-17,2652.7,2652.7000,395.8,6.70212228
1989-11-20,2632,2632.0000,399.3,6.59153519
1989-11-21,2639.3,2639.3000,404.4,6.52645895
1989-11-22,2656.8,2656.8000,411.6,6.45481050
1989-11-24,2675.6,2675.6000,419.3,6.38111138
1989-11-27,2695,2695.0000,414.1,6.50808983
1989-11-28,2702,2702.0000,419.4,6.44253696
1989-11-29,2688.8,2688.8000,415.5,6.47123947
1989-11-30,2706.3,2706.3000,417.5,6.48215569
1989-12-01,2747.7,2747.7000,419.3,6.55306463
1989-12-04,2753.6,2753.6000,406.6,6.77225775
1989-12-05,2741.7,2741.7000,408.9,6.70506236
1989-12-06,2736.8,2736.8000,410.1,6.67349427
1989-12-07,2720.8,2720.8000,415,6.55614458
1989-12-08,2731.4,2731.4000,416.8,6.55326296
1989-12-11,2728.2,2728.2000,421.8,6.46799431
1989-12-12,2752.1,2752.1000,422.8,6.50922422
1989-12-13,2761.1,2761.1000,412.9,6.68709131
1989-12-14,2753.6,2753.6000,412.8,6.67054264
1989-12-15,2739.6,2739.6000,418.3,6.54936648
1989-12-18,2697.5,2697.5000,416.1,6.48281663
1989-12-19,2695.6,2695.6000,416.1,6.47825042
1989-12-20,2687.9,2687.9000,417.5,6.43808383
1989-12-21,2691.1,2691.1000,415.5,6.47677497
1989-12-22,2711.4,2711.4000,416.7,6.50683945
1989-12-26,2709.3,2709.3000,410.1,6.60643745
1989-12-27,2724.4,2724.4000,403.8,6.74690441
1989-12-28,2732.3,2732.3000,401.4,6.80692576
1989-12-29,2753.2,2753.2000,405.2,6.79466930
1990-01-02,2810.2,2810.2000,402.1,6.98880875
1990-01-03,2809.7,2809.7000,396.4,7.08804238
1990-01-04,2796.1,2796.1000,400.8,6.97629741
1990-01-05,2773.3,2773.3000,408.5,6.78898409
1990-01-08,2794.4,2794.4000,405,6.89975309
1990-01-09,2766,2766.0000,406.2,6.80945347
1990-01-10,2750.6,2750.6000,414.2,6.64075326
1990-01-11,2760.7,2760.7000,415.6,6.64268527
1990-01-12,2689.2,2689.2000,414.7,6.48468773
1990-01-15,2669.4,2669.4000,415.1,6.43073958
1990-01-16,2692.6,2692.6000,412.2,6.53226589
1990-01-17,2659.1,2659.1000,413.7,6.42760454
1990-01-18,2666.4,2666.4000,411.2,6.48443580
1990-01-19,2677.9,2677.9000,410.9,6.51715746
1990-01-22,2600.5,2600.5000,408,6.37377451
1990-01-23,2615.3,2615.3000,413.7,6.32173072
1990-01-24,2604.5,2604.5000,417.7,6.23533637
1990-01-25,2561,2561.0000,416.3,6.15181360
1990-01-26,2559.2,2559.2000,420.3,6.08898406
1990-01-29,2553.4,2553.4000,425.1,6.00658669
1990-01-30,2543.2,2543.2000,423.9,5.99952819
1990-01-31,2590.5,2590.5000,417.8,6.20033509
1990-02-01,2586.3,2586.3000,423.3,6.10985117
1990-02-02,2602.7,2602.7000,423.4,6.14714218
1990-02-05,2622.5,2622.5000,427.5,6.13450292
1990-02-06,2606.3,2606.3000,426.4,6.11233583
1990-02-07,2640.1,2640.1000,423.1,6.23989601
1990-02-08,2644.4,2644.4000,423.5,6.24415584
1990-02-09,2648.2,2648.2000,420.6,6.29624346
1990-02-12,2619.1,2619.1000,423.6,6.18295562
1990-02-13,2624.1,2624.1000,422,6.21824645
1990-02-14,2624.3,2624.3000,420.7,6.23793677
1990-02-15,2649.6,2649.6000,416.2,6.36617011
1990-02-16,2635.6,2635.6000,420.8,6.26330798
1990-02-20,2596.9,2596.9000,423.6,6.13054769
1990-02-21,2583.6,2583.6000,421.6,6.12808349
1990-02-22,2574.8,2574.8000,419,6.14510740
1990-02-23,2564.2,2564.2000,418.2,6.13151602
1990-02-26,2602.5,2602.5000,411.8,6.31981544
1990-02-27,2617.1,2617.1000,411,6.36763990
1990-02-28,2627.3,2627.3000,408.9,6.42528736
1990-03-01,2635.6,2635.6000,409,6.44400978
1990-03-02,2660.4,2660.4000,405.6,6.55917160
1990-03-05,2649.6,2649.6000,406.6,6.51647811
1990-03-06,2676.8,2676.8000,406.1,6.59147993
1990-03-07,2669.6,2669.6000,402.3,6.63584390
1990-03-08,2696.2,2696.2000,401.9,6.70863399
1990-03-09,2683.3,2683.3000,401.6,6.68152390
1990-03-12,2686.7,2686.7000,401.1,6.69832959
1990-03-13,2674.6,2674.6000,400.7,6.67481907
1990-03-14,2687.8,2687.8000,399.5,6.72790989
1990-03-15,2695.7,2695.7000,399.6,6.74599600
1990-03-16,2741.2,2741.2000,400.9,6.83761537
1990-03-19,2755.6,2755.6000,401.9,6.85643195
1990-03-20,2738.7,2738.7000,393.3,6.96338673
1990-03-21,2727.9,2727.9000,392.5,6.95006369
1990-03-22,2695.7,2695.7000,394.7,6.82974411
1990-03-23,2704.3,2704.3000,389.4,6.94478685
1990-03-26,2707.7,2707.7000,366.2,7.39404697
1990-03-27,2736.9,2736.9000,369.1,7.41506367
1990-03-28,2743.7,2743.7000,374.2,7.33217531
1990-03-29,2727.7,2727.7000,376,7.25452128
1990-03-30,2707.2,2707.2000,375,7.21920000
1990-04-02,2700.5,2700.5000,374.5,7.21094793
1990-04-03,2736.7,2736.7000,380.1,7.19994738
1990-04-04,2719.4,2719.4000,381.8,7.12257727
1990-04-05,2721.2,2721.2000,379.3,7.17426839
1990-04-06,2717.1,2717.1000,385.2,7.05373832
1990-04-09,2722.1,2722.1000,380.4,7.15588854
1990-04-10,2731.1,2731.1000,379.3,7.20036910
1990-04-11,2729.7,2729.7000,378.4,7.21379493
1990-04-12,2751.8,2751.8000,379.7,7.24730050
1990-04-16,2763.1,2763.1000,378.9,7.29242544
1990-04-17,2765.8,2765.8000,378.8,7.30147835
1990-04-18,2732.9,2732.9000,379.7,7.19752436
1990-04-19,2711.9,2711.9000,380.7,7.12345679
1990-04-20,2696,2696.0000,379.9,7.09660437
1990-04-23,2666.7,2666.7000,382.1,6.97906307
1990-04-24,2654.5,2654.5000,379,7.00395778
1990-04-25,2666.4,2666.4000,373.6,7.13704497
1990-04-26,2676.6,2676.6000,373.3,7.17010447
1990-04-27,2645.1,2645.1000,374,7.07245989
1990-04-30,2656.8,2656.8000,371.4,7.15347334
1990-05-01,2668.9,2668.9000,372.7,7.16098739
1990-05-02,2689.6,2689.6000,372,7.23010753
1990-05-03,2696.2,2696.2000,373.7,7.21487824
1990-05-04,2710.4,2710.4000,373.1,7.26454034
1990-05-07,2721.6,2721.6000,374,7.27700535
1990-05-08,2733.6,2733.6000,372,7.34838710
1990-05-09,2732.9,2732.9000,373.7,7.31308536
1990-05-10,2738.5,2738.5000,371.9,7.36353859
1990-05-11,2801.6,2801.6000,370.5,7.56167341
1990-05-14,2821.5,2821.5000,369.9,7.62773723
1990-05-15,2822.5,2822.5000,372.3,7.58125168
1990-05-16,2819.7,2819.7000,370.3,7.61463678
1990-05-17,2831.7,2831.7000,370.6,7.64085267
1990-05-18,2819.9,2819.9000,375.6,7.50772098
1990-05-21,2844.7,2844.7000,374.1,7.60411655
1990-05-22,2852.2,2852.2000,376.4,7.57757705
1990-05-23,2856.3,2856.3000,364.6,7.83406473
1990-05-24,2855.6,2855.6000,371.3,7.69081605
1990-05-25,2820.9,2820.9000,368.4,7.65716612
1990-05-29,2870.5,2870.5000,367.4,7.81301034
1990-05-30,2878.6,2878.6000,368.9,7.80319870
1990-05-31,2876.7,2876.7000,368.6,7.80439501
1990-06-01,2901,2901.0000,363.5,7.98074278
1990-06-04,2935.2,2935.2000,362.4,8.09933775
1990-06-05,2925,2925.0000,363.6,8.04455446
1990-06-06,2911.7,2911.7000,361,8.06565097
1990-06-07,2897.3,2897.3000,358.1,8.09075677
1990-06-08,2862.4,2862.4000,359.2,7.96881960
1990-06-11,2892.6,2892.6000,359.7,8.04170142
1990-06-12,2933.4,2933.4000,359.1,8.16875522
1990-06-13,2930,2930.0000,355.1,8.25119685
1990-06-14,2928.2,2928.2000,349.8,8.37106918
1990-06-15,2935.9,2935.9000,352.3,8.33352257
1990-06-18,2882.2,2882.2000,352,8.18806818
1990-06-19,2893.6,2893.6000,351.8,8.22512791
1990-06-20,2895.3,2895.3000,353.1,8.19966015
1990-06-21,2901.7,2901.7000,353.1,8.21778533
1990-06-22,2857.2,2857.2000,352.8,8.09863946
1990-06-25,2845.1,2845.1000,356.2,7.98736665
1990-06-26,2842.3,2842.3000,352.9,8.05412298
1990-06-27,2862.1,2862.1000,353.2,8.10334088
1990-06-28,2878.7,2878.7000,354.1,8.12962440
1990-06-29,2880.7,2880.7000,359.9,8.00416782
1990-07-02,2899.3,2899.3000,360.8,8.03575388
1990-07-03,2911.6,2911.6000,364.1,7.99670420
1990-07-05,2879.2,2879.2000,363.3,7.92513075
1990-07-06,2905,2905.0000,362.9,8.00496004
1990-07-09,2914.1,2914.1000,359.9,8.09697138
1990-07-10,2890.8,2890.8000,357.1,8.09521143
1990-07-11,2932.7,2932.7000,355.6,8.24718785
1990-07-12,2969.8,2969.8000,359.5,8.26091794
1990-07-13,2980.2,2980.2000,365.7,8.14930271
1990-07-16,2999.8,2999.8000,364.5,8.22990398
1990-07-17,2999.8,2999.8000,363,8.26391185
1990-07-18,2981.7,2981.7000,362.5,8.22537931
1990-07-19,2993.8,2993.8000,362.1,8.26788180
1990-07-20,2961.1,2961.1000,362,8.17983425
1990-07-23,2904.7,2904.7000,369.7,7.85691101
1990-07-24,2922.5,2922.5000,368.4,7.93295331
1990-07-25,2930.9,2930.9000,372.4,7.87030075
1990-07-26,2920.8,2920.8000,369.6,7.90259740
1990-07-27,2898.5,2898.5000,368,7.87635870
1990-07-30,2917.3,2917.3000,376.8,7.74230361
1990-07-31,2905.2,2905.2000,379.2,7.66139241
1990-08-01,2899.3,2899.3000,382.4,7.58185146
1990-08-02,2864.6,2864.6000,385.9,7.42316662
1990-08-03,2809.7,2809.7000,386.4,7.27148033
1990-08-06,2716.3,2716.3000,393.8,6.89766379
1990-08-07,2710.6,2710.6000,393.7,6.88493777
1990-08-08,2734.9,2734.9000,392.2,6.97322794
1990-08-09,2758.9,2758.9000,394.8,6.98809524
1990-08-10,2716.6,2716.6000,405.9,6.69278147
1990-08-13,2746.8,2746.8000,405.9,6.76718404
1990-08-14,2747.8,2747.8000,414,6.63719807
1990-08-15,2748.3,2748.3000,411.3,6.68198395
1990-08-16,2681.4,2681.4000,417.9,6.41636755
1990-08-17,2644.8,2644.8000,418.3,6.32273488
1990-08-20,2656.4,2656.4000,418.8,6.34288443
1990-08-21,2604,2604.0000,416,6.25961538
1990-08-22,2560.2,2560.2000,419.3,6.10589077
1990-08-23,2483.4,2483.4000,420.3,5.90863669
1990-08-24,2532.9,2532.9000,423.2,5.98511342
1990-08-27,2611.6,2611.6000,396.2,6.59162039
1990-08-28,2614.9,2614.9000,392.8,6.65707739
1990-08-29,2632.4,2632.4000,392.7,6.70333588
1990-08-30,2593.3,2593.3000,393.7,6.58699517
1990-08-31,2614.4,2614.4000,389.2,6.71736896
1990-09-04,2613.4,2613.4000,390.5,6.69244558
1990-09-05,2628.2,2628.2000,393,6.68753181
1990-09-06,2596.3,2596.3000,396.2,6.55300353
1990-09-07,2619.6,2619.6000,396,6.61515152
1990-09-10,2615.6,2615.6000,384.8,6.79729730
1990-09-11,2612.6,2612.6000,386.6,6.75788929
1990-09-12,2625.7,2625.7000,388.1,6.76552435
1990-09-13,2582.7,2582.7000,388.8,6.64274691
1990-09-14,2564.1,2564.1000,391,6.55780051
1990-09-17,2567.3,2567.3000,395.2,6.49620445
1990-09-18,2571.3,2571.3000,393.3,6.53775744
1990-09-19,2557.4,2557.4000,391.4,6.53398058
1990-09-20,2518.3,2518.3000,394.2,6.38838153
1990-09-21,2512.4,2512.4000,394.5,6.36856781
1990-09-24,2453,2453.0000,408.3,6.00783737
1990-09-25,2485.6,2485.6000,407.6,6.09813543
1990-09-26,2459.7,2459.7000,412.8,5.95857558
1990-09-27,2427.5,2427.5000,410.8,5.90920156
1990-09-28,2452.5,2452.5000,408.1,6.00955648
1990-10-01,2515.8,2515.8000,391.6,6.42441267
1990-10-02,2505.2,2505.2000,393.9,6.35998985
1990-10-03,2489.4,2489.4000,398.5,6.24692597
1990-10-04,2516.8,2516.8000,396.9,6.34114386
1990-10-05,2510.6,2510.6000,398.1,6.30645566
1990-10-08,2523.8,2523.8000,399.3,6.32056098
1990-10-09,2445.5,2445.5000,394,6.20685279
1990-10-10,2407.9,2407.9000,392.2,6.13946966
1990-10-11,2365.1,2365.1000,393.6,6.00889228
1990-10-12,2398,2398.0000,391.3,6.12829031
1990-10-15,2416.3,2416.3000,378.5,6.38388375
1990-10-16,2381.2,2381.2000,365.1,6.52204875
1990-10-17,2387.9,2387.9000,369.8,6.45727420
1990-10-18,2452.7,2452.7000,373,6.57560322
1990-10-19,2520.8,2520.8000,375.7,6.70960873
1990-10-22,2516.1,2516.1000,372.4,6.75644468
1990-10-23,2494.1,2494.1000,373.9,6.67050013
1990-10-24,2504.2,2504.2000,376,6.66010638
1990-10-25,2484.4,2484.4000,378.3,6.56727465
1990-10-26,2436.1,2436.1000,373.2,6.52759914
1990-10-29,2430.2,2430.2000,375.8,6.46673763
1990-10-30,2448,2448.0000,381.7,6.41341368
1990-10-31,2442.3,2442.3000,381.3,6.40519276
1990-11-01,2455,2455.0000,383.1,6.40824850
1990-11-02,2490.8,2490.8000,378,6.58941799
1990-11-05,2502.2,2502.2000,381.1,6.56573078
1990-11-06,2485.2,2485.2000,388.1,6.40350425
1990-11-07,2440.8,2440.8000,387.9,6.29234339
1990-11-08,2443.8,2443.8000,388.9,6.28387760
1990-11-09,2488.6,2488.6000,386.3,6.44214341
1990-11-12,2540.4,2540.4000,383.3,6.62770676
1990-11-13,2535.4,2535.4000,387,6.55142119
1990-11-14,2559.7,2559.7000,378.5,6.76274769
1990-11-15,2545.1,2545.1000,380,6.69763158
1990-11-16,2550.3,2550.3000,379.8,6.71484992
1990-11-19,2565.4,2565.4000,382.3,6.71043683
1990-11-20,2530.2,2530.2000,378.5,6.68480845
1990-11-21,2539.4,2539.4000,379.8,6.68615061
1990-11-23,2527.2,2527.2000,384.5,6.57269181
1990-11-26,2533.2,2533.2000,386.7,6.55081458
1990-11-27,2543.8,2543.8000,385.8,6.59357180
1990-11-28,2535.2,2535.2000,385.7,6.57298418
1990-11-29,2518.8,2518.8000,391.7,6.43043145
1990-11-30,2559.7,2559.7000,385.7,6.63650506
1990-12-03,2565.6,2565.6000,378.5,6.77833554
1990-12-04,2579.7,2579.7000,380.5,6.77976347
1990-12-05,2610.4,2610.4000,375.8,6.94624800
1990-12-06,2602.5,2602.5000,373.2,6.97347267
1990-12-07,2590.1,2590.1000,372.1,6.96076324
1990-12-10,2596.8,2596.8000,375.9,6.90822027
1990-12-11,2586.1,2586.1000,373.6,6.92210921
1990-12-12,2622.3,2622.3000,374.5,7.00213618
1990-12-13,2614.4,2614.4000,376.1,6.95134273
1990-12-14,2593.8,2593.8000,378.6,6.85103011
1990-12-17,2593.3,2593.3000,379.3,6.83706828
1990-12-18,2626.7,2626.7000,378.4,6.94159619
1990-12-19,2626.7,2626.7000,388,6.76984536
1990-12-20,2629.5,2629.5000,386.7,6.79984484
1990-12-21,2633.7,2633.7000,384.3,6.85323966
1990-12-24,2621.3,2621.3000,384.3,6.82097320
1990-12-26,2637.1,2637.1000,387.4,6.80717605
1990-12-27,2625.5,2625.5000,387.6,6.77373581
1990-12-28,2629.2,2629.2000,396.2,6.63604240
1990-12-31,2633.7,2633.7000,396.2,6.64740030
1991-01-02,2610.6,2610.6000,391.1,6.67501918
1991-01-03,2573.5,2573.5000,388.9,6.61738236
1991-01-04,2566.1,2566.1000,387.2,6.62732438
1991-01-07,2522.8,2522.8000,396.2,6.36749117
1991-01-08,2509.4,2509.4000,392.3,6.39663523
1991-01-09,2470.3,2470.3000,393,6.28575064
1991-01-10,2498.8,2498.8000,392.1,6.37286407
1991-01-11,2501.5,2501.5000,393.3,6.36028477
1991-01-14,2483.9,2483.9000,401.6,6.18500996
1991-01-15,2490.6,2490.6000,400.2,6.22338831
1991-01-16,2508.9,2508.9000,404.5,6.20247219
1991-01-17,2623.5,2623.5000,374.4,7.00721154
1991-01-18,2646.8,2646.8000,375.1,7.05625167
1991-01-21,2629.2,2629.2000,379.5,6.92806324
1991-01-22,2603.2,2603.2000,380.1,6.84872402
1991-01-23,2619.1,2619.1000,378.9,6.91237794
1991-01-24,2643.1,2643.1000,373.5,7.07657296
1991-01-25,2659.4,2659.4000,376.1,7.07099176
1991-01-28,2654.5,2654.5000,377.1,7.03924688
1991-01-29,2662.6,2662.6000,376.4,7.07385760
1991-01-30,2713.1,2713.1000,371.5,7.30309556
1991-01-31,2736.4,2736.4000,368.5,7.42578019
1991-02-01,2730.7,2730.7000,368.7,7.40629238
1991-02-04,2772.3,2772.3000,371.6,7.46044133
1991-02-05,2788.4,2788.4000,368.9,7.55868799
1991-02-06,2830.9,2830.9000,365.2,7.75164294
1991-02-07,2810.6,2810.6000,370,7.59621622
1991-02-08,2830.7,2830.7000,372.4,7.60123523
1991-02-11,2902.2,2902.2000,369.1,7.86290978
1991-02-12,2874.8,2874.8000,370.3,7.76343505
1991-02-13,2909.2,2909.2000,369.5,7.87334235
1991-02-14,2877.2,2877.2000,370.2,7.77201513
1991-02-15,2934.7,2934.7000,366.1,8.01611582
1991-02-19,2932.2,2932.2000,366.1,8.00928708
1991-02-20,2899,2899.0000,366.1,7.91860148
1991-02-21,2891.8,2891.8000,364.1,7.94232354
1991-02-22,2889.4,2889.4000,358.3,8.06419202
1991-02-25,2887.9,2887.9000,360.8,8.00415743
1991-02-26,2864.6,2864.6000,360.2,7.95280400
1991-02-27,2889.1,2889.1000,363.3,7.95238095
1991-02-28,2882.2,2882.2000,369,7.81084011
1991-03-01,2909.9,2909.9000,368.6,7.89446555
1991-03-04,2914.1,2914.1000,369.5,7.88660352
1991-03-05,2972.5,2972.5000,366.3,8.11493311
1991-03-06,2973.3,2973.3000,367.5,8.09061224
1991-03-07,2963.4,2963.4000,368.5,8.04179104
1991-03-08,2955.2,2955.2000,371.2,7.96120690
1991-03-11,2939.4,2939.4000,366.2,8.02676133
1991-03-12,2922.5,2922.5000,366.1,7.98279159
1991-03-13,2955.2,2955.2000,368.1,8.02825319
1991-03-14,2952.2,2952.2000,366.3,8.05951406
1991-03-15,2948.3,2948.3000,365.8,8.05986878
1991-03-18,2930,2930.0000,363.7,8.05609018
1991-03-19,2867.8,2867.8000,364.5,7.86776406
1991-03-20,2872,2872.0000,363.6,7.89878988
1991-03-21,2855.5,2855.5000,363.5,7.85557084
1991-03-22,2858.9,2858.9000,363.5,7.86492435
1991-03-25,2865.8,2865.8000,359.4,7.97384530
1991-03-26,2914.9,2914.9000,360.1,8.09469592
1991-03-27,2917.6,2917.6000,358.4,8.14062500
1991-03-28,2913.9,2913.9000,359.4,8.10767947
1991-04-01,2881.2,2881.2000,362.4,7.95033113
1991-04-02,2945.1,2945.1000,360.5,8.16948682
1991-04-03,2926.7,2926.7000,362.2,8.08034235
1991-04-04,2924.5,2924.5000,361.7,8.08542991
1991-04-05,2896.8,2896.8000,362.1,8.00000000
1991-04-08,2918.6,2918.6000,364,8.01813187
1991-04-09,2873,2873.0000,367.2,7.82407407
1991-04-10,2874.5,2874.5000,366.3,7.84739285
1991-04-11,2905.5,2905.5000,364.8,7.96463816
1991-04-12,2920.8,2920.8000,362.7,8.05293631
1991-04-15,2933.2,2933.2000,363.2,8.07599119
1991-04-16,2986.9,2986.9000,363.1,8.22610851
1991-04-17,3004.5,3004.5000,363.7,8.26092934
1991-04-18,2999.3,2999.3000,360.2,8.32676291
1991-04-19,2965.6,2965.6000,359,8.26072423
1991-04-22,2927.7,2927.7000,359.7,8.13928274
1991-04-23,2930.5,2930.5000,358.9,8.16522708
1991-04-24,2949.5,2949.5000,358.1,8.23652611
1991-04-25,2921,2921.0000,355.8,8.20966835
1991-04-26,2912.4,2912.4000,355.5,8.19240506
1991-04-29,2877,2877.0000,354.1,8.12482350
1991-04-30,2887.9,2887.9000,357.7,8.07352530
1991-05-01,2930.2,2930.2000,357.7,8.19178082
1991-05-02,2938.6,2938.6000,356.7,8.23829549
1991-05-03,2938.9,2938.9000,355.5,8.26694796
1991-05-06,2941.6,2941.6000,356.9,8.24208462
1991-05-07,2917.5,2917.5000,358.1,8.14716560
1991-05-08,2930.9,2930.9000,358.5,8.17545328
1991-05-09,2971.2,2971.2000,359.3,8.26941275
1991-05-10,2920.2,2920.2000,358.3,8.15015350
1991-05-13,2924.4,2924.4000,359.8,8.12784880
1991-05-14,2886.9,2886.9000,361.2,7.99252492
1991-05-15,2865.4,2865.4000,360.9,7.93959546
1991-05-16,2894,2894.0000,357.1,8.10417250
1991-05-17,2886.6,2886.6000,356,8.10842697
1991-05-20,2892.2,2892.2000,358.1,8.07651494
1991-05-21,2906.1,2906.1000,357.9,8.11986588
1991-05-22,2910.3,2910.3000,356.8,8.15667040
1991-05-23,2900,2900.0000,355.5,8.15752461
1991-05-24,2913.9,2913.9000,356.8,8.16676009
1991-05-28,2958.9,2958.9000,363.7,8.13555128
1991-05-29,2969.6,2969.6000,364.2,8.15376167
1991-05-30,3000.5,3000.5000,366.5,8.18690314
1991-05-31,3027.5,3027.5000,364.8,8.29906798
1991-06-03,3035.3,3035.3000,366.4,8.28411572
1991-06-04,3028,3028.0000,365.8,8.27774740
1991-06-05,3005.4,3005.4000,365.7,8.21821165
1991-06-06,2994.9,2994.9000,368.1,8.13610432
1991-06-07,2976.7,2976.7000,369.5,8.05602165
1991-06-10,2975.4,2975.4000,376.6,7.90069039
1991-06-11,2985.9,2985.9000,373.9,7.98582509
1991-06-12,2962,2962.0000,373.1,7.93889038
1991-06-13,2965.1,2965.1000,372.9,7.95146152
1991-06-14,3000.5,3000.5000,369.8,8.11384532
1991-06-17,2994,2994.0000,370.8,8.07443366
1991-06-18,2986.8,2986.8000,370.9,8.05284443
1991-06-19,2955.5,2955.5000,371.1,7.96416060
1991-06-20,2953.9,2953.9000,370.4,7.97489201
1991-06-21,2965.6,2965.6000,368.1,8.05650638
1991-06-24,2913,2913.0000,365.2,7.97645126
1991-06-25,2910.1,2910.1000,366.7,7.93591492
1991-06-26,2913,2913.0000,367.9,7.91791248
1991-06-27,2934.9,2934.9000,367.9,7.97743952
1991-06-28,2906.8,2906.8000,370,7.85621622
1991-07-01,2958.4,2958.4000,369.9,7.99783725
1991-07-02,2972.7,2972.7000,369.4,8.04737412
1991-07-03,2934.7,2934.7000,371.6,7.89747040
1991-07-05,2932.5,2932.5000,371.6,7.89155005
1991-07-08,2962,2962.0000,372.1,7.96022575
1991-07-09,2947.2,2947.2000,370.6,7.95250944
1991-07-10,2944.8,2944.8000,371.2,7.93318966
1991-07-11,2959.8,2959.8000,368.9,8.02331255
1991-07-12,2980.8,2980.8000,369.6,8.06493506
1991-07-15,2990.6,2990.6000,370.1,8.08051878
1991-07-16,2983.9,2983.9000,369.8,8.06895619
1991-07-17,2978.8,2978.8000,370.5,8.03994602
1991-07-18,3016.3,3016.3000,370.9,8.13238070
1991-07-19,3016.3,3016.3000,371.2,8.12580819
1991-07-22,3013,3013.0000,368.1,8.18527574
1991-07-23,2983.2,2983.2000,368.5,8.09552239
1991-07-24,2966.2,2966.2000,364.7,8.13326021
1991-07-25,2980.1,2980.1000,364.7,8.17137373
1991-07-26,2972.5,2972.5000,366.3,8.11493311
1991-07-29,2985.2,2985.2000,370.8,8.05070119
1991-07-30,3016.3,3016.3000,369.8,8.15657112
1991-07-31,3024.8,3024.8000,370.8,8.15749730
1991-08-01,3017.7,3017.7000,370.3,8.14933837
1991-08-02,3006.3,3006.3000,362.3,8.29781949
1991-08-05,2989,2989.0000,362.7,8.24097050
1991-08-06,3027.3,3027.3000,363.1,8.33737262
1991-08-07,3026.6,3026.6000,362.8,8.34233738
1991-08-08,3013.9,3013.9000,363.3,8.29589871
1991-08-09,2996.2,2996.2000,364.4,8.22228321
1991-08-12,3001.3,3001.3000,363.5,8.25667125
1991-08-13,3008.7,3008.7000,362.2,8.30673661
1991-08-14,3005.4,3005.4000,363.6,8.26567657
1991-08-15,2998.4,2998.4000,362.7,8.26688723
1991-08-16,2968,2968.0000,363.5,8.16506190
1991-08-19,2898,2898.0000,364.1,7.95935183
1991-08-20,2913.7,2913.7000,361.3,8.06448934
1991-08-21,3001.8,3001.8000,362.1,8.28997514
1991-08-22,3007.4,3007.4000,359.4,8.36783528
1991-08-23,3040.3,3040.3000,358.6,8.47824875
1991-08-26,3039.4,3039.4000,360.3,8.43574799
1991-08-27,3026.2,3026.2000,359.5,8.41780250
1991-08-28,3055.2,3055.2000,358.9,8.51267763
1991-08-29,3049.6,3049.6000,355.7,8.57351701
1991-08-30,3043.6,3043.6000,352.9,8.62453953
1991-09-03,3017.7,3017.7000,352.9,8.55114763
1991-09-04,3008.5,3008.5000,353,8.52266289
1991-09-05,3008.5,3008.5000,351.4,8.56146841
1991-09-06,3011.6,3011.6000,353.4,8.52178834
1991-09-09,3007.2,3007.2000,355.2,8.46621622
1991-09-10,2982.6,2982.6000,354,8.42542373
1991-09-11,2987,2987.0000,349.4,8.54894104
1991-09-12,3007.8,3007.8000,348.2,8.63813900
1991-09-13,2985.7,2985.7000,348.2,8.57466973
1991-09-16,3015.2,3015.2000,348.3,8.65690497
1991-09-17,3013.2,3013.2000,350.4,8.59931507
1991-09-18,3017.9,3017.9000,352.3,8.56627874
1991-09-19,3024.4,3024.4000,352,8.59204545
1991-09-20,3019.2,3019.2000,352.1,8.57483669
1991-09-23,3010.5,3010.5000,354.3,8.49703641
1991-09-24,3029.1,3029.1000,357.2,8.48012318
1991-09-25,3021,3021.0000,356.3,8.47880999
1991-09-26,3017.2,3017.2000,354.1,8.52075685
1991-09-27,3006,3006.0000,352.4,8.53007946
1991-09-30,3016.8,3016.8000,357.3,8.44332494
1991-10-01,3018.3,3018.3000,357.3,8.44752309
1991-10-02,3012.5,3012.5000,358.6,8.40072504
1991-10-03,2984.8,2984.8000,360.6,8.27731559
1991-10-04,2961.8,2961.8000,361.7,8.18855405
1991-10-07,2942.8,2942.8000,362,8.12928177
1991-10-08,2963.8,2963.8000,360.2,8.22820655
1991-10-09,2946.3,2946.3000,362.1,8.13670257
1991-10-10,2976.5,2976.5000,361.3,8.23830612
1991-10-11,2983.7,2983.7000,362.4,8.23316777
1991-10-14,3019.5,3019.5000,361.3,8.35732079
1991-10-15,3041.4,3041.4000,360.1,8.44598723
1991-10-16,3061.7,3061.7000,360.5,8.49292649
1991-10-17,3053,3053.0000,362.3,8.42671819
1991-10-18,3077.2,3077.2000,364.4,8.44456641
1991-10-21,3060.4,3060.4000,365.9,8.36403389
1991-10-22,3039.8,3039.8000,366,8.30546448
1991-10-23,3040.9,3040.9000,364.3,8.34724128
1991-10-24,3016.3,3016.3000,364,8.28653846
1991-10-25,3004.9,3004.9000,362.7,8.28480838
1991-10-28,3045.6,3045.6000,360.8,8.44124169
1991-10-29,3061.9,3061.9000,361.1,8.47936860
1991-10-30,3071.8,3071.8000,360.5,8.52094313
1991-10-31,3069.1,3069.1000,359.5,8.53713491
1991-11-01,3056.4,3056.4000,356.9,8.56374335
1991-11-04,3045.6,3045.6000,358.1,8.50488690
1991-11-05,3031.3,3031.3000,355.4,8.52926280
1991-11-06,3038.5,3038.5000,355.8,8.53991006
1991-11-07,3054.1,3054.1000,354.7,8.61037496
1991-11-08,3045.6,3045.6000,355.2,8.57432432
1991-11-11,3042.3,3042.3000,356.2,8.54098821
1991-11-12,3054.1,3054.1000,356.7,8.56209700
1991-11-13,3065.3,3065.3000,357.3,8.57906521
1991-11-14,3063.5,3063.5000,355.7,8.61259488
1991-11-15,2943.2,2943.2000,360.1,8.17328520
1991-11-18,2972.7,2972.7000,361.5,8.22323651
1991-11-19,2931.6,2931.6000,364.4,8.04500549
1991-11-20,2930,2930.0000,364.7,8.03400055
1991-11-21,2932.7,2932.7000,368.6,7.95632122
1991-11-22,2902.7,2902.7000,369.6,7.85362554
1991-11-25,2902.1,2902.1000,368.3,7.87971762
1991-11-26,2916.1,2916.1000,369.3,7.89629028
1991-11-27,2900,2900.0000,371.2,7.81250000
1991-11-29,2894.7,2894.7000,371.1,7.80032336
1991-12-02,2935.4,2935.4000,369.9,7.93565829
1991-12-03,2929.6,2929.6000,366.4,7.99563319
1991-12-04,2911.7,2911.7000,367.9,7.91437891
1991-12-05,2889.1,2889.1000,370,7.80837838
1991-12-06,2886.4,2886.4000,371.9,7.76122614
1991-12-09,2871.7,2871.7000,371.6,7.72793326
1991-12-10,2863.8,2863.8000,371.1,7.71705740
1991-12-11,2865.4,2865.4000,368.6,7.77373847
1991-12-12,2895.1,2895.1000,359.9,8.04417894
1991-12-13,2914.4,2914.4000,361.3,8.06642679
1991-12-16,2919.1,2919.1000,360.9,8.08839014
1991-12-17,2902.3,2902.3000,359.1,8.08214982
1991-12-18,2908.1,2908.1000,360.8,8.06014412
1991-12-19,2914.4,2914.4000,359.1,8.11584517
1991-12-20,2934.5,2934.5000,360.3,8.14460172
1991-12-23,3022.6,3022.6000,361,8.37285319
1991-12-24,3051,3051.0000,360.7,8.45855281
1991-12-26,3083,3083.0000,355.9,8.66254566
1991-12-27,3101.5,3101.5000,355,8.73661972
1991-12-30,3163.9,3163.9000,353.9,8.94009607
1991-12-31,3168.8,3168.8000,355.2,8.92117117
1992-01-02,3172.4,3172.4000,353.2,8.98187995
1992-01-03,3201.5,3201.5000,351.5,9.10810811
1992-01-06,3200.1,3200.1000,350.3,9.13531259
1992-01-07,3204.8,3204.8000,350.5,9.14350927
1992-01-08,3203.9,3203.9000,351.5,9.11493599
1992-01-09,3209.5,3209.5000,357.5,8.97762238
1992-01-10,3199.5,3199.5000,356.9,8.96469599
1992-01-13,3185.6,3185.6000,354.5,8.98617772
1992-01-14,3246.2,3246.2000,355.2,9.13907658
1992-01-15,3258.5,3258.5000,354.7,9.18663659
1992-01-16,3249.6,3249.6000,357,9.10252101
1992-01-17,3265,3265.0000,354.5,9.21015515
1992-01-20,3254,3254.0000,358.2,9.08431044
1992-01-21,3223.4,3223.4000,358.4,8.99386161
1992-01-22,3255.8,3255.8000,358.3,9.08679877
1992-01-23,3226.7,3226.7000,354.9,9.09185686
1992-01-24,3232.8,3232.8000,354.7,9.11418100
1992-01-27,3240.6,3240.6000,355,9.12845070
1992-01-28,3272.1,3272.1000,357.9,9.14249790
1992-01-29,3225,3225.0000,358.2,9.00335008
1992-01-30,3244.9,3244.9000,355.6,9.12514061
1992-01-31,3223.4,3223.4000,358.9,8.98133185
1992-02-03,3234.1,3234.1000,358.4,9.02371652
1992-02-04,3272.8,3272.8000,357.9,9.14445376
1992-02-05,3257.6,3257.6000,357.3,9.11726840
1992-02-06,3255.6,3255.6000,357.4,9.10912143
1992-02-07,3225.4,3225.4000,356.5,9.04740533
1992-02-10,3245.1,3245.1000,357.4,9.07974259
1992-02-11,3251.6,3251.6000,357.8,9.08775852
1992-02-12,3276.8,3276.8000,359.6,9.11234705
1992-02-13,3246.7,3246.7000,357.3,9.08676182
1992-02-14,3246,3246.0000,355.1,9.14108702
1992-02-18,3224.7,3224.7000,354.7,9.09134480
1992-02-19,3230.3,3230.3000,354.5,9.11227080
1992-02-20,3280.6,3280.6000,354.7,9.24894277
1992-02-21,3280.2,3280.2000,352.5,9.30553191
1992-02-24,3282.4,3282.4000,351.1,9.34890345
1992-02-25,3257.8,3257.8000,350.6,9.29207074
1992-02-26,3283.3,3283.3000,350.8,9.35946408
1992-02-27,3269.5,3269.5000,355,9.20985915
1992-02-28,3267.7,3267.7000,354.1,9.22818413
1992-03-02,3275.3,3275.3000,352.5,9.29163121
1992-03-03,3290.3,3290.3000,351.4,9.36340353
1992-03-04,3268.6,3268.6000,351.6,9.29635950
1992-03-05,3241.5,3241.5000,352.3,9.20096509
1992-03-06,3221.6,3221.6000,350.3,9.19668855
1992-03-09,3215.1,3215.1000,349.7,9.19388047
1992-03-10,3231,3231.0000,349.8,9.23670669
1992-03-11,3208.6,3208.6000,351.4,9.13090495
1992-03-12,3208.6,3208.6000,348,9.22011494
1992-03-13,3235.9,3235.9000,347.3,9.31730492
1992-03-16,3236.4,3236.4000,343.9,9.41087525
1992-03-17,3256,3256.0000,340.6,9.55960070
1992-03-18,3254.3,3254.3000,338.8,9.60537190
1992-03-19,3261.4,3261.4000,339.1,9.61781185
1992-03-20,3276.4,3276.4000,338.5,9.67917282
1992-03-23,3272.1,3272.1000,338.5,9.66646972
1992-03-24,3261,3261.0000,339.8,9.59682166
1992-03-25,3259.4,3259.4000,341.3,9.54995605
1992-03-26,3267.7,3267.7000,343,9.52682216
1992-03-27,3231.4,3231.4000,344.4,9.38269454
1992-03-30,3235.2,3235.2000,343.8,9.41012216
1992-03-31,3235.5,3235.5000,345.5,9.36468886
1992-04-01,3249.3,3249.3000,344.6,9.42919327
1992-04-02,3234.1,3234.1000,342.4,9.44538551
1992-04-03,3249.1,3249.1000,342.7,9.48088707
1992-04-06,3275.5,3275.5000,341.8,9.58308953
1992-04-07,3213.6,3213.6000,340.1,9.44898559
1992-04-08,3181.4,3181.4000,339.3,9.37636310
1992-04-09,3225,3225.0000,340.9,9.46025227
1992-04-10,3255.4,3255.4000,342.5,9.50481752
1992-04-13,3269.9,3269.9000,340.6,9.60041104
1992-04-14,3306.1,3306.1000,340.8,9.70099765
1992-04-15,3353.8,3353.8000,337,9.95192878
1992-04-16,3366.5,3366.5000,338.3,9.95122672
1992-04-20,3336.3,3336.3000,337.7,9.87947883
1992-04-21,3343.3,3343.3000,341.7,9.78431373
1992-04-22,3338.8,3338.8000,339.8,9.82577987
1992-04-23,3348.6,3348.6000,339.3,9.86914235
1992-04-24,3324.5,3324.5000,337.5,9.85037037
1992-04-27,3304.6,3304.6000,337.1,9.80302581
1992-04-28,3307.9,3307.9000,337.2,9.80990510
1992-04-29,3333.2,3333.2000,336.4,9.90844233
1992-04-30,3359.1,3359.1000,337.9,9.94110684
1992-05-01,3336.1,3336.1000,339.3,9.83230180
1992-05-04,3378.1,3378.1000,337.6,10.00622038
1992-05-05,3359.4,3359.4000,337.8,9.94493783
1992-05-06,3369.4,3369.4000,337.5,9.98340741
1992-05-07,3363.4,3363.4000,335.9,10.01309914
1992-05-08,3369.4,3369.4000,336.3,10.01903063
1992-05-11,3397.6,3397.6000,337,10.08189911
1992-05-12,3385.1,3385.1000,335.8,10.08070280
1992-05-13,3392,3392.0000,336.1,10.09223445
1992-05-14,3368.9,3368.9000,338.4,9.95537825
1992-05-15,3353.1,3353.1000,339.1,9.88823356
1992-05-18,3376,3376.0000,339.3,9.94989685
1992-05-19,3398,3398.0000,338.2,10.04730928
1992-05-20,3393.8,3393.8000,338.4,10.02895981
1992-05-21,3378.7,3378.7000,337.4,10.01393005
1992-05-22,3386.8,3386.8000,338.1,10.01715469
1992-05-26,3364.2,3364.2000,338.4,9.94148936
1992-05-27,3370.4,3370.4000,340,9.91294118
1992-05-28,3398.4,3398.4000,339,10.02477876
1992-05-29,3396.9,3396.9000,338.4,10.03812057
1992-06-01,3413.2,3413.2000,339.6,10.05064782
1992-06-02,3396.1,3396.1000,341.2,9.95339977
1992-06-03,3407,3407.0000,340.6,10.00293600
1992-06-04,3399.7,3399.7000,340.6,9.98150323
1992-06-05,3398.7,3398.7000,340.7,9.97563839
1992-06-08,3404.1,3404.1000,340.1,10.00911497
1992-06-09,3369.9,3369.9000,340.2,9.90564374
1992-06-10,3343.2,3343.2000,339.8,9.83872866
1992-06-11,3351.5,3351.5000,342.3,9.79111890
1992-06-12,3354.4,3354.4000,344.7,9.73136060
1992-06-15,3354.9,3354.9000,344.9,9.72716729
1992-06-16,3329.5,3329.5000,344,9.67877907
1992-06-17,3287.8,3287.8000,342.9,9.58821814
1992-06-18,3274.1,3274.1000,344.2,9.51220221
1992-06-19,3285.4,3285.4000,342.4,9.59521028
1992-06-22,3280.8,3280.8000,345.2,9.50405562
1992-06-23,3285.6,3285.6000,346,9.49595376
1992-06-24,3290.7,3290.7000,344.3,9.55765321
1992-06-25,3284,3284.0000,344.6,9.52988973
1992-06-26,3282.4,3282.4000,343.9,9.54463507
1992-06-29,3319.9,3319.9000,345.1,9.62011011
1992-06-30,3318.5,3318.5000,344.4,9.63559814
1992-07-01,3354.1,3354.1000,345.6,9.70515046
1992-07-02,3330.3,3330.3000,347.6,9.58084005
1992-07-06,3339.2,3339.2000,347.5,9.60920863
1992-07-07,3295.2,3295.2000,347.1,9.49351772
1992-07-08,3293.3,3293.3000,348.4,9.45264064
1992-07-09,3324.1,3324.1000,349.4,9.51373784
1992-07-10,3330.6,3330.6000,349,9.54326648
1992-07-13,3337.3,3337.3000,349.8,9.54059463
1992-07-14,3358.4,3358.4000,351.8,9.54633314
1992-07-15,3345.4,3345.4000,354.7,9.43163237
1992-07-16,3361.6,3361.6000,353.2,9.51755379
1992-07-17,3331.6,3331.6000,358,9.30614525
1992-07-20,3303,3303.0000,359.6,9.18520578
1992-07-21,3308.4,3308.4000,358.1,9.23876012
1992-07-22,3277.6,3277.6000,359.3,9.12218202
1992-07-23,3290,3290.0000,358.9,9.16689886
1992-07-24,3285.7,3285.7000,359.5,9.13963839
1992-07-27,3282.2,3282.2000,358.1,9.16559620
1992-07-28,3334.1,3334.1000,362.9,9.18737944
1992-07-29,3379.2,3379.2000,360.4,9.37624861
1992-07-30,3391.9,3391.9000,360.6,9.40626733
1992-07-31,3393.8,3393.8000,361.4,9.39070282
1992-08-03,3395.4,3395.4000,356.5,9.52426367
1992-08-04,3384.3,3384.3000,356.5,9.49312763
1992-08-05,3365.1,3365.1000,352.9,9.53556248
1992-08-06,3340.6,3340.6000,352.7,9.47150553
1992-08-07,3332.2,3332.2000,353.9,9.41565414
1992-08-10,3337.6,3337.6000,354,9.42824859
1992-08-11,3331.1,3331.1000,350.9,9.49301795
1992-08-12,3320.8,3320.8000,342,9.70994152
1992-08-13,3313.3,3313.3000,337.2,9.82591934
1992-08-14,3328.9,3328.9000,337.8,9.85464772
1992-08-17,3324.9,3324.9000,339.9,9.78199470
1992-08-18,3329.5,3329.5000,338.7,9.83023324
1992-08-19,3307.1,3307.1000,340.8,9.70393192
1992-08-20,3304.9,3304.9000,340.2,9.71457966
1992-08-21,3254.1,3254.1000,340,9.57088235
1992-08-24,3228.2,3228.2000,344.3,9.37612547
1992-08-25,3232.2,3232.2000,343.3,9.41508884
1992-08-26,3246.8,3246.8000,340.9,9.52420065
1992-08-27,3254.6,3254.6000,341.7,9.52472929
1992-08-28,3267.6,3267.6000,342.4,9.54322430
1992-08-31,3257.4,3257.4000,345.3,9.43353606
1992-09-01,3266.3,3266.3000,343.4,9.51164822
1992-09-02,3290.3,3290.3000,341.1,9.64614483
1992-09-03,3292.2,3292.2000,343.4,9.58707047
1992-09-04,3281.9,3281.9000,343.8,9.54595695
1992-09-08,3260.6,3260.6000,344.6,9.46198491
1992-09-09,3271.4,3271.4000,344.2,9.50435793
1992-09-10,3305.2,3305.2000,344.2,9.60255665
1992-09-11,3305.7,3305.7000,342.9,9.64041995
1992-09-14,3376.2,3376.2000,348.8,9.67947248
1992-09-15,3327.3,3327.3000,348.4,9.55022962
1992-09-16,3319.2,3319.2000,351.7,9.43758885
1992-09-17,3315.7,3315.7000,349.8,9.47884505
1992-09-18,3327.1,3327.1000,353,9.42521246
1992-09-21,3320.8,3320.8000,349.4,9.50429307
1992-09-22,3280.9,3280.9000,350.7,9.35528942
1992-09-23,3278.7,3278.7000,350.4,9.35702055
1992-09-24,3287.9,3287.9000,351,9.36723647
1992-09-25,3250.3,3250.3000,351.1,9.25747650
1992-09-28,3276.3,3276.3000,349.4,9.37693188
1992-09-29,3266.8,3266.8000,349.9,9.33638182
1992-09-30,3271.7,3271.7000,349.4,9.36376646
1992-10-01,3254.4,3254.4000,349.1,9.32225723
1992-10-02,3200.6,3200.6000,349.6,9.15503432
1992-10-05,3179,3179.0000,352,9.03125000
1992-10-06,3178.2,3178.2000,351.4,9.04439385
1992-10-07,3152.3,3152.3000,352.2,8.95031232
1992-10-08,3176,3176.0000,351,9.04843305
1992-10-09,3136.6,3136.6000,351.4,8.92601024
1992-10-12,3174.4,3174.4000,346.1,9.17191563
1992-10-13,3201.4,3201.4000,344.9,9.28211076
1992-10-14,3195.5,3195.5000,343.7,9.29735234
1992-10-15,3174.7,3174.7000,341.9,9.28546359
1992-10-16,3174.4,3174.4000,343.2,9.24941725
1992-10-19,3188.5,3188.5000,343.4,9.28509027
1992-10-20,3186,3186.0000,344.6,9.24550203
1992-10-21,3187.1,3187.1000,344.8,9.24332947
1992-10-22,3200.9,3200.9000,343.7,9.31306372
1992-10-23,3207.6,3207.6000,344.2,9.31900058
1992-10-26,3244.1,3244.1000,341.7,9.49400059
1992-10-27,3235.7,3235.7000,338,9.57307692
1992-10-28,3251.4,3251.4000,340.1,9.56012937
1992-10-29,3246.3,3246.3000,340.2,9.54232804
1992-10-30,3226.3,3226.3000,340.1,9.48632755
1992-11-02,3262.2,3262.2000,340.6,9.57780388
1992-11-03,3252.5,3252.5000,338.2,9.61709048
1992-11-04,3223,3223.0000,337.7,9.54397394
1992-11-05,3243.8,3243.8000,336.8,9.63123515
1992-11-06,3240.1,3240.1000,336.2,9.63741820
1992-11-09,3240.9,3240.9000,333.1,9.72951066
1992-11-10,3225.5,3225.5000,330.1,9.77128143
1992-11-11,3240.3,3240.3000,332.1,9.75700090
1992-11-12,3239.8,3239.8000,333.5,9.71454273
1992-11-13,3233,3233.0000,335.4,9.63923673
1992-11-16,3205.7,3205.7000,334,9.59790419
1992-11-17,3193.3,3193.3000,334.4,9.54934211
1992-11-18,3207.4,3207.4000,335.2,9.56861575
1992-11-19,3209.5,3209.5000,335.4,9.56917114
1992-11-20,3227.4,3227.4000,335.3,9.62541008
1992-11-23,3223,3223.0000,334.4,9.63815789
1992-11-24,3248.7,3248.7000,335.3,9.68893528
1992-11-25,3266.3,3266.3000,334.7,9.75888856
1992-11-27,3282.2,3282.2000,335.5,9.78301043
1992-11-30,3305.2,3305.2000,335.5,9.85156483
1992-12-01,3294.4,3294.4000,336.1,9.80184469
1992-12-02,3286.3,3286.3000,336.9,9.75452657
1992-12-03,3276.5,3276.5000,336.4,9.73989298
1992-12-04,3288.7,3288.7000,336.6,9.77035056
1992-12-07,3307.3,3307.3000,337,9.81394659
1992-12-08,3322.2,3322.2000,336.3,9.87867975
1992-12-09,3323.8,3323.8000,334.5,9.93662182
1992-12-10,3312.2,3312.2000,335,9.88716418
1992-12-11,3304.1,3304.1000,336,9.83363095
1992-12-14,3292.2,3292.2000,335.4,9.81574240
1992-12-15,3284.4,3284.4000,335.3,9.79540710
1992-12-16,3255.2,3255.2000,338.7,9.61086507
1992-12-17,3269.2,3269.2000,339.2,9.63797170
1992-12-18,3313.3,3313.3000,337.7,9.81137104
1992-12-21,3312.5,3312.5000,334.6,9.89988045
1992-12-22,3321.1,3321.1000,332.8,9.97926683
1992-12-23,3313.5,3313.5000,333.4,9.93851230
1992-12-24,3326.2,3326.2000,333.4,9.97660468
1992-12-28,3333.3,3333.3000,333.4,9.99790042
1992-12-29,3310.8,3310.8000,332.8,9.94831731
1992-12-30,3321.1,3321.1000,333.3,9.96429643
1992-12-31,3301.1,3301.1000,333.1,9.91023717
1993-01-04,3309.2,3309.2000,328.4,10.07673569
1993-01-05,3307.9,3307.9000,329,10.05440729
1993-01-06,3305.2,3305.2000,330.1,10.01272342
1993-01-07,3269,3269.0000,329,9.93617021
1993-01-08,3251.7,3251.7000,329.5,9.86858877
1993-01-11,3262.8,3262.8000,327.8,9.95363026
1993-01-12,3264.6,3264.6000,328.8,9.92883212
1993-01-13,3263.6,3263.6000,327.6,9.96214896
1993-01-14,3267.9,3267.9000,327.3,9.98441797
1993-01-15,3271.1,3271.1000,327,10.00336391
1993-01-18,3274.9,3274.9000,328,9.98445122
1993-01-19,3256,3256.0000,328.6,9.90870359
1993-01-20,3242,3242.0000,329.8,9.83020012
1993-01-21,3253,3253.0000,329.3,9.87853022
1993-01-22,3256.8,3256.8000,328.6,9.91113816
1993-01-25,3292.2,3292.2000,328.8,10.01277372
1993-01-26,3299,3299.0000,331.1,9.96375717
1993-01-27,3291.4,3291.4000,330.4,9.96186441
1993-01-28,3306.3,3306.3000,331.1,9.98580489
1993-01-29,3310,3310.0000,330.7,10.00907167
1993-02-01,3332.2,3332.2000,330.7,10.07620200
1993-02-02,3328.7,3328.7000,330.6,10.06866304
1993-02-03,3373.8,3373.8000,329.5,10.23915023
1993-02-04,3416.7,3416.7000,329.2,10.37879708
1993-02-05,3442.1,3442.1000,328.9,10.46549103
1993-02-08,3437.5,3437.5000,329.1,10.44515345
1993-02-09,3414.6,3414.6000,329.6,10.35983010
1993-02-10,3412.4,3412.4000,333.7,10.22595145
1993-02-11,3422.7,3422.7000,332.7,10.28764653
1993-02-12,3392.4,3392.4000,330,10.28000000
1993-02-16,3309.5,3309.5000,333.4,9.92651470
1993-02-17,3312.2,3312.2000,331.5,9.99155354
1993-02-18,3302.2,3302.2000,331.5,9.96138763
1993-02-19,3322.2,3322.2000,331,10.03685801
1993-02-22,3343,3343.0000,328.8,10.16727494
1993-02-23,3323.3,3323.3000,331.6,10.02201448
1993-02-24,3356.5,3356.5000,330.4,10.15889831
1993-02-25,3365.1,3365.1000,330.6,10.17876588
1993-02-26,3370.8,3370.8000,329.1,10.24247949
1993-03-01,3355.4,3355.4000,329.3,10.18949286
1993-03-02,3400.5,3400.5000,330.5,10.28895613
1993-03-03,3404,3404.0000,329.7,10.32453746
1993-03-04,3398.9,3398.9000,329.6,10.31219660
1993-03-05,3404.6,3404.6000,330.4,10.30447942
1993-03-08,3469.4,3469.4000,327.7,10.58712237
1993-03-09,3472.1,3472.1000,327.2,10.61155257
1993-03-10,3478.3,3478.3000,326.9,10.64025696
1993-03-11,3457,3457.0000,327.6,10.55250305
1993-03-12,3427.8,3427.8000,328.5,10.43470320
1993-03-15,3442.4,3442.4000,329.8,10.43784112
1993-03-16,3443,3443.0000,329.6,10.44599515
1993-03-17,3426.7,3426.7000,329.7,10.39338793
1993-03-18,3465.6,3465.6000,331.2,10.46376812
1993-03-19,3471.6,3471.6000,332.3,10.44718628
1993-03-22,3463.5,3463.5000,333.3,10.39153915
1993-03-23,3461.9,3461.9000,332.3,10.41799579
1993-03-24,3445.4,3445.4000,332.7,10.35587616
1993-03-25,3461.3,3461.3000,334.4,10.35077751
1993-03-26,3440,3440.0000,334.2,10.29323758
1993-03-29,3455.1,3455.1000,333.9,10.34770889
1993-03-30,3457.3,3457.3000,338.8,10.20454545
1993-03-31,3435.1,3435.1000,339.3,10.12407899
1993-04-01,3439.4,3439.4000,340.2,10.10993533
1993-04-02,3370.8,3370.8000,342.3,9.84750219
1993-04-05,3379.2,3379.2000,341,9.90967742
1993-04-06,3377.6,3377.6000,339.3,9.95461244
1993-04-07,3397,3397.0000,339.7,10.00000000
1993-04-08,3396.5,3396.5000,338.9,10.02213042
1993-04-12,3428.1,3428.1000,338.2,10.13630988
1993-04-13,3444,3444.0000,338.8,10.16528926
1993-04-14,3455.6,3455.6000,340.8,10.13967136
1993-04-15,3455.9,3455.9000,338.3,10.21548921
1993-04-16,3478.6,3478.6000,340.2,10.22516167
1993-04-19,3467,3467.0000,341.5,10.15226940
1993-04-20,3443.5,3443.5000,341.1,10.09527998
1993-04-21,3439.4,3439.4000,340.7,10.09509833
1993-04-22,3429.2,3429.2000,341.2,10.05041032
1993-04-23,3413.8,3413.8000,347.5,9.82388489
1993-04-26,3398.4,3398.4000,353.8,9.60542679
1993-04-27,3415.9,3415.9000,352.1,9.70150525
1993-04-28,3413.5,3413.5000,354.4,9.63177201
1993-04-29,3425.1,3425.1000,357.4,9.58337997
1993-04-30,3427.6,3427.6000,357.2,9.59574468
1993-05-03,3446.5,3446.5000,355.3,9.70025331
1993-05-04,3446.2,3446.2000,355.7,9.68850155
1993-05-05,3449.1,3449.1000,355.5,9.70210970
1993-05-06,3441.9,3441.9000,358.3,9.60619593
1993-05-07,3437.2,3437.2000,357.4,9.61723559
1993-05-10,3443.3,3443.3000,357.2,9.63969765
1993-05-11,3468.8,3468.8000,357.3,9.70836832
1993-05-12,3482.3,3482.3000,361.8,9.62493090
1993-05-13,3448,3448.0000,369.3,9.33658272
1993-05-14,3443,3443.0000,368.3,9.34835732
1993-05-17,3449.9,3449.9000,368,9.37472826
1993-05-18,3444.4,3444.4000,376,9.16063830
1993-05-19,3500,3500.0000,374.2,9.35328701
1993-05-20,3523.3,3523.3000,374.7,9.40298906
1993-05-21,3492.8,3492.8000,377.9,9.24265679
1993-05-24,3507.8,3507.8000,374.2,9.37413148
1993-05-25,3516.6,3516.6000,378.7,9.28597835
1993-05-26,3540.2,3540.2000,377.4,9.38049815
1993-05-27,3554.8,3554.8000,383.4,9.27177882
1993-05-28,3527.4,3527.4000,380.3,9.27530897
1993-06-01,3552.3,3552.3000,371.3,9.56719634
1993-06-02,3553.5,3553.5000,370.8,9.58333333
1993-06-03,3544.9,3544.9000,376.2,9.42291334
1993-06-04,3545.1,3545.1000,378.5,9.36618230
1993-06-07,3532.1,3532.1000,375.7,9.40138408
1993-06-08,3510.5,3510.5000,375.6,9.34637913
1993-06-09,3511.9,3511.9000,373,9.41528150
1993-06-10,3491.7,3491.7000,371,9.41159030
1993-06-11,3505,3505.0000,367.5,9.53741497
1993-06-14,3514.7,3514.7000,366.6,9.58728860
1993-06-15,3492,3492.0000,370.8,9.41747573
1993-06-16,3511.7,3511.7000,371.5,9.45275908
1993-06-17,3521.9,3521.9000,372.2,9.46238581
1993-06-18,3494.8,3494.8000,372.5,9.38201342
1993-06-21,3510.8,3510.8000,371.1,9.46052277
1993-06-22,3497.5,3497.5000,369.7,9.46037328
1993-06-23,3466.8,3466.8000,375.5,9.23249001
1993-06-24,3490.6,3490.6000,376.1,9.28104228
1993-06-25,3490.9,3490.9000,378.1,9.23274266
1993-06-28,3530.2,3530.2000,376.1,9.38633342
1993-06-29,3518.9,3518.9000,379.5,9.27246377
1993-06-30,3516.1,3516.1000,379.2,9.27241561
1993-07-01,3510.5,3510.5000,388.2,9.04301906
1993-07-02,3484,3484.0000,386.7,9.00956814
1993-07-06,3449.9,3449.9000,393.1,8.77613839
1993-07-07,3475.7,3475.7000,397.8,8.73730518
1993-07-08,3514.4,3514.4000,395.6,8.88372093
1993-07-09,3521.1,3521.1000,392.3,8.97552893
1993-07-12,3524.4,3524.4000,394.9,8.92479109
1993-07-13,3515.4,3515.4000,394.5,8.91102662
1993-07-14,3542.6,3542.6000,391.4,9.05109862
1993-07-15,3550.9,3550.9000,393.9,9.01472455
1993-07-16,3528.3,3528.3000,392.9,8.98014762
1993-07-19,3535.3,3535.3000,392.4,9.00942915
1993-07-20,3544.8,3544.8000,392.2,9.03824579
1993-07-21,3555.4,3555.4000,389.5,9.12811297
1993-07-22,3525.2,3525.2000,391.3,9.00894454
1993-07-23,3546.7,3546.7000,390,9.09410256
1993-07-26,3567.7,3567.7000,393.1,9.07580768
1993-07-27,3565.5,3565.5000,395.6,9.01289181
1993-07-28,3553.5,3553.5000,397.8,8.93288084
1993-07-29,3567.4,3567.4000,402.2,8.86971656
1993-07-30,3539.5,3539.5000,411.3,8.60564065
1993-08-02,3561,3561.0000,410.2,8.68113116
1993-08-03,3561.3,3561.3000,407.6,8.73724239
1993-08-04,3552.1,3552.1000,403.3,8.80758740
1993-08-05,3549,3549.0000,380.7,9.32230102
1993-08-06,3560.4,3560.4000,379.9,9.37193998
1993-08-09,3576.1,3576.1000,386.8,9.24534643
1993-08-10,3572.7,3572.7000,384.4,9.29422477
1993-08-11,3583.4,3583.4000,378.7,9.46237127
1993-08-12,3569.1,3569.1000,370.7,9.62800108
1993-08-13,3569.7,3569.7000,372.6,9.58051530
1993-08-16,3579.2,3579.2000,376.4,9.50903294
1993-08-17,3587,3587.0000,374.9,9.56788477
1993-08-18,3604.9,3604.9000,377.5,9.54940397
1993-08-19,3612.1,3612.1000,374.4,9.64770299
1993-08-20,3615.5,3615.5000,376.4,9.60547290
1993-08-23,3606,3606.0000,375.5,9.60319574
1993-08-24,3639,3639.0000,374.9,9.70658842
1993-08-25,3652.1,3652.1000,375.5,9.72596538
1993-08-26,3648.2,3648.2000,370.8,9.83872708
1993-08-27,3640.6,3640.6000,372.1,9.78392905
1993-08-30,3644,3644.0000,373.3,9.76158586
1993-08-31,3651.3,3651.3000,375.7,9.71865850
1993-09-01,3645.1,3645.1000,372.6,9.78287708
1993-09-02,3626.1,3626.1000,366.3,9.89926290
1993-09-03,3633.9,3633.9000,367.1,9.89893762
1993-09-07,3607.1,3607.1000,352.5,10.23290780
1993-09-08,3588.9,3588.9000,353.6,10.14960407
1993-09-09,3589.5,3589.5000,356.5,10.06872370
1993-09-10,3621.6,3621.6000,352.4,10.27695800
1993-09-13,3634.2,3634.2000,344.8,10.54002320
1993-09-14,3615.8,3615.8000,346.9,10.42317671
1993-09-15,3633.7,3633.7000,349.6,10.39387872
1993-09-16,3630.9,3630.9000,354.7,10.23653792
1993-09-17,3613.3,3613.3000,352.8,10.24178005
1993-09-20,3575.8,3575.8000,355.5,10.05850914
1993-09-21,3537.2,3537.2000,365,9.69095890
1993-09-22,3547,3547.0000,356,9.96348315
1993-09-23,3539.8,3539.8000,360,9.83277778
1993-09-24,3543.1,3543.1000,359.4,9.85837507
1993-09-27,3567.7,3567.7000,355.7,10.03008153
1993-09-28,3566,3566.0000,357.3,9.98040862
1993-09-29,3566.3,3566.3000,354.7,10.05441218
1993-09-30,3555.1,3555.1000,357.1,9.95547466
1993-10-01,3581.1,3581.1000,356.9,10.03390305
1993-10-04,3577.8,3577.8000,354.6,10.08967851
1993-10-05,3587.3,3587.3000,354.8,10.11076663
1993-10-06,3599,3599.0000,358.2,10.04745952
1993-10-07,3583.6,3583.6000,358.5,9.99609484
1993-10-08,3584.7,3584.7000,361.5,9.91618257
1993-10-11,3593.4,3593.4000,361.7,9.93475256
1993-10-12,3593.1,3593.1000,369.2,9.73212351
1993-10-13,3603.2,3603.2000,367.6,9.80195865
1993-10-14,3621.6,3621.6000,366.6,9.87888707
1993-10-15,3629.7,3629.7000,366.2,9.91179683
1993-10-18,3642.3,3642.3000,369.6,9.85470779
1993-10-19,3635.3,3635.3000,370.3,9.81717526
1993-10-20,3645.1,3645.1000,373.8,9.75147138
1993-10-21,3636.2,3636.2000,372.8,9.75375536
1993-10-22,3649.3,3649.3000,371.3,9.82844061
1993-10-25,3673.6,3673.6000,370.5,9.91524966
1993-10-26,3672.5,3672.5000,370.3,9.91763435
1993-10-27,3664.7,3664.7000,370.7,9.88589156
1993-10-28,3687.9,3687.9000,370.2,9.96191248
1993-10-29,3680.6,3680.6000,369.6,9.95833333
1993-11-01,3692.6,3692.6000,362.1,10.19773543
1993-11-02,3697.6,3697.6000,363.6,10.16941694
1993-11-03,3661.9,3661.9000,368,9.95081522
1993-11-04,3625,3625.0000,372.4,9.73415682
1993-11-05,3643.4,3643.4000,377.8,9.64372684
1993-11-08,3647.9,3647.9000,375.5,9.71478029
1993-11-09,3640.1,3640.1000,376.6,9.66569304
1993-11-10,3663.6,3663.6000,377.4,9.70747218
1993-11-11,3662.4,3662.4000,376.4,9.73007439
1993-11-12,3684.5,3684.5000,373.6,9.86215203
1993-11-15,3677.5,3677.5000,375.7,9.78839500
1993-11-16,3710.8,3710.8000,374.6,9.90603310
1993-11-17,3704.4,3704.4000,377.2,9.82078473
1993-11-18,3685.3,3685.3000,376.7,9.78311654
1993-11-19,3694,3694.0000,378.3,9.76473698
1993-11-22,3670.3,3670.3000,378.5,9.69696169
1993-11-23,3674.2,3674.2000,377.3,9.73813941
1993-11-24,3687.6,3687.6000,379.2,9.72468354
1993-11-26,3684,3684.0000,379.2,9.71518987
1993-11-29,3677.8,3677.8000,371.5,9.89986541
1993-11-30,3684,3684.0000,371.9,9.90588868
1993-12-01,3697.1,3697.1000,376.6,9.81704727
1993-12-02,3702.1,3702.1000,375.6,9.85649627
1993-12-03,3704.1,3704.1000,378.6,9.78367670
1993-12-06,3710.2,3710.2000,377.8,9.82053997
1993-12-07,3718.9,3718.9000,379.3,9.80464013
1993-12-08,3734.5,3734.5000,385.7,9.68239564
1993-12-09,3729.8,3729.8000,384.4,9.70291363
1993-12-10,3740.7,3740.7000,384.9,9.71862822
1993-12-13,3764.4,3764.4000,388.6,9.68708183
1993-12-14,3742.6,3742.6000,386.7,9.67830359
1993-12-15,3716.9,3716.9000,386.85,9.60811684
1993-12-16,3726.1,3726.1000,385.5,9.66562905
1993-12-17,3751.6,3751.6000,387,9.69405685
1993-12-20,3755.2,3755.2000,389,9.65347044
1993-12-21,3745.2,3745.2000,387.2,9.67252066
1993-12-22,3762.2,3762.2000,386.2,9.74158467
1993-12-23,3757.7,3757.7000,385.8,9.74002074
1993-12-27,3792.9,3792.9000,387.7,9.78307970
1993-12-28,3793.8,3793.8000,387.3,9.79550736
1993-12-29,3794.3,3794.3000,390,9.72897436
1993-12-30,3775.9,3775.9000,390.5,9.66939821
1993-12-31,3754.1,3754.1000,390.5,9.61357234
1994-01-03,3756.6,3756.6000,393.5,9.54663278
1994-01-04,3783.9,3783.9000,393.35,9.61967713
1994-01-05,3798.8,3798.8000,390.65,9.72430564
1994-01-06,3803.9,3803.9000,388.75,9.78495177
1994-01-07,3820.8,3820.8000,386.3,9.89075848
1994-01-10,3865.5,3865.5000,384.6,10.05070203
1994-01-11,3850.3,3850.3000,387.7,9.93113232
1994-01-12,3848.6,3848.6000,386,9.97046632
1994-01-13,3842.4,3842.4000,389.7,9.85989222
1994-01-14,3867.2,3867.2000,389.3,9.93372720
1994-01-17,3870.3,3870.3000,391.2,9.89340491
1994-01-18,3870.3,3870.3000,392.5,9.86063694
1994-01-19,3884.4,3884.4000,392.35,9.90034408
1994-01-20,3892,3892.0000,387.3,10.04905758
1994-01-21,3914.5,3914.5000,381.1,10.27158226
1994-01-24,3912.8,3912.8000,381.1,10.26712149
1994-01-25,3895.3,3895.3000,381.3,10.21584055
1994-01-26,3908,3908.0000,384.35,10.16781579
1994-01-27,3926.3,3926.3000,375.5,10.45619174
1994-01-28,3945.4,3945.4000,376.8,10.47080679
1994-01-31,3978.4,3978.4000,382,10.41465969
1994-02-01,3964,3964.0000,384.2,10.31754295
1994-02-02,3975.5,3975.5000,384.9,10.32865679
1994-02-03,3967.7,3967.7000,387.2,10.24715909
1994-02-04,3871.4,3871.4000,386.6,10.01396793
1994-02-07,3906.3,3906.3000,378.75,10.31366337
1994-02-08,3906,3906.0000,382,10.22513089
1994-02-09,3931.9,3931.9000,383.25,10.25936073
1994-02-10,3895.3,3895.3000,381.5,10.21048493
1994-02-11,3894.8,3894.8000,380.1,10.24677716
1994-02-14,3904.1,3904.1000,383.5,10.18018253
1994-02-15,3928.3,3928.3000,383,10.25665796
1994-02-16,3937.3,3937.3000,383.3,10.27211062
1994-02-17,3922.6,3922.6000,382.5,10.25516340
1994-02-18,3887.5,3887.5000,379.75,10.23699803
1994-02-22,3911.7,3911.7000,377.6,10.35937500
1994-02-23,3891.7,3891.7000,377.5,10.30913907
1994-02-24,3839.9,3839.9000,376.25,10.20571429
1994-02-25,3838.8,3838.8000,378.3,10.14750198
1994-02-28,3832,3832.0000,381.25,10.05114754
1994-03-01,3809.2,3809.2000,378.25,10.07058824
1994-03-02,3831.7,3831.7000,377.6,10.14751059
1994-03-03,3824.4,3824.4000,377.35,10.13488803
1994-03-04,3832.3,3832.3000,376.7,10.17334749
1994-03-07,3856.2,3856.2000,375.9,10.25857941
1994-03-08,3851.7,3851.7000,376.5,10.23027888
1994-03-09,3853.4,3853.4000,378.9,10.16996569
1994-03-10,3830.6,3830.6000,386.35,9.91484405
1994-03-11,3862.7,3862.7000,384.85,10.03689749
1994-03-14,3863,3863.0000,386.3,10.00000000
1994-03-15,3849.6,3849.6000,386.6,9.95757889
1994-03-16,3848.2,3848.2000,384.8,10.00051975
1994-03-17,3865.1,3865.1000,382.4,10.10747908
1994-03-18,3895.7,3895.7000,386.8,10.07161324
1994-03-21,3864.9,3864.9000,386.5,9.99974127
1994-03-22,3862.6,3862.6000,389,9.92956298
1994-03-23,3869.5,3869.5000,386.6,10.00905329
1994-03-24,3821.1,3821.1000,391,9.77263427
1994-03-25,3774.7,3774.7000,390.6,9.66385049
1994-03-28,3762.4,3762.4000,388,9.69690722
1994-03-29,3699,3699.0000,385.8,9.58786936
1994-03-30,3626.8,3626.8000,385.9,9.39828971
1994-03-31,3636,3636.0000,391.6,9.28498468
1994-04-04,3593.4,3593.4000,387.1,9.28287264
1994-04-05,3675.4,3675.4000,384.35,9.56263822
1994-04-06,3679.7,3679.7000,384.8,9.56262994
1994-04-07,3693.3,3693.3000,384.5,9.60546164
1994-04-08,3674.3,3674.3000,384,9.56848958
1994-04-11,3688.8,3688.8000,378.5,9.74583884
1994-04-12,3681.7,3681.7000,378.75,9.72066007
1994-04-13,3661.5,3661.5000,378.25,9.68010575
1994-04-14,3663.3,3663.3000,378.3,9.68358446
1994-04-15,3661.5,3661.5000,377.75,9.69291860
1994-04-18,3620.4,3620.4000,377,9.60318302
1994-04-19,3619.8,3619.8000,371.8,9.73587951
1994-04-20,3598.7,3598.7000,372.5,9.66093960
1994-04-21,3652.5,3652.5000,373.2,9.78697749
1994-04-22,3648.7,3648.7000,370.8,9.84007551
1994-04-25,3705.8,3705.8000,373.15,9.93112689
1994-04-26,3699.5,3699.5000,374,9.89171123
1994-04-28,3668.3,3668.3000,375.75,9.76260812
1994-04-29,3681.7,3681.7000,376.7,9.77355986
1994-05-02,3701,3701.0000,376.1,9.84046796
1994-05-03,3714.4,3714.4000,375.5,9.89187750
1994-05-04,3697.8,3697.8000,376.2,9.82934609
1994-05-05,3696,3696.0000,373.4,9.89823246
1994-05-06,3669.5,3669.5000,383.3,9.57344117
1994-05-09,3629,3629.0000,381.1,9.52243506
1994-05-10,3656.4,3656.4000,378.7,9.65513599
1994-05-11,3629,3629.0000,381.8,9.50497643
1994-05-12,3652.8,3652.8000,380,9.61263158
1994-05-13,3659.7,3659.7000,380.5,9.61813403
1994-05-16,3671.5,3671.5000,382.4,9.60120293
1994-05-17,3720.6,3720.6000,381,9.76535433
1994-05-18,3732.9,3732.9000,381.5,9.78479685
1994-05-19,3759,3759.0000,381.2,9.86096537
1994-05-20,3766.4,3766.4000,385.45,9.77143598
1994-05-23,3742.4,3742.4000,388.8,9.62551440
1994-05-24,3745.2,3745.2000,386.85,9.68127181
1994-05-25,3755.3,3755.3000,386.5,9.71617076
1994-05-26,3753.5,3753.5000,384.2,9.76965122
1994-05-27,3757.1,3757.1000,384.5,9.77139142
1994-05-31,3758.4,3758.4000,386.6,9.72167615
1994-06-01,3760.8,3760.8000,383.4,9.80907668
1994-06-02,3759,3759.0000,383.8,9.79416363
1994-06-03,3772.2,3772.2000,380.5,9.91379763
1994-06-06,3768.5,3768.5000,380.3,9.90928215
1994-06-07,3755.9,3755.9000,381.1,9.85541853
1994-06-08,3749.5,3749.5000,382,9.81544503
1994-06-09,3753.1,3753.1000,382.85,9.80305603
1994-06-10,3773.5,3773.5000,383.3,9.84476911
1994-06-13,3783.1,3783.1000,383.15,9.87367872
1994-06-14,3814.8,3814.8000,384.15,9.93049590
1994-06-15,3790.4,3790.4000,386.6,9.80444904
1994-06-16,3811.3,3811.3000,385.4,9.88920602
1994-06-17,3776.8,3776.8000,391.5,9.64699872
1994-06-20,3741.9,3741.9000,389.2,9.61433710
1994-06-21,3708,3708.0000,393.4,9.42552110
1994-06-22,3724.8,3724.8000,389.7,9.55812163
1994-06-23,3699.1,3699.1000,389.6,9.49460986
1994-06-24,3636.9,3636.9000,390.7,9.30867673
1994-06-27,3685.5,3685.5000,384.95,9.57397065
1994-06-28,3669.6,3669.6000,386.15,9.50304286
1994-06-29,3667.1,3667.1000,384.9,9.52740972
1994-06-30,3625,3625.0000,385.5,9.40337224
1994-07-01,3646.7,3646.7000,386.7,9.43030773
1994-07-05,3652.5,3652.5000,385.8,9.46734059
1994-07-06,3674.5,3674.5000,383.7,9.57649205
1994-07-07,3688.4,3688.4000,384.4,9.59521332
1994-07-08,3709.1,3709.1000,384.25,9.65283019
1994-07-11,3703,3703.0000,387,9.56847545
1994-07-12,3702.7,3702.7000,385.35,9.60866745
1994-07-13,3704.3,3704.3000,383.35,9.66297118
1994-07-14,3739.3,3739.3000,384,9.73776042
1994-07-15,3753.8,3753.8000,385.8,9.72991187
1994-07-18,3755.4,3755.4000,385.8,9.73405910
1994-07-19,3748.3,3748.3000,386.45,9.69931427
1994-07-20,3727.3,3727.3000,385.35,9.67250551
1994-07-21,3732.5,3732.5000,384.25,9.71372804
1994-07-22,3735,3735.0000,384.8,9.70634096
1994-07-25,3741.8,3741.8000,384.85,9.72274912
1994-07-26,3735.7,3735.7000,386.85,9.65671449
1994-07-27,3720.5,3720.5000,387.4,9.60376871
1994-07-28,3730.8,3730.8000,385.1,9.68787328
1994-07-29,3764.5,3764.5000,383.2,9.82385177
1994-08-01,3798.2,3798.2000,383.5,9.90404172
1994-08-02,3796.2,3796.2000,379.4,10.00579863
1994-08-03,3792.7,3792.7000,378,10.03359788
1994-08-04,3765.8,3765.8000,377.6,9.97298729
1994-08-05,3747,3747.0000,377.7,9.92057188
1994-08-08,3753.8,3753.8000,376.8,9.96231423
1994-08-09,3755.8,3755.8000,377.75,9.94255460
1994-08-10,3766.8,3766.8000,377.4,9.98092210
1994-08-11,3750.9,3750.9000,378.65,9.90598178
1994-08-12,3768.7,3768.7000,376.6,10.00716941
1994-08-15,3760.3,3760.3000,377.4,9.96369899
1994-08-16,3784.6,3784.6000,377.25,10.03207422
1994-08-17,3776.5,3776.5000,377.2,10.01193001
1994-08-18,3755.4,3755.4000,381.15,9.85281385
1994-08-19,3755.1,3755.1000,381.9,9.83267871
1994-08-22,3751.2,3751.2000,381.5,9.83276540
1994-08-23,3775.8,3775.8000,381.6,9.89465409
1994-08-24,3846.7,3846.7000,383.8,10.02266806
1994-08-25,3829.9,3829.9000,383.25,9.99321592
1994-08-26,3881.1,3881.1000,383.3,10.12548917
1994-08-29,3898.9,3898.9000,386.55,10.08640538
1994-08-30,3917.3,3917.3000,386.1,10.14581715
1994-08-31,3913.4,3913.4000,386,10.13834197
1994-09-01,3901.4,3901.4000,386.8,10.08634953
1994-09-02,3885.6,3885.6000,386.9,10.04290514
1994-09-06,3898.7,3898.7000,387.75,10.05467440
1994-09-07,3886.3,3886.3000,389.55,9.97638301
1994-09-08,3908.5,3908.5000,390.25,10.01537476
1994-09-09,3874.8,3874.8000,391.75,9.89100191
1994-09-12,3860.3,3860.3000,390.7,9.88047095
1994-09-13,3879.9,3879.9000,390.5,9.93572343
1994-09-14,3895.3,3895.3000,388.4,10.02909372
1994-09-15,3953.9,3953.9000,387.9,10.19309100
1994-09-16,3933.4,3933.4000,389.6,10.09599589
1994-09-19,3936.7,3936.7000,390.25,10.08763613
1994-09-20,3869.1,3869.1000,393.5,9.83252859
1994-09-21,3851.6,3851.6000,393.65,9.78432618
1994-09-22,3837.1,3837.1000,396.2,9.68475517
1994-09-23,3831.8,3831.8000,395.7,9.68359869
1994-09-26,3849.2,3849.2000,394,9.76954315
1994-09-27,3863,3863.0000,397.35,9.72190764
1994-09-28,3878.2,3878.2000,394.2,9.83815322
1994-09-29,3854.6,3854.6000,395.25,9.75230867
1994-09-30,3843.2,3843.2000,394.6,9.73948302
1994-10-03,3846.9,3846.9000,394.55,9.75009504
1994-10-04,3801.1,3801.1000,392.45,9.68556504
1994-10-05,3787.3,3787.3000,391.65,9.67011362
1994-10-06,3775.6,3775.6000,392.15,9.62794849
1994-10-07,3797.4,3797.4000,391,9.71202046
1994-10-10,3821.3,3821.3000,390.4,9.78816598
1994-10-11,3876.8,3876.8000,387.7,9.99948414
1994-10-12,3875.2,3875.2000,387.8,9.99277978
1994-10-13,3890,3890.0000,386.6,10.06207967
1994-10-14,3910.5,3910.5000,387.4,10.09421786
1994-10-17,3923.9,3923.9000,389.7,10.06902746
1994-10-18,3917.5,3917.5000,388.75,10.07717042
1994-10-19,3936,3936.0000,390.05,10.09101397
1994-10-20,3911.2,3911.2000,390.8,10.00818833
1994-10-21,3891.3,3891.3000,390.6,9.96236559
1994-10-24,3855.3,3855.3000,389.4,9.90061633
1994-10-25,3850.6,3850.6000,389.1,9.89617065
1994-10-26,3848.2,3848.2000,388.85,9.89636106
1994-10-27,3875.2,3875.2000,387.85,9.99149156
1994-10-28,3930.7,3930.7000,386.9,10.15947273
1994-10-31,3908.1,3908.1000,383.8,10.18264721
1994-11-01,3863.4,3863.4000,384.2,10.05570016
1994-11-02,3837.1,3837.1000,384.2,9.98724623
1994-11-03,3845.9,3845.9000,383.35,10.03234642
1994-11-04,3807.5,3807.5000,383.3,9.93347248
1994-11-07,3808.9,3808.9000,382.25,9.96442119
1994-11-08,3830.7,3830.7000,383.9,9.97837979
1994-11-09,3831.8,3831.8000,383.7,9.98644775
1994-11-10,3822,3822.0000,384.85,9.93114200
1994-11-11,3801.5,3801.5000,385,9.87402597
1994-11-14,3829.7,3829.7000,384.65,9.95632393
1994-11-15,3826.4,3826.4000,386.3,9.90525498
1994-11-16,3845.2,3845.2000,386.1,9.95907796
1994-11-17,3828.1,3828.1000,385.25,9.93666450
1994-11-18,3815.3,3815.3000,384.1,9.93309034
1994-11-21,3769.5,3769.5000,383.15,9.83818348
1994-11-22,3678,3678.0000,383.45,9.59186335
1994-11-23,3674.6,3674.6000,384.45,9.55806997
1994-11-25,3708.3,3708.3000,384.8,9.63695426
1994-11-28,3739.6,3739.6000,383.1,9.76141999
1994-11-29,3738.6,3738.6000,382.95,9.76263220
1994-11-30,3739.2,3739.2000,381.05,9.81288545
1994-12-01,3700.9,3700.9000,379.4,9.75461255
1994-12-02,3745.6,3745.6000,376.55,9.94715177
1994-12-05,3741.9,3741.9000,375.85,9.95583344
1994-12-06,3746,3746.0000,376.35,9.95350073
1994-12-07,3735.5,3735.5000,376.5,9.92164675
1994-12-08,3685.7,3685.7000,377.1,9.77380005
1994-12-09,3691.1,3691.1000,377.1,9.78811986
1994-12-12,3718.4,3718.4000,377.75,9.84354732
1994-12-13,3715.3,3715.3000,377.8,9.83403917
1994-12-14,3746.3,3746.3000,378.8,9.88991552
1994-12-15,3765.5,3765.5000,380.3,9.90139364
1994-12-16,3807.2,3807.2000,379,10.04538259
1994-12-19,3790.7,3790.7000,379.8,9.98077936
1994-12-20,3767.2,3767.2000,381.6,9.87211740
1994-12-21,3801.8,3801.8000,381.6,9.96278826
1994-12-22,3814.9,3814.9000,380.7,10.02075125
1994-12-23,3833.4,3833.4000,380.1,10.08524073
1994-12-27,3861.7,3861.7000,381.4,10.12506555
1994-12-28,3839.5,3839.5000,383.6,10.00912409
1994-12-29,3833.4,3833.4000,382.35,10.02589251
1994-12-30,3834.4,3834.4000,382.6,10.02195504
1995-01-03,3838.5,3838.5000,379.45,10.11595731
1995-01-04,3857.7,3857.7000,374.3,10.30643869
1995-01-05,3850.9,3850.9000,375.35,10.25949114
1995-01-06,3867.4,3867.4000,371.7,10.40462739
1995-01-09,3861.4,3861.4000,373.1,10.34950415
1995-01-10,3866.7,3866.7000,374.5,10.32496662
1995-01-11,3862,3862.0000,376.3,10.26308796
1995-01-12,3859,3859.0000,380,10.15526316
1995-01-13,3908.5,3908.5000,378.4,10.32901691
1995-01-16,3932.3,3932.3000,377.55,10.41530923
1995-01-17,3930.7,3930.7000,380.1,10.34122599
1995-01-18,3929,3929.0000,382.05,10.28399424
1995-01-19,3882.2,3882.2000,383,10.13629243
1995-01-20,3869.4,3869.4000,384.7,10.05822719
1995-01-23,3867.4,3867.4000,380.9,10.15332108
1995-01-24,3862.7,3862.7000,381.35,10.12901534
1995-01-25,3871.5,3871.5000,380.6,10.17209669
1995-01-26,3870.4,3870.4000,381.4,10.14787625
1995-01-27,3858,3858.0000,376.75,10.24021234
1995-01-30,3832.1,3832.1000,376.6,10.17551779
1995-01-31,3843.9,3843.9000,374.85,10.25450180
1995-02-01,3847.6,3847.6000,375.9,10.23570098
1995-02-02,3870.8,3870.8000,376.25,10.28784053
1995-02-03,3928.6,3928.6000,375.7,10.45674740
1995-02-06,3937.7,3937.7000,375.4,10.48934470
1995-02-07,3937.4,3937.4000,374.25,10.52077488
1995-02-08,3935.4,3935.4000,375.4,10.48321790
1995-02-09,3932.7,3932.7000,375.8,10.46487493
1995-02-10,3939.1,3939.1000,375.75,10.48330007
1995-02-13,3954.2,3954.2000,375.2,10.53891258
1995-02-14,3958.3,3958.3000,375.9,10.53019420
1995-02-15,3986.2,3986.2000,376.1,10.59877692
1995-02-16,3987.5,3987.5000,376.2,10.59941520
1995-02-17,3953.5,3953.5000,378.2,10.45346378
1995-02-21,3964,3964.0000,378.1,10.48399894
1995-02-22,3973.1,3973.1000,379.35,10.47344141
1995-02-23,4003.3,4003.3000,379,10.56279683
1995-02-24,4011.7,4011.7000,376.4,10.65807651
1995-02-27,3988.6,3988.6000,376.1,10.60515820
1995-02-28,4011.1,4011.1000,376.6,10.65082315
1995-03-01,3994.8,3994.8000,374.7,10.66132906
1995-03-02,3979.9,3979.9000,376.4,10.57359192
1995-03-03,3989.6,3989.6000,376.4,10.59936238
1995-03-06,3997.6,3997.6000,378.65,10.55750693
1995-03-07,3962.6,3962.6000,383.7,10.32733907
1995-03-08,3979.2,3979.2000,379.65,10.48123271
1995-03-09,3983.4,3983.4000,381.15,10.45100354
1995-03-10,4035.6,4035.6000,381.6,10.57547170
1995-03-13,4025.2,4025.2000,384.8,10.46049896
1995-03-14,4048.8,4048.8000,385.5,10.50272374
1995-03-15,4038.4,4038.4000,386.2,10.45675816
1995-03-16,4069.2,4069.2000,384.15,10.59273721
1995-03-17,4073.7,4073.7000,383.15,10.63212841
1995-03-20,4083.7,4083.7000,382.55,10.67494445
1995-03-21,4072.6,4072.6000,381.7,10.66963584
1995-03-22,4083,4083.0000,382.35,10.67869753
1995-03-23,4087.8,4087.8000,383.65,10.65502411
1995-03-24,4138.7,4138.7000,381.7,10.84280849
1995-03-27,4157.3,4157.3000,381.65,10.89296476
1995-03-28,4151.8,4151.8000,382.4,10.85721757
1995-03-29,4160.8,4160.8000,381.9,10.89499869
1995-03-30,4172.6,4172.6000,385.5,10.82386511
1995-03-31,4157.7,4157.7000,390.5,10.64711908
1995-04-03,4168.4,4168.4000,391.85,10.63774403
1995-04-04,4201.6,4201.6000,391.6,10.72931563
1995-04-05,4200.6,4200.6000,394.45,10.64925846
1995-04-06,4205.4,4205.4000,393.1,10.69804121
1995-04-07,4192.6,4192.6000,392.4,10.68450561
1995-04-10,4198.2,4198.2000,389.3,10.78397123
1995-04-11,4187.1,4187.1000,390.1,10.73340169
1995-04-12,4197.8,4197.8000,389.7,10.77187580
1995-04-13,4208.2,4208.2000,389.7,10.79856300
1995-04-17,4195.4,4195.4000,393.4,10.66446365
1995-04-18,4179.1,4179.1000,396,10.55328283
1995-04-19,4207.5,4207.5000,394.2,10.67351598
1995-04-20,4230.7,4230.7000,391.65,10.80224690
1995-04-21,4270.1,4270.1000,389.8,10.95459210
1995-04-24,4304,4304.0000,390.1,11.03306844
1995-04-25,4300.2,4300.2000,389.85,11.03039631
1995-04-26,4299.8,4299.8000,386,11.13937824
1995-04-27,4314.7,4314.7000,389,11.09177378
1995-04-28,4321.3,4321.3000,386.5,11.18059508
1995-05-01,4316.1,4316.1000,387.7,11.13257673
1995-05-02,4328.9,4328.9000,388.9,11.13113911
1995-05-03,4373.2,4373.2000,389.35,11.23205342
1995-05-04,4359.7,4359.7000,391,11.15012788
1995-05-05,4343.4,4343.4000,390.8,11.11412487
1995-05-08,4383.9,4383.9000,389.35,11.25953512
1995-05-09,4390.8,4390.8000,383.3,11.45525698
1995-05-10,4404.6,4404.6000,383.6,11.48227320
1995-05-11,4411.2,4411.2000,383,11.51749347
1995-05-12,4430.6,4430.6000,383.3,11.55909209
1995-05-15,4437.5,4437.5000,384.4,11.54396462
1995-05-16,4435.1,4435.1000,384.3,11.54072339
1995-05-17,4422.6,4422.6000,383,11.54725849
1995-05-18,4340.6,4340.6000,383.05,11.33167994
1995-05-19,4341.3,4341.3000,382,11.36465969
1995-05-22,4395.6,4395.6000,381.7,11.51585014
1995-05-23,4436.4,4436.4000,382.85,11.58782813
1995-05-24,4438.2,4438.2000,383.8,11.56383533
1995-05-25,4412.2,4412.2000,385.15,11.45579644
1995-05-26,4369,4369.0000,385.5,11.33333333
1995-05-30,4378.7,4378.7000,384,11.40286458
1995-05-31,4465.1,4465.1000,383.85,11.63240849
1995-06-01,4472.8,4472.8000,384.2,11.64185320
1995-06-02,4444.4,4444.4000,383.3,11.59509523
1995-06-05,4476.6,4476.6000,384.1,11.65477740
1995-06-06,4485.2,4485.2000,384.3,11.67109029
1995-06-07,4462,4462.0000,385.85,11.56407931
1995-06-08,4458.6,4458.6000,386.25,11.54330097
1995-06-09,4424,4424.0000,387.7,11.41088470
1995-06-12,4446.5,4446.5000,387,11.48966408
1995-06-13,4484.5,4484.5000,386.2,11.61185914
1995-06-14,4491.1,4491.1000,387.65,11.58545079
1995-06-15,4496.3,4496.3000,390.7,11.50831840
1995-06-16,4510.8,4510.8000,389.6,11.57802875
1995-06-19,4553.7,4553.7000,391.05,11.64480245
1995-06-20,4550.6,4550.6000,390.4,11.65625000
1995-06-21,4547.1,4547.1000,390.1,11.65624199
1995-06-22,4589.6,4589.6000,389.6,11.78028747
1995-06-23,4585.8,4585.8000,389.65,11.76902348
1995-06-26,4551.3,4551.3000,389.25,11.69248555
1995-06-27,4542.6,4542.6000,389.05,11.67613417
1995-06-28,4556.8,4556.8000,386.85,11.77924260
1995-06-29,4550.6,4550.6000,387.8,11.73439917
1995-06-30,4556.1,4556.1000,384.15,11.86021086
1995-07-03,4585.2,4585.2000,384.5,11.92509753
1995-07-05,4615.2,4615.2000,383.8,12.02501303
1995-07-06,4664,4664.0000,384.3,12.13635181
1995-07-07,4702.7,4702.7000,385.45,12.20054482
1995-07-10,4702.4,4702.4000,385.5,12.19818418
1995-07-11,4680.6,4680.6000,385.6,12.13848548
1995-07-12,4727.3,4727.3000,388.5,12.16808237
1995-07-13,4727.5,4727.5000,388.2,12.17800103
1995-07-14,4708.8,4708.8000,388.6,12.11734431
1995-07-17,4736.3,4736.3000,389,12.17557841
1995-07-18,4686.3,4686.3000,389.1,12.04394757
1995-07-19,4628.9,4628.9000,388,11.93015464
1995-07-20,4641.6,4641.6000,385.6,12.03734440
1995-07-21,4641.6,4641.6000,386.1,12.02175602
1995-07-24,4668.7,4668.7000,386.8,12.07006205
1995-07-25,4714.5,4714.5000,385.7,12.22323049
1995-07-26,4707.1,4707.1000,386.3,12.18508931
1995-07-27,4732.8,4732.8000,383.2,12.35073069
1995-07-28,4715.5,4715.5000,383,12.31201044
1995-07-31,4708.5,4708.5000,382.45,12.31141326
1995-08-01,4700.4,4700.4000,382.9,12.27579002
1995-08-02,4690.2,4690.2000,382.8,12.25235110
1995-08-03,4701.4,4701.4000,384.1,12.24004166
1995-08-04,4683.5,4683.5000,383.5,12.21251630
1995-08-07,4693.3,4693.3000,383.65,12.23328555
1995-08-08,4693.3,4693.3000,384.4,12.20941727
1995-08-09,4671.5,4671.5000,384.45,12.15112498
1995-08-10,4643.7,4643.7000,384.2,12.08667361
1995-08-11,4618.3,4618.3000,383.35,12.04721534
1995-08-14,4659.9,4659.9000,384.15,12.13041781
1995-08-15,4640.8,4640.8000,384.95,12.05559164
1995-08-16,4639.1,4639.1000,382.45,12.12995163
1995-08-17,4630.6,4630.6000,384.2,12.05257678
1995-08-18,4617.6,4617.6000,384.65,12.00467958
1995-08-21,4614.8,4614.8000,384.45,12.00364157
1995-08-22,4620.4,4620.4000,383,12.06370757
1995-08-23,4584.9,4584.9000,383.15,11.96633172
1995-08-24,4580.6,4580.6000,383.1,11.95666928
1995-08-25,4601.4,4601.4000,382.8,12.02037618
1995-08-28,4594,4594.0000,383,11.99477807
1995-08-29,4608.4,4608.4000,381.85,12.06861333
1995-08-30,4604.6,4604.6000,381.3,12.07605560
1995-08-31,4610.6,4610.6000,382.2,12.06331763
1995-09-01,4647.5,4647.5000,380.6,12.21098266
1995-09-05,4670.1,4670.1000,379.8,12.29620853
1995-09-06,4683.8,4683.8000,379.9,12.32903396
1995-09-07,4669.7,4669.7000,382.25,12.21635056
1995-09-08,4700.7,4700.7000,381.4,12.32485579
1995-09-11,4704.9,4704.9000,382.35,12.30521773
1995-09-12,4747.2,4747.2000,384.7,12.34000520
1995-09-13,4765.5,4765.5000,384.1,12.40692528
1995-09-14,4801.8,4801.8000,385.1,12.46896910
1995-09-15,4797.6,4797.6000,384.9,12.46453624
1995-09-18,4780.4,4780.4000,385.5,12.40051881
1995-09-19,4767,4767.0000,385,12.38181818
1995-09-20,4792.7,4792.7000,383.85,12.48586688
1995-09-21,4767.4,4767.4000,383.95,12.41672093
1995-09-22,4764.2,4764.2000,382.5,12.45542484
1995-09-25,4769.9,4769.9000,382.75,12.46218158
1995-09-26,4765.6,4765.6000,383.5,12.42659713
1995-09-27,4762.4,4762.4000,383,12.43446475
1995-09-28,4787.6,4787.6000,383.1,12.49699817
1995-09-29,4789.1,4789.1000,383.35,12.49276118
1995-10-02,4761.3,4761.3000,381.7,12.47393241
1995-10-03,4749.7,4749.7000,382.25,12.42563767
1995-10-04,4740.7,4740.7000,382.6,12.39074752
1995-10-05,4762.7,4762.7000,382.4,12.45475941
1995-10-06,4769.2,4769.2000,383.2,12.44572025
1995-10-09,4726.2,4726.2000,385,12.27584416
1995-10-10,4720.8,4720.8000,384.8,12.26819127
1995-10-11,4735.3,4735.3000,384.45,12.31707634
1995-10-12,4764.9,4764.9000,384.3,12.39890710
1995-10-13,4793.8,4793.8000,383.85,12.48873258
1995-10-16,4784.4,4784.4000,383.5,12.47561930
1995-10-17,4796,4796.0000,383.5,12.50586701
1995-10-18,4777.5,4777.5000,383.55,12.45600313
1995-10-19,4802.5,4802.5000,381.75,12.58022266
1995-10-20,4794.9,4794.9000,382.1,12.54880921
1995-10-23,4755.5,4755.5000,382.2,12.44243851
1995-10-24,4783.7,4783.7000,382.2,12.51622187
1995-10-25,4753.7,4753.7000,382.55,12.42634950
1995-10-26,4703.8,4703.8000,382.4,12.30073222
1995-10-27,4741.8,4741.8000,382.05,12.41146447
1995-10-30,4756.6,4756.6000,382,12.45183246
1995-10-31,4755.5,4755.5000,382.4,12.43593096
1995-11-01,4766.7,4766.7000,382.15,12.47337433
1995-11-02,4808.6,4808.6000,382.6,12.56821746
1995-11-03,4825.6,4825.6000,382.1,12.62915467
1995-11-06,4814,4814.0000,382.3,12.59220507
1995-11-07,4797,4797.0000,384.7,12.46945672
1995-11-08,4852.7,4852.7000,384.9,12.60769031
1995-11-09,4864.2,4864.2000,385.5,12.61789883
1995-11-10,4870.4,4870.4000,388.99,12.52063035
1995-11-13,4872.9,4872.9000,387.05,12.58984627
1995-11-14,4871.8,4871.8000,385.35,12.64253276
1995-11-15,4922.8,4922.8000,384.8,12.79313929
1995-11-16,4969.4,4969.4000,385.5,12.89079118
1995-11-17,4990,4990.0000,386.7,12.90405999
1995-11-20,4983.1,4983.1000,386.3,12.89955993
1995-11-21,5023.6,5023.6000,384.9,13.05170174
1995-11-22,5041.6,5041.6000,382.6,13.17720857
1995-11-24,5048.8,5048.8000,383.4,13.16849244
1995-11-27,5070.9,5070.9000,385,13.17116883
1995-11-28,5078.1,5078.1000,388.5,13.07104247
1995-11-29,5105.6,5105.6000,388.6,13.13844570
1995-11-30,5074.5,5074.5000,387.05,13.11070921
1995-12-01,5087.1,5087.1000,385.95,13.18072289
1995-12-04,5139.5,5139.5000,385.9,13.31821715
1995-12-05,5177.5,5177.5000,386.9,13.38201086
1995-12-06,5199.1,5199.1000,388.5,13.38249678
1995-12-07,5159.4,5159.4000,388.8,13.27006173
1995-12-08,5156.9,5156.9000,389.5,13.23979461
1995-12-11,5184.3,5184.3000,388.1,13.35815511
1995-12-12,5174.9,5174.9000,388,13.33737113
1995-12-13,5216.5,5216.5000,386.2,13.50725013
1995-12-14,5182.2,5182.2000,386,13.42538860
1995-12-15,5176.7,5176.7000,386,13.41113990
1995-12-18,5075.2,5075.2000,387.4,13.10067114
1995-12-19,5109.9,5109.9000,387.2,13.19705579
1995-12-20,5059.3,5059.3000,388.5,13.02265122
1995-12-21,5096.5,5096.5000,387.6,13.14886481
1995-12-22,5098,5098.0000,387,13.17312661
1995-12-26,5110.3,5110.3000,387.45,13.18957285
1995-12-27,5105.9,5105.9000,386.6,13.20719089
1995-12-28,5095.8,5095.8000,386.6,13.18106570
1995-12-29,5117.1,5117.1000,386.85,13.22760760
1996-01-02,5177.5,5177.5000,390.4,13.26203893
1996-01-03,5194.1,5194.1000,394.1,13.17964984
1996-01-04,5173.8,5173.8000,394.25,13.12314521
1996-01-05,5181.4,5181.4000,395.3,13.10751328
1996-01-08,5197.7,5197.7000,396.4,13.11226034
1996-01-09,5130.1,5130.1000,396.1,12.95152739
1996-01-10,5032.9,5032.9000,399.55,12.59642097
1996-01-11,5065.1,5065.1000,398.75,12.70244514
1996-01-12,5061.1,5061.1000,398.8,12.69082247
1996-01-15,5043.8,5043.8000,395.75,12.74491472
1996-01-16,5088.2,5088.2000,398.35,12.77318941
1996-01-17,5066.9,5066.9000,399.55,12.68151671
1996-01-18,5124.4,5124.4000,397.25,12.89968534
1996-01-19,5184.7,5184.7000,399.55,12.97634839
1996-01-22,5219.4,5219.4000,403.35,12.94012644
1996-01-23,5192.3,5192.3000,403.25,12.87613143
1996-01-24,5242.8,5242.8000,403.4,12.99652950
1996-01-25,5216.8,5216.8000,406.6,12.83030005
1996-01-26,5271.8,5271.8000,405.95,12.98632837
1996-01-29,5305,5305.0000,406.05,13.06489349
1996-01-30,5381.2,5381.2000,405.15,13.28199432
1996-01-31,5395.3,5395.3000,406.05,13.28727989
1996-02-01,5405.1,5405.1000,411.35,13.13990519
1996-02-02,5374,5374.0000,415.25,12.94160144
1996-02-05,5407.6,5407.6000,413.7,13.07130771
1996-02-06,5459.6,5459.6000,412.15,13.24663351
1996-02-07,5492.1,5492.1000,408.95,13.42975914
1996-02-08,5539.5,5539.5000,409.05,13.54235424
1996-02-09,5541.6,5541.6000,405.55,13.66440636
1996-02-12,5600.2,5600.2000,401.15,13.96036395
1996-02-13,5601.2,5601.2000,403.9,13.86778906
1996-02-14,5579.6,5579.6000,404.15,13.80576519
1996-02-15,5551.4,5551.4000,403.35,13.76323292
1996-02-16,5503.3,5503.3000,405.25,13.58001234
1996-02-20,5458.5,5458.5000,399.15,13.67531003
1996-02-21,5516,5516.0000,402.25,13.71286513
1996-02-22,5608.5,5608.5000,399.9,14.02475619
1996-02-23,5630.5,5630.5000,399.25,14.10269255
1996-02-26,5565.1,5565.1000,398.85,13.95286449
1996-02-27,5549.2,5549.2000,398.25,13.93396108
1996-02-28,5506.2,5506.2000,397.25,13.86079295
1996-02-29,5485.6,5485.6000,399.55,13.72944563
1996-03-01,5536.6,5536.6000,398.95,13.87792957
1996-03-04,5600.2,5600.2000,394,14.21370558
1996-03-05,5642.4,5642.4000,393.25,14.34812460
1996-03-06,5629.8,5629.8000,393.25,14.31608392
1996-03-07,5641.7,5641.7000,393.25,14.34634456
1996-03-08,5470.5,5470.5000,397.25,13.77092511
1996-03-11,5581,5581.0000,395.8,14.10055584
1996-03-12,5583.9,5583.9000,396.55,14.08120035
1996-03-13,5568.7,5568.7000,397,14.02695214
1996-03-14,5586.1,5586.1000,395.65,14.11879186
1996-03-15,5585,5585.0000,395.35,14.12672316
1996-03-18,5683.6,5683.6000,395.75,14.36159191
1996-03-19,5669.5,5669.5000,395.45,14.33683146
1996-03-20,5655.4,5655.4000,395.85,14.28672477
1996-03-21,5626.9,5626.9000,398.15,14.13261334
1996-03-22,5636.6,5636.6000,398.45,14.14631698
1996-03-25,5643.9,5643.9000,398,14.18065327
1996-03-26,5670.6,5670.6000,400.15,14.17118581
1996-03-27,5626.9,5626.9000,400.05,14.06549181
1996-03-28,5630.9,5630.9000,396.55,14.19972261
1996-03-29,5587.1,5587.1000,395.35,14.13203491
1996-04-01,5637.7,5637.7000,394.95,14.27446512
1996-04-02,5671.7,5671.7000,394.05,14.39335110
1996-04-03,5689.7,5689.7000,394.35,14.42804615
1996-04-04,5682.9,5682.9000,395.05,14.38526769
1996-04-08,5594.4,5594.4000,397.95,14.05804749
1996-04-09,5560.4,5560.4000,394.65,14.08944634
1996-04-10,5486,5486.0000,395.05,13.88684977
1996-04-11,5487.1,5487.1000,395.75,13.86506633
1996-04-12,5532.6,5532.6000,394.55,14.02255734
1996-04-15,5592.9,5592.9000,393.25,14.22225048
1996-04-16,5620,5620.0000,391.25,14.36421725
1996-04-17,5549.9,5549.9000,391.05,14.19230277
1996-04-18,5551.7,5551.7000,391.15,14.19327624
1996-04-19,5535.5,5535.5000,390.75,14.16634677
1996-04-22,5564.7,5564.7000,391.65,14.20834929
1996-04-23,5588.6,5588.6000,391.45,14.27666369
1996-04-24,5553.9,5553.9000,390.75,14.21343570
1996-04-25,5566.9,5566.9000,393.45,14.14893887
1996-04-26,5568,5568.0000,390.6,14.25499232
1996-04-29,5573.4,5573.4000,390.45,14.27429889
1996-04-30,5569.1,5569.1000,391.65,14.21958381
1996-05-01,5575.2,5575.2000,392.95,14.18806464
1996-05-02,5498.3,5498.3000,393.85,13.96039101
1996-05-03,5478,5478.0000,392.45,13.95846605
1996-05-06,5464.3,5464.3000,393.25,13.89523204
1996-05-07,5421,5421.0000,393.6,13.77286585
1996-05-08,5474.1,5474.1000,393.05,13.92723572
1996-05-09,5475.1,5475.1000,392.95,13.93332485
1996-05-10,5518.1,5518.1000,390.35,14.13628795
1996-05-13,5582.6,5582.6000,391.45,14.26133606
1996-05-14,5624.7,5624.7000,391.85,14.35421717
1996-05-15,5625.4,5625.4000,392.45,14.33405529
1996-05-16,5635.1,5635.1000,392.65,14.35145804
1996-05-17,5687.5,5687.5000,392.25,14.49968133
1996-05-20,5748.8,5748.8000,390.85,14.70845593
1996-05-21,5736.3,5736.3000,391.05,14.66896816
1996-05-22,5778,5778.0000,391.75,14.74920230
1996-05-23,5762.1,5762.1000,391.75,14.70861519
1996-05-24,5762.9,5762.9000,391,14.73887468
1996-05-28,5709.7,5709.7000,391.35,14.58975342
1996-05-29,5673.8,5673.8000,391.25,14.50172524
1996-05-30,5693.4,5693.4000,391.25,14.55182109
1996-05-31,5643.2,5643.2000,390.75,14.44197057
1996-06-03,5624.7,5624.7000,390.95,14.38726180
1996-06-04,5665.7,5665.7000,388.05,14.60043809
1996-06-05,5697.5,5697.5000,386.25,14.75080906
1996-06-06,5667.2,5667.2000,385.85,14.68757289
1996-06-07,5697.1,5697.1000,385.35,14.78422214
1996-06-10,5687.9,5687.9000,386.25,14.72595469
1996-06-11,5668.7,5668.7000,384.5,14.74304291
1996-06-12,5668.3,5668.3000,384.45,14.74391989
1996-06-13,5658,5658.0000,384.45,14.71712837
1996-06-14,5649.5,5649.5000,384.25,14.70266753
1996-06-17,5652.8,5652.8000,385.35,14.66926171
1996-06-18,5628,5628.0000,385.75,14.58976021
1996-06-19,5648.4,5648.4000,384.55,14.68833702
1996-06-20,5659.4,5659.4000,384.35,14.72459997
1996-06-21,5705.2,5705.2000,384.95,14.82062606
1996-06-24,5717.8,5717.8000,385.05,14.84950006
1996-06-25,5719.3,5719.3000,383.95,14.89594999
1996-06-26,5682.7,5682.7000,383.15,14.83152812
1996-06-27,5677.5,5677.5000,382.25,14.85284500
1996-06-28,5654.6,5654.6000,380.45,14.86292548
1996-07-01,5730,5730.0000,382,15.00000000
1996-07-02,5720.4,5720.4000,381.85,14.98075160
1996-07-03,5703,5703.0000,382.1,14.92541220
1996-07-05,5588.1,5588.1000,381.75,14.63811395
1996-07-08,5550.8,5550.8000,381.25,14.55947541
1996-07-09,5581.9,5581.9000,382.85,14.57986156
1996-07-10,5603.7,5603.7000,382.45,14.65211139
1996-07-11,5520.5,5520.5000,383.5,14.39504563
1996-07-12,5510.6,5510.6000,383.75,14.35986971
1996-07-15,5349.5,5349.5000,383,13.96736292
1996-07-16,5358.8,5358.8000,385,13.91896104
1996-07-17,5376.9,5376.9000,383.75,14.01146580
1996-07-18,5464.2,5464.2000,383.95,14.23154057
1996-07-19,5426.8,5426.8000,384.95,14.09741525
1996-07-22,5390.9,5390.9000,384.75,14.01143600
1996-07-23,5346.6,5346.6000,384.75,13.89629630
1996-07-24,5354.7,5354.7000,385.75,13.88127025
1996-07-25,5422,5422.0000,384.95,14.08494610
1996-07-26,5473.1,5473.1000,385.25,14.20661908
1996-07-29,5434.6,5434.6000,384.55,14.13236250
1996-07-30,5481.9,5481.9000,384.75,14.24795322
1996-07-31,5528.9,5528.9000,387.35,14.27365432
1996-08-01,5594.8,5594.8000,386.35,14.48116992
1996-08-02,5679.8,5679.8000,386.45,14.69737353
1996-08-05,5674.3,5674.3000,389.15,14.58126686
1996-08-06,5696.1,5696.1000,388.65,14.65611733
1996-08-07,5718.7,5718.7000,388.35,14.72563409
1996-08-08,5713.5,5713.5000,388.65,14.70088769
1996-08-09,5681.3,5681.3000,387.75,14.65196647
1996-08-12,5705,5705.0000,387.75,14.71308833
1996-08-13,5647.3,5647.3000,387.65,14.56803818
1996-08-14,5666.9,5666.9000,386.5,14.66209573
1996-08-15,5665.8,5665.8000,386.4,14.66304348
1996-08-16,5689.5,5689.5000,386.25,14.73009709
1996-08-19,5699.4,5699.4000,387.35,14.71382471
1996-08-20,5721.3,5721.3000,387.85,14.75132139
1996-08-21,5689.8,5689.8000,386.85,14.70802637
1996-08-22,5733.5,5733.5000,387.5,14.79612903
1996-08-23,5722.7,5722.7000,387.7,14.76063967
1996-08-26,5693.9,5693.9000,389.65,14.61285769
1996-08-27,5711.3,5711.3000,389.15,14.67634588
1996-08-28,5712.4,5712.4000,388.15,14.71699085
1996-08-29,5647.7,5647.7000,387.85,14.56155730
1996-08-30,5616.2,5616.2000,386.5,14.53091850
1996-09-03,5648.4,5648.4000,386.15,14.62747637
1996-09-04,5656.9,5656.9000,385.55,14.67228634
1996-09-05,5607,5607.0000,385.75,14.53532080
1996-09-06,5659.9,5659.9000,385.05,14.69912998
1996-09-09,5733.8,5733.8000,383.55,14.94928953
1996-09-10,5727.2,5727.2000,383.25,14.94377038
1996-09-11,5754.9,5754.9000,383.15,15.01996607
1996-09-12,5771.9,5771.9000,382.55,15.08796236
1996-09-13,5838.5,5838.5000,383.05,15.24213549
1996-09-16,5889.2,5889.2000,383.15,15.37048153
1996-09-17,5888.8,5888.8000,383.4,15.35941575
1996-09-18,5877.4,5877.4000,383.25,15.33568167
1996-09-19,5867.7,5867.7000,382.75,15.33037231
1996-09-20,5888.5,5888.5000,381.85,15.42097682
1996-09-23,5894.7,5894.7000,381.65,15.44530329
1996-09-24,5874,5874.0000,383.05,15.33481269
1996-09-25,5877.4,5877.4000,382.25,15.37580118
1996-09-26,5868.9,5868.9000,381.15,15.39787485
1996-09-27,5872.9,5872.9000,381,15.41443570
1996-09-30,5882.2,5882.2000,378.25,15.55109055
1996-10-01,5904.9,5904.9000,378.75,15.59049505
1996-10-02,5934,5934.0000,380.15,15.60962778
1996-10-03,5932.9,5932.9000,380.15,15.60673418
1996-10-04,5992.9,5992.9000,380.45,15.75213563
1996-10-07,5979.8,5979.8000,380.35,15.72183515
1996-10-08,5966.8,5966.8000,380.95,15.66294789
1996-10-09,5930.6,5930.6000,381.25,15.55567213
1996-10-10,5921.7,5921.7000,382.25,15.49169392
1996-10-11,5969.4,5969.4000,381.25,15.65744262
1996-10-14,6010,6010.0000,381.6,15.74947589
1996-10-15,6004.8,6004.8000,381.25,15.75029508
1996-10-16,6020.8,6020.8000,381.75,15.77157826
1996-10-17,6059.2,6059.2000,380.55,15.92221784
1996-10-18,6094.2,6094.2000,380.25,16.02682446
1996-10-21,6090.9,6090.9000,382,15.94476440
1996-10-22,6061.8,6061.8000,384.15,15.77977353
1996-10-23,6036.5,6036.5000,383.75,15.73029316
1996-10-24,5992.5,5992.5000,383,15.64621410
1996-10-25,6007,6007.0000,382.6,15.70047047
1996-10-28,5972.7,5972.7000,383,15.59451697
1996-10-29,6007,6007.0000,380.65,15.78090109
1996-10-30,5993.2,5993.2000,380.25,15.76120973
1996-10-31,6029.4,6029.4000,378.3,15.93814433
1996-11-01,6021.9,6021.9000,377.85,15.93727670
1996-11-04,6041.7,6041.7000,378.9,15.94536817
1996-11-05,6081.2,6081.2000,379.4,16.02846600
1996-11-06,6177.7,6177.7000,378.6,16.31722134
1996-11-07,6206,6206.0000,380.55,16.30797530
1996-11-08,6219.8,6219.8000,379.05,16.40891703
1996-11-11,6255.6,6255.6000,380.75,16.42967827
1996-11-12,6266,6266.0000,381.75,16.41388343
1996-11-13,6274.2,6274.2000,383.55,16.35823230
1996-11-14,6313,6313.0000,382.5,16.50457516
1996-11-15,6348,6348.0000,379.75,16.71626070
1996-11-18,6346.9,6346.9000,379,16.74643799
1996-11-19,6397.6,6397.6000,378.5,16.90250991
1996-11-20,6430,6430.0000,379.25,16.95451549
1996-11-21,6418.5,6418.5000,376.4,17.05233794
1996-11-22,6471.8,6471.8000,377.25,17.15520212
1996-11-25,6547.8,6547.8000,375.5,17.43754993
1996-11-26,6528.4,6528.4000,373.85,17.46261870
1996-11-27,6499.3,6499.3000,373.75,17.38943144
1996-11-29,6521.7,6521.7000,371.65,17.54796179
1996-12-02,6521.7,6521.7000,371.05,17.57633742
1996-12-03,6442.7,6442.7000,367.85,17.51447601
1996-12-04,6422.9,6422.9000,369.9,17.36388213
1996-12-05,6437.1,6437.1000,370.25,17.38582039
1996-12-06,6381.9,6381.9000,368.26,17.32987563
1996-12-09,6463.9,6463.9000,368.85,17.52446794
1996-12-10,6473.3,6473.3000,368.45,17.56900529
1996-12-11,6402.5,6402.5000,368.65,17.36742167
1996-12-12,6303.7,6303.7000,368.75,17.09477966
1996-12-13,6304.9,6304.9000,368.7,17.10035259
1996-12-16,6268.4,6268.4000,368.1,17.02906819
1996-12-17,6308.3,6308.3000,368.55,17.11653778
1996-12-18,6346.8,6346.8000,369.3,17.18602762
1996-12-19,6473.6,6473.6000,369.1,17.53887835
1996-12-20,6484.4,6484.4000,369.25,17.56100203
1996-12-23,6489,6489.0000,368.7,17.59967453
1996-12-24,6522.9,6522.9000,368.85,17.68442456
1996-12-26,6546.7,6546.7000,368.85,17.74894944
1996-12-27,6560.9,6560.9000,369.6,17.75135281
1996-12-30,6549.4,6549.4000,369.35,17.73223230
1996-12-31,6448.3,6448.3000,369.45,17.45378265
1997-01-02,6442.5,6442.5000,365.7,17.61689910
1997-01-03,6544.1,6544.1000,361.8,18.08761747
1997-01-06,6567.2,6567.2000,357.85,18.35182339
1997-01-07,6600.7,6600.7000,358.85,18.39403651
1997-01-08,6549.5,6549.5000,355.75,18.41040056
1997-01-09,6625.7,6625.7000,357.25,18.54639608
1997-01-10,6703.8,6703.8000,359.05,18.67093720
1997-01-13,6709.2,6709.2000,358.75,18.70160279
1997-01-14,6762.3,6762.3000,353.55,19.12685617
1997-01-15,6726.9,6726.9000,352.25,19.09694819
1997-01-16,6765.4,6765.4000,354.05,19.10860048
1997-01-17,6833.1,6833.1000,355.45,19.22380082
1997-01-20,6843.9,6843.9000,353.85,19.34124629
1997-01-21,6883.9,6883.9000,352.95,19.50389574
1997-01-22,6850,6850.0000,351,19.51566952
1997-01-23,6755.8,6755.8000,351.75,19.20625444
1997-01-24,6696.5,6696.5000,352.55,18.99446887
1997-01-27,6660.7,6660.7000,356.5,18.68359046
1997-01-28,6656.1,6656.1000,353.25,18.84246285
1997-01-29,6740.7,6740.7000,351.25,19.19060498
1997-01-30,6823.9,6823.9000,345.65,19.74222479
1997-01-31,6813.1,6813.1000,344.1,19.79976751
1997-02-03,6806.2,6806.2000,346.65,19.63421318
1997-02-04,6833.5,6833.5000,344.35,19.84463482
1997-02-05,6746.9,6746.9000,344.25,19.59883805
1997-02-06,6773.1,6773.1000,342.95,19.74952617
1997-02-07,6855.8,6855.8000,340.65,20.12564215
1997-02-10,6806.5,6806.5000,341.4,19.93702402
1997-02-11,6858.1,6858.1000,340,20.17088235
1997-02-12,6961.6,6961.6000,343.05,20.29325171
1997-02-13,7022.4,7022.4000,343.7,20.43177189
1997-02-14,6989,6989.0000,342.7,20.39393055
1997-02-18,7067.5,7067.5000,345.35,20.46474591
1997-02-19,7020.1,7020.1000,345.85,20.29810612
1997-02-20,6927.4,6927.4000,351,19.73618234
1997-02-21,6931.6,6931.6000,352.25,19.67806955
1997-02-24,7008.2,7008.2000,353.1,19.84763523
1997-02-25,7037.8,7037.8000,354.25,19.86676076
1997-02-26,6983.2,6983.2000,354.25,19.71263232
1997-02-27,6925.1,6925.1000,359.25,19.27654836
1997-02-28,6877.7,6877.7000,363.25,18.93379215
1997-03-03,6918.9,6918.9000,362.1,19.10770505
1997-03-04,6852.7,6852.7000,358.95,19.09095974
1997-03-05,6945.9,6945.9000,352.75,19.69071580
1997-03-06,6944.7,6944.7000,352.04,19.72701966
1997-03-07,7000.9,7000.9000,349,20.05988539
1997-03-10,7079.4,7079.4000,351.75,20.12622601
1997-03-11,7085.2,7085.2000,353.75,20.02883392
1997-03-12,7039.4,7039.4000,351.25,20.04099644
1997-03-13,6878.9,6878.9000,353.35,19.46766662
1997-03-14,6935.5,6935.5000,352.95,19.65009208
1997-03-17,6955.5,6955.5000,347.45,20.01870773
1997-03-18,6896.6,6896.6000,348.35,19.79790441
1997-03-19,6877.7,6877.7000,352.25,19.52505323
1997-03-20,6820.3,6820.3000,351.25,19.41722420
1997-03-21,6804.8,6804.8000,352.55,19.30165934
1997-03-24,6905.3,6905.3000,350.15,19.72097672
1997-03-25,6876.2,6876.2000,348.64,19.72292336
1997-03-26,6880.7,6880.7000,350.45,19.63389927
1997-03-27,6740.6,6740.6000,348.15,19.36119489
1997-03-31,6583.5,6583.5000,351.05,18.75373878
1997-04-01,6611.1,6611.1000,351.95,18.78420230
1997-04-02,6517,6517.0000,349.05,18.67067755
1997-04-03,6477.4,6477.4000,348.75,18.57318996
1997-04-04,6526.1,6526.1000,349,18.69942693
1997-04-07,6555.9,6555.9000,348.3,18.82256675
1997-04-08,6609.2,6609.2000,348.55,18.96198537
1997-04-09,6563.8,6563.8000,348.05,18.85878466
1997-04-10,6540.1,6540.1000,348,18.79339080
1997-04-11,6391.7,6391.7000,346.95,18.42253927
1997-04-14,6451.9,6451.9000,346.45,18.62288931
1997-04-15,6587.2,6587.2000,341.75,19.27490856
1997-04-16,6679.9,6679.9000,341.35,19.56906401
1997-04-17,6658.6,6658.6000,342.55,19.43833017
1997-04-18,6703.6,6703.6000,341.35,19.63849421
1997-04-21,6660.2,6660.2000,343.04,19.41522854
1997-04-22,6833.6,6833.6000,341.7,19.99882938
1997-04-23,6812.7,6812.7000,340.85,19.98738448
1997-04-24,6792.3,6792.3000,340.75,19.93338225
1997-04-25,6738.9,6738.9000,342.25,19.68999270
1997-04-28,6783,6783.0000,339.5,19.97938144
1997-04-29,6962,6962.0000,339.85,20.48550831
1997-04-30,7009,7009.0000,339.25,20.66028003
1997-05-01,6976.5,6976.5000,340.25,20.50404115
1997-05-02,7071.2,7071.2000,340.25,20.78236591
1997-05-05,7213.7,7213.7000,342.95,21.03426155
1997-05-06,7225.3,7225.3000,340.25,21.23526819
1997-05-07,7085.7,7085.7000,341.25,20.76395604
1997-05-08,7136.6,7136.6000,343.5,20.77612809
1997-05-09,7169.5,7169.5000,348,20.60201149
1997-05-12,7292.8,7292.8000,347.75,20.97138749
1997-05-13,7274.2,7274.2000,349.5,20.81316166
1997-05-14,7286.2,7286.2000,347.55,20.96446554
1997-05-15,7333.6,7333.6000,347.2,21.12211982
1997-05-16,7194.7,7194.7000,344.15,20.90570972
1997-05-19,7228.9,7228.9000,341.65,21.15878823
1997-05-20,7303.5,7303.5000,342.95,21.29610730
1997-05-21,7290.7,7290.7000,342.54,21.28422958
1997-05-22,7258.1,7258.1000,342.85,21.16989937
1997-05-23,7345.9,7345.9000,342.6,21.44162288
1997-05-27,7383.4,7383.4000,343.65,21.48523207
1997-05-28,7357.2,7357.2000,344.5,21.35616836
1997-05-29,7330.2,7330.2000,344.35,21.28706258
1997-05-30,7331,7331.0000,344.75,21.26468455
1997-06-02,7289.4,7289.4000,343.95,21.19319669
1997-06-03,7312.2,7312.2000,343.45,21.29043529
1997-06-04,7269.7,7269.7000,341.64,21.27883152
1997-06-05,7305.3,7305.3000,342.45,21.33245729
1997-06-06,7435.8,7435.8000,342.45,21.71353482
1997-06-09,7478.5,7478.5000,344,21.73982558
1997-06-10,7539.3,7539.3000,343.95,21.91975578
1997-06-11,7575.8,7575.8000,344.14,22.01371535
1997-06-12,7711.5,7711.5000,342.25,22.53177502
1997-06-13,7782,7782.0000,341.54,22.78503250
1997-06-16,7772.1,7772.1000,342,22.72543860
1997-06-17,7760.8,7760.8000,341.75,22.70899781
1997-06-18,7718.7,7718.7000,340.15,22.69204763
1997-06-19,7777.1,7777.1000,339.14,22.93182756
1997-06-20,7796.5,7796.5000,337.55,23.09731892
1997-06-23,7604.3,7604.3000,339.05,22.42825542
1997-06-24,7758.1,7758.1000,337.85,22.96314933
1997-06-25,7690,7690.0000,337.45,22.78856127
1997-06-26,7654.3,7654.3000,338.25,22.62912047
1997-06-27,7687.7,7687.7000,334.75,22.96549664
1997-06-30,7672.8,7672.8000,334,22.97245509
1997-07-01,7722.3,7722.3000,334.05,23.11719802
1997-07-02,7795.4,7795.4000,331.55,23.51198914
1997-07-03,7895.8,7895.8000,324.75,24.31347190
1997-07-07,7858.5,7858.5000,318.65,24.66185470
1997-07-08,7962.3,7962.3000,320.25,24.86276347
1997-07-09,7842.4,7842.4000,318.25,24.64226237
1997-07-10,7886.8,7886.8000,319.65,24.67323635
1997-07-11,7921.8,7921.8000,321.55,24.63629296
1997-07-14,7923,7923.0000,319.75,24.77873339
1997-07-15,7975.7,7975.7000,318.05,25.07687471
1997-07-16,8038.9,8038.9000,318,25.27955975
1997-07-17,8020.8,8020.8000,324,24.75555556
1997-07-18,7890.5,7890.5000,326.25,24.18544061
1997-07-21,7906.7,7906.7000,326.65,24.20541864
1997-07-22,8061.7,8061.7000,325.6,24.75952088
1997-07-23,8088.4,8088.4000,322,25.11925466
1997-07-24,8116.9,8116.9000,324,25.05216049
1997-07-25,8113.4,8113.4000,325.75,24.90683039
1997-07-28,8121.1,8121.1000,327.4,24.80482590
1997-07-29,8174.5,8174.5000,325.85,25.08669633
1997-07-30,8254.9,8254.9000,326.45,25.28687395
1997-07-31,8222.6,8222.6000,324.55,25.33538746
1997-08-01,8194,8194.0000,324.75,25.23171671
1997-08-04,8198.5,8198.5000,323.95,25.30791789
1997-08-05,8187.5,8187.5000,319.25,25.64604542
1997-08-06,8259.3,8259.3000,319.75,25.83049257
1997-08-07,8188,8188.0000,321.85,25.44042256
1997-08-08,8031.2,8031.2000,325.85,24.64692343
1997-08-11,8062.1,8062.1000,328.65,24.53095999
1997-08-12,7960.8,7960.8000,326.95,24.34867717
1997-08-13,7928.3,7928.3000,328.25,24.15323686
1997-08-14,7942,7942.0000,325,24.43692308
1997-08-15,7694.7,7694.7000,324.5,23.71248074
1997-08-18,7803.4,7803.4000,321.45,24.27562607
1997-08-19,7918.1,7918.1000,323.35,24.48770682
1997-08-20,8021.2,8021.2000,321.25,24.96871595
1997-08-21,7894,7894.0000,323.35,24.41317458
1997-08-22,7887.9,7887.9000,323.35,24.39430957
1997-08-25,7859.6,7859.6000,324.7,24.20572836
1997-08-26,7782.2,7782.2000,325.75,23.89009977
1997-08-27,7787.3,7787.3000,325.45,23.92779229
1997-08-28,7694.4,7694.4000,323.95,23.75181355
1997-08-29,7622.4,7622.4000,324.15,23.51503933
1997-09-02,7879.8,7879.8000,322.75,24.41456235
1997-09-03,7894.6,7894.6000,322.05,24.51358485
1997-09-04,7867.2,7867.2000,321.35,24.48171775
1997-09-05,7822.4,7822.4000,322.25,24.27432118
1997-09-08,7835.2,7835.2000,321.95,24.33669825
1997-09-09,7851.9,7851.9000,321.5,24.42270607
1997-09-10,7719.3,7719.3000,321.45,24.01399907
1997-09-11,7661,7661.0000,324.05,23.64141336
1997-09-12,7743,7743.0000,323.75,23.91660232
1997-09-15,7721.1,7721.1000,322.95,23.90803530
1997-09-16,7895.9,7895.9000,320.75,24.61699143
1997-09-17,7886.4,7886.4000,320.25,24.62576112
1997-09-18,7922.7,7922.7000,320.65,24.70824887
1997-09-19,7917.3,7917.3000,320.85,24.67601683
1997-09-22,7996.8,7996.8000,320.95,24.91603053
1997-09-23,7970.1,7970.1000,321.95,24.75570741
1997-09-24,7906.7,7906.7000,323.65,24.42978526
1997-09-25,7848,7848.0000,327.15,23.98899587
1997-09-26,7922.2,7922.2000,326.75,24.24544759
1997-09-29,7991.4,7991.4000,328.25,24.34546839
1997-09-30,7945.3,7945.3000,334.45,23.75631634
1997-10-01,8015.5,8015.5000,334,23.99850299
1997-10-02,8027.5,8027.5000,331.45,24.21933927
1997-10-03,8038.6,8038.6000,334.85,24.00657011
1997-10-06,8100.2,8100.2000,332.55,24.35784093
1997-10-07,8178.3,8178.3000,331.25,24.68920755
1997-10-08,8095.1,8095.1000,333.25,24.29137284
1997-10-09,8061.4,8061.4000,327.25,24.63376623
1997-10-10,8045.2,8045.2000,329.65,24.40527833
1997-10-13,8072.2,8072.2000,328.45,24.57664789
1997-10-14,8096.3,8096.3000,327.95,24.68760482
1997-10-15,8058,8058.0000,326.95,24.64597033
1997-10-16,7938.9,7938.9000,325.85,24.36366426
1997-10-17,7847,7847.0000,325.05,24.14090140
1997-10-20,7921.4,7921.4000,323.65,24.47520470
1997-10-21,8060.4,8060.4000,322.9,24.96252710
1997-10-22,8034.7,8034.7000,322.45,24.91766165
1997-10-23,7847.8,7847.8000,323.65,24.24779855
1997-10-24,7715.4,7715.4000,310.35,24.86031899
1997-10-27,7161.2,7161.2000,311.85,22.96360430
1997-10-28,7498.3,7498.3000,315.75,23.74758511
1997-10-29,7506.7,7506.7000,313.85,23.91811375
1997-10-30,7381.7,7381.7000,316.45,23.32659188
1997-10-31,7442.1,7442.1000,311.45,23.89500722
1997-11-03,7674.4,7674.4000,313.45,24.48364970
1997-11-04,7689.1,7689.1000,313.85,24.49928310
1997-11-05,7692.6,7692.6000,313.55,24.53388614
1997-11-06,7683.2,7683.2000,312.45,24.59017443
1997-11-07,7581.3,7581.3000,310.25,24.43609992
1997-11-10,7552.6,7552.6000,310.15,24.35144285
1997-11-11,7558.7,7558.7000,309.75,24.40258273
1997-11-12,7401.3,7401.3000,307.45,24.07318263
1997-11-13,7487.8,7487.8000,307.85,24.32288452
1997-11-14,7572.5,7572.5000,303.35,24.96291413
1997-11-17,7698.2,7698.2000,303.85,25.33552740
1997-11-18,7650.8,7650.8000,306.75,24.94148329
1997-11-19,7724.7,7724.7000,303.95,25.41437736
1997-11-20,7826.6,7826.6000,302.85,25.84315668
1997-11-21,7881.1,7881.1000,304.95,25.84390884
1997-11-24,7767.9,7767.9000,302.95,25.64086483
1997-11-25,7809,7809.0000,300.55,25.98236566
1997-11-26,7794.8,7794.8000,296.55,26.28494352
1997-11-28,7823.1,7823.1000,297,26.34040404
1997-12-01,8013.1,8013.1000,293.85,27.26935511
1997-12-02,8018.8,8018.8000,293.65,27.30733867
1997-12-03,8032,8032.0000,292.35,27.47391825
1997-12-04,8050.2,8050.2000,286.25,28.12296943
1997-12-05,8149.1,8149.1000,288.25,28.27094536
1997-12-08,8110.8,8110.8000,287.85,28.17717561
1997-12-09,8049.7,8049.7000,282.75,28.46931919
1997-12-10,7978.8,7978.8000,286.65,27.83464155
1997-12-11,7849,7849.0000,284.05,27.63245907
1997-12-12,7838.3,7838.3000,282.85,27.71186141
1997-12-15,7922.6,7922.6000,284.35,27.86214173
1997-12-16,7976.3,7976.3000,283.75,28.11030837
1997-12-17,7957.4,7957.4000,289.15,27.51997233
1997-12-18,7846.5,7846.5000,287.35,27.30642074
1997-12-19,7756.3,7756.3000,289.05,26.83376578
1997-12-22,7819.3,7819.3000,291.1,26.86121608
1997-12-23,7691.8,7691.8000,293.75,26.18485106
1997-12-24,7660.1,7660.1000,296.2,25.86124240
1997-12-26,7679.3,7679.3000,295.25,26.00948349
1997-12-29,7792.4,7792.4000,291,26.77800687
1997-12-30,7916,7916.0000,290.3,27.26834309
1997-12-31,7908.3,7908.3000,288.8,27.38331025
1998-01-02,7965,7965.0000,288.25,27.63226366
1998-01-05,7979,7979.0000,281.85,28.30938442
1998-01-06,7906.3,7906.3000,281.45,28.09131284
1998-01-07,7902.3,7902.3000,283.85,27.83970407
1998-01-08,7802.6,7802.6000,280.95,27.77220146
1998-01-09,7580.4,7580.4000,278.5,27.21867145
1998-01-12,7647.2,7647.2000,278.15,27.49307927
1998-01-13,7732.1,7732.1000,282.75,27.34606543
1998-01-14,7784.7,7784.7000,281.45,27.65926452
1998-01-15,7691.8,7691.8000,285.75,26.91793526
1998-01-16,7753.6,7753.6000,290.15,26.72272962
1998-01-20,7873.1,7873.1000,290.45,27.10655879
1998-01-21,7794.4,7794.4000,292.55,26.64296701
1998-01-22,7730.9,7730.9000,290.45,26.61697366
1998-01-23,7700.7,7700.7000,299.62,25.70155530
1998-01-26,7712.9,7712.9000,296.75,25.99123842
1998-01-27,7815.1,7815.1000,300.55,26.00266179
1998-01-28,7915.5,7915.5000,305.95,25.87187449
1998-01-29,7973,7973.0000,302.85,26.32656431
1998-01-30,7906.5,7906.5000,302.75,26.11560694
1998-02-02,8107.8,8107.8000,302.95,26.76283215
1998-02-03,8160.4,8160.4000,295.25,27.63895004
1998-02-04,8129.7,8129.7000,299.25,27.16691729
1998-02-05,8117.3,8117.3000,298.4,27.20274799
1998-02-06,8189.5,8189.5000,298.75,27.41255230
1998-02-09,8180.5,8180.5000,300,27.26833333
1998-02-10,8295.6,8295.6000,300.45,27.61058412
1998-02-11,8314.6,8314.6000,300.05,27.71071488
1998-02-12,8369.6,8369.6000,298.75,28.01539749
1998-02-13,8370.1,8370.1000,299.85,27.91429048
1998-02-17,8398.5,8398.5000,298,28.18288591
1998-02-18,8451.1,8451.1000,297.55,28.40228533
1998-02-19,8375.6,8375.6000,298.95,28.01672520
1998-02-20,8413.9,8413.9000,297.25,28.30580320
1998-02-23,8410.2,8410.2000,293.45,28.65973760
1998-02-24,8370.1,8370.1000,291.45,28.71881969
1998-02-25,8457.8,8457.8000,292.25,28.94029085
1998-02-26,8490.7,8490.7000,293.55,28.92420371
1998-02-27,8545.7,8545.7000,299.15,28.56660538
1998-03-02,8550.5,8550.5000,299.7,28.53019686
1998-03-03,8584.8,8584.8000,297.85,28.82256169
1998-03-04,8539.2,8539.2000,296.05,28.84377639
1998-03-05,8444.3,8444.3000,293.45,28.77594139
1998-03-06,8569.4,8569.4000,294.45,29.10307353
1998-03-09,8567.1,8567.1000,294.45,29.09526235
1998-03-10,8643.1,8643.1000,296,29.19966216
1998-03-11,8675.8,8675.8000,294.6,29.44942295
1998-03-12,8659.6,8659.6000,294.55,29.39942285
1998-03-13,8602.5,8602.5000,295.35,29.12646013
1998-03-16,8718.9,8718.9000,294.15,29.64099949
1998-03-17,8750,8750.0000,292.1,29.95549469
1998-03-18,8775.4,8775.4000,291.15,30.14047742
1998-03-19,8803.1,8803.1000,291.75,30.17343616
1998-03-20,8906.4,8906.4000,291.95,30.50659359
1998-03-23,8816.3,8816.3000,298.95,29.49088476
1998-03-24,8904.4,8904.4000,299.55,29.72592222
1998-03-25,8872.8,8872.8000,297.95,29.77949320
1998-03-26,8846.9,8846.9000,301.55,29.33808655
1998-03-27,8796.1,8796.1000,302.25,29.10206782
1998-03-30,8782.1,8782.1000,301.85,29.09425211
1998-03-31,8799.8,8799.8000,300.95,29.24007310
1998-04-01,8868.3,8868.3000,299.75,29.58565471
1998-04-02,8986.6,8986.6000,302.25,29.73234078
1998-04-03,8983.4,8983.4000,307.75,29.19057677
1998-04-06,9033.2,9033.2000,309.15,29.21947275
1998-04-07,8956.5,8956.5000,309.85,28.90592222
1998-04-08,8891.5,8891.5000,309.15,28.76111920
1998-04-09,8994.9,8994.9000,308.45,29.16161452
1998-04-13,9012.3,9012.3000,310.85,28.99244008
1998-04-14,9110.2,9110.2000,310.85,29.30738298
1998-04-15,9162.3,9162.3000,307.25,29.82034174
1998-04-16,9076.6,9076.6000,308.15,29.45513549
1998-04-17,9167.5,9167.5000,307.75,29.78878960
1998-04-20,9141.8,9141.8000,307.95,29.68598799
1998-04-21,9184.9,9184.9000,307.75,29.84532900
1998-04-22,9176.7,9176.7000,313.25,29.29513168
1998-04-23,9143.3,9143.3000,314.05,29.11415380
1998-04-24,9064.6,9064.6000,312.65,28.99280345
1998-04-27,8917.6,8917.6000,309.65,28.79896658
1998-04-28,8899,8899.0000,307.95,28.89754830
1998-04-29,8951.5,8951.5000,310.25,28.85253828
1998-04-30,9063.4,9063.4000,306.65,29.55617153
1998-05-01,9147.1,9147.1000,306.25,29.86808163
1998-05-04,9192.7,9192.7000,304.35,30.20436997
1998-05-05,9147.6,9147.6000,303.35,30.15526619
1998-05-06,9054.7,9054.7000,300.75,30.10706567
1998-05-07,8976.7,8976.7000,298.45,30.07773496
1998-05-08,9055.2,9055.2000,299.85,30.19909955
1998-05-11,9091.5,9091.5000,300.35,30.26968537
1998-05-12,9161.8,9161.8000,298.15,30.72882777
1998-05-13,9211.8,9211.8000,298.45,30.86547160
1998-05-14,9172.2,9172.2000,299.05,30.67112523
1998-05-15,9096,9096.0000,301.35,30.18417123
1998-05-18,9050.9,9050.9000,299.55,30.21498915
1998-05-19,9054.7,9054.7000,298.75,30.30861925
1998-05-20,9171.5,9171.5000,299.75,30.59716430
1998-05-21,9132.4,9132.4000,299.75,30.46672227
1998-05-22,9114.4,9114.4000,300.05,30.37627062
1998-05-26,8963.7,8963.7000,295.55,30.32887836
1998-05-27,8936.6,8936.6000,293.85,30.41211502
1998-05-28,8970.2,8970.2000,293.2,30.59413370
1998-05-29,8900,8900.0000,292.95,30.38061103
1998-06-01,8922.4,8922.4000,288.65,30.91079162
1998-06-02,8891.2,8891.2000,291.15,30.53821054
1998-06-03,8803.8,8803.8000,291.15,30.23802164
1998-06-04,8870.6,8870.6000,293.55,30.21836144
1998-06-05,9037.7,9037.7000,291.65,30.98817075
1998-06-08,9069.6,9069.6000,295.95,30.64571718
1998-06-09,9049.9,9049.9000,293.65,30.81866167
1998-06-10,8971.7,8971.7000,293.25,30.59403240
1998-06-11,8811.8,8811.8000,287.05,30.69778784
1998-06-12,8834.9,8834.9000,286,30.89125874
1998-06-15,8627.9,8627.9000,284.85,30.28927506
1998-06-16,8665.3,8665.3000,288.65,30.02009354
1998-06-17,8829.5,8829.5000,293.45,30.08860112
1998-06-18,8813,8813.0000,293.25,30.05285592
1998-06-19,8712.9,8712.9000,299.25,29.11578947
1998-06-22,8711.1,8711.1000,295.75,29.45426881
1998-06-23,8828.5,8828.5000,295.05,29.92204711
1998-06-24,8923.9,8923.9000,292.85,30.47259689
1998-06-25,8935.6,8935.6000,293.85,30.40871193
1998-06-26,8944.5,8944.5000,293.85,30.43899949
1998-06-29,8997.4,8997.4000,293.65,30.63987741
1998-06-30,8952,8952.0000,296.95,30.14648931
1998-07-01,9048.7,9048.7000,296.45,30.52352842
1998-07-02,9025.3,9025.3000,293.85,30.71396971
1998-07-06,9091.8,9091.8000,293.25,31.00358056
1998-07-07,9085,9085.0000,294.95,30.80183082
1998-07-08,9175,9175.0000,293.25,31.28729753
1998-07-09,9089.8,9089.8000,291.65,31.16680953
1998-07-10,9105.7,9105.7000,290.85,31.30720303
1998-07-13,9096.2,9096.2000,291.65,31.18875364
1998-07-14,9245.5,9245.5000,293.35,31.51695926
1998-07-15,9234.5,9234.5000,293.95,31.41520667
1998-07-16,9328.2,9328.2000,293.25,31.80971867
1998-07-17,9338,9338.0000,294.5,31.70797963
1998-07-20,9295.8,9295.8000,296,31.40472973
1998-07-21,9190.2,9190.2000,294.9,31.16378433
1998-07-22,9128.9,9128.9000,294.15,31.03484617
1998-07-23,8933,8933.0000,293.15,30.47245437
1998-07-24,8937.4,8937.4000,291.15,30.69689164
1998-07-27,9028.2,9028.2000,290.35,31.09419666
1998-07-28,8934.8,8934.8000,291.75,30.62485004
1998-07-29,8915,8915.0000,290.05,30.73607999
1998-07-30,9027,9027.0000,288.85,31.25151463
1998-07-31,8883.3,8883.3000,286.45,31.01169489
1998-08-03,8786.7,8786.7000,283.75,30.96634361
1998-08-04,8487.3,8487.3000,288.45,29.42381695
1998-08-05,8546.8,8546.8000,287.95,29.68154193
1998-08-06,8577.7,8577.7000,287.35,29.85105272
1998-08-07,8598,8598.0000,286.65,29.99476714
1998-08-10,8574.9,8574.9000,287.45,29.83092712
1998-08-11,8462.9,8462.9000,283.95,29.80419088
1998-08-12,8553,8553.0000,282.75,30.24933687
1998-08-13,8459.5,8459.5000,285.35,29.64604871
1998-08-14,8425,8425.0000,284.05,29.66027108
1998-08-17,8574.9,8574.9000,285.05,30.08209086
1998-08-18,8714.7,8714.7000,284.95,30.58326022
1998-08-19,8693.3,8693.3000,283.35,30.68043056
1998-08-20,8611.4,8611.4000,285.15,30.19954410
1998-08-21,8533.7,8533.7000,283.55,30.09592664
1998-08-24,8566.6,8566.6000,284.65,30.09520464
1998-08-25,8602.7,8602.7000,283.05,30.39286345
1998-08-26,8523.4,8523.4000,282.25,30.19805137
1998-08-27,8166,8166.0000,276.55,29.52811427
1998-08-28,8051.7,8051.7000,274.35,29.34827775
1998-08-31,7539.1,7539.1000,275.55,27.36018871
1998-09-01,7827.4,7827.4000,278.85,28.07028869
1998-09-02,7782.4,7782.4000,278.85,27.90891160
1998-09-03,7682.2,7682.2000,285.35,26.92202558
1998-09-04,7640.3,7640.3000,286.85,26.63517518
1998-09-08,8020.8,8020.8000,286.05,28.03985317
1998-09-09,7865,7865.0000,284.25,27.66930519
1998-09-10,7615.5,7615.5000,290.45,26.21965915
1998-09-11,7795.5,7795.5000,293.75,26.53787234
1998-09-14,7945.4,7945.4000,290.35,27.36490443
1998-09-15,8024.4,8024.4000,289.65,27.70378042
1998-09-16,8089.8,8089.8000,287.65,28.12376152
1998-09-17,7873.8,7873.8000,291.45,27.01595471
1998-09-18,7895.7,7895.7000,291.45,27.09109624
1998-09-21,7933.3,7933.3000,288.95,27.45561516
1998-09-22,7897.2,7897.2000,287.65,27.45419781
1998-09-23,8154.4,8154.4000,289.55,28.16232084
1998-09-24,8002,8002.0000,293.85,27.23158074
1998-09-25,8028.8,8028.8000,293.95,27.31348869
1998-09-28,8108.8,8108.8000,295.85,27.40848403
1998-09-29,8080.5,8080.5000,294.65,27.42406245
1998-09-30,7842.6,7842.6000,296.95,26.41050682
1998-10-01,7632.5,7632.5000,300.2,25.42471686
1998-10-02,7784.7,7784.7000,300.55,25.90151389
1998-10-05,7726.2,7726.2000,297.55,25.96605613
1998-10-06,7743,7743.0000,296.55,26.11026808
1998-10-07,7741.7,7741.7000,301,25.71993355
1998-10-08,7731.9,7731.9000,299.65,25.80310362
1998-10-09,7899.5,7899.5000,296.75,26.62005055
1998-10-12,8001.5,8001.5000,296.25,27.00928270
1998-10-13,7938.1,7938.1000,296.55,26.76816726
1998-10-14,7968.8,7968.8000,296.05,26.91707482
1998-10-15,8299.4,8299.4000,297.35,27.91121574
1998-10-16,8416.8,8416.8000,299.95,28.06067678
1998-10-19,8466.5,8466.5000,296.15,28.58855310
1998-10-20,8505.9,8505.9000,296.25,28.71189873
1998-10-21,8519.2,8519.2000,295.25,28.85419136
1998-10-22,8533.1,8533.1000,292.25,29.19794696
1998-10-23,8452.3,8452.3000,292.85,28.86221615
1998-10-26,8432.2,8432.2000,292.45,28.83296290
1998-10-27,8366,8366.0000,293.75,28.48000000
1998-10-28,8372,8372.0000,293.05,28.56850367
1998-10-29,8495,8495.0000,293.65,28.92899711
1998-10-30,8592.1,8592.1000,292.55,29.36968040
1998-11-02,8706.2,8706.2000,289.95,30.02655630
1998-11-03,8706.2,8706.2000,288.95,30.13047240
1998-11-04,8783.1,8783.1000,290.95,30.18766111
1998-11-05,8915.5,8915.5000,294.05,30.31967352
1998-11-06,8975.5,8975.5000,293.2,30.61221010
1998-11-09,8898,8898.0000,292.7,30.39972668
1998-11-10,8864,8864.0000,293.6,30.19073569
1998-11-11,8823.8,8823.8000,293.35,30.07942731
1998-11-12,8829.7,8829.7000,296.95,29.73463546
1998-11-13,8919.6,8919.6000,295.85,30.14906202
1998-11-16,9011.3,9011.3000,295.85,30.45901639
1998-11-17,8986.3,8986.3000,294.1,30.55525332
1998-11-18,9041.1,9041.1000,297.55,30.38514535
1998-11-19,9056.1,9056.1000,295.75,30.62079459
1998-11-20,9159.6,9159.6000,296.25,30.91848101
1998-11-23,9374.3,9374.3000,296,31.66993243
1998-11-24,9301.2,9301.2000,296.25,31.39645570
1998-11-25,9314.3,9314.3000,296.6,31.40357384
1998-11-27,9333.1,9333.1000,296.2,31.50945307
1998-11-30,9116.6,9116.6000,293.25,31.08815004
1998-12-01,9133.5,9133.5000,293.75,31.09276596
1998-12-02,9064.5,9064.5000,293.05,30.93158164
1998-12-03,8879.7,8879.7000,291.85,30.42556108
1998-12-04,9016.1,9016.1000,292.15,30.86120144
1998-12-07,9070.5,9070.5000,295.05,30.74224708
1998-12-08,9028,9028.0000,293.85,30.72315807
1998-12-09,9009.2,9009.2000,294.05,30.63832682
1998-12-10,8841.6,8841.6000,294.25,30.04791844
1998-12-11,8821.8,8821.8000,290.85,30.33109850
1998-12-14,8695.6,8695.6000,291.35,29.84588982
1998-12-15,8823.3,8823.3000,292.85,30.12907632
1998-12-16,8790.6,8790.6000,295.05,29.79359431
1998-12-17,8875.8,8875.8000,291.55,30.44349168
1998-12-18,8903.6,8903.6000,291.55,30.53884411
1998-12-21,8988.9,8988.9000,288.95,31.10884236
1998-12-22,9044.5,9044.5000,287.65,31.44272553
1998-12-23,9202,9202.0000,286.75,32.09067132
1998-12-24,9218,9218.0000,286.25,32.20262009
1998-12-28,9226.8,9226.8000,286.65,32.18838305
1998-12-29,9321,9321.0000,286.25,32.56244541
1998-12-30,9274.6,9274.6000,287.05,32.31005051
1998-12-31,9181.4,9181.4000,288.25,31.85221162
1999-01-04,9184.3,9184.3000,287.35,31.96206717
1999-01-05,9311.2,9311.2000,286.95,32.44885869
1999-01-06,9545,9545.0000,287.65,33.18268729
1999-01-07,9537.8,9537.8000,291.6,32.70850480
1999-01-08,9643.3,9643.3000,291.35,33.09867857
1999-01-11,9619.9,9619.9000,292.95,32.83802697
1999-01-12,9474.7,9474.7000,288.55,32.83555710
1999-01-13,9349.6,9349.6000,286.75,32.60540541
1999-01-14,9120.9,9120.9000,286.95,31.78567695
1999-01-15,9340.6,9340.6000,286.95,32.55131556
1999-01-19,9355.2,9355.2000,286.5,32.65340314
1999-01-20,9335.9,9335.9000,287.15,32.51227581
1999-01-21,9264.1,9264.1000,287.65,32.20615331
1999-01-22,9120.7,9120.7000,286.45,31.84046081
1999-01-25,9203.3,9203.3000,287.8,31.97810980
1999-01-26,9324.6,9324.6000,286,32.60349650
1999-01-27,9200.2,9200.2000,283.15,32.49231856
1999-01-28,9281.3,9281.3000,284.25,32.65189094
1999-01-29,9358.8,9358.8000,286.05,32.71735711
1999-02-01,9345.7,9345.7000,288.85,32.35485546
1999-02-02,9274.1,9274.1000,288.55,32.14035696
1999-02-03,9366.8,9366.8000,287.65,32.56318443
1999-02-04,9304.5,9304.5000,290.05,32.07895190
1999-02-05,9304.2,9304.2000,288.55,32.24467163
1999-02-08,9291.1,9291.1000,289.55,32.08806769
1999-02-09,9133,9133.0000,287.55,31.76143279
1999-02-10,9177.3,9177.3000,287.15,31.95995124
1999-02-11,9363.5,9363.5000,287.95,32.51779823
1999-02-12,9274.9,9274.9000,289.55,32.03211881
1999-02-16,9297,9297.0000,284.95,32.62677663
1999-02-17,9195.5,9195.5000,284.75,32.29323968
1999-02-18,9298.6,9298.6000,286.45,32.46151161
1999-02-19,9340,9340.0000,288.25,32.40242845
1999-02-22,9552.7,9552.7000,287.25,33.25570061
1999-02-23,9544.4,9544.4000,287.45,33.20368760
1999-02-24,9399.7,9399.7000,286.4,32.82018156
1999-02-25,9366.3,9366.3000,287.95,32.52752214
1999-02-26,9306.6,9306.6000,287.05,32.42152935
1999-03-01,9324.8,9324.8000,286.65,32.53026339
1999-03-02,9297.6,9297.6000,286.75,32.42406277
1999-03-03,9275.9,9275.9000,287.15,32.30332579
1999-03-04,9467.4,9467.4000,288.05,32.86721055
1999-03-05,9736.1,9736.1000,288.45,33.75316346
1999-03-08,9727.6,9727.6000,291.55,33.36511748
1999-03-09,9693.8,9693.8000,292.05,33.19226160
1999-03-10,9772.8,9772.8000,292.95,33.35995904
1999-03-11,9897.4,9897.4000,294.35,33.62459657
1999-03-12,9876.4,9876.4000,292.25,33.79435415
1999-03-15,9958.8,9958.8000,286.65,34.74201988
1999-03-16,9930.5,9930.5000,284.05,34.96039430
1999-03-17,9879.4,9879.4000,284,34.78661972
1999-03-18,9997.6,9997.6000,283.3,35.28979880
1999-03-19,9903.6,9903.6000,284.25,34.84116095
1999-03-22,9890.5,9890.5000,284.75,34.73397717
1999-03-23,9671.8,9671.8000,284.55,33.98980847
1999-03-24,9666.8,9666.8000,283.95,34.04402183
1999-03-25,9836.4,9836.4000,283.45,34.70241665
1999-03-26,9822.2,9822.2000,279.75,35.11063450
1999-03-29,10006.8,10006.8000,280.35,35.69395399
1999-03-30,9913.3,9913.3000,279.35,35.48702345
1999-03-31,9786.2,9786.2000,280.05,34.94447420
1999-04-01,9832.5,9832.5000,280.45,35.05972544
1999-04-05,10007.3,10007.3000,278.45,35.93930688
1999-04-06,9963.5,9963.5000,279.85,35.60300161
1999-04-07,10085.3,10085.3000,280.55,35.94831581
1999-04-08,10197.7,10197.7000,280.85,36.31012996
1999-04-09,10173.8,10173.8000,281.55,36.13496715
1999-04-12,10339.5,10339.5000,282.85,36.55471098
1999-04-13,10395,10395.0000,283.95,36.60855784
1999-04-14,10411.7,10411.7000,281.45,36.99307159
1999-04-15,10462.7,10462.7000,283.55,36.89895962
1999-04-16,10493.9,10493.9000,284.25,36.91785400
1999-04-19,10440.5,10440.5000,284.55,36.69126691
1999-04-20,10448.6,10448.6000,284.45,36.73264194
1999-04-21,10581.4,10581.4000,283.85,37.27813986
1999-04-22,10727.2,10727.2000,283.75,37.80511013
1999-04-23,10689.7,10689.7000,283.55,37.69952389
1999-04-26,10718.6,10718.6000,281.15,38.12413303
1999-04-27,10831.7,10831.7000,282.25,38.37626218
1999-04-28,10845.5,10845.5000,282.85,38.34364504
1999-04-29,10878.4,10878.4000,286.05,38.02971508
1999-04-30,10789,10789.0000,286.05,37.71718231
1999-05-03,11014.7,11014.7000,286.25,38.47930131
1999-05-04,10886.1,10886.1000,285.65,38.10992473
1999-05-05,10955.4,10955.4000,287.45,38.11236737
1999-05-06,10946.8,10946.8000,289.55,37.80625108
1999-05-07,11031.6,11031.6000,282.75,39.01538462
1999-05-10,11007.3,11007.3000,278.65,39.50224296
1999-05-11,11026.2,11026.2000,278.35,39.61271780
1999-05-12,11000.4,11000.4000,277.05,39.70546833
1999-05-13,11107.2,11107.2000,277.65,40.00432199
1999-05-14,10913.3,10913.3000,275.95,39.54810654
1999-05-17,10853.5,10853.5000,274.45,39.54636546
1999-05-18,10837,10837.0000,274.25,39.51504102
1999-05-19,10887.4,10887.4000,272.95,39.88789156
1999-05-20,10866.7,10866.7000,274.45,39.59446165
1999-05-21,10829.3,10829.3000,272.85,39.68957303
1999-05-24,10654.7,10654.7000,272.65,39.07830552
1999-05-25,10531.1,10531.1000,270.65,38.91040089
1999-05-26,10702.2,10702.2000,269.15,39.76295746
1999-05-27,10466.9,10466.9000,270.45,38.70179331
1999-05-28,10559.7,10559.7000,270.25,39.07382054
1999-06-01,10596.3,10596.3000,267.65,39.59013637
1999-06-02,10577.9,10577.9000,265.65,39.81893469
1999-06-03,10663.7,10663.7000,265.65,40.14191605
1999-06-04,10799.8,10799.8000,264.8,40.78474320
1999-06-07,10909.4,10909.4000,265.55,41.08228206
1999-06-08,10765.6,10765.6000,262.25,41.05090562
1999-06-09,10690.3,10690.3000,259.55,41.18782508
1999-06-10,10621.3,10621.3000,258.45,41.09615013
1999-06-11,10490.5,10490.5000,260.65,40.24745828
1999-06-14,10563.3,10563.3000,260.55,40.54231434
1999-06-15,10595,10595.0000,259.45,40.83638466
1999-06-16,10785,10785.0000,258.35,41.74569383
1999-06-17,10841.6,10841.6000,258.45,41.94853937
1999-06-18,10855.6,10855.6000,259.55,41.82469659
1999-06-21,10816,10816.0000,258.95,41.76868121
1999-06-22,10721.6,10721.6000,258.35,41.50029030
1999-06-23,10666.9,10666.9000,260.5,40.94779271
1999-06-24,10534.8,10534.8000,260.55,40.43293034
1999-06-25,10552.6,10552.6000,259.45,40.67296204
1999-06-28,10655.2,10655.2000,260.8,40.85582822
1999-06-29,10815.4,10815.4000,260.75,41.47804410
1999-06-30,10970.8,10970.8000,261.2,42.00153139
1999-07-01,11066.4,11066.4000,262.75,42.11760228
1999-07-02,11139.2,11139.2000,263.3,42.30611470
1999-07-06,11135.1,11135.1000,256.85,43.35254039
1999-07-07,11187.4,11187.4000,257.35,43.47153682
1999-07-08,11126.9,11126.9000,256.95,43.30375559
1999-07-09,11193.7,11193.7000,257.15,43.52984639
1999-07-12,11201,11201.0000,255.65,43.81380794
1999-07-13,11175,11175.0000,255.85,43.67793629
1999-07-14,11148.1,11148.1000,254.25,43.84700098
1999-07-15,11186.4,11186.4000,254.05,44.03227711
1999-07-16,11209.8,11209.8000,253.9,44.15045293
1999-07-19,11187.7,11187.7000,253.25,44.17650543
1999-07-20,10996.1,10996.1000,253.45,43.38567765
1999-07-21,11002.8,11002.8000,255.25,43.10597453
1999-07-22,10969.2,10969.2000,255.95,42.85680797
1999-07-23,10911,10911.0000,254.75,42.83022571
1999-07-26,10863.2,10863.2000,253.95,42.77692459
1999-07-27,10979,10979.0000,253.85,43.24995076
1999-07-28,10972.1,10972.1000,254.05,43.18874237
1999-07-29,10791.3,10791.3000,257.05,41.98132659
1999-07-30,10655.2,10655.2000,255.95,41.63000586
1999-08-02,10646,10646.0000,255.25,41.70812929
1999-08-03,10677.3,10677.3000,256.15,41.68377904
1999-08-04,10674.8,10674.8000,256.15,41.67401913
1999-08-05,10793.8,10793.8000,255.45,42.25406146
1999-08-06,10714,10714.0000,256.05,41.84338996
1999-08-09,10707.7,10707.7000,257.15,41.63989889
1999-08-10,10655.2,10655.2000,257.35,41.40353604
1999-08-11,10787.8,10787.8000,258.95,41.65977988
1999-08-12,10789.4,10789.4000,261.05,41.33077954
1999-08-13,10973.7,10973.7000,260.85,42.06900518
1999-08-16,11046.8,11046.8000,260.15,42.46319431
1999-08-17,11117.1,11117.1000,261.45,42.52094091
1999-08-18,10991.4,10991.4000,259.65,42.33160023
1999-08-19,10963.8,10963.8000,258.75,42.37217391
1999-08-20,11100.6,11100.6000,257.35,43.13425296
1999-08-23,11299.8,11299.8000,254.35,44.42618439
1999-08-24,11283.3,11283.3000,252.85,44.62448092
1999-08-25,11326,11326.0000,252.35,44.88210818
1999-08-26,11198.5,11198.5000,252.95,44.27159518
1999-08-27,11090.2,11090.2000,252.95,43.84344732
1999-08-30,10914.1,10914.1000,252.95,43.14726230
1999-08-31,10829.3,10829.3000,255.75,42.34330401
1999-09-01,10937.9,10937.9000,253.95,43.07107698
1999-09-02,10843.2,10843.2000,253.95,42.69816893
1999-09-03,11078.5,11078.5000,254.25,43.57325467
1999-09-07,11034.1,11034.1000,255.95,43.11037312
1999-09-08,11036.3,11036.3000,256.45,43.03489959
1999-09-09,11079.4,11079.4000,257.25,43.06861030
1999-09-10,11028.4,11028.4000,256.55,42.98733190
1999-09-13,11030.3,11030.3000,256.65,42.97798558
1999-09-14,10910.3,10910.3000,257.25,42.41127308
1999-09-15,10801.4,10801.4000,256.75,42.06971762
1999-09-16,10737.5,10737.5000,256.45,41.86976019
1999-09-17,10803.6,10803.6000,255.3,42.31727380
1999-09-20,10823.9,10823.9000,255.05,42.43834542
1999-09-21,10598.5,10598.5000,261.05,40.59950201
1999-09-22,10524.1,10524.1000,264.55,39.78113778
1999-09-23,10318.6,10318.6000,266.15,38.76986662
1999-09-24,10279.3,10279.3000,268.75,38.24855814
1999-09-27,10303.4,10303.4000,282.45,36.47866879
1999-09-28,10275.5,10275.5000,309.15,33.23791040
1999-09-29,10213.5,10213.5000,304,33.59703947
1999-09-30,10337,10337.0000,299.2,34.54879679
1999-10-01,10273,10273.0000,305.5,33.62684124
1999-10-04,10401.2,10401.2000,318.8,32.62609787
1999-10-05,10400.6,10400.6000,325.5,31.95268817
1999-10-06,10588.3,10588.3000,325.5,32.52933948
1999-10-07,10537.1,10537.1000,323.8,32.54200124
1999-10-08,10649.8,10649.8000,321.2,33.15628892
1999-10-11,10648.2,10648.2000,319.8,33.29643527
1999-10-12,10417.1,10417.1000,317.7,32.78910922
1999-10-13,10232.2,10232.2000,321.3,31.84624961
1999-10-14,10286.6,10286.6000,312.5,32.91712000
1999-10-15,10019.7,10019.7000,315.4,31.76823082
1999-10-18,10116.3,10116.3000,310.7,32.55970389
1999-10-19,10204.9,10204.9000,308.6,33.06837330
1999-10-20,10392.4,10392.4000,306.3,33.92882795
1999-10-21,10297.7,10297.7000,304.7,33.79619298
1999-10-22,10470.3,10470.3000,302.1,34.65839126
1999-10-25,10349.9,10349.9000,299.7,34.53420087
1999-10-26,10302.1,10302.1000,289.35,35.60428547
1999-10-27,10394.9,10394.9000,293.5,35.41703578
1999-10-28,10622.5,10622.5000,299.45,35.47336784
1999-10-29,10729.9,10729.9000,299.2,35.86196524
1999-11-01,10648.5,10648.5000,290.55,36.64945792
1999-11-02,10581.8,10581.8000,291.45,36.30742838
1999-11-03,10609.1,10609.1000,292.3,36.29524461
1999-11-04,10639.6,10639.6000,292.6,36.36226931
1999-11-05,10704.5,10704.5000,290.55,36.84219584
1999-11-08,10718.8,10718.8000,289.7,36.99965482
1999-11-09,10617.3,10617.3000,292.1,36.34816844
1999-11-10,10597.7,10597.7000,298,35.56275168
1999-11-11,10595.3,10595.3000,294,36.03843537
1999-11-12,10769.3,10769.3000,291.3,36.96979059
1999-11-15,10760.8,10760.8000,291.5,36.91526587
1999-11-16,10932.3,10932.3000,294.6,37.10896130
1999-11-17,10883.1,10883.1000,295.1,36.87936293
1999-11-18,11035.7,11035.7000,294.25,37.50450297
1999-11-19,11003.9,11003.9000,295,37.30135593
1999-11-22,11089.5,11089.5000,295,37.59152542
1999-11-23,10995.6,10995.6000,298.3,36.86087831
1999-11-24,11008.2,11008.2000,298.2,36.91549296
1999-11-26,10988.9,10988.9000,297.12,36.98471998
1999-11-29,10947.9,10947.9000,291.2,37.59581044
1999-11-30,10877.8,10877.8000,290.7,37.41933265
1999-12-01,10998.4,10998.4000,289.7,37.96479116
1999-12-02,11039.1,11039.1000,285,38.73368421
1999-12-03,11286.2,11286.2000,280.1,40.29346662
1999-12-06,11225,11225.0000,276.1,40.65555958
1999-12-07,11106.7,11106.7000,283.25,39.21165049
1999-12-08,11068.1,11068.1000,281.95,39.25554176
1999-12-09,11134.8,11134.8000,278.6,39.96697775
1999-12-10,11224.7,11224.7000,278.95,40.23911095
1999-12-13,11192.6,11192.6000,280.5,39.90231729
1999-12-14,11160.2,11160.2000,280.3,39.81519800
1999-12-15,11225.3,11225.3000,282.75,39.70044209
1999-12-16,11244.9,11244.9000,281.95,39.88260330
1999-12-17,11257.4,11257.4000,283.65,39.68764322
1999-12-20,11144.3,11144.3000,284.15,39.21977829
1999-12-21,11200.5,11200.5000,287.73,38.92711917
1999-12-22,11203.6,11203.6000,286.85,39.05734705
1999-12-23,11405.8,11405.8000,286.95,39.74838822
1999-12-27,11391.1,11391.1000,288,39.55243056
1999-12-28,11476.7,11476.7000,289.8,39.60213941
1999-12-29,11484.7,11484.7000,290.7,39.50705194
1999-12-30,11452.9,11452.9000,288.3,39.72563302
1999-12-31,11497.1,11497.1000,288.25,39.88586297
2000-01-03,11357.5,11357.5000,289,39.29930796
2000-01-04,10997.9,10997.9000,282.38,38.94716340
2000-01-05,11122.7,11122.7000,280.85,39.60370304
2000-01-06,11253.3,11253.3000,281.45,39.98330076
2000-01-07,11522.6,11522.6000,281.75,40.89653949
2000-01-10,11572.2,11572.2000,281.6,41.09446023
2000-01-11,11511.1,11511.1000,283.3,40.63219202
2000-01-12,11551.1,11551.1000,282.55,40.88161387
2000-01-13,11582.4,11582.4000,284.2,40.75439831
2000-01-14,11723,11723.0000,284.2,41.24912034
2000-01-18,11560.7,11560.7000,288.8,40.03012465
2000-01-19,11489.4,11489.4000,289.65,39.66649404
2000-01-20,11351.3,11351.3000,288.45,39.35274744
2000-01-21,11251.7,11251.7000,289.1,38.91975095
2000-01-24,11008.2,11008.2000,287.6,38.27607789
2000-01-25,11029.9,11029.9000,286.12,38.54990913
2000-01-26,11033,11033.0000,286.05,38.57018004
2000-01-27,11028,11028.0000,287.05,38.41839401
2000-01-28,10738.9,10738.9000,283.35,37.89977060
2000-01-31,10940.5,10940.5000,283.5,38.59082892
2000-02-01,11041,11041.0000,282.65,39.06244472
2000-02-02,11003.2,11003.2000,284.95,38.61449377
2000-02-03,11013.4,11013.4000,287.5,38.30747826
2000-02-04,10963.8,10963.8000,311.3,35.21940251
2000-02-07,10905.8,10905.8000,305,35.75672131
2000-02-08,10957.6,10957.6000,299.1,36.63523905
2000-02-09,10699.2,10699.2000,307.2,34.82812500
2000-02-10,10643.6,10643.6000,316.25,33.65565217
2000-02-11,10425.2,10425.2000,310.65,33.55931112
2000-02-14,10519.8,10519.8000,308.2,34.13303050
2000-02-15,10718.1,10718.1000,301.75,35.51980116
2000-02-16,10561.4,10561.4000,302.5,34.91371901
2000-02-17,10514.6,10514.6000,300.75,34.96126351
2000-02-18,10219.5,10219.5000,304.8,33.52854331
2000-02-22,10304.8,10304.8000,305.2,33.76408912
2000-02-23,10225.7,10225.7000,300.3,34.05161505
2000-02-24,10092.6,10092.6000,298.5,33.81105528
2000-02-25,9862.12,9862.1200,292.6,33.70512645
2000-02-28,10038.7,10038.7000,292.2,34.35557837
2000-02-29,10128.3,10128.3000,292.2,34.66221766
2000-03-01,10137.9,10137.9000,289.25,35.04891962
2000-03-02,10164.9,10164.9000,288.2,35.27029840
2000-03-03,10367.2,10367.2000,288.5,35.93483536
2000-03-06,10170.5,10170.5000,287.9,35.32650226
2000-03-07,9796.03,9796.0300,293.2,33.41074352
2000-03-08,9856.53,9856.5300,288.5,34.16474870
2000-03-09,10010.7,10010.7000,291.2,34.37740385
2000-03-10,9928.82,9928.8200,289,34.35577855
2000-03-13,9947.13,9947.1300,290.4,34.25320248
2000-03-14,9811.24,9811.2400,288.9,33.96067844
2000-03-15,10131.4,10131.4000,289,35.05674740
2000-03-16,10630.6,10630.6000,286.5,37.10506108
2000-03-17,10595.2,10595.2000,284.6,37.22839072
2000-03-20,10680.2,10680.2000,285.9,37.35641833
2000-03-21,10907.3,10907.3000,289.7,37.65032793
2000-03-22,10866.7,10866.7000,288,37.73159722
2000-03-23,11119.9,11119.9000,285.6,38.93522409
2000-03-24,11112.7,11112.7000,285,38.99192982
2000-03-27,11025.8,11025.8000,280.3,39.33571174
2000-03-28,10936.1,10936.1000,280,39.05750000
2000-03-29,11018.7,11018.7000,276.4,39.86505065
2000-03-30,10980.2,10980.2000,276.65,39.68986083
2000-03-31,10921.9,10921.9000,278.9,39.16063105
2000-04-03,11221.9,11221.9000,278.2,40.33752696
2000-04-04,11164.8,11164.8000,283.9,39.32652342
2000-04-05,11033.9,11033.9000,281.5,39.19680284
2000-04-06,11114.3,11114.3000,280.5,39.62317291
2000-04-07,11111.5,11111.5000,280.2,39.65560314
2000-04-10,11186.6,11186.6000,282,39.66879433
2000-04-11,11287.1,11287.1000,281.6,40.08203125
2000-04-12,11125.1,11125.1000,282.2,39.42274982
2000-04-13,10923.5,10923.5000,281.9,38.74955658
2000-04-14,10305.8,10305.8000,282.6,36.46779901
2000-04-17,10582.5,10582.5000,281.6,37.57990057
2000-04-18,10767.4,10767.4000,281.3,38.27728404
2000-04-19,10675,10675.0000,280.7,38.02992519
2000-04-20,10844,10844.0000,279.8,38.75625447
2000-04-24,10906.1,10906.1000,279.8,38.97819871
2000-04-25,11124.8,11124.8000,278.4,39.95977011
2000-04-26,10945.5,10945.5000,275.7,39.70076170
2000-04-27,10888.1,10888.1000,277.05,39.30012633
2000-04-28,10733.9,10733.9000,273.35,39.26797147
2000-05-01,10811.8,10811.8000,273.65,39.50959255
2000-05-02,10731.1,10731.1000,274.95,39.02927805
2000-05-03,10480.1,10480.1000,278.25,37.66433064
2000-05-04,10412.5,10412.5000,279.95,37.19414181
2000-05-05,10577.9,10577.9000,278.95,37.92041585
2000-05-08,10603.6,10603.6000,276.55,38.34243356
2000-05-09,10536.8,10536.8000,277.25,38.00468891
2000-05-10,10367.8,10367.8000,277.75,37.32781278
2000-05-11,10546,10546.0000,276.15,38.18938982
2000-05-12,10609.4,10609.4000,276.15,38.41897519
2000-05-15,10807.8,10807.8000,275.45,39.23688510
2000-05-16,10934.6,10934.6000,275.65,39.66842010
2000-05-17,10769.7,10769.7000,273.05,39.44222670
2000-05-18,10777.3,10777.3000,273.35,39.42674227
2000-05-19,10626.8,10626.8000,274.25,38.74858706
2000-05-22,10542.5,10542.5000,275.8,38.22516316
2000-05-23,10422.3,10422.3000,274.35,37.98906506
2000-05-24,10535.3,10535.3000,273.5,38.52029250
2000-05-25,10323.9,10323.9000,270.3,38.19422863
2000-05-26,10299.2,10299.2000,272.4,37.80910426
2000-05-30,10527.1,10527.1000,273.2,38.53257687
2000-05-31,10522.3,10522.3000,272.1,38.67070930
2000-06-01,10652.2,10652.2000,272.8,39.04765396
2000-06-02,10794.8,10794.8000,281.15,38.39516272
2000-06-05,10815.3,10815.3000,285.45,37.88859695
2000-06-06,10735.6,10735.6000,289.5,37.08324698
2000-06-07,10812.9,10812.9000,287.3,37.63626871
2000-06-08,10668.7,10668.7000,284.45,37.50641589
2000-06-09,10614.1,10614.1000,283.85,37.39334155
2000-06-12,10564.2,10564.2000,286.75,36.84115083
2000-06-13,10621.8,10621.8000,285.75,37.17165354
2000-06-14,10688,10688.0000,291.75,36.63410454
2000-06-15,10714.8,10714.8000,289.85,36.96670692
2000-06-16,10449.3,10449.3000,289.25,36.12549697
2000-06-19,10557.8,10557.8000,286.25,36.88314410
2000-06-20,10435.2,10435.2000,286.15,36.46758693
2000-06-21,10497.7,10497.7000,286.15,36.68600384
2000-06-22,10376.1,10376.1000,285.65,36.32452302
2000-06-23,10404.8,10404.8000,283.15,36.74660074
2000-06-26,10543,10543.0000,283.95,37.12977637
2000-06-27,10504.5,10504.5000,286.15,36.70976760
2000-06-28,10527.8,10527.8000,292.8,35.95560109
2000-06-29,10399.1,10399.1000,289.15,35.96437835
2000-06-30,10447.9,10447.9000,290.1,36.01482248
2000-07-03,10560.7,10560.7000,287.85,36.68820566
2000-07-05,10483.6,10483.6000,284.15,36.89459792
2000-07-06,10481.5,10481.5000,283.55,36.96526186
2000-07-07,10636,10636.0000,283.65,37.49691521
2000-07-10,10646.6,10646.6000,284.05,37.48142933
2000-07-11,10727.2,10727.2000,282.55,37.96566979
2000-07-12,10783.8,10783.8000,280.65,38.42437199
2000-07-13,10788.7,10788.7000,280.25,38.49669938
2000-07-14,10812.8,10812.8000,281.4,38.42501777
2000-07-17,10804.3,10804.3000,283.55,38.10368542
2000-07-18,10739.9,10739.9000,282.65,37.99716964
2000-07-19,10696.1,10696.1000,279.15,38.31667562
2000-07-20,10843.9,10843.9000,280.25,38.69366637
2000-07-21,10733.6,10733.6000,280.35,38.28642768
2000-07-24,10685.1,10685.1000,279.25,38.26356312
2000-07-25,10700,10700.0000,279.15,38.33064661
2000-07-26,10516.5,10516.5000,279.75,37.59249330
2000-07-27,10586.1,10586.1000,278.55,38.00430802
2000-07-28,10511.2,10511.2000,278.4,37.75574713
2000-07-31,10522,10522.0000,277.25,37.95130748
2000-08-01,10607,10607.0000,277.35,38.24409591
2000-08-02,10687.5,10687.5000,277.55,38.50657539
2000-08-03,10706.2,10706.2000,273.95,39.08085417
2000-08-04,10767.8,10767.8000,273.25,39.40640439
2000-08-07,10867,10867.0000,273.75,39.69680365
2000-08-08,10976.9,10976.9000,273.05,40.20106208
2000-08-09,10905.8,10905.8000,272.55,40.01394240
2000-08-10,10908.8,10908.8000,272.75,39.99560037
2000-08-11,11027.8,11027.8000,275.15,40.07922951
2000-08-14,11176.1,11176.1000,274.75,40.67734304
2000-08-15,11067,11067.0000,274.65,40.29492081
2000-08-16,11008.4,11008.4000,277.2,39.71284271
2000-08-17,11055.6,11055.6000,277.65,39.81847650
2000-08-18,11046.5,11046.5000,276.65,39.92951383
2000-08-21,11079.8,11079.8000,275.2,40.26090116
2000-08-22,11139.2,11139.2000,273.75,40.69114155
2000-08-23,11144.7,11144.7000,271.25,41.08645161
2000-08-24,11182.7,11182.7000,272.95,40.96977468
2000-08-25,11192.6,11192.6000,274.25,40.81166819
2000-08-28,11252.8,11252.8000,274.25,41.03117593
2000-08-29,11215.1,11215.1000,273.25,41.04336688
2000-08-30,11103,11103.0000,274.15,40.49972643
2000-08-31,11215.1,11215.1000,277.85,40.36386539
2000-09-01,11238.8,11238.8000,276.75,40.60993677
2000-09-05,11260.6,11260.6000,275.6,40.85849057
2000-09-06,11310.6,11310.6000,274.65,41.18186783
2000-09-07,11259.9,11259.9000,273.85,41.11703487
2000-09-08,11220.7,11220.7000,273.05,41.09393884
2000-09-11,11195.5,11195.5000,273.15,40.98663738
2000-09-12,11233.2,11233.2000,273.05,41.13971800
2000-09-13,11182.2,11182.2000,272.75,40.99798350
2000-09-14,11087.5,11087.5000,272.45,40.69554047
2000-09-15,10927,10927.0000,272.55,40.09172629
2000-09-18,10808.5,10808.5000,271.8,39.76637233
2000-09-19,10789.3,10789.3000,272.15,39.64468124
2000-09-20,10687.9,10687.9000,269.45,39.66561514
2000-09-21,10765.5,10765.5000,270.65,39.77646407
2000-09-22,10847.4,10847.4000,272.15,39.85816645
2000-09-25,10808.2,10808.2000,274.35,39.39566247
2000-09-26,10631.3,10631.3000,274.35,38.75086568
2000-09-27,10628.4,10628.4000,278.7,38.13562971
2000-09-28,10824.1,10824.1000,274.85,39.38184464
2000-09-29,10650.9,10650.9000,274.25,38.83646308
2000-10-02,10700.1,10700.1000,273.55,39.11570097
2000-10-03,10719.7,10719.7000,272.25,39.37447199
2000-10-04,10784.5,10784.5000,270.85,39.81724202
2000-10-05,10724.9,10724.9000,269.25,39.83249768
2000-10-06,10596.5,10596.5000,269.65,39.29723716
2000-10-09,10568.4,10568.4000,270.65,39.04821725
2000-10-10,10524.4,10524.4000,272.75,38.58625115
2000-10-11,10413.8,10413.8000,270.95,38.43439749
2000-10-12,10034.6,10034.6000,276.55,36.28493943
2000-10-13,10192.2,10192.2000,272.65,37.38199156
2000-10-16,10238.8,10238.8000,272.05,37.63572873
2000-10-17,10089.7,10089.7000,271.3,37.19019536
2000-10-18,9975.02,9975.0200,270.75,36.84217913
2000-10-19,10143,10143.0000,270.85,37.44877238
2000-10-20,10226.6,10226.6000,271.55,37.66009943
2000-10-23,10271.7,10271.7000,270.35,37.99408175
2000-10-24,10393.1,10393.1000,270.15,38.47158986
2000-10-25,10326.5,10326.5000,266.75,38.71227741
2000-10-26,10380.1,10380.1000,265.35,39.11852271
2000-10-27,10590.6,10590.6000,265.35,39.91181458
2000-10-30,10835.8,10835.8000,264.35,40.99035370
2000-10-31,10971.1,10971.1000,264.6,41.46296296
2000-11-01,10899.5,10899.5000,264.8,41.16125378
2000-11-02,10880.5,10880.5000,264.75,41.09726157
2000-11-03,10818,10818.0000,265.2,40.79185520
2000-11-06,10977.2,10977.2000,264.95,41.43121344
2000-11-07,10952.2,10952.2000,264.5,41.40718336
2000-11-08,10907.1,10907.1000,265.05,41.15110357
2000-11-09,10834.2,10834.2000,265.95,40.73773266
2000-11-10,10603,10603.0000,264.75,40.04910293
2000-11-13,10517.2,10517.2000,264.45,39.77008886
2000-11-14,10681.1,10681.1000,264.55,40.37459837
2000-11-15,10707.6,10707.6000,264.95,40.41366296
2000-11-16,10656,10656.0000,266.35,40.00750892
2000-11-17,10629.9,10629.9000,265.8,39.99209932
2000-11-20,10462.7,10462.7000,266.4,39.27439940
2000-11-21,10494.5,10494.5000,265.85,39.47526801
2000-11-22,10399.3,10399.3000,266.65,38.99981249
2000-11-24,10470.2,10470.2000,265.95,39.36905433
2000-11-27,10546.1,10546.1000,270,39.05962963
2000-11-28,10507.6,10507.6000,269.6,38.97477745
2000-11-29,10629.1,10629.1000,266.95,39.81681963
2000-11-30,10414.5,10414.5000,270.45,38.50804215
2000-12-01,10373.5,10373.5000,269.8,38.44885100
2000-12-04,10560.1,10560.1000,270.5,39.03918669
2000-12-05,10898.7,10898.7000,270.6,40.27605322
2000-12-06,10664.4,10664.4000,274.75,38.81492266
2000-12-07,10617.4,10617.4000,273.75,38.78502283
2000-12-08,10712.9,10712.9000,272.75,39.27736022
2000-12-11,10725.8,10725.8000,270.55,39.64442802
2000-12-12,10768.3,10768.3000,271.35,39.68417173
2000-12-13,10794.4,10794.4000,269.35,40.07573789
2000-12-14,10675,10675.0000,269.85,39.55901427
2000-12-15,10435,10435.0000,270.95,38.51264071
2000-12-18,10645.4,10645.4000,270.15,39.40551545
2000-12-19,10584.4,10584.4000,270.25,39.16521739
2000-12-20,10318.9,10318.9000,273.45,37.73596636
2000-12-21,10487.3,10487.3000,274.15,38.25387562
2000-12-22,10635.6,10635.6000,273.95,38.82314291
2000-12-26,10692.4,10692.4000,274.45,38.95937329
2000-12-27,10803.2,10803.2000,275.5,39.21306715
2000-12-28,10868.8,10868.8000,272.25,39.92213039
2000-12-29,10786.8,10786.8000,272.25,39.62093664
2001-01-02,10646.2,10646.2000,269.05,39.56959673
2001-01-03,10945.8,10945.8000,267.95,40.85015861
2001-01-04,10912.4,10912.4000,267.55,40.78639507
2001-01-05,10662,10662.0000,268.15,39.76132762
2001-01-08,10621.3,10621.3000,268.35,39.58002609
2001-01-09,10572.5,10572.5000,267.75,39.48646125
2001-01-10,10604.3,10604.3000,264.95,40.02377807
2001-01-11,10609.5,10609.5000,264.4,40.12670197
2001-01-12,10525.4,10525.4000,264.32,39.82067191
2001-01-16,10652.7,10652.7000,263.75,40.38938389
2001-01-17,10584.3,10584.3000,263.8,40.12244124
2001-01-18,10678.3,10678.3000,265.05,40.28787021
2001-01-19,10587.6,10587.6000,264.75,39.99093484
2001-01-22,10578.2,10578.2000,267,39.61872659
2001-01-23,10649.8,10649.8000,266.75,39.92427366
2001-01-24,10647,10647.0000,264.75,40.21529745
2001-01-25,10729.5,10729.5000,264.95,40.49632006
2001-01-26,10660,10660.0000,263.05,40.52461509
2001-01-29,10702.2,10702.2000,263.05,40.68504087
2001-01-30,10881.2,10881.2000,265.85,40.92984766
2001-01-31,10887.4,10887.4000,266.05,40.92238301
2001-02-01,10983.6,10983.6000,268.55,40.89964625
2001-02-02,10864.1,10864.1000,267.55,40.60586806
2001-02-05,10965.8,10965.8000,265.25,41.34137606
2001-02-06,10957.4,10957.4000,263.75,41.54464455
2001-02-07,10946.7,10946.7000,263.35,41.56711601
2001-02-08,10880.5,10880.5000,260.85,41.71171171
2001-02-09,10781.5,10781.5000,260.65,41.36389795
2001-02-12,10946.8,10946.8000,261.45,41.86957353
2001-02-13,10903.3,10903.3000,261.45,41.70319373
2001-02-14,10795.4,10795.4000,259.85,41.54473735
2001-02-15,10891,10891.0000,255.85,42.56791089
2001-02-16,10799.8,10799.8000,258.95,41.70612087
2001-02-20,10730.9,10730.9000,256.65,41.81141633
2001-02-21,10526.6,10526.6000,258.65,40.69824087
2001-02-22,10526.8,10526.8000,259.05,40.63617062
2001-02-23,10441.9,10441.9000,261.55,39.92315045
2001-02-26,10642.5,10642.5000,266.55,39.92684299
2001-02-27,10636.9,10636.9000,267.75,39.72698413
2001-02-28,10495.3,10495.3000,267.15,39.28616882
2001-03-01,10450.1,10450.1000,265.65,39.33785056
2001-03-02,10466.3,10466.3000,262.85,39.81852768
2001-03-05,10562.3,10562.3000,263.05,40.15320281
2001-03-06,10591.2,10591.2000,260.75,40.61821668
2001-03-07,10729.6,10729.6000,262.45,40.88245380
2001-03-08,10858.2,10858.2000,267.05,40.65980154
2001-03-09,10644.6,10644.6000,272.38,39.07996182
2001-03-12,10208.2,10208.2000,272.55,37.45441203
2001-03-13,10290.8,10290.8000,268.15,38.37702778
2001-03-14,9973.46,9973.4600,263.15,37.90028501
2001-03-15,10031.3,10031.3000,260.65,38.48570880
2001-03-16,9823.41,9823.4100,258.75,37.96486957
2001-03-19,9959.11,9959.1100,260.85,38.17945179
2001-03-20,9720.76,9720.7600,261.55,37.16597209
2001-03-21,9487,9487.0000,263.05,36.06538681
2001-03-22,9389.48,9389.4800,262.05,35.83087197
2001-03-23,9504.78,9504.7800,262.45,36.21558392
2001-03-26,9687.53,9687.5300,262.65,36.88379973
2001-03-27,9947.54,9947.5400,261.55,38.03303384
2001-03-28,9785.35,9785.3500,260.05,37.62872525
2001-03-29,9799.06,9799.0600,258.95,37.84151381
2001-03-30,9878.78,9878.7800,257.95,38.29726691
2001-04-02,9777.93,9777.9300,255.55,38.26229701
2001-04-03,9485.71,9485.7100,257.25,36.87350826
2001-04-04,9515.42,9515.4200,258.45,36.81725672
2001-04-05,9918.05,9918.0500,258.55,38.36027848
2001-04-06,9791.09,9791.0900,260.05,37.65079792
2001-04-09,9845.15,9845.1500,258.55,38.07832141
2001-04-10,10102.7,10102.7000,257.5,39.23378641
2001-04-11,10013.5,10013.5000,258.8,38.69204019
2001-04-12,10126.9,10126.9000,260.15,38.92715741
2001-04-16,10158.6,10158.6000,263.35,38.57452060
2001-04-17,10216.7,10216.7000,261.05,39.13694695
2001-04-18,10615.8,10615.8000,261.25,40.63464115
2001-04-19,10693.7,10693.7000,265.45,40.28517612
2001-04-20,10579.8,10579.8000,264.65,39.97657283
2001-04-23,10532.2,10532.2000,263.45,39.97798444
2001-04-24,10454.3,10454.3000,264.15,39.57713420
2001-04-25,10625.2,10625.2000,262.25,40.51553861
2001-04-26,10692.3,10692.3000,264.15,40.47813742
2001-04-27,10810,10810.0000,263.65,41.00132752
2001-04-30,10735,10735.0000,264.05,40.65517894
2001-05-01,10898.3,10898.3000,264.55,41.19561520
2001-05-02,10876.7,10876.7000,265.5,40.96685499
2001-05-03,10796.7,10796.7000,266.25,40.55098592
2001-05-04,10951.2,10951.2000,266.15,41.14672177
2001-05-07,10935.2,10935.2000,266.25,41.07117371
2001-05-08,10883.5,10883.5000,265.25,41.03110273
2001-05-09,10867,10867.0000,270.05,40.24069617
2001-05-10,10910.4,10910.4000,269.25,40.52144847
2001-05-11,10821.3,10821.3000,268.05,40.37045327
2001-05-14,10877.3,10877.3000,268.4,40.52645306
2001-05-15,10873,10873.0000,268.45,40.50288694
2001-05-16,11215.9,11215.9000,272.05,41.22734791
2001-05-17,11248.6,11248.6000,273.75,41.09077626
2001-05-18,11301.7,11301.7000,287.55,39.30342549
2001-05-21,11337.9,11337.9000,285.55,39.70548065
2001-05-22,11257.2,11257.2000,285.15,39.47816938
2001-05-23,11105.5,11105.5000,283.75,39.13832599
2001-05-24,11122.4,11122.4000,279.15,39.84381157
2001-05-25,11005.4,11005.4000,277.65,39.63767333
2001-05-29,11039.1,11039.1000,273.85,40.31075406
2001-05-30,10872.6,10872.6000,266.05,40.86675437
2001-05-31,10911.9,10911.9000,265.85,41.04532631
2001-06-01,10990.4,10990.4000,267.05,41.15483992
2001-06-04,11061.5,11061.5000,265.75,41.62370649
2001-06-05,11175.8,11175.8000,266.25,41.97483568
2001-06-06,11070.2,11070.2000,266.25,41.57821596
2001-06-07,11090.7,11090.7000,266.55,41.60832864
2001-06-08,10977,10977.0000,273.75,40.09863014
2001-06-11,10922.1,10922.1000,268.15,40.73130710
2001-06-12,10948.4,10948.4000,271.75,40.28850046
2001-06-13,10871.6,10871.6000,272.6,39.88114453
2001-06-14,10690.1,10690.1000,275.75,38.76736174
2001-06-15,10623.6,10623.6000,271.55,39.12207697
2001-06-18,10645.4,10645.4000,272.75,39.02988084
2001-06-19,10596.7,10596.7000,273.65,38.72355198
2001-06-20,10647.3,10647.3000,272.75,39.03684693
2001-06-21,10715.4,10715.4000,272.95,39.25773951
2001-06-22,10604.6,10604.6000,272.65,38.89455346
2001-06-25,10504.2,10504.2000,273.95,38.34349334
2001-06-26,10472.5,10472.5000,276.15,37.92323013
2001-06-27,10434.8,10434.8000,272.35,38.31393428
2001-06-28,10566.2,10566.2000,269.25,39.24308264
2001-06-29,10502.4,10502.4000,270.85,38.77570611
2001-07-02,10593.7,10593.7000,269.55,39.30142831
2001-07-03,10571.1,10571.1000,267.75,39.48123249
2001-07-05,10479.9,10479.9000,265.35,39.49462973
2001-07-06,10252.7,10252.7000,266.25,38.50779343
2001-07-09,10299.4,10299.4000,266.65,38.62516407
2001-07-10,10175.6,10175.6000,266.35,38.20386709
2001-07-11,10241,10241.0000,268.45,38.14863103
2001-07-12,10479,10479.0000,266.85,39.26925239
2001-07-13,10539.1,10539.1000,267.35,39.42060969
2001-07-16,10472.1,10472.1000,267.15,39.19932622
2001-07-17,10606.4,10606.4000,268.35,39.52450158
2001-07-18,10569.8,10569.8000,270.75,39.03896584
2001-07-19,10610,10610.0000,269.25,39.40575673
2001-07-20,10576.7,10576.7000,270.05,39.16571005
2001-07-23,10424.4,10424.4000,268.85,38.77403757
2001-07-24,10241.1,10241.1000,269.75,37.96515292
2001-07-25,10405.7,10405.7000,267.95,38.83448405
2001-07-26,10455.6,10455.6000,266.45,39.24038281
2001-07-27,10416.7,10416.7000,267.55,38.93365726
2001-07-30,10401.7,10401.7000,265.25,39.21470311
2001-07-31,10522.8,10522.8000,266.65,39.46296644
2001-08-01,10510,10510.0000,267.55,39.28237713
2001-08-02,10551.2,10551.2000,268.05,39.36280545
2001-08-03,10512.8,10512.8000,268.55,39.14652765
2001-08-06,10401.3,10401.3000,267.75,38.84705882
2001-08-07,10458.7,10458.7000,267.65,39.07603213
2001-08-08,10293.5,10293.5000,268.35,38.35848705
2001-08-09,10298.6,10298.6000,274.15,37.56556630
2001-08-10,10416.2,10416.2000,274.55,37.93917319
2001-08-13,10415.9,10415.9000,275.95,37.74560609
2001-08-14,10412.2,10412.2000,276.75,37.62312556
2001-08-15,10346,10346.0000,275.85,37.50589088
2001-08-16,10392.5,10392.5000,275.35,37.74287271
2001-08-17,10240.8,10240.8000,279.25,36.67251567
2001-08-20,10320.1,10320.1000,276.05,37.38489404
2001-08-21,10174.1,10174.1000,275.05,36.99000182
2001-08-22,10276.9,10276.9000,274.45,37.44543633
2001-08-23,10229.2,10229.2000,275.35,37.14980933
2001-08-24,10423.2,10423.2000,272.85,38.20120946
2001-08-27,10382.3,10382.3000,272.85,38.05131024
2001-08-28,10222,10222.0000,272.25,37.54637282
2001-08-29,10090.9,10090.9000,273.65,36.87520555
2001-08-30,9919.58,9919.5800,275.3,36.03189248
2001-08-31,9949.75,9949.7500,274.45,36.25341592
2001-09-04,9997.49,9997.4900,272.15,36.73521955
2001-09-05,10033.3,10033.3000,272.05,36.88035288
2001-09-06,9840.84,9840.8400,272.9,36.06024185
2001-09-07,9605.85,9605.8500,273.15,35.16694124
2001-09-10,9605.51,9605.5100,271.75,35.34686293
2001-09-17,8920.7,8920.7000,290,30.76103448
2001-09-18,8903.4,8903.4000,287.75,30.94144222
2001-09-19,8759.13,8759.1300,290.5,30.15191050
2001-09-20,8376.21,8376.2100,288.65,29.01856920
2001-09-21,8235.81,8235.8100,291.45,28.25805455
2001-09-24,8603.86,8603.8600,289.25,29.74541054
2001-09-25,8659.97,8659.9700,289.75,29.88773080
2001-09-26,8567.39,8567.3900,293.05,29.23524996
2001-09-27,8681.42,8681.4200,291.95,29.73598219
2001-09-28,8847.56,8847.5600,293.2,30.17585266
2001-10-01,8836.83,8836.8300,291.7,30.29424066
2001-10-02,8950.59,8950.5900,289.45,30.92275004
2001-10-03,9123.78,9123.7800,289.45,31.52109173
2001-10-04,9060.88,9060.8800,289.85,31.26058306
2001-10-05,9119.77,9119.7700,290.95,31.34480151
2001-10-08,9067.94,9067.9400,291.9,31.06522782
2001-10-09,9052.44,9052.4400,288,31.43208333
2001-10-10,9240.86,9240.8600,284.85,32.44114446
2001-10-11,9410.45,9410.4500,281.25,33.45937778
2001-10-12,9344.16,9344.1600,284.45,32.84992090
2001-10-15,9347.62,9347.6200,281.45,33.21236454
2001-10-16,9384.23,9384.2300,281.35,33.35429181
2001-10-17,9232.97,9232.9700,282.45,32.68886529
2001-10-18,9163.22,9163.2200,279.45,32.79019503
2001-10-19,9204.11,9204.1100,279.65,32.91296263
2001-10-22,9377.03,9377.0300,275.55,34.03023045
2001-10-23,9340.08,9340.0800,275.95,33.84700127
2001-10-24,9345.62,9345.6200,275.35,33.94087525
2001-10-25,9462.9,9462.9000,277.25,34.13128945
2001-10-26,9545.17,9545.1700,277.35,34.41561204
2001-10-29,9269.5,9269.5000,278.85,33.24188632
2001-10-30,9121.98,9121.9800,280.75,32.49146928
2001-10-31,9075.14,9075.1400,279.5,32.46919499
2001-11-01,9263.9,9263.9000,279.65,33.12676560
2001-11-02,9323.54,9323.5400,279.95,33.30430434
2001-11-05,9441.03,9441.0300,279.05,33.83275399
2001-11-06,9591.12,9591.1200,280.65,34.17466595
2001-11-07,9554.37,9554.3700,280.75,34.03159394
2001-11-08,9587.52,9587.5200,277.05,34.60573904
2001-11-09,9608,9608.0000,277.45,34.62966300
2001-11-12,9554.37,9554.3700,278.67,34.28560663
2001-11-13,9750.95,9750.9500,277.55,35.13222843
2001-11-14,9823.61,9823.6100,277.75,35.36853285
2001-11-15,9872.39,9872.3900,275.35,35.85396768
2001-11-16,9866.99,9866.9900,274.85,35.89954521
2001-11-19,9976.46,9976.4600,272.75,36.57730522
2001-11-20,9901.38,9901.3800,273.25,36.23560842
2001-11-21,9834.68,9834.6800,273.15,36.00468607
2001-11-23,9959.71,9959.7100,272.9,36.49582265
2001-11-26,9982.75,9982.7500,272.95,36.57354827
2001-11-27,9872.6,9872.6000,273.75,36.06429224
2001-11-28,9711.86,9711.8600,274.55,35.37373885
2001-11-29,9829.42,9829.4200,274,35.87379562
2001-11-30,9851.56,9851.5600,274.4,35.90218659
2001-12-03,9763.96,9763.9600,277.35,35.20447089
2001-12-04,9893.84,9893.8400,275.75,35.87974615
2001-12-05,10114.3,10114.3000,274.45,36.85297868
2001-12-06,10099.1,10099.1000,274.55,36.78419231
2001-12-07,10049.5,10049.5000,274.55,36.60353305
2001-12-10,9921.45,9921.4500,272.75,36.37561870
2001-12-11,9888.37,9888.3700,272.85,36.24104819
2001-12-12,9894.81,9894.8100,274.55,36.04010199
2001-12-13,9766.45,9766.4500,274.5,35.57905282
2001-12-14,9811.15,9811.1500,278.45,35.23487161
2001-12-17,9891.97,9891.9700,278.35,35.53788396
2001-12-18,9998.39,9998.3900,280.45,35.65123908
2001-12-19,10070.5,10070.5000,276.15,36.46749955
2001-12-20,9985.18,9985.1800,276.35,36.13236837
2001-12-21,10035.3,10035.3000,278.15,36.07873450
2001-12-24,10035.3,10035.3000,278.05,36.09171012
2001-12-26,10088.1,10088.1000,279.25,36.12569382
2001-12-27,10131.3,10131.3000,277.05,36.56848944
2001-12-28,10137,10137.0000,276.55,36.65521605
2001-12-31,10021.5,10021.5000,278.95,35.92579315
2002-01-02,10073.4,10073.4000,278.75,36.13775785
2002-01-03,10172.1,10172.1000,278.45,36.53115461
2002-01-04,10259.7,10259.7000,278.95,36.77970963
2002-01-07,10197,10197.0000,278.75,36.58116592
2002-01-08,10150.5,10150.5000,279.05,36.37520158
2002-01-09,10094.1,10094.1000,283.75,35.57392070
2002-01-10,10067.9,10067.9000,286.4,35.15328212
2002-01-11,9987.53,9987.5300,287.55,34.73319423
2002-01-14,9891.42,9891.4200,285.15,34.68847975
2002-01-15,9924.15,9924.1500,284.65,34.86439487
2002-01-16,9712.27,9712.2700,287.55,33.77593462
2002-01-17,9850.04,9850.0400,284.05,34.67713431
2002-01-18,9771.85,9771.8500,283.55,34.46252865
2002-01-22,9713.8,9713.8000,281.85,34.46443144
2002-01-23,9730.96,9730.9600,279.25,34.84676813
2002-01-24,9796.07,9796.0700,278.85,35.13024924
2002-01-25,9840.08,9840.0800,279.45,35.21230989
2002-01-28,9865.75,9865.7500,278.75,35.39282511
2002-01-29,9618.24,9618.2400,281.95,34.11328250
2002-01-30,9762.86,9762.8600,281.95,34.62621032
2002-01-31,9920,9920.0000,282.95,35.05919774
2002-02-01,9907.26,9907.2600,286.25,34.61051528
2002-02-04,9687.09,9687.0900,289.65,33.44412222
2002-02-05,9685.43,9685.4300,297.55,32.55059654
2002-02-06,9653.39,9653.3900,296.75,32.53037911
2002-02-07,9625.44,9625.4400,301.05,31.97289487
2002-02-08,9744.24,9744.2400,303.75,32.07980247
2002-02-11,9884.78,9884.7800,299.75,32.97674729
2002-02-12,9863.74,9863.7400,300.25,32.85175687
2002-02-13,9989.67,9989.6700,299.5,33.35449082
2002-02-14,10002,10002.0000,299.95,33.34555759
2002-02-15,9903.04,9903.0400,297.85,33.24841363
2002-02-19,9745.14,9745.1400,293.1,33.24851586
2002-02-20,9941.17,9941.1700,291.45,34.10934980
2002-02-21,9834.68,9834.6800,292.75,33.59412468
2002-02-22,9968.15,9968.1500,292.75,34.05004270
2002-02-25,10145.7,10145.7000,292.55,34.68022560
2002-02-26,10115.3,10115.3000,297.75,33.97246012
2002-02-27,10127.6,10127.6000,296.6,34.14565071
2002-02-28,10106.1,10106.1000,296.55,34.07890744
2002-03-01,10368.9,10368.9000,298.15,34.77746101
2002-03-04,10586.8,10586.8000,296.85,35.66380327
2002-03-05,10433.4,10433.4000,293.95,35.49379146
2002-03-06,10574.3,10574.3000,293.5,36.02827939
2002-03-07,10525.4,10525.4000,289.55,36.35088931
2002-03-08,10572.5,10572.5000,289.75,36.48835203
2002-03-11,10611.2,10611.2000,290.7,36.50223598
2002-03-12,10632.3,10632.3000,293.85,36.18274630
2002-03-13,10501.8,10501.8000,293.35,35.79955684
2002-03-14,10517.1,10517.1000,291.25,36.11021459
2002-03-15,10607.2,10607.2000,290.05,36.57024651
2002-03-18,10577.8,10577.8000,292.55,36.15723808
2002-03-19,10635.2,10635.2000,293.2,36.27285130
2002-03-20,10501.6,10501.6000,292.45,35.90904428
2002-03-21,10479.8,10479.8000,293.15,35.74893399
2002-03-22,10427.7,10427.7000,297.75,35.02166247
2002-03-25,10281.7,10281.7000,298.35,34.46187364
2002-03-26,10353.4,10353.4000,296.75,34.88930076
2002-03-27,10426.9,10426.9000,302.25,34.49760132
2002-03-28,10403.9,10403.9000,302.65,34.37601189
2002-04-01,10362.7,10362.7000,303.35,34.16087028
2002-04-02,10313.7,10313.7000,305.85,33.72143207
2002-04-03,10198.3,10198.3000,302.55,33.70781689
2002-04-04,10235.2,10235.2000,301,34.00398671
2002-04-05,10271.6,10271.6000,300.05,34.23296117
2002-04-08,10249.1,10249.1000,300.5,34.10682196
2002-04-09,10208.7,10208.7000,298.55,34.19427232
2002-04-10,10381.7,10381.7000,301.25,34.46207469
2002-04-11,10176.1,10176.1000,302.6,33.62888301
2002-04-12,10190.8,10190.8000,302.15,33.72761873
2002-04-15,10093.7,10093.7000,299.85,33.66249792
2002-04-16,10301.3,10301.3000,299,34.45250836
2002-04-17,10220.8,10220.8000,302.05,33.83810627
2002-04-18,10205.3,10205.3000,303.65,33.60876009
2002-04-19,10257.1,10257.1000,302.35,33.92459071
2002-04-22,10136.4,10136.4000,302.9,33.46450974
2002-04-23,10089.2,10089.2000,303.65,33.22641199
2002-04-24,10030.4,10030.4000,304.05,32.98931097
2002-04-25,10035.1,10035.1000,307.65,32.61856005
2002-04-26,9910.72,9910.7200,311.35,31.83144371
2002-04-29,9819.87,9819.8700,311.05,31.57006912
2002-04-30,9946.22,9946.2200,308.45,32.24580969
2002-05-01,10059.6,10059.6000,308.85,32.57115104
2002-05-02,10091.9,10091.9000,307.85,32.78187429
2002-05-03,10006.6,10006.6000,311.95,32.07757653
2002-05-06,9808.04,9808.0400,312.3,31.40582773
2002-05-07,9836.55,9836.5500,311.55,31.57294174
2002-05-08,10141.8,10141.8000,308.25,32.90121655
2002-05-09,10037.4,10037.4000,309.55,32.42577936
2002-05-10,9939.92,9939.9200,311.05,31.95601993
2002-05-13,10109.7,10109.7000,310.95,32.51230101
2002-05-14,10298.1,10298.1000,307.65,33.47342760
2002-05-15,10243.7,10243.7000,309.05,33.14576929
2002-05-16,10289.2,10289.2000,309.85,33.20703566
2002-05-17,10353.1,10353.1000,311.05,33.28435943
2002-05-20,10229.5,10229.5000,311.75,32.81315156
2002-05-21,10105.7,10105.7000,316.15,31.96489008
2002-05-22,10157.9,10157.9000,317.65,31.97827798
2002-05-23,10216.1,10216.1000,322.05,31.72209284
2002-05-24,10104.3,10104.3000,320.55,31.52175948
2002-05-28,9981.58,9981.5800,324.35,30.77410205
2002-05-29,9923.04,9923.0400,325.05,30.52773419
2002-05-30,9911.69,9911.6900,325.05,30.49281649
2002-05-31,9925.25,9925.2500,326.55,30.39427347
2002-06-03,9709.79,9709.7900,327.15,29.67993275
2002-06-04,9687.84,9687.8400,324.8,29.82709360
2002-06-05,9796.8,9796.8000,321.45,30.47690154
2002-06-06,9624.64,9624.6400,325.65,29.55516659
2002-06-07,9589.67,9589.6700,323.95,29.60231517
2002-06-10,9645.4,9645.4000,319.05,30.23162514
2002-06-11,9517.26,9517.2600,321.05,29.64416758
2002-06-12,9617.71,9617.7100,319.25,30.12595145
2002-06-13,9502.8,9502.8000,318.15,29.86892975
2002-06-14,9474.21,9474.2100,322.1,29.41387768
2002-06-17,9687.42,9687.4200,317.8,30.48275645
2002-06-18,9706.12,9706.1200,318.35,30.48883305
2002-06-19,9561.57,9561.5700,320.65,29.81933572
2002-06-20,9431.77,9431.7700,322.35,29.25940748
2002-06-21,9253.79,9253.7900,322.7,28.67613883
2002-06-24,9281.82,9281.8200,326.4,28.43694853
2002-06-25,9126.82,9126.8200,321.7,28.37059372
2002-06-26,9120.11,9120.1100,324.6,28.09645718
2002-06-27,9269.92,9269.9200,318.45,29.10949914
2002-06-28,9243.26,9243.2600,318.5,29.02122449
2002-07-01,9109.79,9109.7900,312.3,29.16999680
2002-07-02,9007.75,9007.7500,314.45,28.64604866
2002-07-03,9054.97,9054.9700,310.85,29.12970886
2002-07-05,9379.5,9379.5000,311.3,30.13009958
2002-07-08,9274.9,9274.9000,311.7,29.75585499
2002-07-09,9096.09,9096.0900,321.45,28.29706020
2002-07-10,8813.5,8813.5000,314.8,27.99714104
2002-07-11,8801.53,8801.5300,314.15,28.01696642
2002-07-12,8684.53,8684.5300,316.7,27.42194506
2002-07-15,8639.19,8639.1900,319,27.08210031
2002-07-16,8473.11,8473.1100,318.25,26.62406913
2002-07-17,8542.48,8542.4800,316.15,27.02033845
2002-07-18,8409.49,8409.4900,317.65,26.47407524
2002-07-19,8019.26,8019.2600,322.9,24.83511923
2002-07-22,7784.58,7784.5800,324,24.02648148
2002-07-23,7702.34,7702.3400,319.7,24.09239912
2002-07-24,8191.29,8191.2900,311.25,26.31739759
2002-07-25,8186.31,8186.3100,309.45,26.45438682
2002-07-26,8264.39,8264.3900,304.95,27.10080341
2002-07-29,8711.88,8711.8800,303,28.75207921
2002-07-30,8680.03,8680.0300,305.4,28.42184021
2002-07-31,8736.59,8736.5900,304.65,28.67746594
2002-08-01,8506.62,8506.6200,302.25,28.14431762
2002-08-02,8313.13,8313.1300,305.55,27.20710195
2002-08-05,8043.63,8043.6300,309.5,25.98911147
2002-08-06,8274.09,8274.0900,306.75,26.97339853
2002-08-07,8456.15,8456.1500,312.2,27.08568225
2002-08-08,8712.02,8712.0200,312.15,27.90972289
2002-08-09,8745.45,8745.4500,312.95,27.94519891
2002-08-12,8688.89,8688.8900,316.7,27.43571203
2002-08-13,8482.46,8482.4600,313.8,27.03142129
2002-08-14,8743.31,8743.3100,315.65,27.69938223
2002-08-15,8818.14,8818.1400,312.65,28.20450984
2002-08-16,8778.06,8778.0600,314.2,27.93781031
2002-08-19,8990.79,8990.7900,310.1,28.99319574
2002-08-20,8872.07,8872.0700,308,28.80542208
2002-08-21,8957.02,8957.0200,306.55,29.21878976
2002-08-22,9053.64,9053.6400,305.4,29.64518664
2002-08-23,8872.96,8872.9600,305.95,29.00134009
2002-08-26,8919.01,8919.0100,305.95,29.15185488
2002-08-27,8824.41,8824.4100,310.5,28.42000000
2002-08-28,8694.09,8694.0900,311.1,27.94628737
2002-08-29,8670.99,8670.9900,312.1,27.78272989
2002-08-30,8663.5,8663.5000,312.8,27.69661125
2002-09-03,8308.05,8308.0500,313.5,26.50095694
2002-09-04,8425.12,8425.1200,313,26.91731629
2002-09-05,8283.7,8283.7000,317.55,26.08628562
2002-09-06,8427.2,8427.2000,319.25,26.39686766
2002-09-09,8519.38,8519.3800,322.5,26.41668217
2002-09-10,8602.61,8602.6100,319.1,26.95897838
2002-09-11,8581.17,8581.1700,315.5,27.19863708
2002-09-12,8379.41,8379.4100,318.85,26.28010036
2002-09-13,8312.69,8312.6900,318.85,26.07084836
2002-09-16,8380.18,8380.1800,318.8,26.28663739
2002-09-17,8207.55,8207.5500,315.9,25.98148148
2002-09-18,8172.45,8172.4500,318.7,25.64308127
2002-09-19,7942.39,7942.3900,322.25,24.64667184
2002-09-20,7986.02,7986.0200,322.3,24.77821905
2002-09-23,7872.15,7872.1500,322.5,24.40976744
2002-09-24,7683.13,7683.1300,326.3,23.54621514
2002-09-25,7841.82,7841.8200,325.15,24.11754575
2002-09-26,7997.12,7997.1200,319.6,25.02227785
2002-09-27,7701.45,7701.4500,320.05,24.06327136
2002-09-30,7591.93,7591.9300,323.7,23.45359901
2002-10-01,7938.79,7938.7900,321.75,24.67378399
2002-10-02,7755.61,7755.6100,322.2,24.07079454
2002-10-03,7717.19,7717.1900,322.1,23.95898789
2002-10-04,7528.4,7528.4000,320.3,23.50421480
2002-10-07,7422.84,7422.8400,321.75,23.07020979
2002-10-08,7501.49,7501.4900,319,23.51564263
2002-10-09,7286.27,7286.2700,319.35,22.81593863
2002-10-10,7533.95,7533.9500,318.95,23.62110049
2002-10-11,7850.29,7850.2900,316.85,24.77604545
2002-10-14,7877.4,7877.4000,317.75,24.79118804
2002-10-15,8255.68,8255.6800,316.2,26.10904491
2002-10-16,8036.03,8036.0300,314.05,25.58837765
2002-10-17,8275.04,8275.0400,310.75,26.62925181
2002-10-18,8322.4,8322.4000,312.75,26.61039169
2002-10-21,8538.24,8538.2400,312.6,27.31362764
2002-10-22,8450.16,8450.1600,311.65,27.11426279
2002-10-23,8494.27,8494.2700,312.1,27.21650112
2002-10-24,8317.34,8317.3400,311.1,26.73526197
2002-10-25,8443.99,8443.9900,311.75,27.08577386
2002-10-28,8368.04,8368.0400,314.45,26.61167117
2002-10-29,8368.94,8368.9400,317.15,26.38795523
2002-10-30,8427.41,8427.4100,316.55,26.62268204
2002-10-31,8397.03,8397.0300,316.35,26.54348032
2002-11-01,8517.64,8517.6400,319.85,26.63010786
2002-11-04,8571.6,8571.6000,317.55,26.99291450
2002-11-05,8678.27,8678.2700,318.5,27.24731554
2002-11-06,8771.01,8771.0100,317.3,27.64264103
2002-11-07,8586.24,8586.2400,319.25,26.89503524
2002-11-08,8537.13,8537.1300,321.7,26.53755051
2002-11-11,8358.95,8358.9500,320.7,26.06470221
2002-11-12,8386,8386.0000,321.75,26.06371406
2002-11-13,8398.49,8398.4900,324,25.92126543
2002-11-14,8542.13,8542.1300,318.6,26.81145637
2002-11-15,8579.09,8579.0900,318.5,26.93591837
2002-11-18,8486.57,8486.5700,318.75,26.62453333
2002-11-19,8474.78,8474.7800,319.7,26.50853926
2002-11-20,8623.01,8623.0100,318.85,27.04409597
2002-11-21,8845.15,8845.1500,318.4,27.77999372
2002-11-22,8804.84,8804.8400,317.7,27.71432169
2002-11-25,8849.4,8849.4000,317.45,27.87651599
2002-11-26,8676.42,8676.4200,317.5,27.32730709
2002-11-27,8931.68,8931.6800,317.85,28.10029888
2002-11-29,8896.09,8896.0900,319.05,27.88305908
2002-12-02,8862.57,8862.5700,316.45,28.00622531
2002-12-03,8742.93,8742.9300,319.7,27.34729434
2002-12-04,8737.85,8737.8500,322.1,27.12775536
2002-12-05,8623.28,8623.2800,322.45,26.74299891
2002-12-06,8645.77,8645.7700,325.75,26.54112049
2002-12-09,8473.41,8473.4100,325.1,26.06401107
2002-12-10,8574.26,8574.2600,323.1,26.53748066
2002-12-11,8589.14,8589.1400,324.25,26.48925212
2002-12-12,8538.4,8538.4000,326.4,26.15931373
2002-12-13,8433.71,8433.7100,332.2,25.38744732
2002-12-16,8627.4,8627.4000,332.9,25.91589066
2002-12-17,8535.39,8535.3900,339,25.17814159
2002-12-18,8447.35,8447.3500,338,24.99215976
2002-12-19,8364.8,8364.8000,345,24.24579710
2002-12-20,8512.01,8512.0100,341.6,24.91806206
2002-12-23,8493.29,8493.2900,343.95,24.69338567
2002-12-24,8448.11,8448.1100,343.95,24.56202936
2002-12-26,8432.61,8432.6100,343.95,24.51696468
2002-12-27,8303.78,8303.7800,349.3,23.77263098
2002-12-30,8332.85,8332.8500,347.2,24.00014401
2002-12-31,8341.63,8341.6300,342.75,24.33735959
2003-01-02,8607.52,8607.5200,342.2,25.15347750
2003-01-03,8601.69,8601.6900,344.5,24.96862119
2003-01-06,8773.57,8773.5700,351.75,24.94262971
2003-01-07,8740.59,8740.5900,349,25.04467049
2003-01-08,8595.31,8595.3100,349.75,24.57558256
2003-01-09,8776.18,8776.1800,352.4,24.90402951
2003-01-10,8784.89,8784.8900,353,24.88637394
2003-01-13,8785.98,8785.9800,352.55,24.92123103
2003-01-14,8842.62,8842.6200,353.1,25.04282073
2003-01-15,8723.18,8723.1800,351,24.85236467
2003-01-16,8697.87,8697.8700,352.3,24.68881635
2003-01-17,8586.74,8586.7400,357,24.05249300
2003-01-21,8442.9,8442.9000,353.8,23.86348219
2003-01-22,8318.73,8318.7300,358.5,23.20426778
2003-01-23,8369.47,8369.4700,364.7,22.94891692
2003-01-24,8131.01,8131.0100,366,22.21587432
2003-01-27,7989.56,7989.5600,368.5,21.68130258
2003-01-28,8088.84,8088.8400,368.4,21.95667752
2003-01-29,8110.71,8110.7100,370.6,21.88534808
2003-01-30,7945.13,7945.1300,367.6,21.61352013
2003-01-31,8053.81,8053.8100,367.5,21.91512925
2003-02-03,8109.82,8109.8200,369.5,21.94809202
2003-02-04,8013.29,8013.2900,376.55,21.28081264
2003-02-05,7985.18,7985.1800,382.1,20.89814185
2003-02-06,7929.3,7929.3000,375.8,21.09978712
2003-02-07,7864.23,7864.2300,373.25,21.06960482
2003-02-10,7920.11,7920.1100,370.5,21.37681511
2003-02-11,7843.11,7843.1100,364,21.54700549
2003-02-12,7758.17,7758.1700,356.3,21.77426326
2003-02-13,7749.87,7749.8700,352.8,21.96675170
2003-02-14,7908.8,7908.8000,354.25,22.32547636
2003-02-18,8041.15,8041.1500,344,23.37543605
2003-02-19,8000.6,8000.6000,346,23.12312139
2003-02-20,7914.96,7914.9600,351.55,22.51446451
2003-02-21,8018.11,8018.1100,352.3,22.75932444
2003-02-24,7858.24,7858.2400,355.2,22.12342342
2003-02-25,7909.5,7909.5000,357.6,22.11828859
2003-02-26,7806.98,7806.9800,351.9,22.18522307
2003-02-27,7884.99,7884.9900,351.25,22.44837011
2003-02-28,7891.08,7891.0800,347.65,22.69834604
2003-03-03,7837.86,7837.8600,345.5,22.68555716
2003-03-04,7704.87,7704.8700,353.4,21.80212224
2003-03-05,7775.6,7775.6000,353.95,21.96807459
2003-03-06,7673.99,7673.9900,354.7,21.63515647
2003-03-07,7740.03,7740.0300,350.75,22.06708482
2003-03-10,7568.18,7568.1800,354.45,21.35189731
2003-03-11,7524.06,7524.0600,353.15,21.30556421
2003-03-12,7552.07,7552.0700,346.1,21.82048541
2003-03-13,7821.75,7821.7500,334.5,23.38340807
2003-03-14,7859.71,7859.7100,335.5,23.42685544
2003-03-17,8141.92,8141.9200,340.75,23.89411592
2003-03-18,8194.23,8194.2300,338.8,24.18603896
2003-03-19,8265.45,8265.4500,335.8,24.61420488
2003-03-20,8286.6,8286.6000,335.5,24.69925484
2003-03-21,8521.62,8521.6200,333.5,25.55208396
2003-03-24,8214.68,8214.6800,329.45,24.93452724
2003-03-25,8280.23,8280.2300,331.9,24.94796625
2003-03-26,8229.88,8229.8800,329.95,24.94280952
2003-03-27,8201.45,8201.4500,332.75,24.64748310
2003-03-28,8145.77,8145.7700,330.75,24.62817838
2003-03-31,7992.13,7992.1300,334.85,23.86779155
2003-04-01,8069.86,8069.8600,334.35,24.13596531
2003-04-02,8285.06,8285.0600,329.3,25.15961130
2003-04-03,8240.38,8240.3800,323.7,25.45684276
2003-04-04,8277.15,8277.1500,323.8,25.56253860
2003-04-07,8300.41,8300.4100,319.9,25.94688965
2003-04-08,8298.92,8298.9200,323.4,25.66147186
2003-04-09,8197.94,8197.9400,321.35,25.51093823
2003-04-10,8221.33,8221.3300,324.6,25.32757240
2003-04-11,8203.41,8203.4100,324.8,25.25680419
2003-04-14,8351.1,8351.1000,325.95,25.62080074
2003-04-15,8402.36,8402.3600,325.45,25.81766784
2003-04-16,8257.61,8257.6100,324.1,25.47858686
2003-04-17,8337.65,8337.6500,327,25.49740061
2003-04-21,8328.9,8328.9000,327,25.47064220
2003-04-22,8484.99,8484.9900,334.9,25.33589131
2003-04-23,8515.66,8515.6600,333.3,25.54953495
2003-04-24,8440.04,8440.0400,333.7,25.29229847
2003-04-25,8306.35,8306.3500,333.25,24.92528132
2003-04-28,8471.61,8471.6100,332.6,25.47086590
2003-04-29,8502.99,8502.9900,331.4,25.65778515
2003-04-30,8480.09,8480.0900,336.75,25.18215293
2003-05-01,8454.25,8454.2500,341.2,24.77798945
2003-05-02,8582.68,8582.6800,340.5,25.20610866
2003-05-05,8531.57,8531.5700,340.5,25.05600587
2003-05-06,8588.36,8588.3600,342.85,25.04990521
2003-05-07,8560.63,8560.6300,341.85,25.04206523
2003-05-08,8491.22,8491.2200,346.45,24.50922211
2003-05-09,8604.6,8604.6000,347.9,24.73296924
2003-05-12,8726.73,8726.7300,351.1,24.85539732
2003-05-13,8679.25,8679.2500,350.4,24.76954909
2003-05-14,8647.82,8647.8200,353.55,24.45996323
2003-05-15,8713.14,8713.1400,354.25,24.59601976
2003-05-16,8678.97,8678.9700,355,24.44780282
2003-05-19,8493.39,8493.3900,359,23.65846797
2003-05-20,8491.36,8491.3600,366.3,23.18143598
2003-05-21,8516.43,8516.4300,367.8,23.15505710
2003-05-22,8594.02,8594.0200,369.6,23.25221861
2003-05-23,8601.38,8601.3800,370.5,23.21560054
2003-05-27,8781.35,8781.3500,371.4,23.64391492
2003-05-28,8793.12,8793.1200,371.4,23.67560582
2003-05-29,8711.18,8711.1800,363.1,23.99113192
2003-05-30,8850.26,8850.2600,361.4,24.48882125
2003-06-02,8897.81,8897.8100,361.3,24.62720731
2003-06-03,8922.95,8922.9500,365,24.44643836
2003-06-04,9038.98,9038.9800,364.2,24.81872597
2003-06-05,9041.3,9041.3000,366.75,24.65248807
2003-06-06,9062.79,9062.7900,363,24.96636364
2003-06-09,8980,8980.0000,362.75,24.75534114
2003-06-10,9054.89,9054.8900,354.25,25.56073394
2003-06-11,9183.22,9183.2200,354.15,25.93031201
2003-06-12,9196.55,9196.5500,352.25,26.10801987
2003-06-13,9117.12,9117.1200,353.05,25.82387764
2003-06-16,9318.96,9318.9600,359,25.95810585
2003-06-17,9323.02,9323.0200,362.75,25.70095107
2003-06-18,9293.8,9293.8000,359.75,25.83405142
2003-06-19,9179.53,9179.5300,357.65,25.66623794
2003-06-20,9200.75,9200.7500,358,25.70041899
2003-06-23,9072.95,9072.9500,356.05,25.48223564
2003-06-24,9109.85,9109.8500,348.25,26.15893754
2003-06-25,9011.53,9011.5300,348.1,25.88776214
2003-06-26,9079.04,9079.0400,343.85,26.40407154
2003-06-27,8989.05,8989.0500,345.5,26.01751085
2003-06-30,8985.44,8985.4400,346,25.96947977
2003-07-01,9040.95,9040.9500,350.2,25.81653341
2003-07-02,9142.84,9142.8400,351.2,26.03314351
2003-07-03,9070.21,9070.2100,349.4,25.95938752
2003-07-07,9216.79,9216.7900,350.15,26.32240468
2003-07-08,9223.09,9223.0900,347.2,26.56419931
2003-07-09,9156.21,9156.2100,345.45,26.50516717
2003-07-10,9036.04,9036.0400,343.4,26.31345370
2003-07-11,9119.59,9119.5900,343.7,26.53357579
2003-07-14,9177.15,9177.1500,344.5,26.63904209
2003-07-15,9128.97,9128.9700,348.5,26.19503587
2003-07-16,9094.59,9094.5900,343.2,26.49938811
2003-07-17,9050.82,9050.8200,342.5,26.42575182
2003-07-18,9188.15,9188.1500,344.35,26.68259039
2003-07-21,9096.69,9096.6900,350,25.99054286
2003-07-22,9158.45,9158.4500,352.25,25.99985806
2003-07-23,9194.24,9194.2400,354.75,25.91751938
2003-07-24,9112.51,9112.5100,357.3,25.50380633
2003-07-25,9284.57,9284.5700,363,25.57732782
2003-07-28,9266.51,9266.5100,361.95,25.60163006
2003-07-29,9204.46,9204.4600,363.5,25.32176066
2003-07-30,9200.05,9200.0500,357.75,25.71642208
2003-07-31,9233.8,9233.8000,354.75,26.02903453
2003-08-01,9153.97,9153.9700,352.35,25.97976444
2003-08-04,9186.04,9186.0400,347.5,26.43464748
2003-08-05,9036.32,9036.3200,348.4,25.93662457
2003-08-06,9061.74,9061.7400,352,25.74357955
2003-08-07,9126.45,9126.4500,351.6,25.95691126
2003-08-08,9191.09,9191.0900,353.95,25.96719876
2003-08-11,9217.35,9217.3500,359.15,25.66434637
2003-08-12,9310.06,9310.0600,360.1,25.85409608
2003-08-13,9271.76,9271.7600,358.65,25.85183326
2003-08-14,9310.56,9310.5600,363.6,25.60660066
2003-08-15,9321.69,9321.6900,364.5,25.57390947
2003-08-18,9412.45,9412.4500,360.25,26.12755031
2003-08-19,9428.9,9428.9000,360.4,26.16231964
2003-08-20,9397.51,9397.5100,362.2,25.94563777
2003-08-21,9423.68,9423.6800,363.3,25.93911368
2003-08-22,9348.87,9348.8700,358.75,26.05956794
2003-08-25,9317.64,9317.6400,358.75,25.97251568
2003-08-26,9340.45,9340.4500,360.5,25.90970874
2003-08-27,9333.79,9333.7900,371.25,25.14152189
2003-08-28,9374.21,9374.2100,370.9,25.27422486
2003-08-29,9415.82,9415.8200,375.6,25.06874334
2003-09-02,9523.27,9523.2700,376.25,25.31101661
2003-09-03,9568.46,9568.4600,372.2,25.70784524
2003-09-04,9587.9,9587.9000,370.75,25.86082266
2003-09-05,9503.34,9503.3400,376.35,25.25133519
2003-09-08,9586.29,9586.2900,374.65,25.58732150
2003-09-09,9507.2,9507.2000,382.25,24.87168084
2003-09-10,9420.46,9420.4600,382.25,24.64476128
2003-09-11,9459.76,9459.7600,376.3,25.13887855
2003-09-12,9471.55,9471.5500,378.25,25.04044944
2003-09-15,9448.81,9448.8100,377.5,25.02996026
2003-09-16,9567.34,9567.3400,374.6,25.54014949
2003-09-17,9545.65,9545.6500,378.2,25.23968800
2003-09-18,9659.13,9659.1300,378.3,25.53298969
2003-09-19,9644.82,9644.8200,379.75,25.39781435
2003-09-22,9535.41,9535.4100,385.5,24.73517510
2003-09-23,9576.04,9576.0400,384.6,24.89869995
2003-09-24,9425.51,9425.5100,385,24.48184416
2003-09-25,9343.96,9343.9600,391.85,23.84575731
2003-09-26,9313.08,9313.0800,391.85,23.76695164
2003-09-29,9380.24,9380.2400,381.95,24.55881660
2003-09-30,9275.06,9275.0600,388,23.90479381
2003-10-01,9469.2,9469.2000,383.5,24.69152542
2003-10-02,9487.8,9487.8000,382.2,24.82417582
2003-10-03,9572.31,9572.3100,383.95,24.93113687
2003-10-06,9594.98,9594.9800,372.75,25.74105969
2003-10-07,9654.61,9654.6100,376.2,25.66350346
2003-10-08,9630.9,9630.9000,375.25,25.66528981
2003-10-09,9680.01,9680.0100,376.45,25.71393279
2003-10-10,9674.68,9674.6800,370.35,26.12307277
2003-10-13,9764.38,9764.3800,370.25,26.37239703
2003-10-14,9812.98,9812.9800,373.95,26.24142265
2003-10-15,9803.05,9803.0500,373.5,26.24645248
2003-10-16,9791.72,9791.7200,373.4,26.22313873
2003-10-17,9721.79,9721.7900,370.5,26.23964912
2003-10-20,9777.94,9777.9400,373.8,26.15821295
2003-10-21,9747.64,9747.6400,374.8,26.00757737
2003-10-22,9598.24,9598.2400,381.55,25.15591666
2003-10-23,9613.13,9613.1300,384.5,25.00163849
2003-10-24,9582.46,9582.4600,384.6,24.91539262
2003-10-27,9608.16,9608.1600,386.75,24.84333549
2003-10-28,9748.31,9748.3100,386.55,25.21875566
2003-10-29,9774.53,9774.5300,382.7,25.54097204
2003-10-30,9786.61,9786.6100,391,25.02969309
2003-10-31,9801.12,9801.1200,384.6,25.48393136
2003-11-03,9858.46,9858.4600,383.25,25.72331376
2003-11-04,9838.83,9838.8300,378.3,26.00800952
2003-11-05,9820.83,9820.8300,382.15,25.69888787
2003-11-06,9856.97,9856.9700,380.25,25.92234057
2003-11-07,9809.79,9809.7900,381,25.74748031
2003-11-10,9756.53,9756.5300,382.85,25.48394933
2003-11-11,9737.79,9737.7900,386.4,25.20131988
2003-11-12,9848.83,9848.8300,388.05,25.38031182
2003-11-13,9837.94,9837.9400,395.5,24.87469027
2003-11-14,9768.68,9768.6800,395.35,24.70894144
2003-11-17,9710.83,9710.8300,398,24.39907035
2003-11-18,9624.16,9624.1600,392.4,24.52640163
2003-11-19,9690.46,9690.4600,397.15,24.40000000
2003-11-20,9619.42,9619.4200,395.75,24.30680985
2003-11-21,9628.53,9628.5300,393.85,24.44720071
2003-11-24,9747.79,9747.7900,394.25,24.72489537
2003-11-25,9763.94,9763.9400,391.5,24.93982120
2003-11-26,9779.57,9779.5700,392,24.94788265
2003-11-28,9782.46,9782.4600,398.1,24.57287114
2003-12-01,9899.05,9899.0500,398.75,24.82520376
2003-12-02,9853.64,9853.6400,401.05,24.56960479
2003-12-03,9873.42,9873.4200,403.3,24.48157699
2003-12-04,9930.82,9930.8200,403.3,24.62390280
2003-12-05,9862.68,9862.6800,402,24.53402985
2003-12-08,9965.27,9965.2700,408.75,24.37986544
2003-12-09,9923.42,9923.4200,408.25,24.30721372
2003-12-10,9921.86,9921.8600,407.3,24.36007857
2003-12-11,10008.2,10008.2000,404,24.77277228
2003-12-12,10042.2,10042.2000,406.6,24.69798328
2003-12-15,10022.8,10022.8000,404.5,24.77824475
2003-12-16,10129.6,10129.6000,409.7,24.72443251
2003-12-17,10145.3,10145.3000,407.5,24.89644172
2003-12-18,10248.1,10248.1000,410.75,24.94972611
2003-12-19,10278.2,10278.2000,408.75,25.14544343
2003-12-22,10338,10338.0000,410.8,25.16553067
2003-12-23,10341.3,10341.3000,409.6,25.24731445
2003-12-24,10305.2,10305.2000,409.6,25.15917969
2003-12-26,10324.7,10324.7000,409.6,25.20678711
2003-12-29,10450,10450.0000,413.5,25.27206771
2003-12-30,10425,10425.0000,415.6,25.08421559
2003-12-31,10453.9,10453.9000,417.25,25.05428400
2004-01-02,10409.8,10409.8000,415.2,25.07177264
2004-01-05,10544.1,10544.1000,417.75,25.24021544
2004-01-06,10538.7,10538.7000,428,24.62313084
2004-01-07,10529,10529.0000,420.65,25.03031023
2004-01-08,10592.4,10592.4000,418.1,25.33460895
2004-01-09,10458.9,10458.9000,422.8,24.73722800
2004-01-12,10485.2,10485.2000,428.2,24.48668846
2004-01-13,10427.2,10427.2000,424.5,24.56348645
2004-01-14,10538.4,10538.4000,421,25.03182898
2004-01-15,10553.8,10553.8000,415.5,25.40024067
2004-01-16,10600.5,10600.5000,410.3,25.83597368
2004-01-20,10528.7,10528.7000,408.3,25.78667646
2004-01-21,10623.6,10623.6000,411.25,25.83246201
2004-01-22,10623.2,10623.2000,412,25.78446602
2004-01-23,10568.3,10568.3000,411.4,25.68862421
2004-01-26,10702.5,10702.5000,406.2,26.34785820
2004-01-27,10609.9,10609.9000,404,26.26212871
2004-01-28,10468.4,10468.4000,410.7,25.48916484
2004-01-29,10510.3,10510.3000,410.15,25.62550286
2004-01-30,10488.1,10488.1000,401.3,26.13531024
2004-02-02,10499.2,10499.2000,401.85,26.12716188
2004-02-03,10505.2,10505.2000,401.75,26.14859988
2004-02-04,10470.7,10470.7000,399.6,26.20295295
2004-02-05,10495.5,10495.5000,399.3,26.28474831
2004-02-06,10593,10593.0000,396.4,26.72300706
2004-02-09,10579,10579.0000,406.7,26.01180231
2004-02-10,10613.8,10613.8000,408.35,25.99191870
2004-02-11,10737.7,10737.7000,406.4,26.42150591
2004-02-12,10694.1,10694.1000,411.4,25.99440933
2004-02-13,10627.8,10627.8000,412.1,25.78937151
2004-02-17,10714.9,10714.9000,413.7,25.90016920
2004-02-18,10672,10672.0000,413.7,25.79647087
2004-02-19,10664.7,10664.7000,410.2,25.99878108
2004-02-20,10619,10619.0000,408.25,26.01102266
2004-02-23,10609.6,10609.6000,399.85,26.53395023
2004-02-24,10566.4,10566.4000,401.45,26.32058787
2004-02-25,10601.6,10601.6000,403.4,26.28061477
2004-02-26,10580.1,10580.1000,395.05,26.78167321
2004-02-27,10583.9,10583.9000,395.05,26.79129224
2004-03-01,10678.1,10678.1000,400,26.69525000
2004-03-02,10591.5,10591.5000,395.75,26.76310802
2004-03-03,10593.1,10593.1000,390.5,27.12701665
2004-03-04,10588,10588.0000,392,27.01020408
2004-03-05,10595.5,10595.5000,399.25,26.53850971
2004-03-08,10529.5,10529.5000,399.85,26.33362511
2004-03-09,10457,10457.0000,401.5,26.04483188
2004-03-10,10296.9,10296.9000,400.25,25.72617114
2004-03-11,10128.4,10128.4000,402.3,25.17623664
2004-03-12,10240.1,10240.1000,400.75,25.55233936
2004-03-15,10102.9,10102.9000,399,25.32055138
2004-03-16,10184.7,10184.7000,402.5,25.30360248
2004-03-17,10300.3,10300.3000,402.75,25.57492241
2004-03-18,10295.8,10295.8000,410.75,25.06585514
2004-03-19,10186.6,10186.6000,412,24.72475728
2004-03-22,10064.8,10064.8000,417.65,24.09864719
2004-03-23,10063.6,10063.6000,415.2,24.23795761
2004-03-24,10048.2,10048.2000,417.6,24.06178161
2004-03-25,10218.8,10218.8000,416.1,24.55851959
2004-03-26,10213,10213.0000,421.5,24.23013049
2004-03-29,10329.6,10329.6000,421.25,24.52130564
2004-03-30,10381.7,10381.7000,420,24.71833333
2004-03-31,10357.7,10357.7000,423.7,24.44583432
2004-04-01,10373.3,10373.3000,427.25,24.27922762
2004-04-02,10470.6,10470.6000,426.1,24.57310490
2004-04-05,10558.4,10558.4000,417.7,25.27747187
2004-04-06,10570.8,10570.8000,418.5,25.25878136
2004-04-07,10480.2,10480.2000,419,25.01241050
2004-04-08,10442,10442.0000,419.5,24.89153754
2004-04-12,10515.6,10515.6000,419.5,25.06698451
2004-04-13,10381.3,10381.3000,407.9,25.45060064
2004-04-14,10378,10378.0000,397.75,26.09176618
2004-04-15,10397.5,10397.5000,398.25,26.10797238
2004-04-16,10452,10452.0000,400.85,26.07459149
2004-04-19,10437.8,10437.8000,403.1,25.89382287
2004-04-20,10314.5,10314.5000,398.8,25.86384152
2004-04-21,10317.3,10317.3000,392.75,26.26938256
2004-04-22,10461.2,10461.2000,392.3,26.66632679
2004-04-23,10472.8,10472.8000,394.5,26.54702155
2004-04-26,10444.7,10444.7000,397,26.30906801
2004-04-27,10478.2,10478.2000,396.25,26.44340694
2004-04-28,10342.6,10342.6000,392.25,26.36736775
2004-04-29,10272.3,10272.3000,386,26.61217617
2004-04-30,10225.6,10225.6000,388.5,26.32072072
2004-05-03,10314,10314.0000,388.5,26.54826255
2004-05-04,10317.2,10317.2000,391.25,26.36984026
2004-05-05,10311,10311.0000,392.55,26.26671762
2004-05-06,10241.3,10241.3000,387.5,26.42916129
2004-05-07,10117.3,10117.3000,386.85,26.15303089
2004-05-10,9990.02,9990.0200,375,26.64005333
2004-05-11,10019.5,10019.5000,375.25,26.70086609
2004-05-12,10045.2,10045.2000,382.2,26.28257457
2004-05-13,10010.7,10010.7000,375.15,26.68452619
2004-05-14,10012.9,10012.9000,376.5,26.59468792
2004-05-17,9906.91,9906.9100,382.95,25.86998303
2004-05-18,9968.51,9968.5100,377.7,26.39266614
2004-05-19,9937.71,9937.7100,380.75,26.10035456
2004-05-20,9937.64,9937.6400,379.5,26.18613966
2004-05-21,9966.74,9966.7400,385.3,25.86747989
2004-05-24,9958.43,9958.4300,384,25.93341146
2004-05-25,10117.6,10117.6000,388.9,26.01594240
2004-05-26,10109.9,10109.9000,389.65,25.94610548
2004-05-27,10205.2,10205.2000,393.6,25.92784553
2004-05-28,10188.5,10188.5000,393.6,25.88541667
2004-06-01,10202.7,10202.7000,397.2,25.68655589
2004-06-02,10263,10263.0000,394.85,25.99214892
2004-06-03,10195.9,10195.9000,390.35,26.11989240
2004-06-04,10242.8,10242.8000,388.3,26.37857327
2004-06-07,10391.1,10391.1000,393.45,26.41021731
2004-06-08,10432.5,10432.5000,392.35,26.58977953
2004-06-09,10368.4,10368.4000,386.85,26.80211968
2004-06-10,10410.1,10410.1000,384.95,27.04273282
2004-06-14,10334.7,10334.7000,385.1,26.83640613
2004-06-15,10380.4,10380.4000,386.5,26.85743855
2004-06-16,10379.6,10379.6000,385.25,26.94250487
2004-06-17,10377.5,10377.5000,386,26.88471503
2004-06-18,10416.4,10416.4000,395.1,26.36395849
2004-06-21,10371.5,10371.5000,395.25,26.24035421
2004-06-22,10395.1,10395.1000,395.75,26.26683512
2004-06-23,10479.6,10479.6000,393.9,26.60472201
2004-06-24,10443.8,10443.8000,400,26.10950000
2004-06-25,10371.8,10371.8000,401.5,25.83262765
2004-06-28,10357.1,10357.1000,404.25,25.62053185
2004-06-29,10413.4,10413.4000,394.4,26.40314402
2004-06-30,10435.5,10435.5000,395.8,26.36558868
2004-07-01,10334.2,10334.2000,394.5,26.19569075
2004-07-02,10282.8,10282.8000,397.75,25.85241986
2004-07-06,10219.3,10219.3000,394.5,25.90443599
2004-07-07,10240.3,10240.3000,397.35,25.77148610
2004-07-08,10171.6,10171.6000,405.35,25.09337609
2004-07-09,10213.2,10213.2000,406.5,25.12472325
2004-07-12,10238.2,10238.2000,406.35,25.19552110
2004-07-13,10247.6,10247.6000,400.9,25.56148666
2004-07-14,10208.8,10208.8000,403.8,25.28182268
2004-07-15,10163.2,10163.2000,403.15,25.20947538
2004-07-16,10139.8,10139.8000,403.15,25.15143247
2004-07-19,10094.1,10094.1000,406.35,24.84090070
2004-07-20,10149.1,10149.1000,400,25.37275000
2004-07-21,10046.1,10046.1000,398.5,25.20978670
2004-07-22,10050.3,10050.3000,397.75,25.26788184
2004-07-23,9962.22,9962.2200,392.85,25.35883925
2004-07-26,9961.92,9961.9200,390.75,25.49435701
2004-07-27,10085.1,10085.1000,389.85,25.86918045
2004-07-28,10117.1,10117.1000,386.2,26.19653030
2004-07-29,10129.2,10129.2000,387.3,26.15336948
2004-07-30,10139.7,10139.7000,387.3,26.18048025
2004-08-02,10179.2,10179.2000,391.5,26.00051086
2004-08-03,10120.2,10120.2000,390.6,25.90937020
2004-08-04,10126.5,10126.5000,390.5,25.93213828
2004-08-05,9963.03,9963.0300,390.85,25.49067417
2004-08-06,9815.33,9815.3300,399,24.59982456
2004-08-09,9814.66,9814.6600,399,24.59814536
2004-08-10,9944.67,9944.6700,399.5,24.89279099
2004-08-11,9938.32,9938.3200,393.85,25.23376920
2004-08-12,9814.59,9814.5900,394.85,24.85650247
2004-08-13,9825.35,9825.3500,396.75,24.76458727
2004-08-16,9954.55,9954.5500,401.65,24.78414042
2004-08-17,9972.83,9972.8300,401.3,24.85130825
2004-08-18,10083.2,10083.2000,402.45,25.05454094
2004-08-19,10040.8,10040.8000,402.45,24.94918623
2004-08-20,10110.1,10110.1000,402.45,25.12138154
2004-08-23,10073,10073.0000,402.45,25.02919617
2004-08-24,10098.6,10098.6000,402.45,25.09280656
2004-08-25,10181.7,10181.7000,405.5,25.10900123
2004-08-26,10173.4,10173.4000,402.45,25.27866816
2004-08-27,10195,10195.0000,405.1,25.16662552
2004-08-30,10122.5,10122.5000,405.1,24.98765737
2004-08-31,10173.9,10173.9000,407.25,24.98195212
2004-09-01,10168.5,10168.5000,407.65,24.94419232
2004-09-02,10290.3,10290.3000,406.1,25.33932529
2004-09-03,10260.2,10260.2000,401.15,25.57696622
2004-09-07,10342.8,10342.8000,398.1,25.98040693
2004-09-08,10313.4,10313.4000,396.3,26.02422407
2004-09-09,10289.1,10289.1000,399.25,25.77107076
2004-09-10,10313.1,10313.1000,401.35,25.69602591
2004-09-13,10314.8,10314.8000,399.3,25.83220636
2004-09-14,10318.2,10318.2000,403.5,25.57174721
2004-09-15,10231.4,10231.4000,404.8,25.27519763
2004-09-16,10244.5,10244.5000,404.4,25.33259149
2004-09-17,10284.5,10284.5000,405.7,25.35001232
2004-09-20,10204.9,10204.9000,404.3,25.24091022
2004-09-21,10244.9,10244.9000,408.5,25.07931457
2004-09-22,10109.2,10109.2000,405.35,24.93943506
2004-09-23,10038.9,10038.9000,411.5,24.39586877
2004-09-24,10047.2,10047.2000,409.45,24.53828306
2004-09-27,9988.54,9988.5400,409.2,24.40992180
2004-09-28,10077.4,10077.4000,411.7,24.47753218
2004-09-29,10136.2,10136.2000,411.55,24.62932815
2004-09-30,10080.3,10080.3000,415.65,24.25189462
2004-10-01,10192.7,10192.7000,418.1,24.37861756
2004-10-04,10216.5,10216.5000,412.55,24.76427100
2004-10-05,10177.7,10177.7000,414.25,24.56898008
2004-10-06,10239.9,10239.9000,418.45,24.47102402
2004-10-07,10125.4,10125.4000,418.1,24.21765128
2004-10-08,10055.2,10055.2000,421.75,23.84161233
2004-10-11,10082,10082.0000,421.7,23.90799146
2004-10-12,10077.2,10077.2000,414.7,24.29997589
2004-10-13,10002.3,10002.3000,414.7,24.11936340
2004-10-14,9894.45,9894.4500,414.7,23.85929588
2004-10-15,9933.38,9933.3800,420.4,23.62840152
2004-10-18,9956.32,9956.3200,419.1,23.75643045
2004-10-19,9897.62,9897.6200,419.35,23.60228926
2004-10-20,9886.93,9886.9300,423.6,23.34025024
2004-10-21,9865.76,9865.7600,422.5,23.35091124
2004-10-22,9757.81,9757.8100,424.1,23.00827635
2004-10-25,9749.99,9749.9900,428.4,22.75908030
2004-10-26,9888.48,9888.4800,426.2,23.20150164
2004-10-27,10002,10002.0000,424.3,23.57294367
2004-10-28,10004.5,10004.5000,423.6,23.61779981
2004-10-29,10027.5,10027.5000,428.1,23.42326559
2004-11-01,10054.4,10054.4000,426.9,23.55211993
2004-11-02,10035.7,10035.7000,419.7,23.91160353
2004-11-03,10137,10137.0000,424.3,23.89111478
2004-11-04,10314.8,10314.8000,429.6,24.01024209
2004-11-05,10387.5,10387.5000,433.2,23.97853186
2004-11-08,10391.3,10391.3000,432.3,24.03724266
2004-11-09,10386.4,10386.4000,435.2,23.86580882
2004-11-10,10385.5,10385.5000,433.6,23.95179889
2004-11-11,10469.8,10469.8000,434.4,24.10174954
2004-11-12,10539,10539.0000,437.4,24.09465021
2004-11-15,10550.2,10550.2000,436.5,24.16998855
2004-11-16,10487.7,10487.7000,439.7,23.85194451
2004-11-17,10549.6,10549.6000,444.4,23.73897390
2004-11-18,10572.5,10572.5000,442.6,23.88725712
2004-11-19,10456.9,10456.9000,446.6,23.41446485
2004-11-22,10489.4,10489.4000,448.6,23.38252341
2004-11-23,10492.6,10492.6000,447.6,23.44191242
2004-11-24,10520.3,10520.3000,449.3,23.41486757
2004-11-26,10522.2,10522.2000,451.5,23.30498339
2004-11-29,10475.9,10475.9000,453.5,23.10011025
2004-11-30,10428,10428.0000,450.9,23.12707917
2004-12-01,10590.2,10590.2000,453.7,23.34185585
2004-12-02,10585.1,10585.1000,449.7,23.53813654
2004-12-03,10592.2,10592.2000,455.6,23.24890255
2004-12-06,10547.1,10547.1000,453.7,23.24685916
2004-12-07,10440.6,10440.6000,450.8,23.16015972
2004-12-08,10494.2,10494.2000,436.9,24.01968414
2004-12-09,10552.8,10552.8000,437.1,24.14275909
2004-12-10,10543.2,10543.2000,433.4,24.32671897
2004-12-13,10638.3,10638.3000,438.7,24.24960109
2004-12-14,10676.5,10676.5000,435.3,24.52676315
2004-12-15,10691.5,10691.5000,440.3,24.28230752
2004-12-16,10705.6,10705.6000,436.4,24.53162236
2004-12-17,10649.9,10649.9000,440.5,24.17684449
2004-12-20,10661.6,10661.6000,441.8,24.13218651
2004-12-21,10759.4,10759.4000,441.2,24.38667271
2004-12-22,10815.9,10815.9000,439.7,24.59836252
2004-12-23,10827.1,10827.1000,441.2,24.54011786
2004-12-27,10776.1,10776.1000,444.5,24.24319460
2004-12-28,10854.5,10854.5000,443.7,24.46360153
2004-12-29,10829.2,10829.2000,435.7,24.85471655
2004-12-30,10800.3,10800.3000,436.9,24.72030213
2004-12-31,10783,10783.0000,437.9,24.62434346
2005-01-03,10729.4,10729.4000,428.5,25.03943991
2005-01-04,10630.8,10630.8000,427.1,24.89065793
2005-01-05,10597.8,10597.8000,425.9,24.88330594
2005-01-06,10622.9,10622.9000,421.4,25.20859041
2005-01-07,10604,10604.0000,418.5,25.33811231
2005-01-10,10621,10621.0000,418.6,25.37267081
2005-01-11,10556.2,10556.2000,421.7,25.03248755
2005-01-12,10617.8,10617.8000,425.7,24.94197792
2005-01-13,10505.8,10505.8000,424.3,24.76031110
2005-01-14,10558,10558.0000,422.5,24.98934911
2005-01-18,10628.8,10628.8000,422.9,25.13312840
2005-01-19,10540,10540.0000,422.7,24.93494204
2005-01-20,10471.5,10471.5000,422.2,24.80222643
2005-01-21,10393,10393.0000,426.3,24.37954492
2005-01-24,10368.6,10368.6000,426.8,24.29381443
2005-01-25,10461.6,10461.6000,421.8,24.80227596
2005-01-26,10498.6,10498.6000,426.7,24.60417155
2005-01-27,10467.4,10467.4000,426,24.57136150
2005-01-28,10427.2,10427.2000,425.9,24.48274243
2005-01-31,10489.9,10489.9000,421.9,24.86347476
2005-02-01,10551.9,10551.9000,420.5,25.09369798
2005-02-02,10596.8,10596.8000,420.7,25.18849536
2005-02-03,10593.1,10593.1000,416.6,25.42750840
2005-02-04,10716.1,10716.1000,414,25.88429952
2005-02-07,10715.8,10715.8000,413.6,25.90860735
2005-02-08,10724.6,10724.6000,412.4,26.00533463
2005-02-09,10664.1,10664.1000,412.8,25.83357558
2005-02-10,10749.6,10749.6000,417.2,25.76605944
2005-02-11,10796,10796.0000,420.6,25.66809320
2005-02-14,10791.1,10791.1000,425.8,25.34311884
2005-02-15,10837.3,10837.3000,424.8,25.51153484
2005-02-16,10834.9,10834.9000,425.2,25.48189087
2005-02-17,10754.3,10754.3000,427,25.18571429
2005-02-18,10785.2,10785.2000,426.8,25.26991565
2005-02-22,10611.2,10611.2000,434.2,24.43850760
2005-02-23,10673.8,10673.8000,434.5,24.56570771
2005-02-24,10748.8,10748.8000,434.1,24.76111495
2005-02-25,10841.6,10841.6000,434.5,24.95189873
2005-02-28,10766.2,10766.2000,435.9,24.69878412
2005-03-01,10830,10830.0000,432.3,25.05204719
2005-03-02,10812,10812.0000,432.2,25.01619621
2005-03-03,10833,10833.0000,429.3,25.23410203
2005-03-04,10940.5,10940.5000,433.7,25.22596265
2005-03-07,10936.9,10936.9000,434.4,25.17702578
2005-03-08,10912.6,10912.6000,439.7,24.81828519
2005-03-09,10805.6,10805.6000,441.5,24.47474519
2005-03-10,10851.5,10851.5000,442.2,24.53980100
2005-03-11,10774.4,10774.4000,445.5,24.18496072
2005-03-14,10804.5,10804.5000,440.5,24.52780931
2005-03-15,10745.1,10745.1000,440,24.42068182
2005-03-16,10633.1,10633.1000,443.1,23.99706613
2005-03-17,10626.3,10626.3000,438.3,24.24435318
2005-03-18,10629.7,10629.7000,438.9,24.21895648
2005-03-21,10565.4,10565.4000,430.7,24.53076387
2005-03-22,10470.5,10470.5000,431,24.29350348
2005-03-23,10456,10456.0000,424.5,24.63133098
2005-03-24,10442.9,10442.9000,424.3,24.61206693
2005-03-28,10485.7,10485.7000,425.6,24.63745301
2005-03-29,10405.7,10405.7000,425.9,24.43226109
2005-03-30,10540.9,10540.9000,427.6,24.65130964
2005-03-31,10503.8,10503.8000,427.9,24.54732414
2005-04-01,10404.3,10404.3000,428,24.30911215
2005-04-04,10421.1,10421.1000,423.2,24.62452741
2005-04-05,10458.5,10458.5000,424,24.66627358
2005-04-06,10486,10486.0000,426.8,24.56888472
2005-04-07,10546.3,10546.3000,425.9,24.76238554
2005-04-08,10461.3,10461.3000,426.4,24.53400563
2005-04-11,10448.6,10448.6000,428,24.41261682
2005-04-12,10508,10508.0000,427,24.60889930
2005-04-13,10403.9,10403.9000,428.8,24.26282649
2005-04-14,10278.8,10278.8000,422.9,24.30550958
2005-04-15,10087.5,10087.5000,424.4,23.76885014
2005-04-18,10071.2,10071.2000,427,23.58594848
2005-04-19,10127.4,10127.4000,432.4,23.42136910
2005-04-20,10012.4,10012.4000,434.7,23.03289625
2005-04-21,10218.6,10218.6000,432.5,23.62682081
2005-04-22,10157.7,10157.7000,433.7,23.42102836
2005-04-25,10242.5,10242.5000,434,23.60023041
2005-04-26,10151.1,10151.1000,437.1,23.22374743
2005-04-27,10198.8,10198.8000,432.3,23.59195003
2005-04-28,10070.4,10070.4000,430.6,23.38690200
2005-04-29,10192.5,10192.5000,434.5,23.45799770
2005-05-02,10251.7,10251.7000,429.4,23.87447601
2005-05-03,10257,10257.0000,426.5,24.04923798
2005-05-04,10384.6,10384.6000,428,24.26308411
2005-05-05,10340.4,10340.4000,429.5,24.07543655
2005-05-06,10345.4,10345.4000,425.8,24.29638328
2005-05-09,10384.3,10384.3000,425.8,24.38774072
2005-05-10,10281.1,10281.1000,426.9,24.08315765
2005-05-11,10300.2,10300.2000,427.1,24.11660033
2005-05-12,10189.5,10189.5000,421.2,24.19159544
2005-05-13,10140.1,10140.1000,419.9,24.14884496
2005-05-16,10252.3,10252.3000,418.7,24.48602818
2005-05-17,10331.9,10331.9000,419.5,24.62908224
2005-05-18,10464.5,10464.5000,421.1,24.85039183
2005-05-19,10493.2,10493.2000,420.4,24.96003806
2005-05-20,10471.9,10471.9000,417.3,25.09441649
2005-05-23,10523.6,10523.6000,416.8,25.24856046
2005-05-24,10503.7,10503.7000,417.3,25.17062066
2005-05-25,10457.8,10457.8000,418.5,24.98876941
2005-05-26,10537.6,10537.6000,417.5,25.23976048
2005-05-27,10542.5,10542.5000,420,25.10119048
2005-05-31,10467.5,10467.5000,416.4,25.13808838
2005-06-01,10549.9,10549.9000,415.2,25.40920039
2005-06-02,10553.5,10553.5000,422.4,24.98461174
2005-06-03,10461,10461.0000,423.4,24.70713274
2005-06-06,10467,10467.0000,425.9,24.57619159
2005-06-07,10483.1,10483.1000,424.3,24.70681122
2005-06-08,10476.9,10476.9000,424.3,24.69219892
2005-06-09,10503,10503.0000,423.4,24.80632971
2005-06-10,10512.6,10512.6000,427,24.61967213
2005-06-13,10522.6,10522.6000,428.8,24.53964552
2005-06-14,10547.6,10547.6000,427,24.70163934
2005-06-15,10566.4,10566.4000,428.5,24.65904317
2005-06-16,10578.7,10578.7000,435.6,24.28535354
2005-06-17,10623.1,10623.1000,437.7,24.27027645
2005-06-20,10609.1,10609.1000,437.7,24.23829107
2005-06-21,10599.7,10599.7000,438.2,24.18918302
2005-06-22,10587.9,10587.9000,437.5,24.20091429
2005-06-23,10421.4,10421.4000,441.2,23.62058024
2005-06-24,10297.8,10297.8000,440,23.40409091
2005-06-27,10290.8,10290.8000,439.7,23.40413919
2005-06-28,10405.6,10405.6000,435.8,23.87700780
2005-06-29,10374.5,10374.5000,436.7,23.75658347
2005-06-30,10275,10275.0000,434.7,23.63699103
2005-07-01,10303.4,10303.4000,426.8,24.14104967
2005-07-05,10371.8,10371.8000,422.5,24.54863905
2005-07-06,10270.7,10270.7000,423.1,24.27487592
2005-07-07,10302.3,10302.3000,422.9,24.36107827
2005-07-08,10449.1,10449.1000,422.6,24.72574539
2005-07-11,10519.7,10519.7000,425.1,24.74641261
2005-07-12,10513.9,10513.9000,426,24.68051643
2005-07-13,10557.4,10557.4000,423.8,24.91127891
2005-07-14,10628.9,10628.9000,419.5,25.33706794
2005-07-15,10640.8,10640.8000,420.8,25.28707224
2005-07-18,10575,10575.0000,420.4,25.15461465
2005-07-19,10646.6,10646.6000,419.7,25.36716702
2005-07-20,10689.2,10689.2000,421.9,25.33586158
2005-07-21,10627.8,10627.8000,425.1,25.00070572
2005-07-22,10651.2,10651.2000,424.6,25.08525671
2005-07-25,10596.5,10596.5000,425.7,24.89194268
2005-07-26,10579.8,10579.8000,423.2,24.99952741
2005-07-27,10637.1,10637.1000,424.5,25.05795053
2005-07-28,10705.5,10705.5000,427.5,25.04210526
2005-07-29,10640.9,10640.9000,429.7,24.76355597
2005-08-01,10623.2,10623.2000,431.7,24.60782951
2005-08-02,10683.7,10683.7000,431.9,24.73651308
2005-08-03,10697.6,10697.6000,436.8,24.49084249
2005-08-04,10610.1,10610.1000,437.8,24.23503883
2005-08-05,10558,10558.0000,437,24.16018307
2005-08-08,10536.9,10536.9000,434.5,24.25063291
2005-08-09,10615.7,10615.7000,434,24.46013825
2005-08-10,10594.4,10594.4000,436.3,24.28237451
2005-08-11,10685.9,10685.9000,445.2,24.00247080
2005-08-12,10600.3,10600.3000,446.4,23.74619176
2005-08-15,10634.4,10634.4000,441.6,24.08152174
2005-08-16,10513.5,10513.5000,446,23.57286996
2005-08-17,10550.7,10550.7000,439.7,23.99522402
2005-08-18,10554.9,10554.9000,439.4,24.02116523
2005-08-19,10559.2,10559.2000,436.9,24.16845960
2005-08-22,10569.9,10569.9000,437.9,24.13770267
2005-08-23,10519.6,10519.6000,439,23.96264237
2005-08-24,10434.9,10434.9000,437.3,23.86210839
2005-08-25,10450.6,10450.6000,438.1,23.85437115
2005-08-26,10397.3,10397.3000,437.1,23.78700526
2005-08-29,10463,10463.0000,436.5,23.97021764
2005-08-30,10412.8,10412.8000,430.9,24.16523555
2005-08-31,10481.6,10481.6000,433.8,24.16228677
2005-09-01,10459.6,10459.6000,442.1,23.65890070
2005-09-02,10447.4,10447.4000,444.1,23.52488178
2005-09-06,10589.2,10589.2000,444.2,23.83881135
2005-09-07,10633.5,10633.5000,444.7,23.91162582
2005-09-08,10595.9,10595.9000,446.5,23.73101904
2005-09-09,10678.6,10678.6000,448.7,23.79897482
2005-09-12,10682.9,10682.9000,449.5,23.76618465
2005-09-13,10597.4,10597.4000,445.9,23.76631532
2005-09-14,10544.9,10544.9000,449.6,23.45395907
2005-09-15,10558.8,10558.8000,455.2,23.19595782
2005-09-16,10641.9,10641.9000,459.2,23.17486934
2005-09-19,10557.6,10557.6000,465.6,22.67525773
2005-09-20,10481.5,10481.5000,465.9,22.49731702
2005-09-21,10378,10378.0000,468.6,22.14682032
2005-09-22,10422,10422.0000,466.5,22.34083601
2005-09-23,10419.6,10419.6000,463.4,22.48511006
2005-09-26,10443.6,10443.6000,466.2,22.40154440
2005-09-27,10456.2,10456.2000,462.5,22.60800000
2005-09-28,10473.1,10473.1000,469.4,22.31167448
2005-09-29,10552.8,10552.8000,472.2,22.34815756
2005-09-30,10568.7,10568.7000,468.5,22.55859125
2005-10-03,10535.5,10535.5000,465.8,22.61807643
2005-10-04,10441.1,10441.1000,465.9,22.41060313
2005-10-05,10317.4,10317.4000,465.9,22.14509551
2005-10-06,10287.1,10287.1000,471.7,21.80856477
2005-10-07,10292.3,10292.3000,474.4,21.69540472
2005-10-10,10238.8,10238.8000,474.8,21.56444819
2005-10-11,10253.2,10253.2000,476.6,21.51321863
2005-10-12,10216.9,10216.9000,473.5,21.57740232
2005-10-13,10216.6,10216.6000,470.9,21.69590147
2005-10-14,10287.3,10287.3000,468.8,21.94389932
2005-10-17,10348.1,10348.1000,473.5,21.85448786
2005-10-18,10285.3,10285.3000,471.9,21.79550752
2005-10-19,10414.1,10414.1000,463.2,22.48294473
2005-10-20,10281.1,10281.1000,461,22.30173536
2005-10-21,10215.2,10215.2000,466.7,21.88815085
2005-10-24,10385,10385.0000,464.55,22.35496717
2005-10-25,10377.9,10377.9000,472.1,21.98241898
2005-10-26,10345,10345.0000,470.88,21.96950391
2005-10-27,10230,10230.0000,473.3,21.61419818
2005-10-28,10402.8,10402.8000,472.7,22.00719272
2005-10-31,10440.1,10440.1000,465.13,22.44555286
2005-11-01,10406.8,10406.8000,458.7,22.68759538
2005-11-02,10472.7,10472.7000,462.68,22.63486643
2005-11-03,10522.6,10522.6000,460.2,22.86527597
2005-11-04,10530.8,10530.8000,455.85,23.10145881
2005-11-07,10586.2,10586.2000,459,23.06361656
2005-11-08,10539.7,10539.7000,461.13,22.85624444
2005-11-09,10546.2,10546.2000,466.3,22.61677032
2005-11-10,10640.1,10640.1000,466.5,22.80836013
2005-11-11,10686,10686.0000,468.2,22.82357967
2005-11-14,10697.2,10697.2000,467.9,22.86215003
2005-11-15,10686.4,10686.4000,467.78,22.84492710
2005-11-16,10674.8,10674.8000,478.23,22.32147711
2005-11-17,10720.2,10720.2000,485.9,22.06256431
2005-11-18,10766.3,10766.3000,485.3,22.18483412
2005-11-21,10820.3,10820.3000,488.93,22.13057084
2005-11-22,10871.4,10871.4000,492.2,22.08736286
2005-11-23,10916.1,10916.1000,491.5,22.20976602
2005-11-25,10931.6,10931.6000,495.5,22.06175580
2005-11-28,10890.7,10890.7000,498.53,21.84562614
2005-11-29,10888.2,10888.2000,499.1,21.81566820
2005-11-30,10805.9,10805.9000,494.2,21.86543909
2005-12-01,10912.6,10912.6000,502.3,21.72526379
2005-12-02,10877.5,10877.5000,502.9,21.62954862
2005-12-05,10835,10835.0000,508.5,21.30776794
2005-12-06,10856.9,10856.9000,510.5,21.26718903
2005-12-07,10810.9,10810.9000,513.8,21.04106656
2005-12-08,10755.1,10755.1000,518.85,20.72872699
2005-12-09,10778.6,10778.6000,525.7,20.50332889
2005-12-12,10767.8,10767.8000,527.7,20.40515444
2005-12-13,10823.7,10823.7000,520.5,20.79481268
2005-12-14,10883.5,10883.5000,506,21.50889328
2005-12-15,10881.7,10881.7000,503.1,21.62929835
2005-12-16,10875.6,10875.6000,502.6,21.63867887
2005-12-19,10836.5,10836.5000,503.7,21.51379790
2005-12-20,10805.5,10805.5000,493.8,21.88234103
2005-12-21,10833.7,10833.7000,492.4,22.00182778
2005-12-22,10889.4,10889.4000,502.2,21.68339307
2005-12-23,10883.3,10883.3000,502.4,21.66261943
2005-12-27,10777.8,10777.8000,507.4,21.24122980
2005-12-28,10796.2,10796.2000,513.6,21.02063863
2005-12-29,10784.8,10784.8000,515,20.94135922
2005-12-30,10717.5,10717.5000,516.5,20.75024201
2006-01-03,10847.4,10847.4000,530.6,20.44364870
2006-01-04,10880.2,10880.2000,533.3,20.40165010
2006-01-05,10882.2,10882.2000,525.6,20.70433790
2006-01-06,10959.3,10959.3000,539.45,20.31569191
2006-01-09,11011.9,11011.9000,550.1,20.01799673
2006-01-10,11011.6,11011.6000,543.95,20.24377241
2006-01-11,11043.4,11043.4000,549.2,20.10815732
2006-01-12,10962.4,10962.4000,547.4,20.02630617
2006-01-13,10959.9,10959.9000,555.5,19.72979298
2006-01-17,10896.3,10896.3000,553.25,19.69507456
2006-01-18,10854.9,10854.9000,543.4,19.97589253
2006-01-19,10880.7,10880.7000,558.55,19.48026139
2006-01-20,10667.4,10667.4000,553,19.29005425
2006-01-23,10688.8,10688.8000,558,19.15555556
2006-01-24,10712.2,10712.2000,558.1,19.19405125
2006-01-25,10709.7,10709.7000,562.48,19.04014365
2006-01-26,10809.5,10809.5000,559.1,19.33375067
2006-01-27,10907.2,10907.2000,558.75,19.52071588
2006-01-30,10899.9,10899.9000,566.3,19.24757196
2006-01-31,10864.9,10864.9000,570.1,19.05788458
2006-02-01,10954,10954.0000,569.1,19.24793534
2006-02-02,10852,10852.0000,570.6,19.01857694
2006-02-03,10793.6,10793.6000,566.8,19.04304869
2006-02-06,10798.3,10798.3000,569.9,18.94771012
2006-02-07,10749.8,10749.8000,550.4,19.53088663
2006-02-08,10858.6,10858.6000,549.4,19.76447033
2006-02-09,10883.3,10883.3000,565.7,19.23864239
2006-02-10,10919,10919.0000,549.9,19.85633752
2006-02-13,10892.3,10892.3000,538.3,20.23462753
2006-02-14,11028.4,11028.4000,545.5,20.21704858
2006-02-15,11059,11059.0000,539.3,20.50621176
2006-02-16,11120.7,11120.7000,545.7,20.37877955
2006-02-17,11115.3,11115.3000,551.6,20.15101523
2006-02-21,11069,11069.0000,553.7,19.99096984
2006-02-22,11137.2,11137.2000,553.25,20.13050158
2006-02-23,11069.2,11069.2000,549,20.16247723
2006-02-24,11061.8,11061.8000,558.4,19.80981375
2006-02-27,11097.5,11097.5000,554.3,20.02074689
2006-02-28,10993.4,10993.4000,561.3,19.58560485
2006-03-01,11053.5,11053.5000,563.3,19.62275874
2006-03-02,11025.5,11025.5000,569.5,19.35996488
2006-03-03,11021.6,11021.6000,565.9,19.47623255
2006-03-06,10958.6,10958.6000,554.35,19.76837738
2006-03-07,10980.7,10980.7000,552.4,19.87816799
2006-03-08,11005.7,11005.7000,542.9,20.27205747
2006-03-09,10972.3,10972.3000,545.5,20.11420715
2006-03-10,11076.3,11076.3000,539.8,20.51926639
2006-03-13,11076,11076.0000,546,20.28571429
2006-03-14,11151.3,11151.3000,551.5,20.21994560
2006-03-15,11209.8,11209.8000,552.7,20.28188891
2006-03-16,11253.2,11253.2000,554.72,20.28627055
2006-03-17,11279.7,11279.7000,554,20.36046931
2006-03-20,11274.5,11274.5000,555.1,20.31075482
2006-03-21,11235.5,11235.5000,552,20.35416667
2006-03-22,11317.4,11317.4000,550.8,20.54720407
2006-03-23,11270.3,11270.3000,550.4,20.47656250
2006-03-24,11280,11280.0000,559.85,20.14825400
2006-03-27,11250.1,11250.1000,566.7,19.85194989
2006-03-28,11154.5,11154.5000,566.6,19.68672785
2006-03-29,11215.7,11215.7000,572.17,19.60204135
2006-03-30,11150.7,11150.7000,585,19.06102564
2006-03-31,11109.3,11109.3000,580.9,19.12428989
2006-04-03,11144.9,11144.9000,588.8,18.92815897
2006-04-04,11203.8,11203.8000,585.7,19.12890558
2006-04-05,11239.5,11239.5000,587.4,19.13432074
2006-04-06,11216.5,11216.5000,594.5,18.86711522
2006-04-07,11120,11120.0000,587.8,18.91799932
2006-04-10,11141.3,11141.3000,597.9,18.63405252
2006-04-11,11089.6,11089.6000,594.8,18.64425017
2006-04-12,11130,11130.0000,597.4,18.63073318
2006-04-13,11137.7,11137.7000,595.9,18.69055211
2006-04-17,11073.8,11073.8000,614.6,18.01789782
2006-04-18,11268.8,11268.8000,620.3,18.16669354
2006-04-19,11278.8,11278.8000,634.8,17.76748582
2006-04-20,11342.9,11342.9000,617.3,18.37502025
2006-04-21,11347.5,11347.5000,635.23,17.86360846
2006-04-24,11336.3,11336.3000,620.3,18.27551185
2006-04-25,11283.2,11283.2000,630.6,17.89280051
2006-04-26,11354.5,11354.5000,638.5,17.78308536
2006-04-27,11382.5,11382.5000,633.6,17.96480429
2006-04-28,11367.1,11367.1000,649.95,17.48919148
2006-05-01,11343.3,11343.3000,658.2,17.23381951
2006-05-02,11416.5,11416.5000,664.8,17.17283394
2006-05-03,11400.3,11400.3000,665.45,17.13171538
2006-05-04,11438.9,11438.9000,674.1,16.96914404
2006-05-05,11577.7,11577.7000,682.1,16.97361091
2006-05-08,11584.5,11584.5000,677.5,17.09889299
2006-05-09,11639.8,11639.8000,699.8,16.63303801
2006-05-10,11642.7,11642.7000,702.5,16.57323843
2006-05-11,11500.7,11500.7000,720.3,15.96654172
2006-05-12,11381,11381.0000,709.9,16.03183547
2006-05-15,11428.8,11428.8000,680.9,16.78484359
2006-05-16,11419.9,11419.9000,692.6,16.48844932
2006-05-17,11205.6,11205.6000,687.1,16.30854315
2006-05-18,11128.3,11128.3000,679.5,16.37718911
2006-05-19,11144,11144.0000,658.33,16.92768065
2006-05-22,11125.3,11125.3000,656.2,16.95412984
2006-05-23,11098.3,11098.3000,674,16.46632047
2006-05-24,11117.3,11117.3000,638.3,17.41704528
2006-05-25,11211,11211.0000,648.58,17.28545438
2006-05-26,11278.6,11278.6000,651.8,17.30377416
2006-05-30,11094.4,11094.4000,654.25,16.95743217
2006-05-31,11168.3,11168.3000,644,17.34208075
2006-06-01,11260.3,11260.3000,627.7,17.93898359
2006-06-02,11247.9,11247.9000,635.3,17.70486384
2006-06-05,11048.7,11048.7000,643.2,17.17770522
2006-06-06,11002.1,11002.1000,629.3,17.48307643
2006-06-07,10930.9,10930.9000,627.6,17.41698534
2006-06-08,10938.8,10938.8000,610.5,17.91777232
2006-06-09,10891.9,10891.9000,606.95,17.94530027
2006-06-12,10792.6,10792.6000,606.6,17.79195516
2006-06-13,10706.1,10706.1000,562.75,19.02461128
2006-06-14,10816.9,10816.9000,557.77,19.39311903
2006-06-15,11015.2,11015.2000,567.9,19.39637260
2006-06-16,11014.5,11014.5000,581,18.95783133
2006-06-19,10942.1,10942.1000,568.6,19.24393247
2006-06-20,10974.8,10974.8000,575.1,19.08328986
2006-06-21,11079.5,11079.5000,588.2,18.83628018
2006-06-22,11019.1,11019.1000,580.4,18.98535493
2006-06-23,10989.1,10989.1000,582.8,18.85569664
2006-06-26,11045.3,11045.3000,584.55,18.89538962
2006-06-27,10924.7,10924.7000,581.29,18.79388945
2006-06-28,10973.5,10973.5000,579.05,18.95086780
2006-06-29,11190.8,11190.8000,586.4,19.08390177
2006-06-30,11150.2,11150.2000,614.1,18.15697769
2006-07-03,11228,11228.0000,623.4,18.01090792
2006-07-05,11151.8,11151.8000,627.2,17.78029337
2006-07-06,11225.3,11225.3000,633.6,17.71669823
2006-07-07,11090.7,11090.7000,632.7,17.52916074
2006-07-10,11103.5,11103.5000,623.3,17.81405423
2006-07-11,11134.8,11134.8000,641.1,17.36827328
2006-07-12,11013.2,11013.2000,648.1,16.99305663
2006-07-13,10846.3,10846.3000,654.4,16.57441932
2006-07-14,10739.3,10739.3000,666.5,16.11297824
2006-07-17,10747.4,10747.4000,648.9,16.56249037
2006-07-18,10799.2,10799.2000,628.8,17.17430025
2006-07-19,11011.4,11011.4000,642.8,17.13036714
2006-07-20,10928.1,10928.1000,632,17.29129747
2006-07-21,10868.4,10868.4000,620,17.52967742
2006-07-24,11051,11051.0000,611.4,18.07491004
2006-07-25,11103.7,11103.7000,618,17.96715210
2006-07-26,11102.5,11102.5000,621.8,17.85541975
2006-07-27,11100.4,11100.4000,632.2,17.55836761
2006-07-28,11219.7,11219.7000,634.4,17.68552963
2006-07-31,11185.7,11185.7000,634.4,17.63193569
2006-08-01,11125.7,11125.7000,646.6,17.20646458
2006-08-02,11199.9,11199.9000,651.1,17.20150515
2006-08-03,11242.6,11242.6000,644.7,17.43849853
2006-08-04,11240.3,11240.3000,644.5,17.44034135
2006-08-07,11219.4,11219.4000,646.3,17.35943060
2006-08-08,11173.6,11173.6000,645.2,17.31804092
2006-08-09,11076.2,11076.2000,650.84,17.01831479
2006-08-10,11124.4,11124.4000,634.3,17.53807347
2006-08-11,11088,11088.0000,632.61,17.52738654
2006-08-14,11097.9,11097.9000,627.02,17.69943542
2006-08-15,11230.2,11230.2000,622.28,18.04685993
2006-08-16,11327.1,11327.1000,627.3,18.05691057
2006-08-17,11335,11335.0000,614.3,18.45189647
2006-08-18,11381.5,11381.5000,612,18.59722222
2006-08-21,11345,11345.0000,626.4,18.11143040
2006-08-22,11339.8,11339.8000,623.5,18.18732959
2006-08-23,11297.9,11297.9000,623.4,18.12303497
2006-08-24,11304.5,11304.5000,619.55,18.24630780
2006-08-25,11284,11284.0000,622.75,18.11963067
2006-08-28,11352,11352.0000,614.1,18.48558867
2006-08-29,11369.9,11369.9000,611.7,18.58737943
2006-08-30,11382.9,11382.9000,617.4,18.43683188
2006-08-31,11381.2,11381.2000,625.1,18.20700688
2006-09-01,11464.2,11464.2000,624.33,18.36240450
2006-09-05,11469.3,11469.3000,638.11,17.97386031
2006-09-06,11406.2,11406.2000,634.1,17.98801451
2006-09-07,11331.4,11331.4000,618,18.33559871
2006-09-08,11392.1,11392.1000,610.1,18.67251270
2006-09-11,11396.8,11396.8000,590.5,19.30025402
2006-09-12,11498.1,11498.1000,586.15,19.61630982
2006-09-13,11543.3,11543.3000,587.9,19.63480184
2006-09-14,11527.4,11527.4000,577.88,19.94774002
2006-09-15,11560.8,11560.8000,577.9,20.00484513
2006-09-18,11555,11555.0000,586.3,19.70834044
2006-09-19,11540.9,11540.9000,573.9,20.10960098
2006-09-20,11613.2,11613.2000,580.6,20.00206683
2006-09-21,11533.2,11533.2000,584.3,19.73849050
2006-09-22,11508.1,11508.1000,588.5,19.55497026
2006-09-25,11575.8,11575.8000,590.2,19.61335141
2006-09-26,11669.4,11669.4000,590.2,19.77194171
2006-09-27,11689.2,11689.2000,600,19.48200000
2006-09-28,11718.5,11718.5000,605,19.36942149
2006-09-29,11679.1,11679.1000,598.6,19.51069161
2006-10-02,11670.3,11670.3000,597.55,19.53024851
2006-10-03,11727.3,11727.3000,576,20.35989583
2006-10-04,11850.6,11850.6000,563.55,21.02848017
2006-10-05,11866.7,11866.7000,571.75,20.75505028
2006-10-06,11850.2,11850.2000,572.95,20.68278209
2006-10-09,11857.8,11857.8000,576.9,20.55434217
2006-10-10,11867.2,11867.2000,573,20.71064572
2006-10-11,11852.1,11852.1000,572.1,20.71683272
2006-10-12,11947.7,11947.7000,576,20.74253472
2006-10-13,11960.5,11960.5000,589.2,20.29955872
2006-10-16,11980.6,11980.6000,595.4,20.12193483
2006-10-17,11950,11950.0000,589.63,20.26694707
2006-10-18,11992.7,11992.7000,587.1,20.42701414
2006-10-19,12011.7,12011.7000,598.5,20.06967419
2006-10-20,12002.4,12002.4000,592.2,20.26747720
2006-10-23,12116.9,12116.9000,580.1,20.88760559
2006-10-24,12127.9,12127.9000,584,20.76695205
2006-10-25,12134.7,12134.7000,587.8,20.64426676
2006-10-26,12163.7,12163.7000,594.9,20.44662969
2006-10-27,12090.2,12090.2000,597.6,20.23125837
2006-10-30,12086.5,12086.5000,604.2,20.00413770
2006-10-31,12080.7,12080.7000,605.4,19.95490585
2006-11-01,12031,12031.0000,618.68,19.44624038
2006-11-02,12018.5,12018.5000,624.54,19.24376341
2006-11-03,11986,11986.0000,627.1,19.11337905
2006-11-06,12105.5,12105.5000,623.4,19.41851139
2006-11-07,12156.8,12156.8000,626.5,19.40430966
2006-11-08,12176.5,12176.5000,614.9,19.80240690
2006-11-09,12103.3,12103.3000,634.6,19.07232903
2006-11-10,12108.4,12108.4000,627.7,19.29010674
2006-11-13,12131.9,12131.9000,625.1,19.40793473
2006-11-14,12218,12218.0000,622.7,19.62100530
2006-11-15,12251.7,12251.7000,623,19.66565008
2006-11-16,12305.8,12305.8000,621.2,19.80972312
2006-11-17,12342.5,12342.5000,621.3,19.86560438
2006-11-20,12316.5,12316.5000,620.8,19.83972294
2006-11-21,12321.6,12321.6000,627.9,19.62350693
2006-11-22,12327,12327.0000,629.35,19.58687535
2006-11-24,12280.2,12280.2000,637.7,19.25701741
2006-11-27,12121.7,12121.7000,641.4,18.89881509
2006-11-28,12136.5,12136.5000,638.2,19.01676590
2006-11-29,12226.7,12226.7000,635.7,19.23344345
2006-11-30,12221.9,12221.9000,646.25,18.91203095
2006-12-01,12194.1,12194.1000,645.75,18.88362369
2006-12-04,12283.8,12283.8000,645.2,19.03874768
2006-12-05,12331.6,12331.6000,643.3,19.16928338
2006-12-06,12309.2,12309.2000,629.1,19.56636465
2006-12-07,12278.4,12278.4000,631.2,19.45247148
2006-12-08,12307.5,12307.5000,626.1,19.65740297
2006-12-11,12328.5,12328.5000,629.25,19.59237187
2006-12-12,12315.6,12315.6000,626.6,19.65464411
2006-12-13,12317.5,12317.5000,627.75,19.62166468
2006-12-14,12416.8,12416.8000,626.35,19.82406003
2006-12-15,12445.5,12445.5000,615,20.23658537
2006-12-18,12441.3,12441.3000,615.3,20.21989274
2006-12-19,12471.3,12471.3000,621.8,20.05677067
2006-12-20,12463.9,12463.9000,621.45,20.05615898
2006-12-21,12421.2,12421.2000,618,20.09902913
2006-12-22,12343.2,12343.2000,620.3,19.89875867
2006-12-26,12407.6,12407.6000,623.9,19.88716140
2006-12-27,12510.6,12510.6000,627.35,19.94197816
2006-12-28,12501.5,12501.5000,633.5,19.73401736
2006-12-29,12463.2,12463.2000,635.7,19.60547428
2007-01-03,12474.5,12474.5000,627.7,19.87334714
2007-01-04,12480.7,12480.7000,624.08,19.99855788
2007-01-05,12398,12398.0000,606.3,20.44862279
2007-01-08,12423.5,12423.5000,607.4,20.45357260
2007-01-09,12416.6,12416.6000,613,20.25546493
2007-01-10,12442.2,12442.2000,611.8,20.33703825
2007-01-11,12515,12515.0000,613.23,20.40832966
2007-01-12,12556.1,12556.1000,625.9,20.06087234
2007-01-16,12582.6,12582.6000,623.6,20.17735728
2007-01-17,12577.2,12577.2000,631.98,19.90126270
2007-01-18,12567.9,12567.9000,627.1,20.04130123
2007-01-19,12565.5,12565.5000,635,19.78818898
2007-01-22,12477.2,12477.2000,632.9,19.71433086
2007-01-23,12533.8,12533.8000,645.4,19.42020452
2007-01-24,12621.8,12621.8000,647.6,19.49011736
2007-01-25,12502.5,12502.5000,647.9,19.29695941
2007-01-26,12487,12487.0000,644.4,19.37771570
2007-01-29,12490.8,12490.8000,642,19.45607477
2007-01-30,12523.3,12523.3000,644.73,19.42410001
2007-01-31,12621.7,12621.7000,652.1,19.35546695
2007-02-01,12673.7,12673.7000,657.6,19.27265815
2007-02-02,12653.5,12653.5000,646.4,19.57534035
2007-02-05,12661.7,12661.7000,650.15,19.47504422
2007-02-06,12666.3,12666.3000,652.45,19.41344164
2007-02-07,12666.9,12666.9000,651.75,19.43521289
2007-02-08,12637.6,12637.6000,658.9,19.17984520
2007-02-09,12580.8,12580.8000,667.3,18.85328938
2007-02-12,12552.5,12552.5000,663.15,18.92859836
2007-02-13,12654.8,12654.8000,663.55,19.07135860
2007-02-14,12741.9,12741.9000,667.7,19.08327093
2007-02-15,12765,12765.0000,667.8,19.11500449
2007-02-16,12767.6,12767.6000,667.8,19.11889787
2007-02-20,12786.6,12786.6000,657.4,19.45025859
2007-02-21,12738.4,12738.4000,678,18.78820059
2007-02-22,12686,12686.0000,677.93,18.71284646
2007-02-23,12647.5,12647.5000,681.7,18.55288250
2007-02-26,12632.2,12632.2000,685.5,18.42771699
2007-02-27,12216.2,12216.2000,676.5,18.05794531
2007-02-28,12268.6,12268.6000,669.3,18.33049455
2007-03-01,12234.3,12234.3000,663.95,18.42653814
2007-03-02,12114.1,12114.1000,642.63,18.85081618
2007-03-05,12050.4,12050.4000,638.3,18.87889707
2007-03-06,12207.6,12207.6000,645,18.92651163
2007-03-07,12192.5,12192.5000,650.15,18.75336461
2007-03-08,12260.7,12260.7000,651.7,18.81341108
2007-03-09,12276.3,12276.3000,647.9,18.94783146
2007-03-12,12318.6,12318.6000,649.5,18.96628176
2007-03-13,12076,12076.0000,644,18.75155280
2007-03-14,12133.4,12133.4000,642.8,18.87585563
2007-03-15,12159.7,12159.7000,646,18.82306502
2007-03-16,12110.4,12110.4000,652,18.57423313
2007-03-19,12226.2,12226.2000,653.3,18.71452625
2007-03-20,12288.1,12288.1000,657.9,18.67776258
2007-03-21,12447.5,12447.5000,662.3,18.79435301
2007-03-22,12461.1,12461.1000,663.4,18.78369008
2007-03-23,12481,12481.0000,657.1,18.99406483
2007-03-26,12469.1,12469.1000,663,18.80708899
2007-03-27,12397.3,12397.3000,662.1,18.72421084
2007-03-28,12300.4,12300.4000,665.55,18.48155661
2007-03-29,12348.8,12348.8000,660.75,18.68906546
2007-03-30,12354.3,12354.3000,663.4,18.62270124
2007-04-02,12382.3,12382.3000,664.65,18.62980516
2007-04-03,12510.3,12510.3000,663.95,18.84223210
2007-04-04,12530,12530.0000,672.6,18.62920012
2007-04-05,12560.2,12560.2000,673.83,18.64001306
2007-04-09,12569.1,12569.1000,672,18.70401786
2007-04-10,12573.8,12573.8000,676.2,18.59479444
2007-04-11,12484.6,12484.6000,675.7,18.47654284
2007-04-12,12553,12553.0000,674.9,18.59979256
2007-04-13,12612.1,12612.1000,684.1,18.43604736
2007-04-16,12720.5,12720.5000,689.65,18.44486334
2007-04-17,12773,12773.0000,686.8,18.59784508
2007-04-18,12803.8,12803.8000,687.7,18.61829286
2007-04-19,12808.6,12808.6000,682.7,18.76168156
2007-04-20,12962,12962.0000,692.3,18.72309692
2007-04-23,12919.4,12919.4000,690.3,18.71563089
2007-04-24,12953.9,12953.9000,683.2,18.96062646
2007-04-25,13089.9,13089.9000,683.9,19.14007896
2007-04-26,13105.5,13105.5000,674.2,19.43859389
2007-04-27,13120.9,13120.9000,680.1,19.29260403
2007-04-30,13062.9,13062.9000,680.6,19.19321187
2007-05-01,13136.1,13136.1000,674.25,19.48253615
2007-05-02,13211.9,13211.9000,671.9,19.66349159
2007-05-03,13241.4,13241.4000,680.7,19.45262230
2007-05-04,13264.6,13264.6000,686.7,19.31644095
2007-05-07,13313,13313.0000,688,19.35029070
2007-05-08,13309.1,13309.1000,684.95,19.43076137
2007-05-09,13362.9,13362.9000,680.1,19.64843405
2007-05-10,13215.1,13215.1000,666.7,19.82165892
2007-05-11,13326.2,13326.2000,670.5,19.87501864
2007-05-14,13346.8,13346.8000,667.7,19.98921671
2007-05-15,13383.8,13383.8000,672.6,19.89860244
2007-05-16,13487.5,13487.5000,660.7,20.41395490
2007-05-17,13476.7,13476.7000,657,20.51248097
2007-05-18,13556.5,13556.5000,661.1,20.50597489
2007-05-21,13542.9,13542.9000,662.68,20.43656063
2007-05-22,13540,13540.0000,658.2,20.57125494
2007-05-23,13525.7,13525.7000,660.9,20.46557724
2007-05-24,13441.1,13441.1000,654.4,20.53957824
2007-05-25,13507.3,13507.3000,654.7,20.63128150
2007-05-29,13521.3,13521.3000,656.3,20.60231601
2007-05-30,13633.1,13633.1000,652.8,20.88403799
2007-05-31,13627.6,13627.6000,660.5,20.63224830
2007-06-01,13668.1,13668.1000,670.9,20.37278283
2007-06-04,13676.3,13676.3000,670.5,20.39716629
2007-06-05,13595.5,13595.5000,669.75,20.29936543
2007-06-06,13465.7,13465.7000,668.5,20.14315632
2007-06-07,13266.7,13266.7000,658.9,20.13461830
2007-06-08,13424.4,13424.4000,647.2,20.74227441
2007-06-11,13425,13425.0000,654.3,20.51811096
2007-06-12,13295,13295.0000,649.95,20.45541965
2007-06-13,13482.3,13482.3000,648.88,20.77780175
2007-06-14,13553.7,13553.7000,651.6,20.80064457
2007-06-15,13639.5,13639.5000,655.05,20.82207465
2007-06-18,13613,13613.0000,656.2,20.74519963
2007-06-19,13635.4,13635.4000,661.5,20.61284958
2007-06-20,13489.4,13489.4000,656,20.56310976
2007-06-21,13545.8,13545.8000,651.6,20.78852056
2007-06-22,13360.2,13360.2000,653,20.45972435
2007-06-25,13352,13352.0000,651.6,20.49109883
2007-06-26,13337.7,13337.7000,643,20.74292379
2007-06-27,13427.7,13427.7000,642.6,20.89589169
2007-06-28,13422.3,13422.3000,648.4,20.70064775
2007-06-29,13408.6,13408.6000,649.7,20.63814068
2007-07-02,13535.4,13535.4000,656.9,20.60496270
2007-07-03,13577.3,13577.3000,652.5,20.80812261
2007-07-05,13565.8,13565.8000,648.85,20.90745165
2007-07-06,13611.7,13611.7000,653.5,20.82892119
2007-07-09,13650,13650.0000,660.75,20.65834279
2007-07-10,13501.7,13501.7000,662.8,20.37070006
2007-07-11,13577.9,13577.9000,660.2,20.56634353
2007-07-12,13861.7,13861.7000,667.1,20.77904362
2007-07-13,13907.2,13907.2000,666.3,20.87227975
2007-07-16,13951,13951.0000,663.9,21.01370688
2007-07-17,13971.5,13971.5000,665.18,21.00408912
2007-07-18,13918.2,13918.2000,673.1,20.67775962
2007-07-19,14000.4,14000.4000,676.85,20.68464209
2007-07-20,13851.1,13851.1000,683.5,20.26495977
2007-07-23,13943.4,13943.4000,680.65,20.48541835
2007-07-24,13717,13717.0000,682.8,20.08933802
2007-07-25,13785.1,13785.1000,672.1,20.51048951
2007-07-26,13473.6,13473.6000,663.1,20.31910722
2007-07-27,13265.5,13265.5000,660.15,20.09467545
2007-07-30,13358.3,13358.3000,664.53,20.10187651
2007-07-31,13212,13212.0000,665.95,19.83932728
2007-08-01,13362.4,13362.4000,664.2,20.11803674
2007-08-02,13463.3,13463.3000,665.2,20.23947685
2007-08-03,13181.9,13181.9000,673.2,19.58095663
2007-08-06,13468.8,13468.8000,671.1,20.06973625
2007-08-07,13504.3,13504.3000,671.23,20.11873724
2007-08-08,13657.9,13657.9000,674.33,20.25402993
2007-08-09,13270.7,13270.7000,661.9,20.04940323
2007-08-10,13239.5,13239.5000,671.5,19.71630678
2007-08-13,13236.5,13236.5000,669.75,19.76334453
2007-08-14,13028.9,13028.9000,667.9,19.50726157
2007-08-15,12861.5,12861.5000,668.68,19.23416283
2007-08-16,12845.8,12845.8000,648.6,19.80542707
2007-08-17,13079.1,13079.1000,656.9,19.91033643
2007-08-20,13121.3,13121.3000,656.2,19.99588540
2007-08-21,13090.9,13090.9000,656.5,19.94044174
2007-08-22,13236.1,13236.1000,659.4,20.07294510
2007-08-23,13235.9,13235.9000,659.45,20.07111987
2007-08-24,13378.9,13378.9000,667.7,20.03729220
2007-08-27,13322.1,13322.1000,666.9,19.97615834
2007-08-28,13041.8,13041.8000,664.63,19.62264719
2007-08-29,13289.3,13289.3000,666.2,19.94791354
2007-08-30,13238.7,13238.7000,664.5,19.92279910
2007-08-31,13357.7,13357.7000,672.5,19.86275093
2007-09-04,13448.9,13448.9000,681.93,19.72181896
2007-09-05,13305.5,13305.5000,681.5,19.52384446
2007-09-06,13363.3,13363.3000,694.25,19.24854159
2007-09-07,13113.4,13113.4000,700.7,18.71471386
2007-09-10,13127.8,13127.8000,702.3,18.69258152
2007-09-11,13308.4,13308.4000,712.2,18.68632407
2007-09-12,13291.7,13291.7000,711.4,18.68386281
2007-09-13,13424.9,13424.9000,708.5,18.94834157
2007-09-14,13442.5,13442.5000,708.15,18.98256019
2007-09-17,13403.4,13403.4000,715.1,18.74339253
2007-09-18,13739.4,13739.4000,715.88,19.19232274
2007-09-19,13815.5,13815.5000,721.5,19.14830215
2007-09-20,13766.7,13766.7000,733.4,18.77106627
2007-09-21,13820.2,13820.2000,732.1,18.87747575
2007-09-24,13759,13759.0000,731.68,18.80466871
2007-09-25,13778.7,13778.7000,730.3,18.86717787
2007-09-26,13878.2,13878.2000,728.6,19.04776283
2007-09-27,13912.9,13912.9000,733.5,18.96782549
2007-09-28,13895.6,13895.6000,744.8,18.65682062
2007-10-01,14087.5,14087.5000,746.85,18.86255607
2007-10-02,14047.3,14047.3000,731.25,19.20998291
2007-10-03,13968,13968.0000,729.75,19.14080164
2007-10-04,13974.3,13974.3000,736.6,18.97135487
2007-10-05,14066,14066.0000,741.5,18.96965610
2007-10-08,14043.7,14043.7000,732.4,19.17490442
2007-10-09,14164.5,14164.5000,736.75,19.22565321
2007-10-10,14078.7,14078.7000,739.15,19.04714875
2007-10-11,14015.1,14015.1000,751.1,18.65943283
2007-10-12,14093.1,14093.1000,748.3,18.83348924
2007-10-15,13984.8,13984.8000,758.08,18.44765724
2007-10-16,13912.9,13912.9000,757.7,18.36201663
2007-10-17,13892.5,13892.5000,756,18.37632275
2007-10-18,13889,13889.0000,764,18.17931937
2007-10-19,13522,13522.0000,765.3,17.66888802
2007-10-22,13567,13567.0000,753.9,17.99575541
2007-10-23,13676.2,13676.2000,758.55,18.02939819
2007-10-24,13675.2,13675.2000,761.2,17.96531792
2007-10-25,13671.9,13671.9000,767.48,17.81401470
2007-10-26,13806.7,13806.7000,784.05,17.60946368
2007-10-29,13870.2,13870.2000,791,17.53501896
2007-10-30,13792.5,13792.5000,781.7,17.64423692
2007-10-31,13930,13930.0000,795.3,17.51540299
2007-11-01,13567.9,13567.9000,790.43,17.16521387
2007-11-02,13595.1,13595.1000,804.9,16.89042117
2007-11-05,13543.4,13543.4000,808.5,16.75126778
2007-11-06,13660.9,13660.9000,820.9,16.64136923
2007-11-07,13300,13300.0000,831.6,15.99326599
2007-11-08,13266.3,13266.3000,832.5,15.93549550
2007-11-09,13042.7,13042.7000,832.6,15.66502522
2007-11-12,12987.5,12987.5000,801.33,16.20743015
2007-11-13,13307.1,13307.1000,796.5,16.70696798
2007-11-14,13231,13231.0000,811.6,16.30236570
2007-11-15,13110,13110.0000,786.1,16.67726752
2007-11-16,13176.8,13176.8000,786.4,16.75584944
2007-11-19,12958.4,12958.4000,778.2,16.65176047
2007-11-20,13010.1,13010.1000,793.7,16.39170971
2007-11-21,12799,12799.0000,799.9,16.00075009
2007-11-23,12980.9,12980.9000,822.65,15.77937154
2007-11-26,12743.4,12743.4000,824,15.46529126
2007-11-27,12958.4,12958.4000,812.62,15.94644483
2007-11-28,13289.5,13289.5000,803.36,16.54239693
2007-11-29,13311.7,13311.7000,794.98,16.74469798
2007-11-30,13371.7,13371.7000,784.46,17.04573847
2007-12-03,13314.6,13314.6000,789.62,16.86203490
2007-12-04,13248.7,13248.7000,802.4,16.51134098
2007-12-05,13445,13445.0000,796.89,16.87183928
2007-12-06,13619.9,13619.9000,802.93,16.96274893
2007-12-07,13625.6,13625.6000,795.4,17.13050038
2007-12-10,13727,13727.0000,807.7,16.99517147
2007-12-11,13432.8,13432.8000,811.82,16.54652509
2007-12-12,13473.9,13473.9000,813.71,16.55860196
2007-12-13,13518,13518.0000,797.86,16.94282205
2007-12-14,13339.8,13339.8000,792.72,16.82788374
2007-12-17,13167.2,13167.2000,793.98,16.58379304
2007-12-18,13232.5,13232.5000,802.64,16.48622047
2007-12-19,13207.3,13207.3000,800.48,16.49922546
2007-12-20,13245.6,13245.6000,797.44,16.61015249
2007-12-21,13450.7,13450.7000,811.4,16.57715060
2007-12-24,13549.3,13549.3000,812.32,16.67975675
2007-12-26,13551.7,13551.7000,825.04,16.42550664
2007-12-27,13359.6,13359.6000,827.26,16.14921548
2007-12-28,13365.9,13365.9000,839.03,15.93018128
2007-12-31,13264.8,13264.8000,833.15,15.92126268
2008-01-02,13044,13044.0000,856.34,15.23226756
2008-01-03,13056.7,13056.7000,863.9,15.11367056
2008-01-04,12800.2,12800.2000,861.2,14.86321412
2008-01-07,12827.5,12827.5000,859.3,14.92784825
2008-01-08,12589.1,12589.1000,878.22,14.33479083
2008-01-09,12735.3,12735.3000,878.13,14.50275016
2008-01-10,12853.1,12853.1000,890.7,14.43033569
2008-01-11,12606.3,12606.3000,895.82,14.07235829
2008-01-14,12778.2,12778.2000,902,14.16651885
2008-01-15,12501.1,12501.1000,900.03,13.88964812
2008-01-16,12466.2,12466.2000,885.01,14.08594253
2008-01-17,12159.2,12159.2000,878.94,13.83393633
2008-01-18,12099.3,12099.3000,882.3,13.71336280
2008-01-22,11971.2,11971.2000,889.4,13.45986058
2008-01-23,12270.2,12270.2000,880.4,13.93707406
2008-01-24,12378.6,12378.6000,909.2,13.61482622
2008-01-25,12207.2,12207.2000,909.88,13.41627467
2008-01-28,12383.9,12383.9000,927,13.35911543
2008-01-29,12480.3,12480.3000,922.8,13.52438231
2008-01-30,12442.8,12442.8000,919.2,13.53655352
2008-01-31,12650.4,12650.4000,925.7,13.66576645
2008-02-01,12743.2,12743.2000,905.98,14.06565266
2008-02-04,12635.2,12635.2000,903.9,13.97853745
2008-02-05,12265.1,12265.1000,888.6,13.80272339
2008-02-06,12200.1,12200.1000,901.5,13.53311148
2008-02-07,12247,12247.0000,908.8,13.47601232
2008-02-08,12182.1,12182.1000,918.58,13.26188247
2008-02-11,12240,12240.0000,922.62,13.26656695
2008-02-12,12373.4,12373.4000,907.7,13.63159634
2008-02-13,12552.2,12552.2000,906.98,13.83955545
2008-02-14,12377,12377.0000,907.7,13.63556241
2008-02-15,12348.2,12348.2000,904.2,13.65649193
2008-02-19,12337.2,12337.2000,926.9,13.31017370
2008-02-20,12427.2,12427.2000,933.58,13.31133915
2008-02-21,12284.3,12284.3000,945.2,12.99650868
2008-02-22,12381,12381.0000,943.2,13.12659033
2008-02-25,12570.2,12570.2000,937.64,13.40621134
2008-02-26,12684.9,12684.9000,946.8,13.39765526
2008-02-27,12694.3,12694.3000,956.6,13.27022789
2008-02-28,12582.2,12582.2000,969.45,12.97869926
2008-02-29,12266.4,12266.4000,970.4,12.64056059
2008-03-03,12258.9,12258.9000,982.55,12.47661697
2008-03-04,12213.8,12213.8000,959.73,12.72628760
2008-03-05,12255,12255.0000,985.6,12.43405032
2008-03-06,12040.4,12040.4000,978.1,12.30998875
2008-03-07,11893.7,11893.7000,971.54,12.24211046
2008-03-10,11740.2,11740.2000,972,12.07839506
2008-03-11,12156.8,12156.8000,969,12.54571723
2008-03-12,12110.2,12110.2000,981.4,12.33971877
2008-03-13,12145.7,12145.7000,992.98,12.23156559
2008-03-14,11951.1,11951.1000,998.9,11.96426069
2008-03-17,11972.2,11972.2000,1004.2,11.92212707
2008-03-18,12392.7,12392.7000,987.8,12.54575825
2008-03-19,12099.7,12099.7000,943.81,12.82005912
2008-03-20,12361.3,12361.3000,914.46,13.51759508
2008-03-24,12548.6,12548.6000,912.21,13.75626226
2008-03-25,12532.6,12532.6000,935.8,13.39239154
2008-03-26,12422.9,12422.9000,950.14,13.07481003
2008-03-27,12302.5,12302.5000,948.48,12.97075321
2008-03-28,12216.4,12216.4000,931.53,13.11433878
2008-03-31,12262.9,12262.9000,913.2,13.42849321
2008-04-01,12654.4,12654.4000,882.89,14.33292936
2008-04-02,12605.8,12605.8000,898.05,14.03685764
2008-04-03,12626,12626.0000,904.69,13.95616178
2008-04-04,12609.4,12609.4000,908.36,13.88150073
2008-04-07,12612.4,12612.4000,923.67,13.65466021
2008-04-08,12576.4,12576.4000,913.6,13.76576182
2008-04-09,12527.2,12527.2000,934.6,13.40380912
2008-04-10,12582,12582.0000,928,13.55818966
2008-04-11,12325.4,12325.4000,924.93,13.32576519
2008-04-14,12302,12302.0000,924.44,13.30751590
2008-04-15,12362.5,12362.5000,928.52,13.31419894
2008-04-16,12619.3,12619.3000,943.06,13.38122707
2008-04-17,12620.5,12620.5000,939.14,13.43835850
2008-04-18,12849.4,12849.4000,916.2,14.02466710
2008-04-21,12825,12825.0000,914.78,14.01976431
2008-04-22,12720.2,12720.2000,921.53,13.80334878
2008-04-23,12763.2,12763.2000,905.83,14.09006105
2008-04-24,12849,12849.0000,886.92,14.48721418
2008-04-25,12891.9,12891.9000,888.9,14.50320621
2008-04-28,12871.8,12871.8000,892.68,14.41927678
2008-04-29,12831.9,12831.9000,874.2,14.67844887
2008-04-30,12820.1,12820.1000,866.18,14.80073426
2008-05-01,13010,13010.0000,850,15.30588235
2008-05-02,13058.2,13058.2000,856.65,15.24333158
2008-05-05,12969.5,12969.5000,872.5,14.86475645
2008-05-06,13020.8,13020.8000,877.32,14.84156294
2008-05-07,12814.3,12814.3000,870.96,14.71284560
2008-05-08,12866.8,12866.8000,881.42,14.59780808
2008-05-09,12745.9,12745.9000,886.3,14.38102223
2008-05-12,12876.3,12876.3000,884.5,14.55771622
2008-05-13,12832.2,12832.2000,866.4,14.81094183
2008-05-14,12898.4,12898.4000,865.68,14.89973200
2008-05-15,12992.7,12992.7000,881.75,14.73512900
2008-05-16,12986.8,12986.8000,900.6,14.42016433
2008-05-19,13028.2,13028.2000,905.2,14.39262042
2008-05-20,12828.7,12828.7000,919.33,13.95440158
2008-05-21,12601.2,12601.2000,928.1,13.57741623
2008-05-22,12625.6,12625.6000,918.8,13.74140183
2008-05-23,12479.6,12479.6000,925.29,13.48723103
2008-05-27,12548.3,12548.3000,905.82,13.85297300
2008-05-28,12594,12594.0000,900.65,13.98323433
2008-05-29,12646.2,12646.2000,877.94,14.40440121
2008-05-30,12638.3,12638.3000,886.96,14.24900785
2008-06-02,12503.8,12503.8000,892.2,14.01457072
2008-06-03,12402.8,12402.8000,882.75,14.05018408
2008-06-04,12390.5,12390.5000,881.55,14.05535704
2008-06-05,12604.5,12604.5000,873.3,14.43318447
2008-06-06,12209.8,12209.8000,895.7,13.63157307
2008-06-09,12280.3,12280.3000,895.83,13.70829287
2008-06-10,12289.8,12289.8000,869.51,14.13416752
2008-06-11,12083.8,12083.8000,881.2,13.71289151
2008-06-12,12141.6,12141.6000,870.15,13.95345630
2008-06-13,12307.3,12307.3000,870.4,14.13982077
2008-06-16,12269.1,12269.1000,882.65,13.90030023
2008-06-17,12160.3,12160.3000,883.7,13.76066538
2008-06-18,12029,12029.0000,894.4,13.44923971
2008-06-19,12063.1,12063.1000,902.8,13.36187417
2008-06-20,11842.7,11842.7000,901.13,13.14205498
2008-06-23,11842.4,11842.4000,882.56,13.41823785
2008-06-24,11807.4,11807.4000,887.55,13.30336319
2008-06-25,11811.8,11811.8000,880.14,13.42036494
2008-06-26,11453.4,11453.4000,911.83,12.56089403
2008-06-27,11346.5,11346.5000,929.69,12.20460584
2008-06-30,11350,11350.0000,927.4,12.23851628
2008-07-01,11382.2,11382.2000,940.88,12.09739818
2008-07-02,11215.5,11215.5000,941.95,11.90668294
2008-07-03,11288.5,11288.5000,932.36,12.10744777
2008-07-07,11232,11232.0000,927.7,12.10736229
2008-07-08,11384.2,11384.2000,922.04,12.34675285
2008-07-09,11147.4,11147.4000,926.4,12.03303109
2008-07-10,11229,11229.0000,940.62,11.93787077
2008-07-11,11100.5,11100.5000,961.96,11.53946110
2008-07-14,11055.2,11055.2000,972.48,11.36804870
2008-07-15,10962.5,10962.5000,975.76,11.23483234
2008-07-16,11239.3,11239.3000,962.36,11.67889355
2008-07-17,11446.7,11446.7000,964.58,11.86703021
2008-07-18,11496.6,11496.6000,954,12.05094340
2008-07-21,11467.3,11467.3000,963.63,11.90010689
2008-07-22,11602.5,11602.5000,948.6,12.23118280
2008-07-23,11632.4,11632.4000,923.35,12.59803975
2008-07-24,11349.3,11349.3000,922.65,12.30076410
2008-07-25,11370.7,11370.7000,927.97,12.25330560
2008-07-28,11131.1,11131.1000,928.85,11.98374334
2008-07-29,11397.5,11397.5000,916.48,12.43616882
2008-07-30,11583.7,11583.7000,906.09,12.78427088
2008-07-31,11378,11378.0000,913.2,12.45948314
2008-08-01,11326.3,11326.3000,909.64,12.45140935
2008-08-04,11284.2,11284.2000,896.57,12.58596652
2008-08-05,11615.8,11615.8000,877.65,13.23511650
2008-08-06,11656.1,11656.1000,876.9,13.29239366
2008-08-07,11431.4,11431.4000,870.78,13.12777050
2008-08-08,11734.3,11734.3000,857.1,13.69070120
2008-08-11,11782.3,11782.3000,820.15,14.36603060
2008-08-12,11642.5,11642.5000,813.3,14.31513587
2008-08-13,11533,11533.0000,827.45,13.93800230
2008-08-14,11615.9,11615.9000,810.8,14.32646769
2008-08-15,11659.9,11659.9000,785.28,14.84807967
2008-08-18,11479.4,11479.4000,801.5,14.32239551
2008-08-19,11348.5,11348.5000,810.14,14.00807268
2008-08-20,11417.4,11417.4000,810.1,14.09381558
2008-08-21,11430.2,11430.2000,834.2,13.70198993
2008-08-22,11628,11628.0000,827.43,14.05315253
2008-08-25,11386.2,11386.2000,820.78,13.87241405
2008-08-26,11412.9,11412.9000,824.3,13.84556593
2008-08-27,11502.5,11502.5000,826.1,13.92385910
2008-08-28,11715.2,11715.2000,831.06,14.09669579
2008-08-29,11543.5,11543.5000,830.25,13.90364348
2008-09-02,11516.9,11516.9000,807.75,14.25800062
2008-09-03,11532.9,11532.9000,802,14.38017456
2008-09-04,11188.2,11188.2000,800.18,13.98210403
2008-09-05,11221,11221.0000,801,14.00873908
2008-09-08,11510.7,11510.7000,800.49,14.37956751
2008-09-09,11230.7,11230.7000,784.55,14.31483016
2008-09-10,11268.9,11268.9000,761.2,14.80412507
2008-09-11,11433.7,11433.7000,744.86,15.35013291
2008-09-12,11422,11422.0000,760.22,15.02459814
2008-09-15,10917.5,10917.5000,782.12,13.95885542
2008-09-16,11059,11059.0000,780.9,14.16186452
2008-09-17,10609.7,10609.7000,863.46,12.28742501
2008-09-18,11019.7,11019.7000,894.73,12.31622948
2008-09-19,11388.4,11388.4000,858.5,13.26546302
2008-09-22,11015.7,11015.7000,900.84,12.22825363
2008-09-23,10854.2,10854.2000,888.65,12.21425758
2008-09-24,10825.2,10825.2000,887.2,12.20153291
2008-09-25,11022.1,11022.1000,873.34,12.62062885
2008-09-26,11143.1,11143.1000,884.2,12.60246551
2008-09-29,10365.5,10365.5000,899.8,11.51978217
2008-09-30,10850.7,10850.7000,872.02,12.44317791
2008-10-01,10831.1,10831.1000,883.8,12.25514822
2008-10-02,10482.8,10482.8000,840.35,12.47432617
2008-10-03,10325.4,10325.4000,830.55,12.43200289
2008-10-06,9955.5,9955.5000,865.15,11.50725308
2008-10-07,9447.11,9447.1100,879.9,10.73657234
2008-10-08,9258.1,9258.1000,897.2,10.31888096
2008-10-09,8579.19,8579.1900,882.98,9.71617704
2008-10-10,8451.19,8451.1900,840.28,10.05758795
2008-10-13,9387.61,9387.6100,834.89,11.24412797
2008-10-14,9310.99,9310.9900,841.9,11.05949638
2008-10-15,8577.91,8577.9100,840.03,10.21143293
2008-10-16,8979.26,8979.2600,803.83,11.17059577
2008-10-17,8852.22,8852.2200,788.45,11.22737016
2008-10-20,9265.43,9265.4300,794.26,11.66548737
2008-10-21,9033.66,9033.6600,771.83,11.70420948
2008-10-22,8519.21,8519.2100,726.12,11.73250978
2008-10-23,8691.25,8691.2500,714.65,12.16154761
2008-10-24,8378.95,8378.9500,733.42,11.42449074
2008-10-27,8175.77,8175.7700,734.42,11.13228126
2008-10-28,9065.12,9065.1200,743.9,12.18593897
2008-10-29,8990.96,8990.9600,752.38,11.95002525
2008-10-30,9180.69,9180.6900,739.13,12.42094084
2008-10-31,9325.01,9325.0100,724.93,12.86332473
2008-11-03,9319.83,9319.8300,725.15,12.85227884
2008-11-04,9625.28,9625.2800,757.85,12.70077192
2008-11-05,9139.27,9139.2700,743.17,12.29768424
2008-11-06,8695.79,8695.7900,733.32,11.85811106
2008-11-07,8943.81,8943.8100,733.64,12.19100649
2008-11-10,8870.54,8870.5400,749.27,11.83890987
2008-11-11,8693.96,8693.9600,735.6,11.81886895
2008-11-12,8282.66,8282.6600,716.1,11.56634548
2008-11-13,8835.25,8835.2500,715.35,12.35094709
2008-11-14,8497.31,8497.3100,743.45,11.42956487
2008-11-17,8273.58,8273.5800,741.58,11.15669247
2008-11-18,8424.75,8424.7500,734.6,11.46848625
2008-11-19,7997.28,7997.2800,738.83,10.82424915
2008-11-20,7552.29,7552.2900,750.67,10.06073241
2008-11-21,8046.42,8046.4200,795.3,10.11746511
2008-11-24,8443.39,8443.3900,818.88,10.31090025
2008-11-25,8479.47,8479.4700,818.26,10.36280644
2008-11-26,8726.61,8726.6100,811.79,10.74983678
2008-11-28,8829.04,8829.0400,817.9,10.79476709
2008-12-01,8149.09,8149.0900,774.28,10.52473265
2008-12-02,8419.09,8419.0900,781.35,10.77505599
2008-12-03,8591.69,8591.6900,768.34,11.18214592
2008-12-04,8376.24,8376.2400,768.35,10.90159433
2008-12-05,8635.42,8635.4200,755.83,11.42508236
2008-12-08,8934.18,8934.1800,771.4,11.58177340
2008-12-09,8691.33,8691.3300,774.47,11.22229396
2008-12-10,8761.42,8761.4200,806.48,10.86377840
2008-12-11,8565.09,8565.0900,822.75,10.41031905
2008-12-12,8629.68,8629.6800,818.84,10.53890870
2008-12-15,8564.53,8564.5300,837.25,10.22935802
2008-12-16,8924.14,8924.1400,841.4,10.60629903
2008-12-17,8824.34,8824.3400,867.45,10.17273618
2008-12-18,8604.99,8604.9900,856.25,10.04962336
2008-12-19,8579.11,8579.1100,839.36,10.22101363
2008-12-22,8519.69,8519.6900,843.98,10.09465864
2008-12-23,8419.49,8419.4900,838.82,10.03730240
2008-12-24,8468.48,8468.4800,847.53,9.99195309
2008-12-26,8515.55,8515.5500,864.55,9.84969059
2008-12-29,8483.93,8483.9300,875.38,9.69171103
2008-12-30,8668.39,8668.3900,870.15,9.96194909
2008-12-31,8776.39,8776.3900,879.05,9.98394858
2009-01-02,9034.69,9034.6900,876.34,10.30957163
2009-01-05,8952.89,8952.8900,859.91,10.41142678
2009-01-06,9015.1,9015.1000,864.55,10.42750564
2009-01-07,8769.7,8769.7000,840.95,10.42832511
2009-01-08,8742.46,8742.4600,853.95,10.23767199
2009-01-09,8599.18,8599.1800,856.52,10.03967216
2009-01-12,8473.97,8473.9700,823.25,10.29331309
2009-01-13,8448.56,8448.5600,821.24,10.28756515
2009-01-14,8200.14,8200.1400,810.06,10.12287979
2009-01-15,8212.49,8212.4900,812.87,10.10307921
2009-01-16,8281.22,8281.2200,839.28,9.86705271
2009-01-20,7949.09,7949.0900,852.53,9.32411763
2009-01-21,8228.1,8228.1000,852.08,9.65648765
2009-01-22,8122.8,8122.8000,860.32,9.44160312
2009-01-23,8077.56,8077.5600,895.88,9.01634147
2009-01-26,8116.03,8116.0300,906.7,8.95117459
2009-01-27,8174.73,8174.7300,899.07,9.09242884
2009-01-28,8375.45,8375.4500,890.05,9.41008932
2009-01-29,8149.01,8149.0100,904.5,9.00940851
2009-01-30,8000.86,8000.8600,928.08,8.62087320
2009-02-02,7936.75,7936.7500,904.93,8.77056789
2009-02-03,8078.36,8078.3600,892.93,9.04702496
2009-02-04,7956.66,7956.6600,901.3,8.82798180
2009-02-05,8063.07,8063.0700,913.9,8.82270489
2009-02-06,8280.59,8280.5900,913.3,9.06667032
2009-02-09,8270.87,8270.8700,894.15,9.24998043
2009-02-10,7888.88,7888.8800,913.1,8.63966707
2009-02-11,7939.53,7939.5300,942.38,8.42497719
2009-02-12,7932.76,7932.7600,951.3,8.33886261
2009-02-13,7850.41,7850.4100,939.76,8.35363284
2009-02-17,7552.6,7552.6000,969.7,7.78859441
2009-02-18,7555.63,7555.6300,980.11,7.70896124
2009-02-19,7465.95,7465.9500,974.3,7.66288617
2009-02-20,7365.67,7365.6700,997.37,7.38509279
2009-02-23,7114.78,7114.7800,993.84,7.15887869
2009-02-24,7350.94,7350.9400,967.23,7.59999173
2009-02-25,7270.89,7270.8900,963.28,7.54805456
2009-02-26,7182.08,7182.0800,938.99,7.64872895
2009-02-27,7062.93,7062.9300,938.96,7.52207762
2009-03-02,6763.29,6763.2900,937.42,7.21479166
2009-03-03,6726.02,6726.0200,913.28,7.36468553
2009-03-04,6875.84,6875.8400,905.04,7.59727747
2009-03-05,6594.44,6594.4400,927.08,7.11312940
2009-03-06,6626.94,6626.9400,940.1,7.04918626
2009-03-09,6547.05,6547.0500,916.36,7.14462657
2009-03-10,6926.49,6926.4900,897.09,7.72106478
2009-03-11,6930.4,6930.4000,906.94,7.64151984
2009-03-12,7170.06,7170.0600,923.36,7.76518368
2009-03-13,7223.98,7223.9800,928.13,7.78337086
2009-03-16,7216.97,7216.9700,922.62,7.82225618
2009-03-17,7395.7,7395.7000,916.33,8.07100062
2009-03-18,7486.58,7486.5800,932.7,8.02678246
2009-03-19,7400.8,7400.8000,956.68,7.73592006
2009-03-20,7278.38,7278.3800,952.94,7.63781560
2009-03-23,7775.86,7775.8600,950.66,8.17943324
2009-03-24,7660.21,7660.2100,929.5,8.24121571
2009-03-25,7749.81,7749.8100,935.54,8.28378263
2009-03-26,7924.56,7924.5600,938.41,8.44466704
2009-03-27,7776.18,7776.1800,922.8,8.42672302
2009-03-30,7522.02,7522.0200,915.86,8.21306750
2009-03-31,7608.92,7608.9200,922.58,8.24743654
2009-04-01,7761.6,7761.6000,925,8.39091892
2009-04-02,7978.08,7978.0800,906.56,8.80038828
2009-04-03,8017.59,8017.5900,895.91,8.94910203
2009-04-06,7975.85,7975.8500,869.9,9.16869755
2009-04-07,7789.56,7789.5600,882.11,8.83059936
2009-04-08,7837.11,7837.1100,883.84,8.86711396
2009-04-09,8083.38,8083.3800,881.65,9.16846821
2009-04-13,8057.81,8057.8100,891.4,9.03949966
2009-04-14,7920.18,7920.1800,890.6,8.89308331
2009-04-15,8029.62,8029.6200,891.25,9.00939130
2009-04-16,8125.43,8125.4300,878.05,9.25394909
2009-04-17,8131.33,8131.3300,866.59,9.38313389
2009-04-20,7841.73,7841.7300,884.35,8.86722452
2009-04-21,7969.56,7969.5600,881.05,9.04552523
2009-04-22,7886.57,7886.5700,891.3,8.84838999
2009-04-23,7957.06,7957.0600,905.46,8.78786473
2009-04-24,8076.29,8076.2900,911.8,8.85752358
2009-04-27,8025,8025.0000,907.14,8.84648456
2009-04-28,8016.95,8016.9500,891.05,8.99719432
2009-04-29,8185.73,8185.7300,899.57,9.09960314
2009-04-30,8168.12,8168.1200,890.85,9.16890610
2009-05-01,8212.41,8212.4100,885.5,9.27431959
2009-05-04,8426.74,8426.7400,901.7,9.34539204
2009-05-05,8410.65,8410.6500,901.92,9.32527275
2009-05-06,8512.28,8512.2800,908.6,9.36856703
2009-05-07,8409.85,8409.8500,910.88,9.23266512
2009-05-08,8574.65,8574.6500,914.65,9.37478817
2009-05-11,8418.77,8418.7700,912.47,9.22635265
2009-05-12,8469.11,8469.1100,922.93,9.17632973
2009-05-13,8284.89,8284.8900,926.1,8.94599935
2009-05-14,8331.32,8331.3200,927.3,8.98449261
2009-05-15,8268.64,8268.6400,928.3,8.90729290
2009-05-18,8504.08,8504.0800,920.17,9.24185748
2009-05-19,8474.85,8474.8500,926.57,9.14647571
2009-05-20,8422.04,8422.0400,938.68,8.97221630
2009-05-21,8292.13,8292.1300,951.45,8.71525566
2009-05-22,8277.32,8277.3200,957.95,8.64065974
2009-05-26,8473.49,8473.4900,952.9,8.89231819
2009-05-27,8300.02,8300.0200,950.8,8.72951199
2009-05-28,8403.8,8403.8000,959.44,8.75906779
2009-05-29,8500.33,8500.3300,975.92,8.71006845
2009-06-01,8721.44,8721.4400,979.62,8.90288071
2009-06-02,8740.87,8740.8700,980.9,8.91107146
2009-06-03,8675.24,8675.2400,963.36,9.00519017
2009-06-04,8750.24,8750.2400,980.3,8.92608385
2009-06-05,8763.13,8763.1300,960.82,9.12047002
2009-06-08,8764.49,8764.4900,950.4,9.22189604
2009-06-09,8763.06,8763.0600,953.87,9.18684936
2009-06-10,8739.02,8739.0200,948.86,9.21002045
2009-06-11,8770.92,8770.9200,959.3,9.14304180
2009-06-12,8799.26,8799.2600,939.5,9.36589675
2009-06-15,8612.13,8612.1300,927.06,9.28972235
2009-06-16,8504.67,8504.6700,932.56,9.11970275
2009-06-17,8497.18,8497.1800,936,9.07818376
2009-06-18,8555.6,8555.6000,932.58,9.17411911
2009-06-19,8539.73,8539.7300,934.1,9.14220105
2009-06-22,8339.01,8339.0100,921.21,9.05223565
2009-06-23,8322.91,8322.9100,924.25,9.00504193
2009-06-24,8299.86,8299.8600,936.29,8.86462528
2009-06-25,8472.4,8472.4000,938.4,9.02855925
2009-06-26,8438.39,8438.3900,940.05,8.97653316
2009-06-29,8529.38,8529.3800,940.05,9.07332589
2009-06-30,8447,8447.0000,926.68,9.11533647
2009-07-01,8504.06,8504.0600,941.26,9.03476191
2009-07-02,8280.74,8280.7400,931.2,8.89254725
2009-07-06,8324.87,8324.8700,923.9,9.01057474
2009-07-07,8163.6,8163.6000,927.65,8.80030184
2009-07-08,8178.41,8178.4100,908.3,9.00408455
2009-07-09,8183.17,8183.1700,915.5,8.93847078
2009-07-10,8146.52,8146.5200,913,8.92280394
2009-07-13,8331.68,8331.6800,919.4,9.06208397
2009-07-14,8359.49,8359.4900,923.93,9.04775254
2009-07-15,8616.21,8616.2100,940.36,9.16267174
2009-07-16,8711.82,8711.8200,935.55,9.31197691
2009-07-17,8743.94,8743.9400,938.28,9.31911583
2009-07-20,8848.15,8848.1500,949.32,9.32051363
2009-07-21,8915.94,8915.9400,947.8,9.40698460
2009-07-22,8881.26,8881.2600,952.9,9.32024347
2009-07-23,9069.29,9069.2900,951.04,9.53618144
2009-07-24,9093.24,9093.2400,952.25,9.54921502
2009-07-27,9108.51,9108.5100,953.6,9.55170931
2009-07-28,9096.72,9096.7200,937.7,9.70109843
2009-07-29,9070.72,9070.7200,927.18,9.78312733
2009-07-30,9154.46,9154.4600,935.22,9.78856312
2009-07-31,9171.61,9171.6100,953.9,9.61485481
2009-08-03,9286.56,9286.5600,956.99,9.70392585
2009-08-04,9320.19,9320.1900,963.65,9.67175842
2009-08-05,9280.97,9280.9700,965.92,9.60842513
2009-08-06,9256.26,9256.2600,958.65,9.65551557
2009-08-07,9370.07,9370.0700,954.9,9.81261912
2009-08-10,9337.95,9337.9500,944.73,9.88425264
2009-08-11,9241.45,9241.4500,946.11,9.76783883
2009-08-12,9361.61,9361.6100,949.42,9.86034632
2009-08-13,9398.19,9398.1900,955.17,9.83928515
2009-08-14,9321.4,9321.4000,946.22,9.85119740
2009-08-17,9135.34,9135.3400,935.78,9.76227318
2009-08-18,9217.94,9217.9400,937.84,9.82890472
2009-08-19,9279.16,9279.1600,944.34,9.82607959
2009-08-20,9350.05,9350.0500,940.62,9.94030533
2009-08-21,9505.96,9505.9600,953.08,9.97393713
2009-08-24,9509.28,9509.2800,943.18,10.08214763
2009-08-25,9539.29,9539.2900,943.6,10.10946376
2009-08-26,9543.52,9543.5200,945.05,10.09842865
2009-08-27,9580.63,9580.6300,947.39,10.11265688
2009-08-28,9544.2,9544.2000,956.97,9.97335340
2009-08-31,9496.28,9496.2800,951.92,9.97592235
2009-09-01,9310.6,9310.6000,954.73,9.75207650
2009-09-02,9280.67,9280.6700,975.82,9.51063721
2009-09-03,9344.61,9344.6100,994.46,9.39666754
2009-09-04,9441.27,9441.2700,991.78,9.51952046
2009-09-08,9497.34,9497.3400,998.32,9.51332238
2009-09-09,9547.22,9547.2200,993.94,9.60542890
2009-09-10,9627.48,9627.4800,996.9,9.65741800
2009-09-11,9605.41,9605.4100,1003.9,9.56809443
2009-09-14,9626.8,9626.8000,996.9,9.65673588
2009-09-15,9683.41,9683.4100,1009,9.59703667
2009-09-16,9791.71,9791.7100,1017.2,9.62614039
2009-09-17,9783.92,9783.9200,1014,9.64883629
2009-09-18,9820.2,9820.2000,1009.4,9.72874975
2009-09-21,9778.86,9778.8600,1003.2,9.74766746
2009-09-22,9829.87,9829.8700,1014.1,9.69319594
2009-09-23,9748.55,9748.5500,1012,9.63295455
2009-09-24,9707.44,9707.4400,992.52,9.78059888
2009-09-25,9665.19,9665.1900,990.91,9.75385252
2009-09-28,9789.36,9789.3600,992.05,9.86780908
2009-09-29,9742.2,9742.2000,993.9,9.80199215
2009-09-30,9712.28,9712.2800,1007.9,9.63615438
2009-10-01,9509.28,9509.2800,999.55,9.51356110
2009-10-02,9487.67,9487.6700,1002.4,9.46495411
2009-10-05,9599.75,9599.7500,1017.1,9.43835414
2009-10-06,9731.25,9731.2500,1037.5,9.37951807
2009-10-07,9725.58,9725.5800,1042.1,9.33267441
2009-10-08,9786.87,9786.8700,1056.3,9.26523715
2009-10-09,9864.94,9864.9400,1046.8,9.42390141
2009-10-12,9885.8,9885.8000,1058.05,9.34341477
2009-10-13,9871.06,9871.0600,1063.6,9.28080105
2009-10-14,10015.9,10015.9000,1064.6,9.40813451
2009-10-15,10062.9,10062.9000,1049.3,9.59010769
2009-10-16,9995.91,9995.9100,1052.35,9.49865539
2009-10-19,10092.2,10092.2000,1057.7,9.54164697
2009-10-20,10041.5,10041.5000,1055.6,9.51259947
2009-10-21,9949.36,9949.3600,1059.7,9.38884590
2009-10-22,10081.3,10081.3000,1059.1,9.51874233
2009-10-23,9972.18,9972.1800,1055.9,9.44424661
2009-10-26,9867.96,9867.9600,1038.6,9.50121317
2009-10-27,9882.17,9882.1700,1038.6,9.51489505
2009-10-28,9762.69,9762.6900,1028.2,9.49493289
2009-10-29,9962.58,9962.5800,1046.7,9.51808541
2009-10-30,9712.73,9712.7300,1041,9.33019212
2009-11-02,9789.44,9789.4400,1053.6,9.29141989
2009-11-03,9771.91,9771.9100,1083.8,9.01634065
2009-11-04,9802.14,9802.1400,1087.2,9.01594923
2009-11-05,10006,10006.0000,1088.8,9.18993387
2009-11-06,10023.4,10023.4000,1093.8,9.16383251
2009-11-09,10226.9,10226.9000,1101.6,9.28367829
2009-11-10,10247,10247.0000,1102.7,9.29264533
2009-11-11,10291.3,10291.3000,1115.5,9.22572837
2009-11-12,10197.5,10197.5000,1107.9,9.20435057
2009-11-13,10270.5,10270.5000,1115.5,9.20708203
2009-11-16,10407,10407.0000,1139.9,9.12974822
2009-11-17,10437.4,10437.4000,1140,9.15561404
2009-11-18,10426.3,10426.3000,1142.3,9.12746214
2009-11-19,10332.4,10332.4000,1142.5,9.04367615
2009-11-20,10318.2,10318.2000,1148.3,8.98563093
2009-11-23,10451,10451.0000,1163,8.98624248
2009-11-24,10433.7,10433.7000,1164.7,8.95827252
2009-11-25,10464.4,10464.4000,1186.6,8.81881005
2009-11-27,10309.9,10309.9000,1176.6,8.76245113
2009-11-30,10344.8,10344.8000,1178.5,8.77793806
2009-12-01,10471.6,10471.6000,1197.5,8.74455115
2009-12-02,10452.7,10452.7000,1213,8.61723001
2009-12-03,10366.2,10366.2000,1216.5,8.52133169
2009-12-04,10388.9,10388.9000,1159.5,8.95981026
2009-12-07,10390.1,10390.1000,1157.9,8.97322739
2009-12-08,10286,10286.0000,1137.9,9.03945865
2009-12-09,10337,10337.0000,1121.7,9.21547651
2009-12-10,10405.8,10405.8000,1124.9,9.25042226
2009-12-11,10471.5,10471.5000,1116,9.38306452
2009-12-14,10501,10501.0000,1123.2,9.34918091
2009-12-15,10452,10452.0000,1123.5,9.30307076
2009-12-16,10441.1,10441.1000,1136,9.19110915
2009-12-17,10308.3,10308.3000,1100.8,9.36437137
2009-12-18,10328.9,10328.9000,1108.5,9.31790708
2009-12-21,10414.1,10414.1000,1095.1,9.50972514
2009-12-22,10464.9,10464.9000,1087.5,9.62289655
2009-12-23,10466.4,10466.4000,1091.9,9.58549318
2009-12-24,10520.1,10520.1000,1104.6,9.52390005
2009-12-28,10547.1,10547.1000,1105.9,9.53711909
2009-12-29,10545.4,10545.4000,1098.6,9.59894411
2009-12-30,10548.5,10548.5000,1092,9.65979853
2009-12-31,10428,10428.0000,1096.6,9.50939267
2010-01-04,10584,10584.0000,1116.1,9.48302123
2010-01-05,10572,10572.0000,1117.1,9.46379017
2010-01-06,10573.7,10573.7000,1137.45,9.29596905
2010-01-07,10606.9,10606.9000,1130.45,9.38290061
2010-01-08,10618.2,10618.2000,1137,9.33878628
2010-01-11,10664,10664.0000,1150.4,9.26981919
2010-01-12,10627.3,10627.3000,1127.55,9.42512527
2010-01-13,10680.8,10680.8000,1136.45,9.39838972
2010-01-14,10710.5,10710.5000,1140.95,9.38735264
2010-01-15,10609.7,10609.7000,1130.25,9.38703827
2010-01-19,10725.4,10725.4000,1137.5,9.42892308
2010-01-20,10603.2,10603.2000,1111.15,9.54254601
2010-01-21,10389.9,10389.9000,1093.45,9.50194339
2010-01-22,10173,10173.0000,1092.3,9.31337545
2010-01-25,10196.9,10196.9000,1097.5,9.29102506
2010-01-26,10194.3,10194.3000,1097.25,9.29077239
2010-01-27,10236.2,10236.2000,1087.95,9.40870444
2010-01-28,10120.5,10120.5000,1085.3,9.32507141
2010-01-29,10067.3,10067.3000,1080.05,9.32114254
2010-02-01,10185.5,10185.5000,1105.95,9.20972919
2010-02-02,10296.8,10296.8000,1113.8,9.24474771
2010-02-03,10270.5,10270.5000,1109.85,9.25395324
2010-02-04,10002.2,10002.2000,1064.2,9.39879722
2010-02-05,10012.2,10012.2000,1065.3,9.39847930
2010-02-08,9908.39,9908.3900,1061.8,9.33169147
2010-02-09,10058.6,10058.6000,1077.65,9.33382824
2010-02-10,10038.4,10038.4000,1070.9,9.37379774
2010-02-11,10144.2,10144.2000,1092,9.28956044
2010-02-12,10099.1,10099.1000,1092.55,9.24360441
2010-02-16,10268.8,10268.8000,1118,9.18497317
2010-02-17,10309.2,10309.2000,1108.25,9.30223325
2010-02-18,10392.9,10392.9000,1108.63,9.37454336
2010-02-19,10402.3,10402.3000,1118.45,9.30063928
2010-02-22,10383.4,10383.4000,1112.95,9.32961948
2010-02-23,10282.4,10282.4000,1102.3,9.32813209
2010-02-24,10374.2,10374.2000,1095.38,9.47086856
2010-02-25,10321,10321.0000,1106.05,9.33140455
2010-02-26,10325.3,10325.3000,1116.85,9.24501947
2010-03-01,10403.8,10403.8000,1116.3,9.31989609
2010-03-02,10406,10406.0000,1133.18,9.18300711
2010-03-03,10396.8,10396.8000,1139.3,9.12560344
2010-03-04,10444.1,10444.1000,1131.25,9.23235359
2010-03-05,10566.2,10566.2000,1133.9,9.31845842
2010-03-08,10552.5,10552.5000,1123.63,9.39143668
2010-03-09,10564.4,10564.4000,1120.5,9.42829094
2010-03-10,10567.3,10567.3000,1107.55,9.54114938
2010-03-11,10611.8,10611.8000,1108.68,9.57156258
2010-03-12,10624.7,10624.7000,1100.85,9.65136031
2010-03-15,10642.2,10642.2000,1108.2,9.60314023
2010-03-16,10686,10686.0000,1126.65,9.48475569
2010-03-17,10733.7,10733.7000,1119.47,9.58819799
2010-03-18,10779.2,10779.2000,1126.33,9.57019701
2010-03-19,10742,10742.0000,1105.95,9.71291650
2010-03-22,10785.9,10785.9000,1101.15,9.79512328
2010-03-23,10888.8,10888.8000,1104.1,9.86215017
2010-03-24,10836.2,10836.2000,1085.63,9.98148540
2010-03-25,10841.2,10841.2000,1089.47,9.95089355
2010-03-26,10850.4,10850.4000,1106.47,9.80632100
2010-03-29,10895.9,10895.9000,1108.2,9.83207002
2010-03-30,10907.4,10907.4000,1102.88,9.88992456
2010-03-31,10856.6,10856.6000,1112.68,9.75716289
2010-04-01,10927.1,10927.1000,1125.58,9.70797278
2010-04-05,10973.5,10973.5000,1129.95,9.71149166
2010-04-06,10970,10970.0000,1133.2,9.68055065
2010-04-07,10897.5,10897.5000,1146.95,9.50128602
2010-04-08,10927.1,10927.1000,1150.13,9.50075209
2010-04-09,10997.3,10997.3000,1160.95,9.47267324
2010-04-12,11006,11006.0000,1154.63,9.53205789
2010-04-13,11019.4,11019.4000,1150.2,9.58042080
2010-04-14,11123.1,11123.1000,1154.68,9.63305851
2010-04-15,11144.6,11144.6000,1157.58,9.62749875
2010-04-16,11018.7,11018.7000,1136.45,9.69571913
2010-04-19,11092,11092.0000,1134.38,9.77802853
2010-04-20,11117.1,11117.1000,1139.3,9.75783376
2010-04-21,11124.9,11124.9000,1145.35,9.71310080
2010-04-22,11134.3,11134.3000,1140.35,9.76393213
2010-04-23,11204.3,11204.3000,1156.8,9.68559820
2010-04-26,11205,11205.0000,1152.5,9.72234273
2010-04-27,10992,10992.0000,1167.72,9.41321550
2010-04-28,11045.3,11045.3000,1164.43,9.48558522
2010-04-29,11167.3,11167.3000,1166.3,9.57498071
2010-04-30,11008.6,11008.6000,1178.05,9.34476465
2010-05-03,11151.8,11151.8000,1181.35,9.43987811
2010-05-04,10926.8,10926.8000,1171.53,9.32694852
2010-05-05,10868.1,10868.1000,1174.58,9.25275418
2010-05-06,10520.3,10520.3000,1207.45,8.71282455
2010-05-07,10380.4,10380.4000,1207.1,8.59945324
2010-05-10,10785.1,10785.1000,1201.2,8.97860473
2010-05-11,10748.3,10748.3000,1229.55,8.74165345
2010-05-12,10896.9,10896.9000,1236.6,8.81198447
2010-05-13,10783,10783.0000,1231.72,8.75442471
2010-05-14,10620.2,10620.2000,1231.15,8.62624376
2010-05-17,10625.8,10625.8000,1223,8.68830744
2010-05-18,10511,10511.0000,1220.75,8.61028057
2010-05-19,10444.4,10444.4000,1190.85,8.77054205
2010-05-20,10068,10068.0000,1182.15,8.51668570
2010-05-21,10193.4,10193.4000,1176.13,8.66689907
2010-05-24,10066.6,10066.6000,1190.95,8.45257987
2010-05-25,10043.8,10043.8000,1200.07,8.36934512
2010-05-26,9974.45,9974.4500,1210.1,8.24266590
2010-05-27,10259,10259.0000,1209.63,8.48110579
2010-05-28,10136.6,10136.6000,1213.38,8.35401935
2010-06-01,10024,10024.0000,1224.4,8.18686704
2010-06-02,10249.5,10249.5000,1222.82,8.38185506
2010-06-03,10255.3,10255.3000,1207.1,8.49581642
2010-06-04,9931.97,9931.9700,1218.85,8.14864011
2010-06-07,9816.49,9816.4900,1239,7.92291364
2010-06-08,9939.98,9939.9800,1234.3,8.05313133
2010-06-09,9899.25,9899.2500,1231.55,8.03804149
2010-06-10,10172.5,10172.5000,1216.85,8.35969922
2010-06-11,10211.1,10211.1000,1225.55,8.33185101
2010-06-14,10190.9,10190.9000,1221.2,8.34498854
2010-06-15,10404.8,10404.8000,1233.55,8.43484253
2010-06-16,10409.5,10409.5000,1230.85,8.45716375
2010-06-17,10434.2,10434.2000,1244.3,8.38559833
2010-06-18,10450.6,10450.6000,1255.88,8.32133643
2010-06-21,10442.4,10442.4000,1231.07,8.48237712
2010-06-22,10293.5,10293.5000,1238.35,8.31227036
2010-06-23,10298.4,10298.4000,1236.5,8.32866963
2010-06-24,10152.8,10152.8000,1243.7,8.16338345
2010-06-25,10143.8,10143.8000,1254.5,8.08593065
2010-06-28,10138.5,10138.5000,1237.03,8.19584004
2010-06-29,9870.3,9870.3000,1239.85,7.96088236
2010-06-30,9774.02,9774.0200,1241.15,7.87497079
2010-07-01,9732.53,9732.5300,1199.03,8.11700291
2010-07-02,9686.48,9686.4800,1210.45,8.00237928
2010-07-06,9743.62,9743.6200,1193.53,8.16369928
2010-07-07,10018.3,10018.3000,1201.7,8.33677291
2010-07-08,10139,10139.0000,1197.45,8.46715938
2010-07-09,10198,10198.0000,1210.6,8.42392202
2010-07-12,10216.3,10216.3000,1195.9,8.54277113
2010-07-13,10363,10363.0000,1210.55,8.56057164
2010-07-14,10366.7,10366.7000,1207.3,8.58668102
2010-07-15,10359.3,10359.3000,1207.75,8.57735458
2010-07-16,10097.9,10097.9000,1192.1,8.47068199
2010-07-19,10154.4,10154.4000,1183.35,8.58106224
2010-07-20,10230,10230.0000,1191.25,8.58761805
2010-07-21,10120.5,10120.5000,1185.55,8.53654422
2010-07-22,10322.3,10322.3000,1193.7,8.64731507
2010-07-23,10424.6,10424.6000,1188.28,8.77284815
2010-07-26,10525.4,10525.4000,1181.38,8.90941103
2010-07-27,10537.7,10537.7000,1161.55,9.07210193
2010-07-28,10497.9,10497.9000,1162.6,9.02967487
2010-07-29,10467.2,10467.2000,1167.22,8.96763249
2010-07-30,10465.9,10465.9000,1180.3,8.86715242
2010-08-02,10674.4,10674.4000,1180.95,9.03882468
2010-08-03,10636.4,10636.4000,1184.95,8.97624372
2010-08-04,10680.43,10680.4300,1195.1,8.93685047
2010-08-05,10674.98,10674.9800,1194.15,8.93939622
2010-08-06,10653.56,10653.5600,1204.55,8.84443153
2010-08-09,10698.75,10698.7500,1200.45,8.91228289
2010-08-10,10644.25,10644.2500,1202.9,8.84882368
2010-08-11,10378.83,10378.8300,1196.8,8.67215074
2010-08-12,10319.95,10319.9500,1212.13,8.51389702
2010-08-13,10303.15,10303.1500,1214.6,8.48275152
2010-08-16,10302.01,10302.0100,1223.93,8.41715621
2010-08-17,10405.85,10405.8500,1223.97,8.50171981
2010-08-18,10415.54,10415.5400,1228.78,8.47632611
2010-08-19,10271.21,10271.2100,1231.35,8.34142202
2010-08-20,10213.62,10213.6200,1227.05,8.32371949
2010-08-23,10174.41,10174.4100,1224.5,8.30903226
2010-08-24,10040.45,10040.4500,1228.4,8.17359980
2010-08-25,10060.06,10060.0600,1239.05,8.11917195
2010-08-26,9985.81,9985.8100,1235.13,8.08482508
2010-08-27,10150.65,10150.6500,1237.15,8.20486602
2010-08-30,10009.73,10009.7300,1235.55,8.10143661
2010-08-31,10014.72,10014.7200,1246.7,8.03298308
2010-09-01,10269.47,10269.4700,1243.6,8.25785622
2010-09-02,10320.1,10320.1000,1250.35,8.25376894
2010-09-03,10447.93,10447.9300,1245.9,8.38584959
2010-09-07,10340.69,10340.6900,1253.95,8.24649308
2010-09-08,10387.01,10387.0100,1254.1,8.28244159
2010-09-09,10415.24,10415.2400,1243.2,8.37776705
2010-09-10,10462.77,10462.7700,1245.65,8.39944607
2010-09-13,10544.13,10544.1300,1244.65,8.47156229
2010-09-14,10526.49,10526.4900,1268.65,8.29739487
2010-09-15,10572.73,10572.7300,1267.95,8.33844394
2010-09-16,10594.83,10594.8300,1275.05,8.30934473
2010-09-17,10607.85,10607.8500,1273.95,8.32673967
2010-09-20,10753.62,10753.6200,1278.25,8.41276746
2010-09-21,10761.03,10761.0300,1286.55,8.36425324
2010-09-22,10739.31,10739.3100,1291.25,8.31698742
2010-09-23,10662.42,10662.4200,1292.45,8.24977369
2010-09-24,10860.26,10860.2600,1296.2,8.37853726
2010-09-27,10812.04,10812.0400,1294.75,8.35067774
2010-09-28,10858.14,10858.1400,1308.95,8.29530540
2010-09-29,10835.28,10835.2800,1309.85,8.27215330
2010-09-30,10788.05,10788.0500,1308.45,8.24490810
2010-10-01,10829.68,10829.6800,1318.7,8.21239099
2010-10-04,10751.27,10751.2700,1315,8.17587072
2010-10-05,10944.72,10944.7200,1340.5,8.16465498
2010-10-06,10967.65,10967.6500,1349.15,8.12930364
2010-10-07,10948.58,10948.5800,1333.5,8.21040870
2010-10-08,11006.48,11006.4800,1342.8,8.19666369
2010-10-11,11010.34,11010.3400,1353.65,8.13381598
2010-10-12,11020.4,11020.4000,1349.85,8.16416639
2010-10-13,11096.08,11096.0800,1371.9,8.08811138
2010-10-14,11094.57,11094.5700,1381,8.03372194
2010-10-15,11062.78,11062.7800,1368.35,8.08475902
2010-10-18,11143.69,11143.6900,1369.2,8.13883290
2010-10-19,10978.62,10978.6200,1335.15,8.22276149
2010-10-20,11107.97,11107.9700,1345.35,8.25656521
2010-10-21,11146.57,11146.5700,1325.15,8.41155341
2010-10-22,11132.56,11132.5600,1328.25,8.38137399
2010-10-25,11164.05,11164.0500,1340.05,8.33106974
2010-10-26,11169.46,11169.4600,1340.25,8.33386309
2010-10-27,11126.28,11126.2800,1325.15,8.39624193
2010-10-28,11113.95,11113.9500,1344.15,8.26838522
2010-10-29,11118.49,11118.4900,1359.05,8.18107502
2010-11-01,11124.62,11124.6200,1352.25,8.22674801
2010-11-02,11188.72,11188.7200,1356.75,8.24670720
2010-11-03,11215.13,11215.1300,1348.8,8.31489472
2010-11-04,11434.84,11434.8400,1391.4,8.21822625
2010-11-05,11444.08,11444.0800,1393.3,8.21365104
2010-11-08,11406.84,11406.8400,1409.5,8.09282724
2010-11-09,11346.75,11346.7500,1393.05,8.14525681
2010-11-10,11357.04,11357.0400,1403.2,8.09367161
2010-11-11,11283.1,11283.1000,1408.65,8.00986760
2010-11-12,11192.58,11192.5800,1368.25,8.18021560
2010-11-15,11201.97,11201.9700,1360.3,8.23492612
2010-11-16,11023.5,11023.5000,1339.35,8.23048494
2010-11-17,11007.88,11007.8800,1335.65,8.24159024
2010-11-18,11181.23,11181.2300,1353.75,8.25944968
2010-11-19,11203.55,11203.5500,1353.2,8.27930092
2010-11-22,11178.58,11178.5800,1366.15,8.18254218
2010-11-23,11036.37,11036.3700,1376.15,8.01974349
2010-11-24,11187.28,11187.2800,1372.4,8.15161760
2010-11-26,11092,11092.0000,1363.05,8.13763252
2010-11-29,11052.49,11052.4900,1366.45,8.08847012
2010-11-30,11006.02,11006.0200,1386.8,7.93627055
2010-12-01,11255.78,11255.7800,1386.8,8.11636862
2010-12-02,11362.41,11362.4100,1385.65,8.20005773
2010-12-03,11382.09,11382.0900,1413.45,8.05270084
2010-12-06,11362.19,11362.1900,1423.45,7.98214900
2010-12-07,11359.16,11359.1600,1400.9,8.10847312
2010-12-08,11372.48,11372.4800,1381.3,8.23317165
2010-12-09,11370.06,11370.0600,1387.15,8.19670548
2010-12-10,11410.32,11410.3200,1385.25,8.23701137
2010-12-13,11428.56,11428.5600,1394.45,8.19574743
2010-12-14,11476.54,11476.5400,1396.1,8.22042834
2010-12-15,11457.47,11457.4700,1379.4,8.30612585
2010-12-16,11499.25,11499.2500,1369.65,8.39575804
2010-12-17,11491.91,11491.9100,1374.9,8.35836061
2010-12-20,11478.13,11478.1300,1385.5,8.28446770
2010-12-21,11533.16,11533.1600,1385.3,8.32538800
2010-12-22,11559.49,11559.4900,1385.1,8.34559960
2010-12-23,11573.49,11573.4900,1378.25,8.39723562
2010-12-27,11555.03,11555.0300,1383.9,8.34961341
2010-12-28,11575.54,11575.5400,1405.85,8.23383718
2010-12-29,11585.38,11585.3800,1411.65,8.20697765
2010-12-30,11569.71,11569.7100,1404.25,8.23906712
2010-12-31,11577.51,11577.5100,1420.55,8.15001936
2011-01-03,11670.75,11670.7500,1414.1,8.25312920
2011-01-04,11691.18,11691.1800,1380.8,8.46696118
2011-01-05,11722.89,11722.8900,1377.9,8.50779447
2011-01-06,11697.31,11697.3100,1370.7,8.53382213
2011-01-07,11674.76,11674.7600,1364.7,8.55481791
2011-01-10,11637.45,11637.4500,1373.9,8.47037630
2011-01-11,11671.88,11671.8800,1380.5,8.45482072
2011-01-12,11755.44,11755.4400,1387.7,8.47116812
2011-01-13,11731.9,11731.9000,1372.4,8.54845526
2011-01-14,11787.38,11787.3800,1360.9,8.66145933
2011-01-18,11837.93,11837.9300,1367.65,8.65567214
2011-01-19,11825.29,11825.2900,1370.47,8.62863835
2011-01-20,11822.8,11822.8000,1345.82,8.78483007
2011-01-21,11871.84,11871.8400,1342.1,8.84571939
2011-01-24,11980.52,11980.5200,1334.54,8.97726557
2011-01-25,11977.19,11977.1900,1332.23,8.99033200
2011-01-26,11985.44,11985.4400,1345.39,8.90852467
2011-01-27,11989.83,11989.8300,1314.43,9.12169534
2011-01-28,11823.7,11823.7000,1336.7,8.84544026
2011-01-31,11891.93,11891.9300,1333,8.92117779
2011-02-01,12040.16,12040.1600,1342.44,8.96886267
2011-02-02,12041.97,12041.9700,1335.05,9.01986442
2011-02-03,12062.26,12062.2600,1354.95,8.90236540
2011-02-04,12092.15,12092.1500,1348.96,8.96405379
2011-02-07,12161.63,12161.6300,1352.17,8.99415754
2011-02-08,12233.15,12233.1500,1364.04,8.96832204
2011-02-09,12239.89,12239.8900,1363.58,8.97629035
2011-02-10,12229.29,12229.2900,1363.47,8.96924025
2011-02-11,12273.26,12273.2600,1356.71,9.04634004
2011-02-14,12268.19,12268.1900,1361.5,9.01078957
2011-02-15,12226.64,12226.6400,1373.9,8.89922120
2011-02-16,12288.17,12288.1700,1376,8.93035610
2011-02-17,12318.14,12318.1400,1385.22,8.89255136
2011-02-18,12391.25,12391.2500,1390.45,8.91168327
2011-02-22,12212.79,12212.7900,1398.9,8.73028094
2011-02-23,12105.78,12105.7800,1411.55,8.57623180
2011-02-24,12068.5,12068.5000,1402.3,8.60621836
2011-02-25,12130.45,12130.4500,1410.35,8.60102102
2011-02-28,12226.34,12226.3400,1410.93,8.66544761
2011-03-01,12058.02,12058.0200,1432.92,8.41499874
2011-03-02,12066.8,12066.8000,1434.3,8.41302377
2011-03-03,12258.2,12258.2000,1415.77,8.65832727
2011-03-04,12169.88,12169.8800,1431.15,8.50356706
2011-03-07,12090.03,12090.0300,1431.3,8.44688744
2011-03-08,12214.38,12214.3800,1428.84,8.54845889
2011-03-09,12213.09,12213.0900,1431.07,8.53423662
2011-03-10,11984.61,11984.6100,1411.65,8.48978855
2011-03-11,12044.4,12044.4000,1417.94,8.49429454
2011-03-14,11993.16,11993.1600,1426.31,8.40852269
2011-03-15,11855.42,11855.4200,1394.11,8.50393441
2011-03-16,11613.3,11613.3000,1393.55,8.33360841
2011-03-17,11774.59,11774.5900,1404.61,8.38281801
2011-03-18,11858.52,11858.5200,1420.02,8.35095280
2011-03-21,12036.53,12036.5300,1426.59,8.43727350
2011-03-22,12018.63,12018.6300,1428.58,8.41299052
2011-03-23,12086.02,12086.0200,1438.11,8.40409983
2011-03-24,12170.56,12170.5600,1431.86,8.49982540
2011-03-25,12220.59,12220.5900,1429.9,8.54646479
2011-03-28,12197.88,12197.8800,1420.69,8.58588432
2011-03-29,12279.01,12279.0100,1418.78,8.65462581
2011-03-30,12350.61,12350.6100,1424.06,8.67281575
2011-03-31,12319.73,12319.7300,1432,8.60316341
2011-04-01,12376.72,12376.7200,1428.9,8.66171181
2011-04-04,12400.03,12400.0300,1434.42,8.64462989
2011-04-05,12393.9,12393.9000,1456.05,8.51200165
2011-04-06,12426.75,12426.7500,1459.13,8.51654753
2011-04-07,12409.49,12409.4900,1458.5,8.50839218
2011-04-08,12380.05,12380.0500,1475.1,8.39268524
2011-04-11,12381.11,12381.1100,1463.32,8.46097231
2011-04-12,12263.58,12263.5800,1453.1,8.43959810
2011-04-13,12270.99,12270.9900,1457,8.42209334
2011-04-14,12285.15,12285.1500,1474.9,8.32947996
2011-04-15,12341.83,12341.8300,1486.6,8.30205166
2011-04-18,12201.59,12201.5900,1495.94,8.15647018
2011-04-19,12266.75,12266.7500,1495.05,8.20490953
2011-04-20,12453.54,12453.5400,1502.35,8.28937332
2011-04-21,12505.99,12505.9900,1504.34,8.31327360
2011-04-25,12479.88,12479.8800,1507.33,8.27946103
2011-04-26,12595.37,12595.3700,1507.18,8.35691158
2011-04-27,12690.96,12690.9600,1526.95,8.31131340
2011-04-28,12763.31,12763.3100,1535.7,8.31106987
2011-04-29,12810.54,12810.5400,1563.45,8.19376379
2011-05-02,12807.36,12807.3600,1545.15,8.28874867
2011-05-03,12807.51,12807.5100,1536.87,8.33350251
2011-05-04,12723.58,12723.5800,1516.7,8.38898925
2011-05-05,12584.17,12584.1700,1473.5,8.54032576
2011-05-06,12638.74,12638.7400,1495.6,8.45061514
2011-05-09,12684.68,12684.6800,1513,8.38379379
2011-05-10,12760.36,12760.3600,1515.87,8.41784586
2011-05-11,12630.03,12630.0300,1500.5,8.41721426
2011-05-12,12695.92,12695.9200,1506.52,8.42731593
2011-05-13,12595.75,12595.7500,1495.25,8.42384217
2011-05-16,12548.37,12548.3700,1490.07,8.42132920
2011-05-17,12479.58,12479.5800,1486.92,8.39290614
2011-05-18,12560.18,12560.1800,1497.12,8.38956129
2011-05-19,12605.32,12605.3200,1493.77,8.43859496
2011-05-20,12512.04,12512.0400,1512.05,8.27488509
2011-05-23,12381.26,12381.2600,1517.15,8.16086742
2011-05-24,12356.21,12356.2100,1526.47,8.09463009
2011-05-25,12394.66,12394.6600,1526.02,8.12221334
2011-05-26,12402.76,12402.7600,1519.15,8.16427608
2011-05-27,12441.58,12441.5800,1536.26,8.09861612
2011-05-31,12569.79,12569.7900,1535.57,8.18574861
2011-06-01,12290.14,12290.1400,1540.92,7.97584560
2011-06-02,12248.55,12248.5500,1533.57,7.98695201
2011-06-03,12151.26,12151.2600,1542.15,7.87942807
2011-06-06,12089.96,12089.9600,1544.55,7.82749668
2011-06-07,12070.81,12070.8100,1544.57,7.81499705
2011-06-08,12048.94,12048.9400,1537.67,7.83584254
2011-06-09,12124.36,12124.3600,1544.4,7.85053095
2011-06-10,11951.91,11951.9100,1531.3,7.80507412
2011-06-13,11952.97,11952.9700,1515.95,7.88480491
2011-06-14,12076.11,12076.1100,1524,7.92395669
2011-06-15,11897.27,11897.2700,1530.42,7.77385946
2011-06-16,11961.52,11961.5200,1529.22,7.82197460
2011-06-17,12004.36,12004.3600,1539.4,7.79807717
2011-06-20,12080.38,12080.3800,1540.2,7.84338398
2011-06-21,12190.01,12190.0100,1547.15,7.87900979
2011-06-22,12109.67,12109.6700,1547.97,7.82293585
2011-06-23,12050,12050.0000,1520.98,7.92252364
2011-06-24,11934.58,11934.5800,1502.75,7.94182665
2011-06-27,12043.56,12043.5600,1497.07,8.04475409
2011-06-28,12188.69,12188.6900,1502.12,8.11432509
2011-06-29,12261.42,12261.4200,1511.65,8.11128237
2011-06-30,12414.34,12414.3400,1500.6,8.27291750
2011-07-01,12582.77,12582.7700,1487.75,8.45758360
2011-07-05,12569.87,12569.8700,1516.17,8.29054130
2011-07-06,12626.02,12626.0200,1529.42,8.25543016
2011-07-07,12719.49,12719.4900,1532.42,8.30026364
2011-07-08,12657.2,12657.2000,1544.2,8.19660666
2011-07-11,12505.76,12505.7600,1554.1,8.04694679
2011-07-12,12446.88,12446.8800,1567.22,7.94201197
2011-07-13,12491.61,12491.6100,1582.7,7.89259493
2011-07-14,12437.12,12437.1200,1587.42,7.83480112
2011-07-15,12479.73,12479.7300,1593.75,7.83041882
2011-07-18,12385.16,12385.1600,1605.4,7.71468793
2011-07-19,12587.42,12587.4200,1588.87,7.92224663
2011-07-20,12571.91,12571.9100,1602.12,7.84704641
2011-07-21,12724.41,12724.4100,1590.1,8.00227030
2011-07-22,12681.16,12681.1600,1601.25,7.91953786
2011-07-25,12592.8,12592.8000,1614.9,7.79788222
2011-07-26,12501.3,12501.3000,1619.3,7.72018774
2011-07-27,12302.55,12302.5500,1613.95,7.62263391
2011-07-28,12240.11,12240.1100,1617.02,7.56954769
2011-07-29,12143.24,12143.2400,1624.85,7.47345293
2011-08-01,12132.49,12132.4900,1620.2,7.48826688
2011-08-02,11866.62,11866.6200,1660.05,7.14835095
2011-08-03,11896.44,11896.4400,1661.4,7.16049115
2011-08-04,11383.68,11383.6800,1649.05,6.90317456
2011-08-05,11444.61,11444.6100,1661.05,6.88998525
2011-08-08,10809.85,10809.8500,1717.35,6.29449442
2011-08-09,11239.77,11239.7700,1744.15,6.44426798
2011-08-10,10719.94,10719.9400,1795.05,5.97194507
2011-08-11,11143.31,11143.3100,1767.82,6.30341890
2011-08-12,11269.02,11269.0200,1746.6,6.45197527
2011-08-15,11482.9,11482.9000,1765.7,6.50331313
2011-08-16,11405.93,11405.9300,1786.6,6.38415426
2011-08-17,11410.21,11410.2100,1788.65,6.37923015
2011-08-18,10990.58,10990.5800,1824.6,6.02355585
2011-08-19,10817.65,10817.6500,1852.05,5.84090602
2011-08-22,10854.65,10854.6500,1898.17,5.71848148
2011-08-23,11176.76,11176.7600,1830.82,6.10478365
2011-08-24,11320.71,11320.7100,1751.27,6.46428592
2011-08-25,11149.82,11149.8200,1772.15,6.29169088
2011-08-26,11284.54,11284.5400,1828.2,6.17248660
2011-08-29,11539.25,11539.2500,1788.42,6.45220362
2011-08-30,11559.95,11559.9500,1835.52,6.29791558
2011-08-31,11613.53,11613.5300,1825.34,6.36239276
2011-09-01,11493.57,11493.5700,1825.17,6.29725998
2011-09-02,11240.26,11240.2600,1882.85,5.96981172
2011-09-06,11139.3,11139.3000,1873.17,5.94676404
2011-09-07,11414.86,11414.8600,1817.27,6.28132308
2011-09-08,11295.81,11295.8100,1869.24,6.04299608
2011-09-09,10992.13,10992.1300,1856.5,5.92088877
2011-09-12,11061.12,11061.1200,1814.33,6.09653150
2011-09-13,11105.85,11105.8500,1834.06,6.05533625
2011-09-14,11246.73,11246.7300,1820.81,6.17677297
2011-09-15,11433.18,11433.1800,1789.61,6.38864334
2011-09-16,11509.09,11509.0900,1811.41,6.35366372
2011-09-19,11401.01,11401.0100,1778.68,6.40981514
2011-09-20,11408.66,11408.6600,1803.52,6.32577404
2011-09-21,11124.84,11124.8400,1780.26,6.24899734
2011-09-22,10733.83,10733.8300,1736.28,6.18208469
2011-09-23,10771.48,10771.4800,1644.1,6.55159662
2011-09-26,11043.86,11043.8600,1628.13,6.78315614
2011-09-27,11190.69,11190.6900,1649.58,6.78396319
2011-09-28,11010.9,11010.9000,1608.66,6.84476521
2011-09-29,11153.98,11153.9800,1615.16,6.90580500
2011-09-30,10913.38,10913.3800,1623.83,6.72076510
2011-10-03,10655.3,10655.3000,1660.93,6.41526133
2011-10-04,10808.71,10808.7100,1624.63,6.65302869
2011-10-05,10939.95,10939.9500,1642.43,6.66083182
2011-10-06,11123.33,11123.3300,1650.38,6.73985991
2011-10-07,11103.12,11103.1200,1638.16,6.77779948
2011-10-10,11433.18,11433.1800,1675.93,6.82199137
2011-10-11,11416.3,11416.3000,1663.13,6.86434614
2011-10-12,11518.85,11518.8500,1674.58,6.87865017
2011-10-13,11478.13,11478.1300,1662.71,6.90326635
2011-10-14,11644.49,11644.4900,1680.83,6.92782137
2011-10-17,11397,11397.0000,1670.53,6.82238571
2011-10-18,11577.05,11577.0500,1655.05,6.99498505
2011-10-19,11504.62,11504.6200,1649.56,6.97435680
2011-10-20,11541.78,11541.7800,1620.8,7.12103899
2011-10-21,11808.79,11808.7900,1641.67,7.19315697
2011-10-24,11913.62,11913.6200,1653.04,7.20709723
2011-10-25,11706.62,11706.6200,1705.18,6.86532800
2011-10-26,11869.04,11869.0400,1717.63,6.91012616
2011-10-27,12208.55,12208.5500,1745.44,6.99454006
2011-10-28,12231.11,12231.1100,1743.3,7.01606723
2011-10-31,11955.01,11955.0100,1709.82,6.99196991
2011-11-01,11657.96,11657.9600,1717.98,6.78585315
2011-11-02,11836.04,11836.0400,1738.39,6.80862177
2011-11-03,12044.47,12044.4700,1760.75,6.84053386
2011-11-04,11983.24,11983.2400,1754.84,6.82867954
2011-11-07,12068.39,12068.3900,1795.43,6.72172683
2011-11-08,12170.18,12170.1800,1785.79,6.81501184
2011-11-09,11780.94,11780.9400,1769.3,6.65853162
2011-11-10,11893.79,11893.7900,1758.62,6.76313814
2011-11-11,12153.68,12153.6800,1788.36,6.79599186
2011-11-14,12078.98,12078.9800,1780.04,6.78579133
2011-11-15,12096.16,12096.1600,1780.89,6.79219941
2011-11-16,11905.59,11905.5900,1762.42,6.75525130
2011-11-17,11770.73,11770.7300,1720.7,6.84066368
2011-11-18,11796.16,11796.1600,1724,6.84232019
2011-11-21,11547.31,11547.3100,1677.06,6.88544834
2011-11-22,11493.72,11493.7200,1698.88,6.76546901
2011-11-23,11257.55,11257.5500,1692.32,6.65214026
2011-11-25,11231.78,11231.7800,1680.46,6.68375326
2011-11-28,11523.01,11523.0100,1711.71,6.73187047
2011-11-29,11555.63,11555.6300,1715.65,6.73542389
2011-11-30,12045.68,12045.6800,1749.34,6.88584266
2011-12-01,12020.03,12020.0300,1745.38,6.88676964
2011-12-02,12019.42,12019.4200,1746.65,6.88141299
2011-12-05,12097.83,12097.8300,1722.03,7.02533057
2011-12-06,12150.13,12150.1300,1729.29,7.02608007
2011-12-07,12196.37,12196.3700,1742.78,6.99822697
2011-12-08,11997.7,11997.7000,1707.38,7.02696529
2011-12-09,12184.26,12184.2600,1711.41,7.11942784
2011-12-12,12021.39,12021.3900,1666.33,7.21429129
2011-12-13,11954.94,11954.9400,1631.66,7.32685731
2011-12-14,11823.48,11823.4800,1576.28,7.50087548
2011-12-15,11868.81,11868.8100,1570.58,7.55695985
2011-12-16,11866.39,11866.3900,1598.98,7.42122478
2011-12-19,11766.26,11766.2600,1594.57,7.37895483
2011-12-20,12103.58,12103.5800,1615.15,7.49378076
2011-12-21,12107.74,12107.7400,1615.08,7.49668128
2011-12-22,12169.65,12169.6500,1606.03,7.57747365
2011-12-23,12294,12294.0000,1606.91,7.65070850
2011-12-27,12291.35,12291.3500,1592.43,7.71861244
2011-12-28,12151.41,12151.4100,1556.58,7.80647959
2011-12-29,12287.04,12287.0400,1545.33,7.95107841
2011-12-30,12217.56,12217.5600,1564.81,7.80769550
2012-01-03,12397.38,12397.3800,1603.88,7.72961818
2012-01-04,12418.42,12418.4200,1611.73,7.70502504
2012-01-05,12415.7,12415.7000,1621.43,7.65725317
2012-01-06,12359.92,12359.9200,1617.55,7.64113629
2012-01-09,12392.69,12392.6900,1610.88,7.69311805
2012-01-10,12462.47,12462.4700,1632.33,7.63477361
2012-01-11,12449.45,12449.4500,1643.13,7.57666770
2012-01-12,12471.02,12471.0200,1648.68,7.56424534
2012-01-13,12422.06,12422.0600,1639.48,7.57682924
2012-01-17,12482.07,12482.0700,1651.83,7.55651005
2012-01-18,12578.95,12578.9500,1659.48,7.58005520
2012-01-19,12623.98,12623.9800,1656.73,7.61981735
2012-01-20,12720.48,12720.4800,1666.58,7.63268490
2012-01-23,12708.82,12708.8200,1676.43,7.58088319
2012-01-24,12675.75,12675.7500,1665.36,7.61141735
2012-01-25,12756.96,12756.9600,1710.68,7.45724507
2012-01-26,12734.63,12734.6300,1720.83,7.40028358
2012-01-27,12660.46,12660.4600,1739.26,7.27922220
2012-01-30,12653.72,12653.7200,1731.03,7.30993686
2012-01-31,12632.91,12632.9100,1737.23,7.27186959
2012-02-01,12716.46,12716.4600,1744.93,7.28766197
2012-02-02,12705.41,12705.4100,1758.68,7.22440126
2012-02-03,12862.23,12862.2300,1726.18,7.45126812
2012-02-06,12845.13,12845.1300,1719.93,7.46840278
2012-02-07,12878.2,12878.2000,1745.48,7.37802782
2012-02-08,12883.95,12883.9500,1734.93,7.42620740
2012-02-09,12890.46,12890.4600,1730.96,7.44700051
2012-02-10,12801.23,12801.2300,1721.72,7.43514044
2012-02-13,12874.04,12874.0400,1721.91,7.47660447
2012-02-14,12878.28,12878.2800,1720.16,7.48667566
2012-02-15,12780.95,12780.9500,1728.08,7.39604069
2012-02-16,12904.08,12904.0800,1728.01,7.46759567
2012-02-17,12949.87,12949.8700,1723.23,7.51488194
2012-02-21,12965.69,12965.6900,1759.69,7.36816712
2012-02-22,12938.67,12938.6700,1776.46,7.28340070
2012-02-23,12984.69,12984.6900,1779.18,7.29813172
2012-02-24,12982.95,12982.9500,1772.31,7.32543968
2012-02-27,12981.51,12981.5100,1767.99,7.34252456
2012-02-28,13005.12,13005.1200,1784.11,7.28941601
2012-02-29,12952.07,12952.0700,1695.47,7.63922098
2012-03-01,12980.3,12980.3000,1718.33,7.55402047
2012-03-02,12977.57,12977.5700,1712.46,7.57832008
2012-03-05,12962.81,12962.8100,1706.99,7.59395779
2012-03-06,12759.15,12759.1500,1674.33,7.62045117
2012-03-07,12837.33,12837.3300,1684.88,7.61913608
2012-03-08,12907.94,12907.9400,1699.46,7.59531851
2012-03-09,12922.02,12922.0200,1713.98,7.53918949
2012-03-12,12959.71,12959.7100,1702.11,7.61390862
2012-03-13,13177.68,13177.6800,1674.88,7.86783531
2012-03-14,13194.1,13194.1000,1643.41,8.02848954
2012-03-15,13252.76,13252.7600,1657.54,7.99543902
2012-03-16,13232.62,13232.6200,1659.91,7.97189004
2012-03-19,13239.13,13239.1300,1664.41,7.95424805
2012-03-20,13170.19,13170.1900,1650.38,7.98009549
2012-03-21,13124.62,13124.6200,1649.77,7.95542409
2012-03-22,13046.14,13046.1400,1645.75,7.92716998
2012-03-23,13080.73,13080.7300,1661.92,7.87085419
2012-03-26,13241.63,13241.6300,1690.33,7.83375436
2012-03-27,13197.73,13197.7300,1680.96,7.85130521
2012-03-28,13126.21,13126.2100,1663.46,7.89090811
2012-03-29,13145.82,13145.8200,1661.33,7.91282888
2012-03-30,13212.04,13212.0400,1668.28,7.91955787
2012-04-02,13264.49,13264.4900,1677.55,7.90706089
2012-04-03,13199.55,13199.5500,1646.55,8.01648902
2012-04-04,13074.75,13074.7500,1620.74,8.06714834
2012-04-05,13060.14,13060.1400,1631.23,8.00631425
2012-04-09,12929.59,12929.5900,1640.42,7.88187781
2012-04-10,12715.93,12715.9300,1659.57,7.66218358
2012-04-11,12805.39,12805.3900,1659.39,7.71692610
2012-04-12,12986.58,12986.5800,1675.07,7.75285809
2012-04-13,12849.59,12849.5900,1658.41,7.74813828
2012-04-16,12921.41,12921.4100,1652.95,7.81718140
2012-04-17,13115.54,13115.5400,1650.17,7.94799324
2012-04-18,13032.75,13032.7500,1642.17,7.93629770
2012-04-19,12964.1,12964.1000,1642.76,7.89165794
2012-04-20,13029.26,13029.2600,1642.97,7.93030914
2012-04-23,12927.17,12927.1700,1638.43,7.88997394
2012-04-24,13001.56,13001.5600,1641.58,7.92015010
2012-04-25,13090.72,13090.7200,1644.13,7.96209545
2012-04-26,13204.62,13204.6200,1654.9,7.97910448
2012-04-27,13228.31,13228.3100,1662.3,7.95783553
2012-04-30,13213.63,13213.6300,1663.7,7.94231532
2012-05-01,13279.32,13279.3200,1660.4,7.99766321
2012-05-02,13268.57,13268.5700,1651.6,8.03376726
2012-05-03,13206.59,13206.5900,1635.5,8.07495567
2012-05-04,13038.27,13038.2700,1641.8,7.94144841
2012-05-07,13008.53,13008.5300,1636.3,7.94996639
2012-05-08,12932.09,12932.0900,1605.32,8.05577081
2012-05-09,12835.06,12835.0600,1589.58,8.07449767
2012-05-10,12855.04,12855.0400,1594.38,8.06272031
2012-05-11,12820.6,12820.6000,1578.93,8.11980265
2012-05-14,12695.35,12695.3500,1556.67,8.15545363
2012-05-15,12632,12632.0000,1544.03,8.18118819
2012-05-16,12598.55,12598.5500,1539.09,8.18571364
2012-05-17,12442.49,12442.4900,1574.19,7.90405860
2012-05-18,12369.38,12369.3800,1592.44,7.76756424
2012-05-21,12504.48,12504.4800,1593.1,7.84914946
2012-05-22,12502.81,12502.8100,1567.57,7.97591814
2012-05-23,12496.15,12496.1500,1561.46,8.00286271
2012-05-24,12529.75,12529.7500,1557.57,8.04442176
2012-05-25,12454.83,12454.8300,1572.82,7.91878918
2012-05-29,12580.69,12580.6900,1554.58,8.09266168
2012-05-30,12419.86,12419.8600,1561.8,7.95227302
2012-05-31,12393.45,12393.4500,1558.7,7.95114519
2012-06-01,12118.57,12118.5700,1621.81,7.47225014
2012-06-04,12101.46,12101.4600,1616.47,7.48634989
2012-06-05,12127.95,12127.9500,1615.34,7.50798593
2012-06-06,12414.79,12414.7900,1618.89,7.66870510
2012-06-07,12460.96,12460.9600,1587.31,7.85036319
2012-06-08,12554.2,12554.2000,1592.08,7.88540777
2012-06-11,12411.23,12411.2300,1594.72,7.78270167
2012-06-12,12573.8,12573.8000,1608.35,7.81782572
2012-06-13,12496.38,12496.3800,1616.55,7.73027744
2012-06-14,12651.91,12651.9100,1621.51,7.80254824
2012-06-15,12767.17,12767.1700,1624.69,7.85821911
2012-06-18,12741.82,12741.8200,1626.72,7.83282925
2012-06-19,12837.33,12837.3300,1616.71,7.94040366
2012-06-20,12824.39,12824.3900,1604.22,7.99415916
2012-06-21,12573.57,12573.5700,1563.27,8.04312115
2012-06-22,12640.78,12640.7800,1571.8,8.04223184
2012-06-25,12502.66,12502.6600,1583.12,7.89748092
2012-06-26,12534.67,12534.6700,1570.44,7.98162935
2012-06-27,12627.01,12627.0100,1572.62,8.02928234
2012-06-28,12602.26,12602.2600,1550.3,8.12891698
2012-06-29,12880.09,12880.0900,1596.95,8.06543098
2012-07-02,12871.39,12871.3900,1595.95,8.06503337
2012-07-03,12943.82,12943.8200,1616.1,8.00929398
2012-07-05,12896.67,12896.6700,1604.27,8.03896476
2012-07-06,12772.47,12772.4700,1583.15,8.06775732
2012-07-09,12736.29,12736.2900,1587.41,8.02331471
2012-07-10,12653.12,12653.1200,1566.9,8.07525688
2012-07-11,12604.53,12604.5300,1576.65,7.99450100
2012-07-12,12573.27,12573.2700,1571.8,7.99928108
2012-07-13,12777.09,12777.0900,1589.4,8.03893922
2012-07-16,12727.21,12727.2100,1587.91,8.01507012
2012-07-17,12805.54,12805.5400,1582.18,8.09360503
2012-07-18,12908.7,12908.7000,1573.05,8.20616001
2012-07-19,12943.36,12943.3600,1581.33,8.18511000
2012-07-20,12822.57,12822.5700,1584.1,8.09454580
2012-07-23,12721.46,12721.4600,1576.3,8.07045613
2012-07-24,12617.32,12617.3200,1581.91,7.97600369
2012-07-25,12676.05,12676.0500,1604.3,7.90129652
2012-07-26,12887.93,12887.9300,1616.26,7.97392128
2012-07-27,13075.66,13075.6600,1622.5,8.05895840
2012-07-30,13073.01,13073.0100,1621.32,8.06318925
2012-07-31,13008.68,13008.6800,1614.08,8.05950139
2012-08-01,12971.06,12971.0600,1599.69,8.10848352
2012-08-02,12878.88,12878.8800,1587.93,8.11048346
2012-08-03,13096.17,13096.1700,1603.05,8.16953308
2012-08-06,13117.51,13117.5100,1610.97,8.14261594
2012-08-07,13168.6,13168.6000,1611.45,8.17189488
2012-08-08,13175.64,13175.6400,1611.89,8.17403173
2012-08-09,13165.19,13165.1900,1616.67,8.14339970
2012-08-10,13207.95,13207.9500,1619.75,8.15431394
2012-08-13,13169.43,13169.4300,1609.82,8.18068480
2012-08-14,13172.14,13172.1400,1599.1,8.23722094
2012-08-15,13164.78,13164.7800,1602.87,8.21325497
2012-08-16,13250.11,13250.1100,1614.1,8.20897714
2012-08-17,13275.2,13275.2000,1615.55,8.21713967
2012-08-20,13271.64,13271.6400,1620.32,8.19075244
2012-08-21,13203.58,13203.5800,1637.32,8.06414140
2012-08-22,13172.76,13172.7600,1654.37,7.96240261
2012-08-23,13057.46,13057.4600,1669.67,7.82038367
2012-08-24,13157.97,13157.9700,1670.15,7.87831632
2012-08-27,13124.67,13124.6700,1663.65,7.88908124
2012-08-28,13102.99,13102.9900,1666.4,7.86305209
2012-08-29,13107.48,13107.4800,1655.73,7.91643565
2012-08-30,13000.71,13000.7100,1654.87,7.85603099
2012-08-31,13090.84,13090.8400,1691.61,7.73868681
2012-09-04,13035.94,13035.9400,1695.66,7.68782657
2012-09-05,13047.48,13047.4800,1693,7.70672180
2012-09-06,13292,13292.0000,1701.24,7.81312454
2012-09-07,13306.64,13306.6400,1734.85,7.67019627
2012-09-10,13254.29,13254.2900,1724.84,7.68435913
2012-09-11,13323.36,13323.3600,1731.89,7.69295971
2012-09-12,13333.35,13333.3500,1730.65,7.70424407
2012-09-13,13539.86,13539.8600,1766.3,7.66566268
2012-09-14,13593.37,13593.3700,1769.5,7.68204012
2012-09-17,13553.1,13553.1000,1762.4,7.69013845
2012-09-18,13564.64,13564.6400,1771.17,7.65857597
2012-09-19,13577.96,13577.9600,1768.82,7.67628136
2012-09-20,13596.93,13596.9300,1767.63,7.69218106
2012-09-21,13579.47,13579.4700,1772.81,7.65985639
2012-09-24,13558.92,13558.9200,1764,7.68646259
2012-09-25,13457.55,13457.5500,1760.58,7.64381624
2012-09-26,13413.51,13413.5100,1752.44,7.65419073
2012-09-27,13485.97,13485.9700,1776.68,7.59054529
2012-09-28,13437.13,13437.1300,1771.25,7.58624135
2012-10-01,13515.11,13515.1100,1774.82,7.61491870
2012-10-02,13482.36,13482.3600,1774.25,7.59890658
2012-10-03,13494.61,13494.6100,1778.16,7.58908647
2012-10-04,13575.36,13575.3600,1789.87,7.58455083
2012-10-05,13610.15,13610.1500,1779.7,7.64744058
2012-10-08,13583.65,13583.6500,1775.32,7.65138116
2012-10-09,13473.53,13473.5300,1763.73,7.63922482
2012-10-10,13344.97,13344.9700,1761.82,7.57453656
2012-10-11,13326.39,13326.3900,1767.14,7.54121915
2012-10-12,13328.85,13328.8500,1753.5,7.60128315
2012-10-15,13424.23,13424.2300,1736.78,7.72937851
2012-10-16,13551.78,13551.7800,1747.66,7.75424282
2012-10-17,13557,13557.0000,1749.63,7.74849540
2012-10-18,13548.94,13548.9400,1741.23,7.78124659
2012-10-19,13343.51,13343.5100,1720.75,7.75447334
2012-10-22,13345.89,13345.8900,1728.61,7.72059053
2012-10-23,13102.53,13102.5300,1706.93,7.67607928
2012-10-24,13077.34,13077.3400,1701.55,7.68554553
2012-10-25,13103.68,13103.6800,1709.9,7.66341891
2012-10-26,13107.21,13107.2100,1710.6,7.66234655
2012-10-31,13096.46,13096.4600,1719.71,7.61550494
2012-11-01,13232.62,13232.6200,1715.03,7.71567844
2012-11-02,13093.16,13093.1600,1677.46,7.80534856
2012-11-05,13112.44,13112.4400,1684.74,7.78306445
2012-11-06,13245.68,13245.6800,1715.58,7.72081745
2012-11-07,12932.73,12932.7300,1717.1,7.53172791
2012-11-08,12811.32,12811.3200,1730.41,7.40363267
2012-11-09,12815.39,12815.3900,1730.75,7.40452983
2012-11-12,12815.08,12815.0800,1727.63,7.41772254
2012-11-13,12756.18,12756.1800,1724.8,7.39574443
2012-11-14,12570.95,12570.9500,1725.93,7.28358045
2012-11-15,12542.38,12542.3800,1716.5,7.30695019
2012-11-16,12588.31,12588.3100,1713.35,7.34719118
2012-11-19,12795.96,12795.9600,1730.95,7.39244923
2012-11-20,12788.51,12788.5100,1728.42,7.39895974
2012-11-21,12836.89,12836.8900,1728.27,7.42759523
2012-11-23,13009.68,13009.6800,1750.76,7.43087573
2012-11-26,12967.37,12967.3700,1748.17,7.41768249
2012-11-27,12878.13,12878.1300,1741.37,7.39540132
2012-11-28,12985.11,12985.1100,1719.54,7.55150215
2012-11-29,13021.82,13021.8200,1725.4,7.54713110
2012-11-30,13025.58,13025.5800,1714.4,7.59774848
2012-12-03,12965.6,12965.6000,1715.14,7.55949952
2012-12-04,12951.78,12951.7800,1696.61,7.63391705
2012-12-05,13034.49,13034.4900,1693.7,7.69586704
2012-12-06,13074.04,13074.0400,1699.7,7.69196917
2012-12-07,13155.13,13155.1300,1703.65,7.72173275
2012-12-10,13169.88,13169.8800,1712.4,7.69088998
2012-12-11,13248.44,13248.4400,1709.46,7.75007312
2012-12-12,13245.45,13245.4500,1711.3,7.73999299
2012-12-13,13170.72,13170.7200,1696.9,7.76163592
2012-12-14,13135.01,13135.0100,1695.7,7.74606947
2012-12-17,13235.39,13235.3900,1697.65,7.79630077
2012-12-18,13350.96,13350.9600,1670.4,7.99267241
2012-12-19,13251.97,13251.9700,1665.24,7.95799404
2012-12-20,13311.72,13311.7200,1647.75,8.07872553
2012-12-21,13190.84,13190.8400,1656.75,7.96187717
2012-12-24,13139.08,13139.0800,1657.98,7.92475181
2012-12-26,13114.59,13114.5900,1659.29,7.90373594
2012-12-27,13096.31,13096.3100,1663.06,7.87482713
2012-12-28,12938.11,12938.1100,1655.07,7.81725848
2012-12-31,13104.14,13104.1400,1676.4,7.81683369
2013-01-02,13412.55,13412.5500,1685.48,7.95770344
2013-01-03,13391.36,13391.3600,1663.52,8.05001443
2013-01-04,13435.21,13435.2100,1655.7,8.11451954
2013-01-07,13384.29,13384.2900,1647,8.12646630
2013-01-08,13328.85,13328.8500,1659.46,8.03204054
2013-01-09,13390.51,13390.5100,1657.87,8.07693607
2013-01-10,13471.22,13471.2200,1674.51,8.04487283
2013-01-11,13488.43,13488.4300,1662.4,8.11382940
2013-01-14,13507.32,13507.3200,1667.37,8.10097339
2013-01-15,13534.89,13534.8900,1679.68,8.05801700
2013-01-16,13511.23,13511.2300,1680,8.04239881
2013-01-17,13596.02,13596.0200,1686.84,8.06005312
2013-01-18,13649.7,13649.7000,1683.3,8.10889325
2013-01-22,13712.21,13712.2100,1692.19,8.10323309
2013-01-23,13779.33,13779.3300,1685.35,8.17594565
2013-01-24,13825.33,13825.3300,1666.86,8.29423587
2013-01-25,13895.98,13895.9800,1658.3,8.37965386
2013-01-28,13881.93,13881.9300,1654.58,8.39000230
2013-01-29,13954.42,13954.4200,1663.37,8.38924593
2013-01-30,13910.42,13910.4200,1676.49,8.29734743
2013-01-31,13860.58,13860.5800,1663.38,8.33278024
2013-02-01,14009.79,14009.7900,1667.05,8.40394109
2013-02-04,13880.08,13880.0800,1674.07,8.29121841
2013-02-05,13979.3,13979.3000,1672.61,8.35777617
2013-02-06,13986.52,13986.5200,1677.03,8.34005355
2013-02-07,13944.05,13944.0500,1670.61,8.34668175
2013-02-08,13992.97,13992.9700,1666.8,8.39511039
2013-02-11,13971.24,13971.2400,1647.93,8.47805429
2013-02-12,14018.7,14018.7000,1651.16,8.49021294
2013-02-13,13982.91,13982.9100,1642.47,8.51334271
2013-02-14,13973.39,13973.3900,1633.92,8.55206497
2013-02-15,13981.76,13981.7600,1609.7,8.68594148
2013-02-19,14035.67,14035.6700,1604.23,8.74916315
2013-02-20,13927.54,13927.5400,1564.71,8.90103597
2013-02-21,13880.62,13880.6200,1576.11,8.80688531
2013-02-22,14000.57,14000.5700,1581.15,8.85467539
2013-02-25,13784.17,13784.1700,1592.96,8.65318024
2013-02-26,13900.13,13900.1300,1614.17,8.61131727
2013-02-27,14075.37,14075.3700,1595.82,8.82014889
2013-02-28,14054.49,14054.4900,1579.16,8.89997847
2013-03-01,14089.66,14089.6600,1575.65,8.94212547
2013-03-04,14127.82,14127.8200,1574.05,8.97545821
2013-03-05,14253.77,14253.7700,1574.38,9.05357665
2013-03-06,14296.24,14296.2400,1584.13,9.02466338
2013-03-07,14329.49,14329.4900,1578.09,9.08027426
2013-03-08,14397.07,14397.0700,1578.24,9.12223109
2013-03-11,14447.29,14447.2900,1581.39,9.13581722
2013-03-12,14450.06,14450.0600,1592.49,9.07387801
2013-03-13,14455.28,14455.2800,1587.34,9.10660602
2013-03-14,14539.14,14539.1400,1589.88,9.14480338
2013-03-15,14514.11,14514.1100,1591.76,9.11827788
2013-03-18,14452.06,14452.0600,1605.09,9.00389386
2013-03-19,14455.82,14455.8200,1612.28,8.96607289
2013-03-20,14511.73,14511.7300,1606.35,9.03397765
2013-03-21,14421.49,14421.4900,1614.2,8.93414075
2013-03-22,14512.03,14512.0300,1608.21,9.02371581
2013-03-25,14447.75,14447.7500,1604.61,9.00390126
2013-03-26,14559.65,14559.6500,1599.65,9.10177226
2013-03-27,14526.16,14526.1600,1604.79,9.05175132
2013-03-28,14578.54,14578.5400,1596.65,9.13070491
2013-04-01,14572.85,14572.8500,1598.75,9.11515246
2013-04-02,14662.01,14662.0100,1575.78,9.30460470
2013-04-03,14550.35,14550.3500,1557.53,9.34193884
2013-04-04,14606.11,14606.1100,1553.05,9.40479057
2013-04-05,14565.25,14565.2500,1580.75,9.21413886
2013-04-08,14613.48,14613.4800,1572.6,9.29256009
2013-04-09,14673.46,14673.4600,1584.99,9.25776188
2013-04-10,14802.24,14802.2400,1558.98,9.49482354
2013-04-11,14865.14,14865.1400,1560.28,9.52722588
2013-04-12,14865.06,14865.0600,1482.8,10.02499326
2013-04-15,14599.2,14599.2000,1351.91,10.79894372
2013-04-16,14756.78,14756.7800,1368.64,10.78207564
2013-04-17,14618.59,14618.5900,1377.17,10.61494950
2013-04-18,14537.14,14537.1400,1390.93,10.45138145
2013-04-19,14547.51,14547.5100,1403.1,10.36812059
2013-04-22,14567.17,14567.1700,1425.93,10.21590821
2013-04-23,14719.46,14719.4600,1413,10.41716914
2013-04-24,14676.3,14676.3000,1431.28,10.25396848
2013-04-25,14700.8,14700.8000,1467.39,10.01833187
2013-04-26,14712.55,14712.5500,1461.3,10.06812427
2013-04-29,14818.75,14818.7500,1475.93,10.04027969
2013-04-30,14839.8,14839.8000,1476.23,10.05249859
2013-05-01,14700.95,14700.9500,1457.75,10.08468530
2013-05-02,14831.58,14831.5800,1466.96,10.11041883
2013-05-03,14973.96,14973.9600,1470.16,10.18525875
2013-05-06,14968.89,14968.8900,1469.6,10.18568998
2013-05-07,15056.2,15056.2000,1452.47,10.36592838
2013-05-08,15105.12,15105.1200,1473.8,10.24909757
2013-05-09,15082.62,15082.6200,1457.81,10.34608076
2013-05-10,15118.49,15118.4900,1443.85,10.47095612
2013-05-13,15091.68,15091.6800,1430.38,10.55081866
2013-05-14,15215.25,15215.2500,1425.25,10.67549553
2013-05-15,15275.69,15275.6900,1392.8,10.96761200
2013-05-16,15233.22,15233.2200,1385.8,10.99236542
2013-05-17,15354.4,15354.4000,1355.58,11.32681214
2013-05-20,15335.28,15335.2800,1393.6,11.00407577
2013-05-21,15387.58,15387.5800,1376.13,11.18177788
2013-05-22,15307.17,15307.1700,1369.93,11.17368771
2013-05-23,15294.5,15294.5000,1390.8,10.99690825
2013-05-24,15303.1,15303.1000,1383.61,11.06026987
2013-05-28,15409.39,15409.3900,1381,11.15813903
2013-05-29,15302.8,15302.8000,1392.5,10.98944345
2013-05-30,15324.53,15324.5300,1413.31,10.84300684
2013-05-31,15115.57,15115.5700,1385.08,10.91313859
2013-06-03,15254.03,15254.0300,1411.25,10.80887865
2013-06-04,15177.54,15177.5400,1399.5,10.84497320
2013-06-05,14960.59,14960.5900,1403.25,10.66138607
2013-06-06,15040.62,15040.6200,1413.64,10.63963951
2013-06-07,15248.12,15248.1200,1382.45,11.02978046
2013-06-10,15238.59,15238.5900,1386.35,10.99187795
2013-06-11,15122.02,15122.0200,1378.15,10.97269528
2013-06-12,14995.23,14995.2300,1388.75,10.79764536
2013-06-13,15176.08,15176.0800,1385.9,10.95034274
2013-06-14,15070.18,15070.1800,1390.32,10.83936072
2013-06-17,15179.85,15179.8500,1385.15,10.95899361
2013-06-18,15318.23,15318.2300,1367.6,11.20081164
2013-06-19,15112.19,15112.1900,1351.25,11.18385939
2013-06-20,14758.32,14758.3200,1284.75,11.48730881
2013-06-21,14799.4,14799.4000,1294.01,11.43685134
2013-06-24,14659.56,14659.5600,1282.37,11.43161490
2013-06-25,14760.31,14760.3100,1277.4,11.55496321
2013-06-26,14910.14,14910.1400,1226.48,12.15685539
2013-06-27,15024.49,15024.4900,1200.05,12.51988667
2013-06-28,14909.6,14909.6000,1232.63,12.09576272
2013-07-01,14974.96,14974.9600,1252.38,11.95720149
2013-07-02,14932.41,14932.4100,1243.3,12.01030323
2013-07-03,14988.55,14988.5500,1252.83,11.96375406
2013-07-05,15135.84,15135.8400,1222.95,12.37649945
2013-07-08,15224.69,15224.6900,1236.68,12.31093735
2013-07-09,15300.34,15300.3400,1251.05,12.22999880
2013-07-10,15291.66,15291.6600,1259.37,12.14230925
2013-07-11,15460.92,15460.9200,1285.67,12.02557421
2013-07-12,15464.3,15464.3000,1284.14,12.04253430
2013-07-15,15484.26,15484.2600,1284.42,12.05544915
2013-07-16,15451.85,15451.8500,1291.78,11.96167304
2013-07-17,15470.52,15470.5200,1275.58,12.12822402
2013-07-18,15548.54,15548.5400,1283.9,12.11039801
2013-07-19,15543.74,15543.7400,1294.59,12.00668938
2013-07-22,15545.55,15545.5500,1335.53,11.63998562
2013-07-23,15567.74,15567.7400,1345.13,11.57340926
2013-07-24,15542.24,15542.2400,1322.1,11.75572196
2013-07-25,15555.61,15555.6100,1333.45,11.66568675
2013-07-26,15558.83,15558.8300,1332.81,11.67370443
2013-07-29,15521.97,15521.9700,1327.95,11.68867051
2013-07-30,15520.59,15520.5900,1326.25,11.70261263
2013-07-31,15499.54,15499.5400,1324.83,11.69926708
2013-08-01,15628.02,15628.0200,1310.33,11.92678180
2013-08-02,15658.36,15658.3600,1307.67,11.97424427
2013-08-05,15612.13,15612.1300,1302.67,11.98471601
2013-08-06,15518.74,15518.7400,1283.05,12.09519504
2013-08-07,15470.67,15470.6700,1287.24,12.01848140
2013-08-08,15498.32,15498.3200,1313.11,11.80275834
2013-08-09,15425.51,15425.5100,1312.92,11.74900984
2013-08-12,15419.68,15419.6800,1337.53,11.52847413
2013-08-13,15451.01,15451.0100,1321.35,11.69335150
2013-08-14,15337.66,15337.6600,1335.89,11.48122974
2013-08-15,15112.19,15112.1900,1365.67,11.06576992
2013-08-16,15081.47,15081.4700,1372.75,10.98631943
2013-08-19,15010.74,15010.7400,1365.85,10.99003551
2013-08-20,15002.99,15002.9900,1371.06,10.94262104
2013-08-21,14897.55,14897.5500,1366.5,10.90197585
2013-08-22,14963.74,14963.7400,1375.52,10.87860591
2013-08-23,15010.51,15010.5100,1396.26,10.75051208
2013-08-26,14946.46,14946.4600,1404.13,10.64464117
2013-08-27,14776.13,14776.1300,1415,10.44249470
2013-08-28,14824.51,14824.5100,1417.01,10.46182455
2013-08-29,14840.95,14840.9500,1407.54,10.54389218
2013-08-30,14810.31,14810.3100,1393.98,10.62447811
2013-09-03,14833.96,14833.9600,1412.16,10.50444709
2013-09-04,14930.87,14930.8700,1391.34,10.73128782
2013-09-05,14937.48,14937.4800,1367.37,10.92424143
2013-09-06,14922.5,14922.5000,1389.16,10.74210314
2013-09-09,15063.12,15063.1200,1386.82,10.86162588
2013-09-10,15191.06,15191.0600,1363.5,11.14122479
2013-09-11,15326.6,15326.6000,1364.99,11.22836065
2013-09-12,15300.64,15300.6400,1321.51,11.57814924
2013-09-13,15376.06,15376.0600,1323.42,11.61842801
2013-09-16,15494.78,15494.7800,1312.16,11.80860566
2013-09-17,15529.73,15529.7300,1310.48,11.85041359
2013-09-18,15676.94,15676.9400,1362.71,11.50423788
2013-09-19,15636.55,15636.5500,1365.89,11.44788380
2013-09-20,15451.09,15451.0900,1326.2,11.65064847
2013-09-23,15401.38,15401.3800,1322.49,11.64574401
2013-09-24,15334.59,15334.5900,1322.78,11.59269871
2013-09-25,15273.26,15273.2600,1333.85,11.45050793
2013-09-26,15328.3,15328.3000,1323.78,11.57918990
2013-09-27,15258.24,15258.2400,1336.05,11.42041091
2013-09-30,15129.67,15129.6700,1328.82,11.38579341
2013-10-01,15191.7,15191.7000,1287.25,11.80167023
2013-10-02,15133.14,15133.1400,1315.84,11.50074477
2013-10-03,14996.48,14996.4800,1316.47,11.39143315
2013-10-04,15072.58,15072.5800,1310.56,11.50086986
2013-10-07,14936.24,14936.2400,1323.03,11.28941899
2013-10-08,14776.53,14776.5300,1319.13,11.20172386
2013-10-09,14802.98,14802.9800,1305.47,11.33919585
2013-10-10,15126.07,15126.0700,1287.39,11.74940772
2013-10-11,15237.11,15237.1100,1270.16,11.99621308
2013-10-14,15301.26,15301.2600,1272.22,12.02721227
2013-10-15,15168.01,15168.0100,1281.6,11.83521380
2013-10-16,15373.83,15373.8300,1282.29,11.98935498
2013-10-17,15371.65,15371.6500,1320.32,11.64236700
2013-10-18,15399.65,15399.6500,1314.59,11.71441286
2013-10-21,15392.2,15392.2000,1315.61,11.69966783
2013-10-22,15467.66,15467.6600,1339.98,11.54320214
2013-10-23,15413.33,15413.3300,1333.21,11.56106690
2013-10-24,15509.21,15509.2100,1346.6,11.51731026
2013-10-25,15570.28,15570.2800,1351.47,11.52099566
2013-10-28,15568.93,15568.9300,1352.06,11.51496975
2013-10-29,15680.35,15680.3500,1343.45,11.67170345
2013-10-30,15618.76,15618.7600,1342.26,11.63616587
2013-10-31,15545.75,15545.7500,1323.25,11.74815794
2013-11-01,15615.55,15615.5500,1315.81,11.86763286
2013-11-04,15639.12,15639.1200,1314.44,11.89793372
2013-11-05,15618.22,15618.2200,1311.48,11.90885107
2013-11-06,15746.88,15746.8800,1317.58,11.95136538
2013-11-07,15593.98,15593.9800,1307.48,11.92674458
2013-11-08,15761.78,15761.7800,1287.77,12.23959247
2013-11-11,15783.1,15783.1000,1282.63,12.30526340
2013-11-12,15750.67,15750.6700,1267.98,12.42185997
2013-11-13,15821.63,15821.6300,1281.42,12.34695104
2013-11-14,15876.22,15876.2200,1287.08,12.33506853
2013-11-15,15961.7,15961.7000,1288.06,12.39204695
2013-11-18,15976.02,15976.0200,1275.28,12.52746064
2013-11-19,15967.03,15967.0300,1275.5,12.51825167
2013-11-20,15900.82,15900.8200,1244.09,12.78108497
2013-11-21,16009.99,16009.9900,1242.8,12.88219343
2013-11-22,16064.77,16064.7700,1243.17,12.92242413
2013-11-25,16072.54,16072.5400,1251.34,12.84426295
2013-11-26,16072.8,16072.8000,1242.64,12.93439773
2013-11-27,16097.33,16097.3300,1237.57,13.00720767
2013-11-29,16086.41,16086.4100,1253.78,12.83032908
2013-12-02,16008.77,16008.7700,1219.73,13.12484730
2013-12-03,15914.62,15914.6200,1223.1,13.01170796
2013-12-04,15889.77,15889.7700,1243.58,12.77744094
2013-12-05,15821.51,15821.5100,1224.91,12.91646733
2013-12-06,16020.2,16020.2000,1228.67,13.03865155
2013-12-09,16025.53,16025.5300,1240.28,12.92089689
2013-12-10,15973.13,15973.1300,1261.9,12.65799984
2013-12-11,15843.53,15843.5300,1251.98,12.65477883
2013-12-12,15739.43,15739.4300,1225.39,12.84442504
2013-12-13,15755.36,15755.3600,1237.5,12.73160404
2013-12-16,15884.57,15884.5700,1241.05,12.79929898
2013-12-17,15875.26,15875.2600,1230.77,12.89864069
2013-12-18,16167.97,16167.9700,1218.23,13.27168925
2013-12-19,16179.08,16179.0800,1187.76,13.62150603
2013-12-20,16221.14,16221.1400,1202.09,13.49411442
2013-12-23,16294.61,16294.6100,1195.75,13.62710433
2013-12-24,16357.55,16357.5500,1203.78,13.58848793
2013-12-26,16479.88,16479.8800,1210.54,13.61366002
2013-12-27,16478.41,16478.4100,1214.05,13.57309007
2013-12-30,16504.29,16504.2900,1196.55,13.79323054
2013-12-31,16576.66,16576.6600,1204.12,13.76661795
2014-01-02,16441.35,16441.3500,1222.44,13.44961716
2014-01-03,16469.99,16469.9900,1237.11,13.31327853
2014-01-06,16425.1,16425.1000,1237.5,13.27280808
2014-01-07,16530.94,16530.9400,1231.63,13.42200174
2014-01-08,16462.74,16462.7400,1225.48,13.43370761
2014-01-09,16444.76,16444.7600,1227.52,13.39673488
2014-01-10,16437.05,16437.0500,1247,13.18127506
2014-01-13,16257.94,16257.9400,1252.78,12.97749006
2014-01-14,16373.86,16373.8600,1244.77,13.15412486
2014-01-15,16481.94,16481.9400,1241.73,13.27336861
2014-01-16,16417.01,16417.0100,1241.77,13.22065278
2014-01-17,16458.56,16458.5600,1253.87,13.12620926
2014-01-21,16414.44,16414.4400,1241.23,13.22433393
2014-01-22,16373.34,16373.3400,1236.98,13.23654384
2014-01-23,16197.35,16197.3500,1263.23,12.82217015
2014-01-24,15879.11,15879.1100,1268.39,12.51910690
2014-01-27,15837.88,15837.8800,1256.94,12.60034687
2014-01-28,15928.56,15928.5600,1256.25,12.67945075
2014-01-29,15738.79,15738.7900,1267.05,12.42160136
2014-01-30,15848.61,15848.6100,1243.05,12.74977676
2014-01-31,15698.85,15698.8500,1244.75,12.61205061
2014-02-03,15372.8,15372.8000,1257.6,12.22391858
2014-02-04,15445.24,15445.2400,1254.27,12.31412694
2014-02-05,15440.23,15440.2300,1257.46,12.27890350
2014-02-06,15628.53,15628.5300,1257.57,12.42756268
2014-02-07,15794.08,15794.0800,1266.94,12.46632043
2014-02-10,15801.79,15801.7900,1274.45,12.39890933
2014-02-11,15994.77,15994.7700,1290.75,12.39184195
2014-02-12,15963.94,15963.9400,1290.52,12.37016087
2014-02-13,16027.59,16027.5900,1302.12,12.30884250
2014-02-14,16154.39,16154.3900,1318.57,12.25144664
2014-02-18,16130.4,16130.4000,1321.48,12.20631413
2014-02-19,16040.56,16040.5600,1311.44,12.23125724
2014-02-20,16133.23,16133.2300,1322.78,12.19645746
2014-02-21,16103.3,16103.3000,1323.58,12.16647275
2014-02-24,16207.14,16207.1400,1336.67,12.12501216
2014-02-25,16179.66,16179.6600,1340.52,12.06968937
2014-02-26,16198.41,16198.4100,1330.35,12.17605142
2014-02-27,16272.65,16272.6500,1331.26,12.22349503
2014-02-28,16321.71,16321.7100,1323.58,12.33148733
2014-03-03,16168.03,16168.0300,1350.46,11.97223909
2014-03-04,16395.88,16395.8800,1334.28,12.28818539
2014-03-05,16360.18,16360.1800,1336.77,12.23859003
2014-03-06,16421.89,16421.8900,1350.53,12.15958920
2014-03-07,16452.72,16452.7200,1338.98,12.28750243
2014-03-10,16418.68,16418.6800,1339.83,12.25430092
2014-03-11,16351.25,16351.2500,1348.47,12.12577959
2014-03-12,16340.08,16340.0800,1366.6,11.95673935
2014-03-13,16108.89,16108.8900,1370.86,11.75093737
2014-03-14,16065.67,16065.6700,1381.2,11.63167535
2014-03-17,16247.22,16247.2200,1365.67,11.89688578
2014-03-18,16336.19,16336.1900,1356.77,12.04050060
2014-03-19,16222.17,16222.1700,1330.08,12.19638668
2014-03-20,16331.05,16331.0500,1329.68,12.28194002
2014-03-21,16302.77,16302.7700,1332.92,12.23086907
2014-03-24,16276.69,16276.6900,1308.85,12.43587118
2014-03-25,16367.88,16367.8800,1311.06,12.48446295
2014-03-26,16268.99,16268.9900,1304.92,12.46742329
2014-03-27,16264.23,16264.2300,1291.47,12.59357941
2014-03-28,16323.06,16323.0600,1292.76,12.62652000
2014-03-31,16457.66,16457.6600,1283.9,12.81849054
2014-04-01,16532.61,16532.6100,1278.89,12.92731197
2014-04-02,16573,16573.0000,1289.81,12.84917934
2014-04-03,16572.55,16572.5500,1286.5,12.88188885
2014-04-04,16420.81,16420.8100,1303.18,12.60056938
2014-04-07,16245.87,16245.8700,1297.06,12.52514918
2014-04-08,16256.14,16256.1400,1308.52,12.42330266
2014-04-09,16437.18,16437.1800,1311.51,12.53301919
2014-04-10,16170.22,16170.2200,1318.83,12.26103440
2014-04-11,16052.12,16052.1200,1317.7,12.18192305
2014-04-14,16173.24,16173.2400,1327.66,12.18176340
2014-04-15,16262.56,16262.5600,1302.08,12.48967805
2014-04-16,16424.85,16424.8500,1302.27,12.61247668
2014-04-17,16408.54,16408.5400,1295.11,12.66961108
2014-04-21,16449.25,16449.2500,1289.46,12.75669660
2014-04-22,16514.37,16514.3700,1283.5,12.86666926
2014-04-23,16501.65,16501.6500,1283.53,12.85645836
2014-04-24,16501.65,16501.6500,1293.02,12.76209958
2014-04-25,16371.9,16371.9000,1302.15,12.57297546
2014-04-28,16448.74,16448.7400,1296.31,12.68889386
2014-04-29,16535.37,16535.3700,1295.77,12.76103784
2014-04-30,16580.84,16580.8400,1291.26,12.84082214
2014-05-01,16558.87,16558.8700,1284,12.89631620
2014-05-02,16509.1,16509.1000,1298.24,12.71652391
2014-05-05,16530.55,16530.5500,1309.96,12.61912577
2014-05-06,16401.02,16401.0200,1307.9,12.53996483
2014-05-07,16518.54,16518.5400,1289.82,12.80685677
2014-05-08,16550.97,16550.9700,1289.34,12.83677696
2014-05-09,16586.01,16586.0100,1288.59,12.87144088
2014-05-12,16695.47,16695.4700,1295.69,12.88538925
2014-05-13,16715.44,16715.4400,1293.53,12.92234428
2014-05-14,16613.97,16613.9700,1305.75,12.72369902
2014-05-15,16446.81,16446.8100,1296.08,12.68965650
2014-05-16,16484.09,16484.0900,1292.97,12.74901196
2014-05-19,16511.86,16511.8600,1292.73,12.77286054
2014-05-20,16374.31,16374.3100,1293.97,12.65431965
2014-05-21,16533.06,16533.0600,1291.74,12.79906173
2014-05-22,16543.08,16543.0800,1294,12.78445131
2014-05-23,16606.27,16606.2700,1292.62,12.84698519
2014-05-27,16675.5,16675.5000,1264.79,13.18440215
2014-05-28,16633.18,16633.1800,1258.06,13.22129310
2014-05-29,16698.74,16698.7400,1255.4,13.30152939
2014-05-30,16705.45,16705.4500,1250.55,13.35848227
2014-06-02,16743.63,16743.6300,1243.57,13.46416366
2014-06-03,16722.34,16722.3400,1244.85,13.43321685
2014-06-04,16737.53,16737.5300,1243.84,13.45633683
2014-06-05,16836.11,16836.1100,1253.53,13.43095897
2014-06-06,16908.13,16908.1300,1252.61,13.49831951
2014-06-09,16943.1,16943.1000,1252.16,13.53109826
2014-06-10,16945.92,16945.9200,1259.51,13.45437511
2014-06-11,16843.88,16843.8800,1260.74,13.36031220
2014-06-12,16734.19,16734.1900,1273.16,13.14382324
2014-06-13,16738.72,16738.7200,1276.62,13.11174821
2014-06-16,16781.01,16781.0100,1271.82,13.19448507
2014-06-17,16808.49,16808.4900,1270.38,13.23107259
2014-06-18,16906.62,16906.6200,1277.61,13.23300538
2014-06-19,16921.46,16921.4600,1320,12.81928788
2014-06-20,16947.08,16947.0800,1313.97,12.89761562
2014-06-23,16937.26,16937.2600,1317.18,12.85872850
2014-06-24,16818.13,16818.1300,1318.19,12.75850219
2014-06-25,16867.51,16867.5100,1319.15,12.78665049
2014-06-26,16846.13,16846.1300,1316.35,12.79760702
2014-06-27,16843.21,16843.2100,1315.78,12.80093177
2014-06-30,16826.6,16826.6000,1327.06,12.67960755
2014-07-01,16956.07,16956.0700,1326.33,12.78420152
2014-07-02,16976.24,16976.2400,1326.7,12.79583930
2014-07-03,17068.26,17068.2600,1319.45,12.93588995
2014-07-07,17024.21,17024.2100,1319.62,12.90084267
2014-07-08,16906.62,16906.6200,1318.92,12.81853335
2014-07-09,16985.61,16985.6100,1327.7,12.79325902
2014-07-10,16915.07,16915.0700,1335.61,12.66467756
2014-07-11,16943.31,16943.3100,1337.48,12.66808476
2014-07-14,17055.42,17055.4200,1306.92,13.05008723
2014-07-15,17060.68,17060.6800,1293.97,13.18475699
2014-07-16,17138.2,17138.2000,1299.03,13.19307483
2014-07-17,16976.81,16976.8100,1319.1,12.86999469
2014-07-18,17089.17,17089.1700,1310.42,13.04098686
2014-07-21,17051.73,17051.7300,1312.41,12.99268521
2014-07-22,17113.54,17113.5400,1306.28,13.10097376
2014-07-23,17086.63,17086.6300,1304.54,13.09781992
2014-07-24,17083.8,17083.8000,1293.42,13.20823862
2014-07-25,16947.31,16947.3100,1307.01,12.96647310
2014-07-28,16982.59,16982.5900,1303.83,13.02515665
2014-07-29,16912.11,16912.1100,1299.11,13.01822786
2014-07-30,16880.36,16880.3600,1296.02,13.02476814
2014-07-31,16563.3,16563.3000,1282.59,12.91394756
2014-08-01,16511.58,16511.5800,1292.72,12.77274274
2014-08-04,16569.28,16569.2800,1288.11,12.86324926
2014-08-05,16429.47,16429.4700,1288.55,12.75035505
2014-08-06,16443.34,16443.3400,1305.65,12.59398767
2014-08-07,16368.27,16368.2700,1312.27,12.47324865
2014-08-08,16553.93,16553.9300,1311.48,12.62232745
2014-08-11,16569.98,16569.9800,1308.36,12.66469473
2014-08-12,16560.54,16560.5400,1309.3,12.64839227
2014-08-13,16651.8,16651.8000,1312.55,12.68660242
2014-08-14,16713.58,16713.5800,1313.46,12.72484887
2014-08-15,16662.91,16662.9100,1304.03,12.77801124
2014-08-18,16838.74,16838.7400,1298.15,12.97133613
2014-08-19,16919.59,16919.5900,1295.47,13.06058033
2014-08-20,16979.13,16979.1300,1291.63,13.14550607
2014-08-21,17039.49,17039.4900,1276.64,13.34713780
2014-08-22,17001.22,17001.2200,1280.37,13.27836485
2014-08-25,17076.87,17076.8700,1276.52,13.37767524
2014-08-26,17106.7,17106.7000,1280.95,13.35469769
2014-08-27,17122.01,17122.0100,1282.52,13.35028694
2014-08-28,17079.57,17079.5700,1289.55,13.24459695
2014-08-29,17098.45,17098.4500,1287.12,13.28427031
2014-09-02,17067.56,17067.5600,1265.3,13.48894333
2014-09-03,17078.28,17078.2800,1268.95,13.45859175
2014-09-04,17069.58,17069.5800,1261.71,13.52892503
2014-09-05,17124.71,17124.7100,1268.49,13.50007489
2014-09-08,17111.42,17111.4200,1255.31,13.63123053
2014-09-09,17013.87,17013.8700,1255.11,13.55568038
2014-09-10,17068.71,17068.7100,1249.45,13.66097883
2014-09-11,17049,17049.0000,1240.89,13.73933225
2014-09-12,16987.51,16987.5100,1230.42,13.80626940
2014-09-15,17031.14,17031.1400,1233.16,13.81097343
2014-09-16,17131.97,17131.9700,1235.53,13.86608986
2014-09-17,17156.85,17156.8500,1223.16,14.02666045
2014-09-18,17265.99,17265.9900,1224.99,14.09480077
2014-09-19,17279.74,17279.7400,1217.64,14.19117309
2014-09-22,17172.68,17172.6800,1214.93,14.13470735
2014-09-23,17055.87,17055.8700,1223.1,13.94478783
2014-09-24,17210.06,17210.0600,1217,14.14138044
2014-09-25,16945.8,16945.8000,1221.31,13.87510133
2014-09-26,17113.15,17113.1500,1217.46,14.05643717
2014-09-29,17071.22,17071.2200,1215.75,14.04171910
2014-09-30,17042.9,17042.9000,1208.09,14.10730989
2014-10-01,16804.71,16804.7100,1213.54,13.84767704
2014-10-02,16801.05,16801.0500,1214.33,13.83565423
2014-10-03,17009.69,17009.6900,1191.74,14.27298740
2014-10-06,16991.91,16991.9100,1206.92,14.07873761
2014-10-07,16719.39,16719.3900,1208.87,13.83059386
2014-10-08,16994.22,16994.2200,1221.03,13.91793813
2014-10-09,16659.25,16659.2500,1224.23,13.60794132
2014-10-10,16544.1,16544.1000,1223.1,13.52636743
2014-10-13,16321.07,16321.0700,1235.74,13.20752747
2014-10-14,16315.19,16315.1900,1232.68,13.23554369
2014-10-15,16141.74,16141.7400,1241.88,12.99782588
2014-10-16,16117.24,16117.2400,1238.68,13.01162528
2014-10-17,16380.41,16380.4100,1237.64,13.23519763
2014-10-20,16399.67,16399.6700,1246.61,13.15541348
2014-10-21,16614.81,16614.8100,1248.39,13.30898998
2014-10-22,16461.32,16461.3200,1241,13.26456084
2014-10-23,16677.9,16677.9000,1231.57,13.54198300
2014-10-24,16805.41,16805.4100,1230.93,13.65261225
2014-10-27,16817.94,16817.9400,1226,13.71773246
2014-10-28,17005.75,17005.7500,1227.94,13.84900728
2014-10-29,16974.31,16974.3100,1212.79,13.99608341
2014-10-30,17195.42,17195.4200,1199.53,14.33513126
2014-10-31,17390.52,17390.5200,1171.85,14.84022699
2014-11-03,17366.24,17366.2400,1165.47,14.90063236
2014-11-04,17383.84,17383.8400,1168.1,14.88215050
2014-11-05,17484.53,17484.5300,1140.26,15.33380983
2014-11-06,17554.47,17554.4700,1141.69,15.37586385
2014-11-07,17573.93,17573.9300,1174.92,14.95755456
2014-11-10,17613.74,17613.7400,1151.33,15.29860249
2014-11-11,17614.9,17614.9000,1164.2,15.13047586
2014-11-12,17612.2,17612.2000,1162.32,15.15262578
2014-11-13,17652.79,17652.7900,1162.15,15.18976896
2014-11-14,17634.74,17634.7400,1190.73,14.81002410
2014-11-17,17647.75,17647.7500,1186.42,14.87479139
2014-11-18,17687.82,17687.8200,1196.98,14.77703888
2014-11-19,17685.73,17685.7300,1182.6,14.95495518
2014-11-20,17719,17719.0000,1193.68,14.84401180
2014-11-21,17810.06,17810.0600,1200.86,14.83108772
2014-11-24,17817.9,17817.9000,1198.24,14.87005942
2014-11-25,17814.94,17814.9400,1200.99,14.83354566
2014-11-26,17827.75,17827.7500,1198.2,14.87877650
2014-11-28,17828.24,17828.2400,1168.85,15.25280404
2014-12-01,17776.8,17776.8000,1211.35,14.67519709
2014-12-02,17879.55,17879.5500,1197.79,14.92711577
2014-12-03,17912.62,17912.6200,1209.09,14.81496001
2014-12-04,17900.1,17900.1000,1205.41,14.84980214
2014-12-05,17958.79,17958.7900,1191.45,15.07305384
2014-12-08,17852.48,17852.4800,1203.16,14.83799328
2014-12-09,17801.2,17801.2000,1230.94,14.46146847
2014-12-10,17533.15,17533.1500,1224.89,14.31406085
2014-12-11,17596.34,17596.3400,1226.93,14.34176359
2014-12-12,17280.83,17280.8300,1221.48,14.14745227
2014-12-15,17180.84,17180.8400,1193.06,14.40065043
2014-12-16,17068.87,17068.8700,1194.7,14.28715996
2014-12-17,17356.87,17356.8700,1188.66,14.60204768
2014-12-18,17778.15,17778.1500,1198.01,14.83973423
2014-12-19,17804.8,17804.8000,1194.7,14.90315560
2014-12-22,17959.44,17959.4400,1176.11,15.27020432
2014-12-23,18024.17,18024.1700,1176.37,15.32185452
2014-12-24,18030.21,18030.2100,1174.8,15.34747191
2014-12-26,18053.71,18053.7100,1195.31,15.10378898
2014-12-29,18038.23,18038.2300,1183.17,15.24567898
2014-12-30,17983.07,17983.0700,1200.3,14.98214613
2014-12-31,17823.07,17823.0700,1183,15.06599324
2015-01-02,17832.99,17832.9900,1187.4,15.01851945
2015-01-05,17501.65,17501.6500,1204.54,14.52973749
2015-01-06,17371.64,17371.6400,1218.53,14.25622677
2015-01-07,17584.52,17584.5200,1211.19,14.51838275
2015-01-08,17907.87,17907.8700,1208.76,14.81507495
2015-01-09,17737.37,17737.3700,1220.73,14.53013361
2015-01-12,17640.84,17640.8400,1233.16,14.30539427
2015-01-13,17613.68,17613.6800,1230.68,14.31215263
2015-01-14,17427.09,17427.0900,1228.61,14.18439537
2015-01-15,17320.71,17320.7100,1262.38,13.72067840
2015-01-16,17511.57,17511.5700,1275.25,13.73187218
2015-01-20,17515.23,17515.2300,1293.87,13.53708642
2015-01-21,17554.28,17554.2800,1292.62,13.58038712
2015-01-22,17813.98,17813.9800,1302,13.68201229
2015-01-23,17672.6,17672.6000,1293.82,13.65924163
2015-01-26,17678.7,17678.7000,1281.03,13.80037938
2015-01-27,17387.21,17387.2100,1292.35,13.45394823
2015-01-28,17191.37,17191.3700,1283.14,13.39789111
2015-01-29,17416.85,17416.8500,1258.1,13.84377236
2015-01-30,17164.95,17164.9500,1283.8,13.37042374
2015-02-02,17361.04,17361.0400,1273.67,13.63072067
2015-02-03,17666.4,17666.4000,1260.23,14.01839347
2015-02-04,17673.02,17673.0200,1268.82,13.92870541
2015-02-05,17884.88,17884.8800,1264.28,14.14629671
2015-02-06,17824.29,17824.2900,1235.26,14.42958567
2015-02-09,17729.21,17729.2100,1238.62,14.31367974
2015-02-10,17868.76,17868.7600,1233.4,14.48740068
2015-02-11,17862.14,17862.1400,1217.88,14.66658456
2015-02-12,17972.38,17972.3800,1221.99,14.70746896
2015-02-13,18019.35,18019.3500,1228.44,14.66848198
2015-02-17,18047.58,18047.5800,1209.22,14.92497643
2015-02-18,18029.85,18029.8500,1212.79,14.86642370
2015-02-19,17985.77,17985.7700,1206.82,14.90344045
2015-02-20,18140.44,18140.4400,1201.11,15.10306300
2015-02-23,18116.84,18116.8400,1201.34,15.08052675
2015-02-24,18209.19,18209.1900,1200.65,15.16611002
2015-02-25,18224.57,18224.5700,1203.86,15.13844633
2015-02-26,18214.42,18214.4200,1209.08,15.06469382
2015-02-27,18132.7,18132.7000,1211.57,14.96628342
2015-03-02,18288.63,18288.6300,1206.38,15.15992473
2015-03-03,18203.37,18203.3700,1203.86,15.12083631
2015-03-04,18096.9,18096.9000,1200.59,15.07333894
2015-03-05,18135.72,18135.7200,1197.91,15.13946791
2015-03-06,17856.78,17856.7800,1165.53,15.32073820
2015-03-09,17995.72,17995.7200,1166.98,15.42076128
2015-03-10,17662.94,17662.9400,1161.4,15.20831755
2015-03-11,17635.39,17635.3900,1155.37,15.26384621
2015-03-12,17895.22,17895.2200,1153.76,15.51034877
2015-03-13,17749.31,17749.3100,1157.34,15.33629703
2015-03-16,17977.42,17977.4200,1154.31,15.57416985
2015-03-17,17849.08,17849.0800,1149.49,15.52782538
2015-03-18,18076.19,18076.1900,1167.99,15.47632257
2015-03-19,17959.03,17959.0300,1171.35,15.33190763
2015-03-20,18127.65,18127.6500,1182.55,15.32928840
2015-03-23,18116.04,18116.0400,1190.08,15.22253966
2015-03-24,18011.14,18011.1400,1193.14,15.09557973
2015-03-25,17718.54,17718.5400,1195.4,14.82226870
2015-03-26,17678.23,17678.2300,1204.16,14.68096432
2015-03-27,17712.66,17712.6600,1198.78,14.77557183
2015-03-30,17976.31,17976.3100,1186.02,15.15683547
2015-03-31,17776.12,17776.1200,1183.38,15.02148084
2015-04-01,17698.18,17698.1800,1204.26,14.69631143
2015-04-02,17763.24,17763.2400,1202.86,14.76750412
2015-04-06,17880.85,17880.8500,1214.82,14.71892955
2015-04-07,17875.42,17875.4200,1208.66,14.78945278
2015-04-08,17902.51,17902.5100,1202.86,14.88328650
2015-04-09,17958.73,17958.7300,1194.76,15.03124477
2015-04-10,18057.65,18057.6500,1208.56,14.94145926
2015-04-13,17977.04,17977.0400,1199.1,14.99211075
2015-04-14,18036.7,18036.7000,1192.71,15.12245223
2015-04-15,18112.61,18112.6100,1202.32,15.06471655
2015-04-16,18105.77,18105.7700,1198.7,15.10450488
2015-04-17,17826.3,17826.3000,1204.81,14.79594293
2015-04-20,18034.93,18034.9300,1196.42,15.07407934
2015-04-21,17949.59,17949.5900,1202.71,14.92428765
2015-04-22,18038.27,18038.2700,1187.61,15.18871515
2015-04-23,18058.69,18058.6900,1194.1,15.12326438
2015-04-24,18080.14,18080.1400,1178.99,15.33527850
2015-04-27,18037.97,18037.9700,1202.14,15.00488296
2015-04-28,18110.14,18110.1400,1212.19,14.94001765
2015-04-29,18035.53,18035.5300,1204.93,14.96811433
2015-04-30,17840.52,17840.5200,1184.5,15.06164626
2015-05-01,18024.06,18024.0600,1177.85,15.30250881
2015-05-04,18070.4,18070.4000,1188.57,15.20347981
2015-05-05,17928.2,17928.2000,1193.51,15.02140745
2015-05-06,17841.98,17841.9800,1192,14.96810403
2015-05-07,17924.06,17924.0600,1184.92,15.12681025
2015-05-08,18191.11,18191.1100,1188.37,15.30761463
2015-05-11,18105.17,18105.1700,1184.25,15.28830061
2015-05-12,18068.23,18068.2300,1194.1,15.13125366
2015-05-13,18060.49,18060.4900,1215.33,14.86056462
2015-05-14,18252.24,18252.2400,1221.6,14.94125737
2015-05-15,18272.56,18272.5600,1225.13,14.91479272
2015-05-18,18298.88,18298.8800,1225.89,14.92701629
2015-05-19,18312.39,18312.3900,1208.48,15.15324209
2015-05-20,18285.4,18285.4000,1209.92,15.11290003
2015-05-21,18285.74,18285.7400,1206.92,15.15074736
2015-05-22,18232.02,18232.0200,1205.67,15.12189903
2015-05-26,18041.54,18041.5400,1187.99,15.18660931
2015-05-27,18162.99,18162.9900,1188.32,15.28459506
2015-05-28,18126.12,18126.1200,1188.61,15.24984646
2015-05-29,18010.68,18010.6800,1190.22,15.13222766
2015-06-01,18040.37,18040.3700,1189.6,15.16507229
2015-06-02,18011.94,18011.9400,1193.44,15.09245542
2015-06-03,18076.27,18076.2700,1185.82,15.24368791
2015-06-04,17905.58,17905.5800,1177.01,15.21276795
2015-06-05,17849.46,17849.4600,1171.2,15.24031762
2015-06-08,17766.55,17766.5500,1174.09,15.13218748
2015-06-09,17764.04,17764.0400,1176.76,15.09572045
2015-06-10,18000.4,18000.4000,1185.95,15.17804292
2015-06-11,18039.37,18039.3700,1182.43,15.25618430
2015-06-12,17898.84,17898.8400,1181.35,15.15117450
2015-06-15,17791.17,17791.1700,1186.57,14.99378039
2015-06-16,17904.48,17904.4800,1181.94,15.14838317
2015-06-17,17935.74,17935.7400,1185.34,15.13130410
2015-06-18,18115.84,18115.8400,1202,15.07141431
2015-06-19,18015.95,18015.9500,1201.19,14.99841824
2015-06-22,18119.78,18119.7800,1186.1,15.27677262
2015-06-23,18144.07,18144.0700,1178.35,15.39786142
2015-06-24,17966.07,17966.0700,1175.34,15.28584920
2015-06-25,17890.36,17890.3600,1173.29,15.24802905
2015-06-26,17946.68,17946.6800,1174.78,15.27663052
2015-06-29,17596.35,17596.3500,1180.23,14.90925498
2015-06-30,17619.51,17619.5100,1172.36,15.02909516
2015-07-01,17757.91,17757.9100,1169.19,15.18821577
2015-07-02,17730.11,17730.1100,1166.65,15.19745425
2015-07-06,17683.58,17683.5800,1170.24,15.11107123
2015-07-07,17776.91,17776.9100,1155.25,15.38793335
2015-07-08,17515.42,17515.4200,1158.87,15.11422334
2015-07-09,17548.62,17548.6200,1159.88,15.12968583
2015-07-10,17760.41,17760.4100,1162.78,15.27409312
2015-07-13,17977.68,17977.6800,1157.83,15.52704628
2015-07-14,18053.58,18053.5800,1156.09,15.61606795
2015-07-15,18050.17,18050.1700,1149.12,15.70781990
2015-07-16,18120.25,18120.2500,1145.8,15.81449642
2015-07-17,18086.45,18086.4500,1134.11,15.94770349
2015-07-20,18100.41,18100.4100,1097.51,16.49225064
2015-07-21,17919.29,17919.2900,1101.78,16.26394562
2015-07-22,17851.04,17851.0400,1094.78,16.30559564
2015-07-23,17731.92,17731.9200,1091.01,16.25275662
2015-07-24,17568.53,17568.5300,1098.97,15.98635996
2015-07-27,17440.59,17440.5900,1094.23,15.93868748
2015-07-28,17630.27,17630.2700,1095.85,16.08821463
2015-07-29,17751.39,17751.3900,1096.68,16.18648102
2015-07-30,17745.98,17745.9800,1088.64,16.30105453
2015-07-31,17689.86,17689.8600,1095.23,16.15173069
2015-08-03,17598.2,17598.2000,1086.78,16.19297374
2015-08-04,17550.69,17550.6900,1088.13,16.12922169
2015-08-05,17540.47,17540.4700,1085.67,16.15635506
2015-08-06,17419.75,17419.7500,1089.98,15.98171526
2015-08-07,17373.38,17373.3800,1092.48,15.90269845
2015-08-10,17615.17,17615.1700,1104.85,15.94349459
2015-08-11,17402.84,17402.8400,1109.23,15.68911768
2015-08-12,17402.51,17402.5100,1125.29,15.46491127
2015-08-13,17408.25,17408.2500,1115.49,15.60592206
2015-08-14,17477.4,17477.4000,1115.41,15.66903650
2015-08-17,17545.18,17545.1800,1117.51,15.70024429
2015-08-18,17511.34,17511.3400,1117.87,15.66491631
2015-08-19,17348.73,17348.7300,1133.85,15.30072761
2015-08-20,16990.69,16990.6900,1153.27,14.73262116
2015-08-21,16459.75,16459.7500,1159.56,14.19482390
2015-08-24,15871.35,15871.3500,1155.39,13.73679017
2015-08-25,15666.44,15666.4400,1140.72,13.73381724
2015-08-26,16285.51,16285.5100,1124.88,14.47755316
2015-08-27,16654.77,16654.7700,1125.34,14.79976718
2015-08-28,16643.01,16643.0100,1134.33,14.67210600
2015-08-31,16528.03,16528.0300,1134.6,14.56727481
2015-09-01,16058.35,16058.3500,1140.14,14.08454225
2015-09-02,16351.38,16351.3800,1134.03,14.41882490
2015-09-03,16374.76,16374.7600,1125.89,14.54383643
2015-09-04,16102.38,16102.3800,1122.28,14.34791674
2015-09-08,16492.68,16492.6800,1121.79,14.70211002
2015-09-09,16253.57,16253.5700,1107.14,14.68068176
2015-09-10,16330.4,16330.4000,1110.96,14.69935911
2015-09-11,16433.09,16433.0900,1107.98,14.83157638
2015-09-14,16370.96,16370.9600,1108.23,14.77216823
2015-09-15,16599.85,16599.8500,1105.19,15.01990608
2015-09-16,16739.95,16739.9500,1118.96,14.96027561
2015-09-17,16674.74,16674.7400,1131.11,14.74192607
2015-09-18,16384.58,16384.5800,1139.55,14.37811417
2015-09-21,16510.19,16510.1900,1133.84,14.56130495
2015-09-22,16330.47,16330.4700,1125.42,14.51055606
2015-09-23,16279.89,16279.8900,1130.55,14.39997346
2015-09-24,16201.32,16201.3200,1153.56,14.04462707
2015-09-25,16314.67,16314.6700,1146.81,14.22613162
2015-09-28,16001.89,16001.8900,1132.56,14.12895564
2015-09-29,16049.13,16049.1300,1127.87,14.22959206
2015-09-30,16284.7,16284.7000,1115.34,14.60065989
2015-10-01,16272.01,16272.0100,1114.07,14.60591345
2015-10-02,16472.37,16472.3700,1137.99,14.47496902
2015-10-05,16776.43,16776.4300,1135.9,14.76928427
2015-10-06,16790.19,16790.1900,1147.23,14.63541748
2015-10-07,16912.29,16912.2900,1145.55,14.76346733
2015-10-08,17050.75,17050.7500,1139.53,14.96296719
2015-10-09,17084.49,17084.4900,1157.58,14.75879853
2015-10-12,17131.86,17131.8600,1164.59,14.71063636
2015-10-13,17081.89,17081.8900,1169.19,14.61002061
2015-10-14,16924.75,16924.7500,1183.79,14.29708817
2015-10-15,17141.75,17141.7500,1183.65,14.48211042
2015-10-16,17215.97,17215.9700,1176.38,14.63470137
2015-10-19,17230.54,17230.5400,1171.07,14.71350133
2015-10-20,17217.11,17217.1100,1176.09,14.63927931
2015-10-21,17168.61,17168.6100,1168.32,14.69512634
2015-10-22,17489.16,17489.1600,1165.97,14.99966551
2015-10-23,17646.7,17646.7000,1165.02,15.14712194
2015-10-26,17623.05,17623.0500,1163.51,15.14645340
2015-10-27,17581.43,17581.4300,1166.9,15.06678379
2015-10-28,17779.52,17779.5200,1157.61,15.35881687
2015-10-29,17755.8,17755.8000,1147.8,15.46941976
2015-10-30,17663.54,17663.5400,1142.22,15.46421880
2015-11-02,17828.76,17828.7600,1134.72,15.71203469
2015-11-03,17918.15,17918.1500,1117.93,16.02797134
2015-11-04,17867.58,17867.5800,1107.95,16.12670247
2015-11-05,17863.43,17863.4300,1104.63,16.17141486
2015-11-06,17910.33,17910.3300,1088.36,16.45625528
2015-11-09,17730.48,17730.4800,1092.28,16.23254111
2015-11-10,17758.21,17758.2100,1090.32,16.28715423
2015-11-11,17702.22,17702.2200,1086.46,16.29348526
2015-11-12,17448.07,17448.0700,1085.8,16.06932216
2015-11-13,17245.24,17245.2400,1082.07,15.93726838
2015-11-16,17483.01,17483.0100,1083.94,16.12913076
2015-11-17,17489.5,17489.5000,1071.24,16.32640678
2015-11-18,17737.16,17737.1600,1070.7,16.56594751
2015-11-19,17732.75,17732.7500,1082.07,16.38780301
2015-11-20,17823.81,17823.8100,1077.73,16.53828881
2015-11-23,17792.68,17792.6800,1068.63,16.64999111
2015-11-24,17812.19,17812.1900,1075.6,16.56023615
2015-11-25,17813.39,17813.3900,1072.13,16.61495341
2015-11-27,17798.49,17798.4900,1058.63,16.81275800
2015-11-30,17719.92,17719.9200,1064.66,16.64373603
2015-12-01,17888.35,17888.3500,1069.24,16.72996708
2015-12-02,17729.68,17729.6800,1054.13,16.81925379
2015-12-03,17477.67,17477.6700,1061.79,16.46057130
2015-12-04,17847.63,17847.6300,1087.07,16.41810555
2015-12-07,17730.51,17730.5100,1071.34,16.54984412
2015-12-08,17568,17568.0000,1075.03,16.34186953
2015-12-09,17492.3,17492.3000,1073.22,16.29889491
2015-12-10,17574.75,17574.7500,1072.08,16.39313298
2015-12-11,17265.21,17265.2100,1077.26,16.02696656
2015-12-14,17368.5,17368.5000,1060.19,16.38244088
2015-12-15,17524.91,17524.9100,1061.73,16.50599493
2015-12-16,17749.09,17749.0900,1072.26,16.55297223
2015-12-17,17495.84,17495.8400,1051.58,16.63766903
2015-12-18,17128.55,17128.5500,1066.65,16.05826654
2015-12-21,17251.62,17251.6200,1080.28,15.96958196
2015-12-22,17417.27,17417.2700,1072.47,16.24033306
2015-12-23,17602.61,17602.6100,1071.13,16.43368219
2015-12-24,17552.17,17552.1700,1076.88,16.29909554
2015-12-28,17528.27,17528.2700,1069.83,16.38416384
2015-12-29,17720.98,17720.9800,1069.11,16.57545061
2015-12-30,17603.87,17603.8700,1061.53,16.58348798
2015-12-31,17425.03,17425.0300,1061.46,16.41609670
2016-01-04,17148.94,17148.9400,1074.42,15.96111390
2016-01-05,17158.66,17158.6600,1077.94,15.91801028
2016-01-06,16906.51,16906.5100,1093.77,15.45709793
2016-01-07,16514.1,16514.1000,1109.92,14.87863990
2016-01-08,16346.45,16346.4500,1103.96,14.80710352
2016-01-11,16398.57,16398.5700,1094.56,14.98188313
2016-01-12,16516.22,16516.2200,1086.41,15.20256625
2016-01-13,16151.41,16151.4100,1093.66,14.76821864
2016-01-14,16379.05,16379.0500,1079.23,15.17660740
2016-01-15,15988.08,15988.0800,1088.11,14.69344092
2016-01-19,16016.02,16016.0200,1087.83,14.72290707
2016-01-20,15766.74,15766.7400,1101.32,14.31622054
2016-01-21,15882.68,15882.6800,1101.41,14.42031578
2016-01-22,16093.51,16093.5100,1097.66,14.66165297
2016-01-25,15885.22,15885.2200,1107.95,14.33748815
2016-01-26,16167.23,16167.2300,1120.08,14.43399579
2016-01-27,15944.46,15944.4600,1125.06,14.17209749
2016-01-28,16069.64,16069.6400,1115.13,14.41055303
2016-01-29,16466.3,16466.3000,1117.69,14.73243923
2016-02-01,16449.18,16449.1800,1127.9,14.58389928
2016-02-02,16153.54,16153.5400,1129.07,14.30694288
2016-02-03,16336.66,16336.6600,1142.65,14.29716886
2016-02-04,16416.58,16416.5800,1156.09,14.20008823
2016-02-05,16204.97,16204.9700,1173.45,13.80968086
2016-02-08,16027.05,16027.0500,1189.42,13.47467673
2016-02-09,16014.38,16014.3800,1189.08,13.46787432
2016-02-10,15914.74,15914.7400,1195.8,13.30886436
2016-02-11,15660.18,15660.1800,1247.25,12.55576669
2016-02-12,15973.84,15973.8400,1238.61,12.89658569
2016-02-16,16196.41,16196.4100,1200.8,13.48801632
2016-02-17,16453.83,16453.8300,1209.41,13.60484038
2016-02-18,16413.43,16413.4300,1230.9,13.33449508
2016-02-19,16391.99,16391.9900,1229.46,13.33267451
2016-02-22,16620.66,16620.6600,1208.38,13.75449776
2016-02-23,16431.78,16431.7800,1226.09,13.40177312
2016-02-24,16484.99,16484.9900,1228.87,13.41475502
2016-02-25,16697.29,16697.2900,1233.17,13.54013640
2016-02-26,16639.97,16639.9700,1224.01,13.59463566
2016-02-29,16516.5,16516.5000,1238.86,13.33201492
2016-03-01,16865.08,16865.0800,1232.66,13.68185874
2016-03-02,16899.32,16899.3200,1239.83,13.63035255
2016-03-03,16943.9,16943.9000,1264.87,13.39576399
2016-03-04,17006.77,17006.7700,1261.55,13.48085292
2016-03-07,17073.95,17073.9500,1267.54,13.47014690
2016-03-08,16964.1,16964.1000,1261.67,13.44575047
2016-03-09,17000.36,17000.3600,1253.93,13.55766271
2016-03-10,16995.13,16995.1300,1272.29,13.35790582
2016-03-11,17213.31,17213.3100,1250.22,13.76822479
2016-03-14,17229.13,17229.1300,1233.94,13.96269673
2016-03-15,17251.53,17251.5300,1233.46,13.98629060
2016-03-16,17325.76,17325.7600,1260.7,13.74296819
2016-03-17,17481.49,17481.4900,1257.17,13.90543045
2016-03-18,17602.3,17602.3000,1255.67,14.01825320
2016-03-21,17623.87,17623.8700,1243.69,14.17062934
2016-03-22,17582.57,17582.5700,1248.76,14.08002338
2016-03-23,17502.59,17502.5900,1222.44,14.31774975
2016-03-24,17515.73,17515.7300,1217.18,14.39041884
2016-03-28,17535.39,17535.3900,1221.97,14.35009861
2016-03-29,17633.11,17633.1100,1242.05,14.19677952
2016-03-30,17716.66,17716.6600,1225.37,14.45821262
2016-03-31,17685.09,17685.0900,1232.95,14.34372035
2016-04-01,17792.75,17792.7500,1223.75,14.53953013
2016-04-04,17737,17737.0000,1215.59,14.59126844
2016-04-05,17603.32,17603.3200,1231.32,14.29629991
2016-04-06,17716.05,17716.0500,1222.73,14.48893051
2016-04-07,17541.96,17541.9600,1240.42,14.14195192
2016-04-08,17576.96,17576.9600,1239.8,14.17725440
2016-04-11,17556.41,17556.4100,1258.1,13.95470153
2016-04-12,17721.25,17721.2500,1255.49,14.11500689
2016-04-13,17908.28,17908.2800,1242.88,14.40869593
2016-04-14,17926.43,17926.4300,1227.85,14.59985340
2016-04-15,17897.46,17897.4600,1234.26,14.50055904
2016-04-18,18004.16,18004.1600,1232.25,14.61080138
2016-04-19,18053.6,18053.6000,1250.29,14.43953003
2016-04-20,18096.27,18096.2700,1244.09,14.54578849
2016-04-21,17982.52,17982.5200,1248.33,14.40526143
2016-04-22,18003.75,18003.7500,1233.84,14.59164073
2016-04-25,17977.24,17977.2400,1238.32,14.51744299
2016-04-26,17990.32,17990.3200,1243.64,14.46585829
2016-04-27,18041.55,18041.5500,1245.78,14.48213168
2016-04-28,17830.76,17830.7600,1266.25,14.08154788
2016-04-29,17773.64,17773.6400,1293.03,13.74572902
2016-05-02,17891.16,17891.1600,1291.85,13.84925494
2016-05-03,17750.91,17750.9100,1286.62,13.79654443
2016-05-04,17651.26,17651.2600,1279.7,13.79327967
2016-05-05,17660.71,17660.7100,1278.12,13.81772447
2016-05-06,17740.63,17740.6300,1288.89,13.76427003
2016-05-09,17705.91,17705.9100,1264.09,14.00684287
2016-05-10,17928.35,17928.3500,1265.96,14.16186135
2016-05-11,17711.12,17711.1200,1277.28,13.86627834
2016-05-12,17720.5,17720.5000,1263.55,14.02437577
2016-05-13,17535.32,17535.3200,1273.9,13.76506790
2016-05-16,17710.71,17710.7100,1274.28,13.89860156
2016-05-17,17529.98,17529.9800,1279.1,13.70493316
2016-05-18,17526.62,17526.6200,1258.75,13.92382920
2016-05-19,17435.4,17435.4000,1255.41,13.88821182
2016-05-20,17500.94,17500.9400,1252.7,13.97057556
2016-05-23,17492.93,17492.9300,1249.01,14.00543631
2016-05-24,17706.05,17706.0500,1227.09,14.42930021
2016-05-25,17851.51,17851.5100,1224.16,14.58266076
2016-05-26,17828.29,17828.2900,1220.47,14.60772489
2016-05-27,17873.22,17873.2200,1210.39,14.76649675
2016-05-31,17787.2,17787.2000,1215.74,14.63075987
2016-06-01,17789.67,17789.6700,1213.39,14.66113121
2016-06-02,17838.56,17838.5600,1211.38,14.72581684
2016-06-03,17807.06,17807.0600,1244.37,14.31010069
2016-06-06,17920.33,17920.3300,1244.87,14.39534249
2016-06-07,17938.28,17938.2800,1243.83,14.42181005
2016-06-08,18005.05,18005.0500,1262.7,14.25916686
2016-06-09,17985.19,17985.1900,1269.36,14.16870706
2016-06-10,17865.34,17865.3400,1274.55,14.01697854
2016-06-13,17732.48,17732.4800,1284.57,13.80421464
2016-06-14,17674.82,17674.8200,1285.93,13.74477615
2016-06-15,17640.17,17640.1700,1292.59,13.64715030
2016-06-16,17733.1,17733.1000,1278.52,13.87002159
2016-06-17,17675.16,17675.1600,1298.62,13.61072523
2016-06-20,17804.87,17804.8700,1290.48,13.79709100
2016-06-21,17829.73,17829.7300,1268.57,14.05498317
2016-06-22,17780.83,17780.8300,1266.37,14.04078587
2016-06-23,18011.07,18011.0700,1255.92,14.34093732
2016-06-24,17400.75,17400.7500,1318.56,13.19678285
2016-06-27,17140.24,17140.2400,1324.33,12.94257474
2016-06-28,17409.72,17409.7200,1311.5,13.27466260
2016-06-29,17694.68,17694.6800,1319.52,13.40993695
2016-06-30,17929.99,17929.9900,1321.94,13.56339168
2016-07-01,17949.37,17949.3700,1343.61,13.35906253
2016-07-05,17840.62,17840.6200,1356.4,13.15291949
2016-07-06,17918.62,17918.6200,1364,13.13681818
2016-07-07,17895.88,17895.8800,1360.88,13.15022632
2016-07-08,18146.74,18146.7400,1366.65,13.27826437
2016-07-11,18226.93,18226.9300,1355.36,13.44803595
2016-07-12,18347.67,18347.6700,1333.79,13.75604106
2016-07-13,18372.12,18372.1200,1342.78,13.68215195
2016-07-14,18506.41,18506.4100,1335.3,13.85936494
2016-07-15,18516.55,18516.5500,1329.15,13.93112139
2016-07-18,18533.05,18533.0500,1328.87,13.94647332
2016-07-19,18559.01,18559.0100,1332.22,13.93088979
2016-07-20,18595.03,18595.0300,1316.28,14.12695627
2016-07-21,18517.23,18517.2300,1331.13,13.91091028
2016-07-22,18570.85,18570.8500,1323.44,14.03225685
2016-07-25,18493.06,18493.0600,1315.65,14.05621556
2016-07-26,18473.75,18473.7500,1320.2,13.99314498
2016-07-27,18472.17,18472.1700,1340.54,13.77964850
2016-07-28,18456.35,18456.3500,1336.18,13.81277223
2016-07-29,18432.24,18432.2400,1352.15,13.63180121
2016-08-01,18404.51,18404.5100,1353.17,13.60103313
2016-08-02,18313.77,18313.7700,1364.16,13.42494282
2016-08-03,18355,18355.0000,1358.26,13.51361300
2016-08-04,18352.05,18352.0500,1359.97,13.49445208
2016-08-05,18543.53,18543.5300,1336.76,13.87199647
2016-08-08,18529.29,18529.2900,1335.33,13.87618791
2016-08-09,18533.05,18533.0500,1340.75,13.82289763
2016-08-10,18495.66,18495.6600,1346.67,13.73436699
2016-08-11,18613.52,18613.5200,1339,13.90106049
2016-08-12,18576.47,18576.4700,1335.05,13.91443766
2016-08-15,18636.05,18636.0500,1339.4,13.91373003
2016-08-16,18552.02,18552.0200,1346.46,13.77836698
2016-08-17,18573.94,18573.9400,1349.19,13.76673411
2016-08-18,18597.7,18597.7000,1351.95,13.75620400
2016-08-19,18552.57,18552.5700,1340.55,13.83952109
2016-08-22,18529.42,18529.4200,1338.77,13.84062983
2016-08-23,18547.3,18547.3000,1337.31,13.86911038
2016-08-24,18481.48,18481.4800,1324.13,13.95745131
2016-08-25,18448.41,18448.4100,1321.7,13.95809185
2016-08-26,18395.4,18395.4000,1320.89,13.92651924
2016-08-29,18502.99,18502.9900,1323.29,13.98256618
2016-08-30,18454.3,18454.3000,1311.44,14.07178369
2016-08-31,18400.88,18400.8800,1308.88,14.05849276
2016-09-01,18419.3,18419.3000,1313.79,14.01997275
2016-09-02,18491.96,18491.9600,1325.34,13.95261593
2016-09-06,18538.12,18538.1200,1348.99,13.74222196
2016-09-07,18526.14,18526.1400,1346.31,13.76067919
2016-09-08,18479.91,18479.9100,1338.01,13.81148870
2016-09-09,18085.45,18085.4500,1329.23,13.60595984
2016-09-12,18325.07,18325.0700,1327.43,13.80492380
2016-09-13,18066.75,18066.7500,1318.59,13.70156758
2016-09-14,18034.77,18034.7700,1321.73,13.64482156
2016-09-15,18212.48,18212.4800,1314.67,13.85327116
2016-09-16,18123.8,18123.8000,1311.2,13.82230018
2016-09-19,18120.17,18120.1700,1312.99,13.80069155
2016-09-20,18129.96,18129.9600,1314.85,13.78861467
2016-09-21,18293.7,18293.7000,1334.56,13.70766395
2016-09-22,18392.46,18392.4600,1336.63,13.76032260
2016-09-23,18261.45,18261.4500,1337.64,13.65199157
2016-09-26,18094.83,18094.8300,1337.75,13.52631658
2016-09-27,18228.3,18228.3000,1327.28,13.73357543
2016-09-28,18339.24,18339.2400,1321.43,13.87832878
2016-09-29,18143.45,18143.4500,1320.33,13.74160248
2016-09-30,18308.15,18308.1500,1317.57,13.89539076
2016-10-03,18253.85,18253.8500,1311.01,13.92350173
2016-10-04,18168.45,18168.4500,1268.45,14.32334739
2016-10-05,18281.03,18281.0300,1266.58,14.43337965
2016-10-06,18268.5,18268.5000,1254.11,14.56690402
2016-10-07,18240.49,18240.4900,1254.97,14.53460242
2016-10-10,18329.04,18329.0400,1259.31,14.55482764
2016-10-11,18128.66,18128.6600,1252.7,14.47166919
2016-10-12,18144.2,18144.2000,1255.01,14.45741468
2016-10-13,18098.94,18098.9400,1257.85,14.38879040
2016-10-14,18138.38,18138.3800,1251.72,14.49076471
2016-10-17,18086.4,18086.4000,1255.51,14.40562003
2016-10-18,18161.94,18161.9400,1262.49,14.38580900
2016-10-19,18202.62,18202.6200,1269.01,14.34395316
2016-10-20,18162.35,18162.3500,1265.48,14.35214306
2016-10-21,18145.71,18145.7100,1266.81,14.32393966
2016-10-24,18223.03,18223.0300,1264.23,14.41433125
2016-10-25,18169.27,18169.2700,1274.1,14.26047406
2016-10-26,18199.33,18199.3300,1266.69,14.36762744
2016-10-27,18169.68,18169.6800,1268.41,14.32476881
2016-10-28,18161.19,18161.1900,1274.68,14.24764647
2016-10-31,18142.42,18142.4200,1276.66,14.21084705
2016-11-01,18037.1,18037.1000,1288.36,14.00004657
2016-11-02,17959.64,17959.6400,1297.64,13.84023304
2016-11-03,17930.67,17930.6700,1302.13,13.77026103
2016-11-04,17888.28,17888.2800,1304.29,13.71495603
2016-11-07,18259.6,18259.6000,1281.35,14.25028290
2016-11-08,18332.74,18332.7400,1275.38,14.37433549
2016-11-09,18589.69,18589.6900,1278,14.54592332
2016-11-10,18807.88,18807.8800,1258.81,14.94099983
2016-11-11,18847.66,18847.6600,1227.54,15.35400883
2016-11-14,18868.69,18868.6900,1221.03,15.45309288
2016-11-15,18923.06,18923.0600,1228.45,15.40401319
2016-11-16,18868.14,18868.1400,1225.05,15.40193461
2016-11-17,18903.82,18903.8200,1216.08,15.54488192
2016-11-18,18867.93,18867.9300,1207.87,15.62082840
2016-11-21,18956.69,18956.6900,1213.94,15.61583769
2016-11-22,19023.87,19023.8700,1212.38,15.69134265
2016-11-23,19083.18,19083.1800,1188.48,16.05679523
2016-11-25,19152.14,19152.1400,1184.27,16.17210602
2016-11-28,19097.9,19097.9000,1193.82,15.99730278
2016-11-29,19121.6,19121.6000,1188.31,16.09142396
2016-11-30,19123.58,19123.5800,1173.32,16.29869089
2016-12-01,19191.93,19191.9300,1171.61,16.38081785
2016-12-02,19170.42,19170.4200,1175.78,16.30442770
2016-12-05,19216.24,19216.2400,1170.54,16.41655988
2016-12-06,19251.78,19251.7800,1170,16.45451282
2016-12-07,19549.62,19549.6200,1173.93,16.65313945
2016-12-08,19614.81,19614.8100,1170.57,16.75663138
2016-12-09,19756.85,19756.8500,1158.9,17.04793339
2016-12-12,19796.43,19796.4300,1162.24,17.03299663
2016-12-13,19911.21,19911.2100,1158.61,17.18542909
2016-12-14,19792.53,19792.5300,1142.92,17.31751129
2016-12-15,19852.24,19852.2400,1128.6,17.59014708
2016-12-16,19843.41,19843.4100,1133.6,17.50477241
2016-12-19,19883.06,19883.0600,1137.84,17.47439007
2016-12-20,19974.62,19974.6200,1132.38,17.63950264
2016-12-21,19941.96,19941.9600,1131.51,17.62420129
2016-12-22,19918.88,19918.8800,1128.28,17.65419931
2016-12-23,19933.81,19933.8100,1131.77,17.61295139
2016-12-27,19945.04,19945.0400,1138.81,17.51393121
2016-12-28,19833.68,19833.6800,1141.5,17.37510293
2016-12-29,19819.78,19819.7800,1158.12,17.11375332
2016-12-30,19762.6,19762.6000,1150.91,17.17128186
2017-01-03,19881.76,19881.7600,1158.82,17.15690099
2017-01-04,19942.16,19942.1600,1163.53,17.13936039
2017-01-05,19899.29,19899.2900,1180.46,16.85723362
2017-01-06,19963.8,19963.8000,1172.3,17.02959993
2017-01-09,19887.38,19887.3800,1181,16.83944115
2017-01-10,19855.53,19855.5300,1187.7,16.71763071
2017-01-11,19954.28,19954.2800,1191.5,16.74719261
2017-01-12,19891,19891.0000,1195.8,16.63405252
2017-01-13,19885.73,19885.7300,1198.39,16.59370489
2017-01-17,19826.77,19826.7700,1217.15,16.28950417
2017-01-18,19804.72,19804.7200,1204.29,16.44514195
2017-01-19,19732.4,19732.4000,1204.53,16.38182528
2017-01-20,19827.25,19827.2500,1207.68,16.41763547
2017-01-23,19799.85,19799.8500,1218.22,16.25309878
2017-01-24,19912.71,19912.7100,1208.86,16.47230449
2017-01-25,20068.51,20068.5100,1200.67,16.71442611
2017-01-26,20100.91,20100.9100,1188.95,16.90643845
2017-01-27,20093.78,20093.7800,1190.91,16.87262681
2017-01-30,19971.13,19971.1300,1195.51,16.70511330
2017-01-31,19864.09,19864.0900,1210.61,16.40833134
2017-02-01,19890.94,19890.9400,1209.65,16.44354979
2017-02-02,19884.91,19884.9100,1215.78,16.35568113
2017-02-03,20071.46,20071.4600,1219.27,16.46186653
2017-02-06,20052.42,20052.4200,1235.45,16.23086325
2017-02-07,20090.29,20090.2900,1233.75,16.28392300
2017-02-08,20054.34,20054.3400,1241.51,16.15318443
2017-02-09,20172.4,20172.4000,1230.91,16.38820060
2017-02-10,20269.37,20269.3700,1233.81,16.42827502
2017-02-13,20412.2,20412.2000,1225.33,16.65853280
2017-02-14,20504.41,20504.4100,1228.09,16.69617862
2017-02-15,20611.86,20611.8600,1233.67,16.70775815
2017-02-16,20619.77,20619.7700,1239.1,16.64092486
2017-02-17,20624.05,20624.0500,1236.12,16.68450474
2017-02-21,20743,20743.0000,1235.78,16.78535014
2017-02-22,20775.6,20775.6000,1237.49,16.78849930
2017-02-23,20810.32,20810.3200,1249.63,16.65318534
2017-02-24,20821.76,20821.7600,1256.68,16.56886399
2017-02-27,20837.44,20837.4400,1253.04,16.62950903
2017-02-28,20812.24,20812.2400,1248.89,16.66459016
2017-03-01,21115.55,21115.5500,1248.87,16.90772458
2017-03-02,21002.97,21002.9700,1234.46,17.01389271
2017-03-03,21005.71,21005.7100,1234.3,17.01831808
2017-03-06,20954.34,20954.3400,1225.47,17.09902323
2017-03-07,20924.76,20924.7600,1216.84,17.19598304
2017-03-08,20855.73,20855.7300,1207.51,17.27168305
2017-03-09,20858.19,20858.1900,1203.29,17.33430013
2017-03-10,20902.98,20902.9800,1204.45,17.35479264
2017-03-13,20881.48,20881.4800,1203.95,17.34414220
2017-03-14,20837.37,20837.3700,1198.94,17.37982718
2017-03-15,20950.1,20950.1000,1218.47,17.19377580
2017-03-16,20934.55,20934.5500,1227.3,17.05740243
2017-03-17,20914.62,20914.6200,1229.42,17.01177791
2017-03-20,20905.86,20905.8600,1234.51,16.93454083
2017-03-21,20668.01,20668.0100,1244.59,16.60627998
2017-03-22,20661.3,20661.3000,1248.43,16.54982658
2017-03-23,20656.58,20656.5800,1244.46,16.59883001
2017-03-24,20596.72,20596.7200,1243.73,16.56044318
2017-03-27,20550.98,20550.9800,1254.47,16.38220125
2017-03-28,20701.5,20701.5000,1251.9,16.53606518
2017-03-29,20659.32,20659.3200,1253.7,16.47867911
2017-03-30,20728.49,20728.4900,1242.34,16.68503791
2017-03-31,20663.22,20663.2200,1247.31,16.56622652
2017-04-03,20650.21,20650.2100,1253.55,16.47338359
2017-04-04,20689.24,20689.2400,1256.27,16.46878458
2017-04-05,20648.15,20648.1500,1255.52,16.44589493
2017-04-06,20662.95,20662.9500,1251.49,16.51067927
2017-04-07,20656.1,20656.1000,1254.75,16.46232317
2017-04-10,20658.02,20658.0200,1254.14,16.47186120
2017-04-11,20651.3,20651.3000,1273.57,16.21528459
2017-04-12,20591.86,20591.8600,1287.06,15.99914534
2017-04-13,20453.25,20453.2500,1286.99,15.89231463
2017-04-17,20636.92,20636.9200,1285.16,16.05786050
2017-04-18,20523.28,20523.2800,1289.63,15.91408388
2017-04-19,20404.49,20404.4900,1279.96,15.94150598
2017-04-20,20578.71,20578.7100,1282.18,16.04978240
2017-04-21,20547.76,20547.7600,1284.94,15.99122138
2017-04-24,20763.89,20763.8900,1276.01,16.27251354
2017-04-25,20996.12,20996.1200,1263.92,16.61190582
2017-04-26,20975.09,20975.0900,1268.23,16.53886913
2017-04-27,20981.33,20981.3300,1264.65,16.59062191
2017-04-28,20940.51,20940.5100,1268.16,16.51251419
2017-05-01,20913.46,20913.4600,1256.15,16.64885563
2017-05-02,20949.89,20949.8900,1256.95,16.66724213
2017-05-03,20957.9,20957.9000,1237.56,16.93485568
2017-05-04,20951.47,20951.4700,1227.89,17.06298610
2017-05-05,21006.94,21006.9400,1229.41,17.08700922
2017-05-08,21012.28,21012.2800,1225.51,17.14574340
2017-05-09,20975.78,20975.7800,1221.11,17.17763346
2017-05-10,20943.11,20943.1100,1219.34,17.17577542
2017-05-11,20919.42,20919.4200,1224.98,17.07735637
2017-05-12,20896.61,20896.6100,1228.01,17.01664482
2017-05-15,20981.94,20981.9400,1231.06,17.04379965
2017-05-16,20979.75,20979.7500,1236.78,16.96320283
2017-05-17,20606.93,20606.9300,1261.91,16.32995222
2017-05-18,20663.02,20663.0200,1246.88,16.57177916
2017-05-19,20804.84,20804.8400,1255.14,16.57571267
2017-05-22,20894.83,20894.8300,1260.65,16.57464800
2017-05-23,20937.91,20937.9100,1251.44,16.73105383
2017-05-24,21012.42,21012.4200,1259.86,16.67837696
2017-05-25,21082.95,21082.9500,1254.99,16.79929721
2017-05-26,21080.28,21080.2800,1267.36,16.63322182
2017-05-30,21029.47,21029.4700,1262.35,16.65898523
2017-05-31,21008.65,21008.6500,1268.58,16.56076085
2017-06-01,21144.18,21144.1800,1265.11,16.71331347
2017-06-02,21206.29,21206.2900,1278.29,16.58957670
2017-06-05,21184.04,21184.0400,1276.57,16.59449932
2017-06-06,21136.23,21136.2300,1293.83,16.33617245
2017-06-07,21173.69,21173.6900,1287.49,16.44571220
2017-06-08,21182.53,21182.5300,1277.27,16.58422260
2017-06-09,21271.97,21271.9700,1267.65,16.78063346
2017-06-12,21235.67,21235.6700,1266.19,16.77131394
2017-06-13,21328.47,21328.4700,1266.31,16.84300843
2017-06-14,21374.56,21374.5600,1261.26,16.94698952
2017-06-15,21359.9,21359.9000,1254.89,17.02133255
2017-06-16,21384.28,21384.2800,1254.55,17.04537882
2017-06-19,21528.99,21528.9900,1244.36,17.30125526
2017-06-20,21467.14,21467.1400,1243.68,17.26098353
2017-06-21,21410.03,21410.0300,1247.68,17.15987272
2017-06-22,21397.29,21397.2900,1250.58,17.10989301
2017-06-23,21394.76,21394.7600,1255.86,17.03594350
2017-06-26,21409.55,21409.5500,1245.31,17.19214493
2017-06-27,21310.66,21310.6600,1247.63,17.08091341
2017-06-28,21454.61,21454.6100,1249.49,17.17069364
2017-06-29,21287.03,21287.0300,1244.72,17.10186227
2017-06-30,21349.63,21349.6300,1241.38,17.19830350
2017-07-03,21479.27,21479.2700,1219.22,17.61722249
2017-07-05,21478.17,21478.1700,1227.35,17.49962928
2017-07-06,21320.04,21320.0400,1224.6,17.40979912
2017-07-07,21414.34,21414.3400,1211.97,17.66903471
2017-07-10,21408.52,21408.5200,1214.39,17.62903186
2017-07-11,21409.07,21409.0700,1218.18,17.57463593
2017-07-12,21532.14,21532.1400,1218.29,17.67406775
2017-07-13,21553.09,21553.0900,1217.57,17.70172557
2017-07-14,21637.74,21637.7400,1228.47,17.61356810
2017-07-17,21629.72,21629.7200,1234.1,17.52671583
2017-07-18,21574.73,21574.7300,1242.4,17.36536542
2017-07-19,21640.75,21640.7500,1240.26,17.44855917
2017-07-20,21611.78,21611.7800,1244,17.37281350
2017-07-21,21580.07,21580.0700,1254.29,17.20500841
2017-07-24,21513.17,21513.1700,1255.08,17.14087548
2017-07-25,21613.43,21613.4300,1250.1,17.28936085
2017-07-26,21711.01,21711.0100,1261.31,17.21306420
2017-07-27,21796.55,21796.5500,1258.65,17.31740357
2017-07-28,21830.31,21830.3100,1269.18,17.20032619
2017-07-31,21891.12,21891.1200,1269.4,17.24524972
2017-08-01,21963.92,21963.9200,1268.66,17.31269213
2017-08-02,22016.24,22016.2400,1266.65,17.38147081
2017-08-03,22026.1,22026.1000,1267.92,17.37183734
2017-08-04,22092.81,22092.8100,1258.82,17.55041229
2017-08-07,22118.42,22118.4200,1257.18,17.59367791
2017-08-08,22085.34,22085.3400,1260.28,17.52415336
2017-08-09,22048.7,22048.7000,1277.37,17.26101286
2017-08-10,21844.01,21844.0100,1286.56,16.97861740
2017-08-11,21858.32,21858.3200,1290.96,16.93183367
2017-08-14,21993.71,21993.7100,1282.04,17.15524477
2017-08-15,21998.99,21998.9900,1271.5,17.30160440
2017-08-16,22024.87,22024.8700,1283.15,17.16468846
2017-08-17,21750.73,21750.7300,1287.53,16.89337724
2017-08-18,21674.51,21674.5100,1286.6,16.84634696
2017-08-21,21703.75,21703.7500,1291.98,16.79882816
2017-08-22,21899.89,21899.8900,1285.05,17.04205284
2017-08-23,21812.09,21812.0900,1290.75,16.89877203
2017-08-24,21783.4,21783.4000,1288.18,16.91021441
2017-08-25,21813.67,21813.6700,1291.08,16.89567649
2017-08-28,21808.4,21808.4000,1310.84,16.63696561
2017-08-29,21865.37,21865.3700,1309.86,16.69290611
2017-08-30,21892.43,21892.4300,1308.41,16.73208704
2017-08-31,21948.1,21948.1000,1320.64,16.61929065
2017-09-01,21987.56,21987.5600,1325.67,16.58599802
2017-09-05,21753.31,21753.3100,1339.68,16.23769109
2017-09-06,21807.64,21807.6400,1334.29,16.34400318
2017-09-07,21784.78,21784.7800,1349.2,16.14644234
2017-09-08,21797.79,21797.7900,1346.54,16.18800036
2017-09-11,22057.37,22057.3700,1328.15,16.60758950
2017-09-12,22118.86,22118.8600,1332,16.60575075
2017-09-13,22158.18,22158.1800,1324.14,16.73401604
2017-09-14,22203.48,22203.4800,1328.97,16.70728459
2017-09-15,22268.34,22268.3400,1320.91,16.85833251
2017-09-18,22331.35,22331.3500,1307.22,17.08308471
2017-09-19,22370.8,22370.8000,1311.15,17.06196850
2017-09-20,22412.59,22412.5900,1300.93,17.22812911
2017-09-21,22359.23,22359.2300,1291.98,17.30617347
2017-09-22,22349.59,22349.5900,1297.19,17.22923396
2017-09-25,22296.09,22296.0900,1310.78,17.00978807
2017-09-26,22284.32,22284.3200,1293.11,17.23312015
2017-09-27,22340.71,22340.7100,1282.82,17.41531158
2017-09-28,22381.2,22381.2000,1286,17.40373250
2017-09-29,22405.09,22405.0900,1280.59,17.49591204
2017-10-02,22557.6,22557.6000,1271.14,17.74596032
2017-10-03,22641.67,22641.6700,1271.65,17.80495419
2017-10-04,22661.64,22661.6400,1274.24,17.78443621
2017-10-05,22775.39,22775.3900,1268.37,17.95642439
2017-10-06,22773.67,22773.6700,1274.88,17.86338322
2017-10-09,22761.07,22761.0700,1283.55,17.73290483
2017-10-10,22830.68,22830.6800,1288.05,17.72499515
2017-10-11,22872.89,22872.8900,1291.75,17.70690149
2017-10-12,22841.01,22841.0100,1294.41,17.64588500
2017-10-13,22871.72,22871.7200,1303.5,17.54639049
2017-10-16,22956.96,22956.9600,1295.79,17.71657444
2017-10-17,22997.44,22997.4400,1285.7,17.88709652
2017-10-18,23157.6,23157.6000,1281.58,18.06957037
2017-10-19,23163.04,23163.0400,1289.86,17.95779387
2017-10-20,23328.63,23328.6300,1280.68,18.21581504
2017-10-23,23273.96,23273.9600,1281.5,18.16149824
2017-10-24,23441.76,23441.7600,1276.78,18.36006203
2017-10-25,23329.46,23329.4600,1276.98,18.26924462
2017-10-26,23400.86,23400.8600,1267.56,18.46134305
2017-10-27,23434.19,23434.1900,1273.25,18.40501865
2017-10-30,23348.74,23348.7400,1276.22,18.29523123
2017-10-31,23377.24,23377.2400,1271.31,18.38830812
2017-11-01,23435.01,23435.0100,1274.71,18.38458159
2017-11-02,23516.26,23516.2600,1278.61,18.39205074
2017-11-03,23539.19,23539.1900,1269.96,18.53537907
2017-11-06,23548.42,23548.4200,1281.38,18.37739000
2017-11-07,23557.23,23557.2300,1274.69,18.48075218
2017-11-08,23563.36,23563.3600,1281.55,18.38660996
2017-11-09,23461.94,23461.9400,1285.83,18.24653337
2017-11-10,23422.21,23422.2100,1275.9,18.35740262
2017-11-13,23439.7,23439.7000,1277.67,18.34566046
2017-11-14,23409.47,23409.4700,1278.37,18.31196758
2017-11-15,23271.28,23271.2800,1278.21,18.20614766
2017-11-16,23458.36,23458.3600,1278.86,18.34318065
2017-11-17,23358.24,23358.2400,1293.76,18.05453871
2017-11-20,23430.33,23430.3300,1276.78,18.35110982
2017-11-21,23590.83,23590.8300,1280.52,18.42285165
2017-11-22,23526.18,23526.1800,1292.09,18.20784930
2017-11-24,23557.99,23557.9900,1288.59,18.28199039
2017-11-27,23580.78,23580.7800,1294.5,18.21612978
2017-11-28,23836.71,23836.7100,1293.95,18.42166235
2017-11-29,23940.68,23940.6800,1283.84,18.64771311
2017-11-30,24272.35,24272.3500,1274.87,19.03907849
2017-12-01,24231.59,24231.5900,1280.78,18.91940068
2017-12-04,24290.05,24290.0500,1276.13,19.03415013
2017-12-05,24180.64,24180.6400,1265.96,19.10063509
2017-12-06,24140.91,24140.9100,1263.31,19.10925268
2017-12-07,24211.48,24211.4800,1247.2,19.41266838
2017-12-08,24329.16,24329.1600,1248.02,19.49420682
2017-12-11,24386.03,24386.0300,1242.1,19.63290395
2017-12-12,24504.8,24504.8000,1244.56,19.68952883
2017-12-13,24585.43,24585.4300,1255.49,19.58233837
2017-12-14,24508.66,24508.6600,1252.88,19.56185748
2017-12-15,24651.74,24651.7400,1255.77,19.63077634
2017-12-18,24792.2,24792.2000,1262.3,19.64049750
2017-12-19,24754.75,24754.7500,1261.75,19.61937785
2017-12-20,24726.65,24726.6500,1265.54,19.53841838
2017-12-21,24782.29,24782.2900,1266.62,19.56568663
2017-12-22,24754.06,24754.0600,1274.12,19.42835840
2017-12-26,24746.21,24746.2100,1282.95,19.28852255
2017-12-27,24774.3,24774.3000,1287.15,19.24740706
2017-12-28,24837.51,24837.5100,1294.96,19.18013684
2017-12-29,24719.22,24719.2200,1303.33,18.96620196
2018-01-02,24824.01,24824.0100,1317.63,18.83989436
2018-01-03,24922.68,24922.6800,1313.15,18.97930929
2018-01-04,25075.13,25075.1300,1322.67,18.95796382
2018-01-05,25295.87,25295.8700,1320.5,19.15628171
2018-01-08,25283,25283.0000,1320.44,19.14740541
2018-01-09,25385.8,25385.8000,1312.79,19.33728928
2018-01-10,25369.13,25369.1300,1316.99,19.26296327
2018-01-11,25574.73,25574.7300,1322.41,19.33948624
2018-01-12,25803.19,25803.1900,1338.15,19.28273362
2018-01-16,25792.86,25792.8600,1338.43,19.27098167
2018-01-17,26115.65,26115.6500,1326.98,19.68051515
2018-01-18,26017.81,26017.8100,1327.05,19.60574959
2018-01-19,26071.72,26071.7200,1332.28,19.56924971
2018-01-22,26214.6,26214.6000,1333.94,19.65200834
2018-01-23,26210.81,26210.8100,1341.29,19.54149364
2018-01-24,26252.12,26252.1200,1358.52,19.32405853
2018-01-25,26392.79,26392.7900,1348.06,19.57834963
2018-01-26,26616.71,26616.7100,1349.64,19.72134051
2018-01-29,26439.48,26439.4800,1340.4,19.72506714
2018-01-30,26076.89,26076.8900,1338.67,19.47970000
2018-01-31,26149.39,26149.3900,1345.13,19.44004669
2018-02-01,26186.71,26186.7100,1348.69,19.41640407
2018-02-02,25520.96,25520.9600,1331.97,19.16031142
2018-02-05,24345.75,24345.7500,1339.57,18.17430220
2018-02-06,24912.77,24912.7700,1324.25,18.81273929
2018-02-07,24893.35,24893.3500,1318.47,18.88048268
2018-02-08,23860.46,23860.4600,1318.75,18.09323981
2018-02-09,24190.9,24190.9000,1314.84,18.39836026
2018-02-12,24601.27,24601.2700,1322.71,18.59914116
2018-02-13,24640.45,24640.4500,1329.57,18.53264589
2018-02-14,24893.49,24893.4900,1350.61,18.43129401
2018-02-15,25200.37,25200.3700,1353.58,18.61756970
2018-02-16,25219.38,25219.3800,1348.76,18.69819686
2018-02-20,24964.75,24964.7500,1329.2,18.78178604
2018-02-21,24797.78,24797.7800,1324.62,18.72067461
2018-02-22,24962.48,24962.4800,1331.56,18.74679324
2018-02-23,25309.99,25309.9900,1329.32,19.03980230
2018-02-26,25709.27,25709.2700,1333.34,19.28185609
2018-02-27,25410.03,25410.0300,1318.37,19.27382298
2018-02-28,25029.2,25029.2000,1318.23,18.98697496
2018-03-01,24608.98,24608.9800,1317.1,18.68421532
2018-03-02,24538.06,24538.0600,1321.95,18.56201823
2018-03-05,24874.76,24874.7600,1320.42,18.83852108
2018-03-06,24884.12,24884.1200,1334.58,18.64565631
2018-03-07,24801.36,24801.3600,1325.62,18.70925303
2018-03-08,24895.21,24895.2100,1322.05,18.83076283
2018-03-09,25335.74,25335.7400,1323.45,19.14370773
2018-03-12,25178.61,25178.6100,1323,19.03145125
2018-03-13,25007.03,25007.0300,1324.97,18.87365752
2018-03-14,24758.12,24758.1200,1325.5,18.67832516
2018-03-15,24873.66,24873.6600,1317.35,18.88158804
2018-03-16,24946.51,24946.5100,1313.77,18.98849114
2018-03-19,24610.91,24610.9100,1317.14,18.68511320
2018-03-20,24727.27,24727.2700,1311.2,18.85850366
2018-03-21,24682.31,24682.3100,1332.97,18.51677832
2018-03-22,23957.89,23957.8900,1330.22,18.01047195
2018-03-23,23533.2,23533.2000,1347.4,17.46563752
2018-03-26,24202.6,24202.6000,1353.52,17.88122820
2018-03-27,23857.71,23857.7100,1344.65,17.74269141
2018-03-28,23848.42,23848.4200,1325.04,17.99826420
2018-03-29,24103.11,24103.1100,1325.43,18.18512483
2018-04-02,23644.19,23644.1900,1341.31,17.62768488
2018-04-03,24033.36,24033.3600,1332.78,18.03250349
2018-04-04,24264.3,24264.3000,1333.38,18.19758808
2018-04-05,24505.22,24505.2200,1326.62,18.47192112
2018-04-06,23932.76,23932.7600,1333.45,17.94799955
2018-04-09,23979.1,23979.1000,1336.28,17.94466729
2018-04-10,24408,24408.0000,1339.48,18.22199660
2018-04-11,24189.45,24189.4500,1353.34,17.87388978
2018-04-12,24483.05,24483.0500,1335.15,18.33730292
2018-04-13,24360.14,24360.1400,1344.4,18.11971140
2018-04-16,24573.04,24573.0400,1345.68,18.26068605
2018-04-17,24786.63,24786.6300,1347.29,18.39739774
2018-04-18,24748.07,24748.0700,1349.39,18.34019075
2018-04-19,24664.89,24664.8900,1345.71,18.32853289
2018-04-20,24462.94,24462.9400,1335.66,18.31524490
2018-04-23,24448.69,24448.6900,1324.84,18.45406993
2018-04-24,24024.13,24024.1300,1330.35,18.05850340
2018-04-25,24083.83,24083.8300,1323.2,18.20120163
2018-04-26,24322.34,24322.3400,1316.93,18.46896950
2018-04-27,24311.19,24311.1900,1323.61,18.36733630
2018-04-30,24163.15,24163.1500,1315.93,18.36203293
2018-05-01,24099.05,24099.0500,1304.21,18.47789083
2018-05-02,23924.98,23924.9800,1305.72,18.32320865
2018-05-03,23930.15,23930.1500,1312.75,18.22902304
2018-05-04,24262.51,24262.5100,1314.34,18.45984296
2018-05-07,24357.32,24357.3200,1314.78,18.52577618
2018-05-08,24360.21,24360.2100,1313.25,18.54956025
2018-05-09,24542.54,24542.5400,1313.17,18.68953753
2018-05-10,24739.53,24739.5300,1320.67,18.73255999
2018-05-11,24831.17,24831.1700,1319.28,18.82175884
2018-05-14,24899.41,24899.4100,1314.11,18.94773649
2018-05-15,24706.41,24706.4100,1291.41,19.13134481
2018-05-16,24768.93,24768.9300,1290.38,19.19506657
2018-05-17,24713.98,24713.9800,1290.74,19.14714040
2018-05-18,24715.09,24715.0900,1291.89,19.13095542
2018-05-21,25013.29,25013.2900,1292.54,19.35204326
2018-05-22,24834.41,24834.4100,1291.62,19.22733466
2018-05-23,24886.81,24886.8100,1294.17,19.22993888
2018-05-24,24811.76,24811.7600,1304.48,19.02042193
2018-05-25,24753.09,24753.0900,1300.11,19.03922745
2018-05-29,24361.45,24361.4500,1299.14,18.75198208
2018-05-30,24667.78,24667.7800,1300.43,18.96894104
2018-05-31,24415.84,24415.8400,1298.46,18.80369053
2018-06-01,24635.21,24635.2100,1293.65,19.04318015
2018-06-04,24813.69,24813.6900,1293.1,19.18930477
2018-06-05,24799.98,24799.9800,1295.02,19.15026795
2018-06-06,25146.39,25146.3900,1296.78,19.39140795
2018-06-07,25241.41,25241.4100,1294.43,19.50001931
2018-06-08,25316.53,25316.5300,1298.53,19.49629966
2018-06-11,25322.31,25322.3100,1300.39,19.47285814
2018-06-12,25320.73,25320.7300,1297.72,19.51170514
2018-06-13,25201.2,25201.2000,1299.5,19.39299731
2018-06-14,25175.31,25175.3100,1303.06,19.32014642
2018-06-15,25090.48,25090.4800,1279.97,19.60239693
2018-06-18,24987.47,24987.4700,1277.64,19.55752012
2018-06-19,24700.21,24700.2100,1275.37,19.36709347
2018-06-20,24657.8,24657.8000,1268.94,19.43180923
2018-06-21,24461.7,24461.7000,1266.47,19.31486731
2018-06-22,24580.89,24580.8900,1270.23,19.35152689
2018-06-25,24252.8,24252.8000,1265.53,19.16414467
2018-06-26,24283.11,24283.1100,1259.75,19.27613415
2018-06-27,24117.59,24117.5900,1252.93,19.24895246
2018-06-28,24216.05,24216.0500,1249.32,19.38338456
2018-06-29,24271.41,24271.4100,1252.55,19.37759770
2018-07-02,24307.18,24307.1800,1242.51,19.56296529
2018-07-03,24174.82,24174.8200,1252.12,19.30711114
2018-07-05,24356.74,24356.7400,1257.41,19.37056330
2018-07-06,24456.48,24456.4800,1254.99,19.48739034
2018-07-09,24776.59,24776.5900,1258.23,19.69162236
2018-07-10,24919.66,24919.6600,1256.27,19.83622947
2018-07-11,24700.45,24700.4500,1242.39,19.88139795
2018-07-12,24924.89,24924.8900,1247.21,19.98451744
2018-07-13,25019.41,25019.4100,1241.67,20.14980631
2018-07-16,25064.36,25064.3600,1240.71,20.20162649
2018-07-17,25119.89,25119.8900,1228.16,20.45327156
2018-07-18,25199.29,25199.2900,1226.78,20.54100165
2018-07-19,25064.5,25064.5000,1222.92,20.49561705
2018-07-20,25058.12,25058.1200,1230.99,20.35607113
2018-07-23,25044.29,25044.2900,1225.92,20.42897579
2018-07-24,25241.94,25241.9400,1224.36,20.61643634
2018-07-25,25414.1,25414.1000,1232.77,20.61544327
2018-07-26,25527.07,25527.0700,1223.76,20.85953945
2018-07-27,25451.06,25451.0600,1223.56,20.80082709
2018-07-30,25306.83,25306.8300,1222.56,20.69986749
2018-07-31,25415.19,25415.1900,1222.92,20.78238151
2018-08-01,25333.82,25333.8200,1215.39,20.84418993
2018-08-02,25326.16,25326.1600,1208.59,20.95512953
2018-08-03,25462.58,25462.5800,1213.69,20.97947581
2018-08-06,25502.18,25502.1800,1206.17,21.14310586
2018-08-07,25628.91,25628.9100,1212.58,21.13585083
2018-08-08,25583.75,25583.7500,1211.75,21.11305962
2018-08-09,25509.23,25509.2300,1212.48,21.03888724
2018-08-10,25313.14,25313.1400,1211.51,20.89387624
2018-08-13,25187.7,25187.7000,1194.28,21.09028034
2018-08-14,25299.92,25299.9200,1193.88,21.19134251
2018-08-15,25162.41,25162.4100,1175.49,21.40589031
2018-08-16,25558.73,25558.7300,1176.6,21.72253102
2018-08-17,25669.32,25669.3200,1184.35,21.67376198
2018-08-20,25758.69,25758.6900,1190.46,21.63759387
2018-08-21,25822.29,25822.2900,1196.03,21.59000192
2018-08-22,25733.6,25733.6000,1196.67,21.50434121
2018-08-23,25656.98,25656.9800,1184.82,21.65474924
2018-08-24,25790.35,25790.3500,1205.76,21.38928974
2018-08-27,26049.64,26049.6400,1210.96,21.51156108
2018-08-28,26064.02,26064.0200,1201.89,21.68586143
2018-08-29,26124.57,26124.5700,1206.41,21.65480226
2018-08-30,25986.92,25986.9200,1200.33,21.64981297
2018-08-31,25964.82,25964.8200,1199.52,21.64600840
2018-09-04,25952.48,25952.4800,1190.86,21.79305712
2018-09-05,25974.99,25974.9900,1196.69,21.70569655
2018-09-06,25995.87,25995.8700,1200.15,21.66051744
2018-09-07,25916.54,25916.5400,1196.45,21.66119771
2018-09-10,25857.07,25857.0700,1195.1,21.63590495
2018-09-11,25971.06,25971.0600,1196.81,21.70023646
2018-09-12,25998.92,25998.9200,1206.09,21.55636810
2018-09-13,26145.99,26145.9900,1201.95,21.75297641
2018-09-14,26154.67,26154.6700,1194.11,21.90306588
2018-09-17,26062.12,26062.1200,1201.34,21.69420813
2018-09-18,26246.96,26246.9600,1198.36,21.90239995
2018-09-19,26405.76,26405.7600,1204.04,21.93096575
2018-09-20,26656.98,26656.9800,1207.2,22.08166004
2018-09-21,26743.5,26743.5000,1199.01,22.30465134
2018-09-24,26562.05,26562.0500,1199.65,22.14149960
2018-09-25,26492.21,26492.2100,1200.04,22.07610580
2018-09-26,26385.28,26385.2800,1194.4,22.09082384
2018-09-27,26439.93,26439.9300,1182.7,22.35556777
2018-09-28,26458.31,26458.3100,1191.96,22.19731367
2018-10-01,26651.21,26651.2100,1188.45,22.42518406
2018-10-02,26773.94,26773.9400,1202.3,22.26893454
2018-10-03,26828.39,26828.3900,1198.21,22.39039067
2018-10-04,26627.48,26627.4800,1200.81,22.17459881
2018-10-05,26447.05,26447.0500,1202.97,21.98479596
2018-10-08,26486.78,26486.7800,1187.94,22.29639544
2018-10-09,26430.57,26430.5700,1189.75,22.21523009
2018-10-10,25598.74,25598.7400,1193.89,21.44145608
2018-10-11,25052.83,25052.8300,1223.39,20.47820401
2018-10-12,25339.99,25339.9900,1218.06,20.80356468
2018-10-15,25250.55,25250.5500,1226.18,20.59285749
2018-10-16,25798.42,25798.4200,1227.03,21.02509311
2018-10-17,25706.68,25706.6800,1223.51,21.01060065
2018-10-18,25379.45,25379.4500,1228.15,20.66478036
2018-10-19,25444.34,25444.3400,1226.44,20.74650207
2018-10-22,25317.41,25317.4100,1222.1,20.71631618
2018-10-23,25191.43,25191.4300,1231.62,20.45389812
2018-10-24,24583.42,24583.4200,1233.9,19.92334873
2018-10-25,24984.55,24984.5500,1231.58,20.28658309
2018-10-26,24688.31,24688.3100,1233.94,20.00770702
2018-10-29,24442.92,24442.9200,1230.24,19.86841592
2018-10-30,24874.64,24874.6400,1223.45,20.33155421
2018-10-31,25115.76,25115.7600,1215.37,20.66511433
2018-11-01,25380.74,25380.7400,1232.93,20.58571046
2018-11-02,25270.83,25270.8300,1233.04,20.49473659
2018-11-05,25461.7,25461.7000,1231.9,20.66864194
2018-11-06,25635.01,25635.0100,1227.46,20.88459909
2018-11-07,26180.3,26180.3000,1227.13,21.33457743
2018-11-08,26191.22,26191.2200,1223.63,21.40452588
2018-11-09,25989.3,25989.3000,1209.95,21.47964792
2018-11-12,25387.18,25387.1800,1200.01,21.15580703
2018-11-13,25286.49,25286.4900,1202.2,21.03351356
2018-11-14,25080.5,25080.5000,1211.69,20.69877609
2018-11-15,25289.27,25289.2700,1214.22,20.82758479
2018-11-16,25413.22,25413.2200,1222.05,20.79556483
2018-11-19,25017.44,25017.4400,1224.09,20.43758220
2018-11-20,24465.64,24465.6400,1221.33,20.03196515
2018-11-21,24464.69,24464.6900,1226.64,19.94447434
2018-11-23,24285.95,24285.9500,1223.11,19.85590012
2018-11-26,24640.24,24640.2400,1223.53,20.13864801
2018-11-27,24748.73,24748.7300,1215.72,20.35726154
2018-11-28,25366.43,25366.4300,1221.14,20.77274514
2018-11-29,25338.84,25338.8400,1224.75,20.68898959
2018-11-30,25538.46,25538.4600,1222.13,20.89668039
2018-12-03,25826.43,25826.4300,1231.54,20.97084139
2018-12-04,25027.07,25027.0700,1239.03,20.19892174
2018-12-06,24947.67,24947.6700,1238.42,20.14475703
2018-12-07,24388.95,24388.9500,1248.53,19.53413214
2018-12-10,24423.26,24423.2600,1244.45,19.62574631
2018-12-11,24370.24,24370.2400,1243.66,19.59558079
2018-12-12,24527.27,24527.2700,1245.64,19.69049645
2018-12-13,24597.38,24597.3800,1242.66,19.79413516
2018-12-14,24100.51,24100.5100,1238.43,19.46053471
2018-12-17,23592.98,23592.9800,1246.7,18.92434427
2018-12-18,23675.64,23675.6400,1248.35,18.96554652
2018-12-19,23323.66,23323.6600,1243.07,18.76294979
2018-12-20,22859.6,22859.6000,1260.68,18.13275375
2018-12-21,22445.37,22445.3700,1255.46,17.87820400
2018-12-24,21792.2,21792.2000,1269.2,17.17002836
2018-12-26,22878.45,22878.4500,1267.41,18.05134092
2018-12-27,23138.82,23138.8200,1275.59,18.13970006
2018-12-28,23062.4,23062.4000,1280.04,18.01693697
2018-12-31,23327.46,23327.4600,1282.56,18.18820172
2019-01-02,23346.24,23346.2400,1283.74,18.18611245
2019-01-03,22686.22,22686.2200,1293.53,17.53822486
2019-01-04,23433.16,23433.1600,1285.03,18.23549645
2019-01-07,23531.35,23531.3500,1288.78,18.25862444
2019-01-08,23787.45,23787.4500,1284.67,18.51638942
2019-01-09,23879.12,23879.1200,1292.77,18.47128259
2019-01-10,24001.92,24001.9200,1287.72,18.63908303
2019-01-11,23995.95,23995.9500,1288.25,18.62678052
2019-01-14,23909.84,23909.8400,1291.55,18.51251597
2019-01-15,24065.59,24065.5900,1289.34,18.66504568
2019-01-16,24207.16,24207.1600,1294.33,18.70246382
2019-01-17,24370.1,24370.1000,1291.85,18.86449665
2019-01-18,24706.35,24706.3500,1280.96,19.28737041
2019-01-22,24404.48,24404.4800,1283.53,19.01356416
2019-01-23,24575.62,24575.6200,1283.15,19.15256985
2019-01-24,24553.24,24553.2400,1281.05,19.16649623
2019-01-25,24737.2,24737.2000,1300.23,19.02524938
2019-01-28,24528.22,24528.2200,1302.85,18.82658787
2019-01-29,24579.96,24579.9600,1310.86,18.75101842
2019-01-30,25014.86,25014.8600,1320.58,18.94232837
2019-01-31,24999.67,24999.6700,1321.37,18.91950778
2019-02-01,25063.89,25063.8900,1317.93,19.01761854
2019-02-04,25239.37,25239.3700,1311.3,19.24759399
2019-02-05,25411.52,25411.5200,1314.91,19.32567248
2019-02-06,25390.3,25390.3000,1307.21,19.42327553
2019-02-07,25169.53,25169.5300,1310.94,19.19960486
2019-02-08,25106.33,25106.3300,1314.45,19.10025486
2019-02-11,25053.11,25053.1100,1308.06,19.15287525
2019-02-12,25425.76,25425.7600,1310.3,19.40453331
2019-02-13,25543.27,25543.2700,1306.54,19.55031610
2019-02-14,25439.39,25439.3900,1311.97,19.39022234
2019-02-15,25883.25,25883.2500,1321.04,19.59308575
2019-02-19,25891.32,25891.3200,1340.51,19.31452954
2019-02-20,25954.44,25954.4400,1339.14,19.38142390
2019-02-21,25850.63,25850.6300,1324.52,19.51697974
2019-02-22,26031.81,26031.8100,1328.46,19.59547898
2019-02-25,26091.95,26091.9500,1328.15,19.64533373
2019-02-26,26057.98,26057.9800,1328.52,19.61429260
2019-02-27,25985.16,25985.1600,1321.01,19.67067623
2019-02-28,25916,25916.0000,1312.45,19.74627605
2019-03-01,26026.32,26026.3200,1291.39,20.15372583
2019-03-04,25819.65,25819.6500,1287.38,20.05596638
2019-03-05,25806.63,25806.6300,1288.48,20.02873929
2019-03-06,25673.46,25673.4600,1286.06,19.96287887
2019-03-07,25473.23,25473.2300,1285.07,19.82244547
2019-03-08,25450.24,25450.2400,1300.17,19.57454794
2019-03-11,25650.88,25650.8800,1293.71,19.82738017
2019-03-12,25554.66,25554.6600,1301.22,19.63900032
2019-03-13,25702.89,25702.8900,1308.9,19.63701581
2019-03-14,25709.94,25709.9400,1296.48,19.83057201
2019-03-15,25848.87,25848.8700,1302.25,19.84939144
2019-03-18,25914.1,25914.1000,1303.89,19.87445260
2019-03-19,25887.38,25887.3800,1306.05,19.82112477
2019-03-20,25745.67,25745.6700,1313.69,19.59797974
2019-03-21,25962.51,25962.5100,1309.36,19.82839708
2019-03-22,25502.32,25502.3200,1313.31,19.41835515
2019-03-25,25516.83,25516.8300,1321.84,19.30402318
2019-03-26,25657.73,25657.7300,1316.08,19.49557018
2019-03-27,25625.59,25625.5900,1309.78,19.56480478
2019-03-28,25717.46,25717.4600,1290.6,19.92674725
2019-03-29,25928.68,25928.6800,1292.3,20.06397895
2019-04-01,26258.42,26258.4200,1287.7,20.39172167
2019-04-02,26179.13,26179.1300,1292.5,20.25464603
2019-04-03,26218.13,26218.1300,1290.46,20.31688700
2019-04-04,26384.63,26384.6300,1291.7,20.42628319
2019-04-05,26424.99,26424.9900,1291.91,20.45420347
2019-04-08,26341.02,26341.0200,1298.22,20.29010491
2019-04-09,26150.58,26150.5800,1305.19,20.03584152
2019-04-10,26157.16,26157.1600,1306.86,20.01527325
2019-04-11,26143.05,26143.0500,1293.17,20.21625154
2019-04-12,26412.3,26412.3000,1290.34,20.46925617
2019-04-15,26384.77,26384.7700,1289,20.46917766
2019-04-16,26452.66,26452.6600,1276.9,20.71631295
2019-04-17,26449.54,26449.5400,1274.54,20.75222433
2019-04-18,26559.54,26559.5400,1275.77,20.81843906
2019-04-22,26511.05,26511.0500,1274.86,20.79526379
2019-04-23,26656.39,26656.3900,1271.78,20.95990659
2019-04-24,26597.05,26597.0500,1275.62,20.85029241
2019-04-25,26462.08,26462.0800,1276.71,20.72677429
2019-04-26,26543.33,26543.3300,1285.53,20.64777174
2019-04-29,26554.39,26554.3900,1280.79,20.73282115
2019-04-30,26592.91,26592.9100,1283.48,20.71938012
2019-05-01,26430.14,26430.1400,1277.63,20.68684987
2019-05-02,26307.79,26307.7900,1270.92,20.69980014
2019-05-03,26504.95,26504.9500,1278.29,20.73469244
2019-05-06,26438.48,26438.4800,1280.5,20.64699727
2019-05-07,25965.09,25965.0900,1281.78,20.25705659
2019-05-08,25967.33,25967.3300,1281.57,20.26212380
2019-05-09,25828.36,25828.3600,1283.91,20.11695524
2019-05-10,25942.37,25942.3700,1286.07,20.17181802
2019-05-13,25324.99,25324.9900,1299.23,19.49230698
2019-05-14,25532.05,25532.0500,1295.77,19.70415274
2019-05-15,25648.02,25648.0200,1296.51,19.78235417
2019-05-16,25862.68,25862.6800,1288,20.07972050
2019-05-17,25764,25764.0000,1278.08,20.15836254
2019-05-20,25679.9,25679.9000,1276.53,20.11695769
2019-05-21,25877.33,25877.3300,1274.68,20.30104026
2019-05-22,25776.61,25776.6100,1274.07,20.23170626
2019-05-23,25490.47,25490.4700,1284.02,19.85208174
2019-05-24,25585.69,25585.6900,1284.79,19.91429728
2019-05-28,25347.77,25347.7700,1278.48,19.82648927
2019-05-29,25126.41,25126.4100,1281.65,19.60473608
2019-05-30,25169.88,25169.8800,1288.55,19.53349113
2019-05-31,24815.04,24815.0400,1305.87,19.00268786
2019-06-03,24819.78,24819.7800,1325.24,18.72851710
2019-06-04,25332.18,25332.1800,1325.53,19.11098202
2019-06-05,25539.57,25539.5700,1330.27,19.19878671
2019-06-06,25720.66,25720.6600,1335.32,19.26179493
2019-06-07,25983.94,25983.9400,1341.35,19.37148395
2019-06-10,26062.68,26062.6800,1327.98,19.62580762
2019-06-11,26048.51,26048.5100,1326.85,19.63184233
2019-06-12,26004.83,26004.8300,1333.54,19.50059991
2019-06-13,26106.77,26106.7700,1342.19,19.45087506
2019-06-14,26089.61,26089.6100,1341.08,19.45417872
2019-06-17,26112.53,26112.5300,1339.65,19.49205389
2019-06-18,26465.54,26465.5400,1346.58,19.65389357
2019-06-19,26504,26504.0000,1360.36,19.48307801
2019-06-20,26753.17,26753.1700,1388.51,19.26753858
2019-06-21,26719.13,26719.1300,1399.03,19.09832527
2019-06-24,26727.54,26727.5400,1419.7,18.82618863
2019-06-25,26548.22,26548.2200,1423.44,18.65074748
2019-06-26,26536.82,26536.8200,1408.98,18.83406436
2019-06-27,26526.58,26526.5800,1409.76,18.81638009
2019-06-28,26599.96,26599.9600,1411.07,18.85091455
2019-07-01,26717.43,26717.4300,1384.2,19.30171218
2019-07-02,26786.68,26786.6800,1418.62,18.88220947
2019-07-03,26966,26966.0000,1418.41,19.01142829
2019-07-05,26922.12,26922.1200,1400.78,19.21937778
2019-07-08,26806.14,26806.1400,1395.52,19.20871073
2019-07-09,26783.49,26783.4900,1397.57,19.16432808
2019-07-10,26860.2,26860.2000,1418.93,18.92989788
2019-07-11,27088.08,27088.0800,1403.83,19.29584066
2019-07-12,27332.03,27332.0300,1414.63,19.32097439
2019-07-15,27359.16,27359.1600,1414.1,19.34740117
2019-07-16,27335.63,27335.6300,1406.08,19.44102043
2019-07-17,27219.85,27219.8500,1426.51,19.08142950
2019-07-18,27222.97,27222.9700,1446.08,18.82535544
2019-07-19,27154.2,27154.2000,1425.7,19.04622291
2019-07-22,27171.9,27171.9000,1424.89,19.06947203
2019-07-23,27349.19,27349.1900,1417.86,19.28906239
2019-07-24,27269.97,27269.9700,1425.85,19.12541291
2019-07-25,27140.98,27140.9800,1414.6,19.18632829
2019-07-26,27192.45,27192.4500,1416.66,19.19476092
2019-07-29,27221.35,27221.3500,1426.84,19.07806762
2019-07-30,27198.02,27198.0200,1430.84,19.00842862
2019-07-31,26864.27,26864.2700,1413.73,19.00240499
2019-08-01,26583.42,26583.4200,1445.09,18.39568470
2019-08-02,26485.01,26485.0100,1440.97,18.37998709
2019-08-05,25717.74,25717.7400,1464,17.56676230
2019-08-06,26029.52,26029.5200,1474.35,17.65491233
2019-08-07,26007.07,26007.0700,1501.13,17.32499517
2019-08-08,26378.19,26378.1900,1500.86,17.57538345
2019-08-09,26287.44,26287.4400,1498.48,17.54273664
2019-08-12,25907.37,25907.3700,1511.22,17.14334776
2019-08-13,26279.91,26279.9100,1501.5,17.50243756
2019-08-14,25479.42,25479.4200,1516.33,16.80334756
2019-08-15,25579.39,25579.3900,1523.31,16.79197931
2019-08-16,25886.01,25886.0100,1514.49,17.09222907
2019-08-19,26135.79,26135.7900,1496.07,17.46963043
2019-08-20,25962.44,25962.4400,1507.19,17.22572469
2019-08-21,26202.73,26202.7300,1502.58,17.43849246
2019-08-22,26252.24,26252.2400,1498.12,17.52345606
2019-08-23,25628.9,25628.9000,1528.7,16.76515994
2019-08-26,25898.83,25898.8300,1527.4,16.95615425
2019-08-27,25777.9,25777.9000,1542.79,16.70862528
2019-08-28,26036.1,26036.1000,1538.95,16.91809351
2019-08-29,26362.25,26362.2500,1527.65,17.25673420
2019-08-30,26403.28,26403.2800,1523.72,17.32817053
2019-09-03,26118.02,26118.0200,1547.13,16.88159366
2019-09-04,26355.47,26355.4700,1552.54,16.97571077
2019-09-05,26728.15,26728.1500,1519.06,17.59519045
2019-09-06,26797.46,26797.4600,1505.78,17.79639788
2019-09-09,26835.51,26835.5100,1499.2,17.89988661
2019-09-10,26909.43,26909.4300,1485.8,18.11107148
2019-09-11,27137.04,27137.0400,1497.04,18.12713087
2019-09-12,27182.45,27182.4500,1499.27,18.13045682
2019-09-13,27219.52,27219.5200,1486.81,18.30732911
2019-09-16,27076.82,27076.8200,1497.6,18.08014156
2019-09-17,27110.8,27110.8000,1501.37,18.05737426
2019-09-18,27147.08,27147.0800,1493.96,18.17122279
2019-09-19,27094.79,27094.7900,1499.03,18.07488176
2019-09-20,26935.07,26935.0700,1516.36,17.76297845
2019-09-23,26949.99,26949.9900,1522.3,17.70346844
2019-09-24,26807.77,26807.7700,1531.77,17.50117185
2019-09-25,26970.71,26970.7100,1503.95,17.93324911
2019-09-26,26891.12,26891.1200,1504.83,17.86987234
2019-09-27,26820.25,26820.2500,1496.62,17.92054763
2019-09-30,26916.83,26916.8300,1472.72,18.27695013
2019-10-01,26573.04,26573.0400,1479.13,17.96531745
2019-10-02,26078.62,26078.6200,1499.43,17.39235576
2019-10-03,26201.04,26201.0400,1505.19,17.40713133
2019-10-04,26573.72,26573.7200,1505.16,17.65507986
2019-10-07,26478.02,26478.0200,1493.44,17.72955057
2019-10-08,26164.04,26164.0400,1505.54,17.37850871
2019-10-09,26346.01,26346.0100,1505.57,17.49902695
2019-10-10,26496.67,26496.6700,1494.14,17.73372642
2019-10-11,26816.59,26816.5900,1485.84,18.04810074
2019-10-14,26787.36,26787.3600,1493.25,17.93896534
2019-10-15,27024.8,27024.8000,1481.08,18.24668485
2019-10-16,27001.98,27001.9800,1490.08,18.12116128
2019-10-17,27025.88,27025.8800,1491.9,18.11507474
2019-10-18,26770.2,26770.2000,1490.63,17.95898379
2019-10-21,26827.64,26827.6400,1484.5,18.07183563
2019-10-22,26788.1,26788.1000,1487.64,18.00711194
2019-10-23,26833.95,26833.9500,1492.13,17.98365424
2019-10-24,26805.53,26805.5300,1503.95,17.82341833
2019-10-25,26958.06,26958.0600,1505.77,17.90317246
2019-10-28,27090.72,27090.7200,1492.59,18.15014170
2019-10-29,27071.42,27071.4200,1488.35,18.18888030
2019-10-30,27186.69,27186.6900,1496.54,18.16636375
2019-10-31,27046.23,27046.2300,1513.17,17.87388727
2019-11-01,27347.36,27347.3600,1514.34,18.05892996
2019-11-04,27462.11,27462.1100,1509.83,18.18887557
2019-11-05,27492.63,27492.6300,1483.61,18.53090098
2019-11-06,27492.56,27492.5600,1490.58,18.44420293
2019-11-07,27674.8,27674.8000,1468.51,18.84549646
2019-11-08,27681.24,27681.2400,1458.8,18.97534960
2019-11-11,27691.49,27691.4900,1455.82,19.02123202
2019-11-12,27691.49,27691.4900,1456.3,19.01496258
2019-11-13,27783.59,27783.5900,1463.55,18.98369717
2019-11-14,27781.96,27781.9600,1471.36,18.88182362
2019-11-15,28004.89,28004.8900,1466.91,19.09107580
2019-11-18,28036.22,28036.2200,1471.4,19.05411173
2019-11-19,27934.02,27934.0200,1472.46,18.97098733
2019-11-20,27821.09,27821.0900,1471.6,18.90533433
2019-11-21,27766.29,27766.2900,1464.46,18.96008768
2019-11-22,27875.62,27875.6200,1462.16,19.06468512
2019-11-25,28066.47,28066.4700,1455.28,19.28595872
2019-11-26,28121.68,28121.6800,1461.36,19.24349921
2019-11-27,28164,28164.0000,1454.44,19.36415390
2019-11-29,28051.41,28051.4100,1464.02,19.16053742
2019-12-02,27783.04,27783.0400,1462.39,18.99837937
2019-12-03,27502.81,27502.8100,1477.49,18.61454900
2019-12-04,27649.78,27649.7800,1474.62,18.75044418
2019-12-05,27677.79,27677.7900,1476.07,18.75100097
2019-12-06,28015.06,28015.0600,1460.61,19.18038354
2019-12-09,27909.6,27909.6000,1461.62,19.09497681
2019-12-10,27881.72,27881.7200,1464.35,19.04033872
2019-12-11,27911.3,27911.3000,1474.72,18.92650808
2019-12-12,28132.05,28132.0500,1469.84,19.13953219
2019-12-13,28135.38,28135.3800,1476.61,19.05403593
2019-12-16,28235.89,28235.8900,1476.19,19.12754456
2019-12-17,28267.16,28267.1600,1476.16,19.14911663
2019-12-18,28239.28,28239.2800,1475.48,19.13904628
2019-12-19,28376.96,28376.9600,1478.75,19.18982925
2019-12-20,28455.09,28455.0900,1477.58,19.25790143
2019-12-23,28551.53,28551.5300,1485.77,19.21665534
2019-12-24,28515.45,28515.4500,1499.56,19.01587799
2019-12-26,28621.39,28621.3900,1511.29,18.93838376
2019-12-27,28645.26,28645.2600,1510.86,18.95957269
2019-12-30,28462.14,28462.1400,1515.12,18.78540314
2019-12-31,28538.44,28538.4400,1517.305,18.80863768
2020-01-02,28868.8,28868.8000,1529.14,18.87910852
2020-01-03,28634.88,28634.8800,1549.02,18.48580393
2020-01-06,28703.38,28703.3800,1565.74,18.33214965
2020-01-07,28583.68,28583.6800,1574.26,18.15689911
2020-01-08,28745.09,28745.0900,1556.42,18.46872310
2020-01-09,28956.9,28956.9000,1552.39,18.65310908
2020-01-10,28823.77,28823.7700,1560.3,18.47322310
2020-01-13,28907.05,28907.0500,1547.89,18.67513195
2020-01-14,28939.67,28939.6700,1546.44,18.71373606
2020-01-15,29030.22,29030.2200,1556.29,18.65347718
2020-01-16,29297.64,29297.6400,1552.48,18.87150881
2020-01-17,29348.1,29348.1000,1557.07,18.84828556
2020-01-21,29196.04,29196.0400,1558.21,18.73690966
2020-01-22,29186.27,29186.2700,1558.9,18.72234909
2020-01-23,29160.09,29160.0900,1562.91,18.65756186
2020-01-24,28989.73,28989.7300,1571.66,18.44529351
2020-01-27,28535.8,28535.8000,1582.04,18.03734419
2020-01-28,28722.85,28722.8500,1567.29,18.32644246
2020-01-29,28734.45,28734.4500,1576.82,18.22303751
2020-01-30,28859.44,28859.4400,1574.47,18.32962203
2020-01-31,28256.03,28256.0300,1586.88,17.80602818
2020-02-03,28399.81,28399.8100,1576.74,18.01172673
2020-02-04,28807.63,28807.6300,1552.91,18.55074022
2020-02-05,29290.85,29290.8500,1555.99,18.82457471
2020-02-06,29379.77,29379.7700,1566.73,18.75228661
2020-02-07,29102.51,29102.5100,1570.19,18.53438756
2020-02-10,29276.82,29276.8200,1572.15,18.62215437
2020-02-11,29276.34,29276.3400,1567.93,18.67196877
2020-02-12,29551.42,29551.4200,1566.09,18.86955411
2020-02-13,29423.31,29423.3100,1576.01,18.66949448
2020-02-14,29398.08,29398.0800,1582.65,18.57522510
2020-02-18,29232.19,29232.1900,1601.62,18.25163897
2020-02-19,29348.03,29348.0300,1611.76,18.20868492
2020-02-20,29219.98,29219.9800,1619.63,18.04114520
2020-02-21,28992.41,28992.4100,1643.37,17.64204653
2020-02-24,27960.8,27960.8000,1659.41,16.84984422
2020-02-25,27081.36,27081.3600,1635.21,16.56139578
2020-02-26,26957.59,26957.5900,1640.98,16.42773830
2020-02-27,25766.64,25766.6400,1645,15.66361094
2020-02-28,25409.36,25409.3600,1577.4,16.10838088
2020-03-02,26703.32,26703.3200,1589.37,16.80119796
2020-03-03,25917.41,25917.4100,1640.92,15.79443849
2020-03-04,27090.86,27090.8600,1636.97,16.54939309
2020-03-05,26121.28,26121.2800,1672.21,15.62081318
2020-03-06,25864.78,25864.7800,1673.21,15.45817919
2020-03-09,23851.02,23851.0200,1678.8,14.20718370
2020-03-10,25018.16,25018.1600,1650.35,15.15930560
2020-03-11,23553.22,23553.2200,1637.57,14.38303095
2020-03-12,21200.62,21200.6200,1577.89,13.43605701
2020-03-13,23185.62,23185.6200,1529.75,15.15647655
2020-03-16,20188.52,20188.5200,1500.985,13.45018105
2020-03-17,21237.38,21237.3800,1530.37,13.87728458
2020-03-18,19898.92,19898.9200,1476.99,13.47261661
2020-03-19,20087.19,20087.1900,1471.175,13.65384132
2020-03-20,19173.98,19173.9800,1497.36,12.80519047
2020-03-23,18591.93,18591.9300,1556.695,11.94320660
2020-03-24,20704.91,20704.9100,1630.05,12.70200914
2020-03-25,21200.55,21200.5500,1613.095,13.14277832
2020-03-26,22552.17,22552.1700,1627.46,13.85728067
2020-03-27,21636.78,21636.7800,1620.75,13.34985655
2020-03-30,22327.48,22327.4800,1622.6,13.76031061
2020-03-31,21917.16,21917.1600,1575.15,13.91433197
2020-04-01,20943.51,20943.5100,1591.81,13.15704136
2020-04-02,21413.44,21413.4400,1613.65,13.27018870
2020-04-03,21052.53,21052.5300,1622.39,12.97624492
2020-04-06,22679.99,22679.9900,1662.1,13.64538235
2020-04-07,22653.86,22653.8600,1648.9,13.73877130
2020-04-08,23433.57,23433.5700,1646,14.23667679
2020-04-09,23719.37,23719.3700,1683.25,14.09141245
2020-04-13,23390.77,23390.7700,1715.07,13.63837628
2020-04-14,23949.76,23949.7600,1727.15,13.86663579
2020-04-15,23504.35,23504.3500,1717.13,13.68815989
2020-04-16,23537.68,23537.6800,1717.7,13.70302148
2020-04-17,24242.49,24242.4900,1684.1,14.39492310
2020-04-20,23650.44,23650.4400,1696.05,13.94442381
2020-04-21,23018.88,23018.8800,1686.1,13.65214400
2020-04-22,23475.82,23475.8200,1714.12,13.69555224
2020-04-23,23515.26,23515.2600,1730.33,13.59004352
2020-04-24,23775.27,23775.2700,1728.03,13.75859794
2020-04-27,24133.78,24133.7800,1714.135,14.07927614
2020-04-28,24101.55,24101.5500,1708.08,14.11031685
2020-04-29,24633.86,24633.8600,1713.32,14.37785119
2020-04-30,24345.72,24345.7200,1686.855,14.43260980
2020-05-01,23723.69,23723.6900,1699.23,13.96143547
2020-05-04,23749.76,23749.7600,1701.74,13.95616252
2020-05-05,23883.09,23883.0900,1705.93,14.00004103
2020-05-06,23664.64,23664.6400,1685.78,14.03779853
2020-05-07,23875.89,23875.8900,1715.94,13.91417532
2020-05-08,24331.32,24331.3200,1707.15,14.25259643
2020-05-11,24221.99,24221.9900,1698,14.26501178
2020-05-12,23764.78,23764.7800,1702.82,13.95613159
2020-05-13,23247.97,23247.9700,1715.08,13.55503533
2020-05-14,23625.34,23625.3400,1730.22,13.65452948
2020-05-15,23685.42,23685.4200,1742.98,13.58903717
2020-05-18,24597.37,24597.3700,1732.275,14.19946025
2020-05-19,24206.86,24206.8600,1745.07,13.87156962
2020-05-20,24575.9,24575.9000,1748.32,14.05686602
2020-05-21,24474.12,24474.1200,1727.38,14.16834744
2020-05-22,24465.16,24465.1600,1735.38,14.09786905
2020-05-26,24995.11,24995.1100,1711.13,14.60737057
2020-05-27,25548.27,25548.2700,1709.4,14.94575290
2020-05-28,25400.64,25400.6400,1718.64,14.77950007
2020-05-29,25383.11,25383.1100,1731.5,14.65960728
2020-06-01,25475.02,25475.0200,1739.58,14.64435094
2020-06-02,25742.65,25742.6500,1727.76,14.89943626
2020-06-03,26269.89,26269.8900,1699.75,15.45514929
2020-06-04,26281.82,26281.8200,1714.09,15.33281216
2020-06-05,27110.98,27110.9800,1681.82,16.12002474
2020-06-08,27572.44,27572.4400,1698.47,16.23369268
2020-06-09,27272.3,27272.3000,1715.28,15.89961989
2020-06-10,26989.99,26989.9900,1737.76,15.53148306
2020-06-11,25128.17,25128.1700,1727.12,14.54917435
2020-06-12,25605.54,25605.5400,1731.37,14.78917851
2020-06-15,25763.16,25763.1600,1725.11,14.93421289
2020-06-16,26289.98,26289.9800,1726.72,15.22538686
2020-06-17,26119.61,26119.6100,1726.82,15.12584404
2020-06-18,26080.1,26080.1000,1722.82,15.13802951
2020-06-19,25871.46,25871.4600,1742.52,14.84715240
2020-06-22,26024.96,26024.9600,1754.44,14.83377032
2020-06-23,26156.1,26156.1000,1768.38,14.79099515
2020-06-24,25445.94,25445.9400,1760.92,14.45036685
2020-06-25,25745.6,25745.6000,1763.72,14.59732837
2020-06-26,25015.55,25015.5500,1770.97,14.12533809
2020-06-29,25595.8,25595.8000,1772.92,14.43708684
2020-06-30,25812.88,25812.8800,1780.96,14.49380110
2020-07-01,25734.97,25734.9700,1770.15,14.53829901
2020-07-02,25827.36,25827.3600,1775.33,14.54792067
2020-07-06,26287.03,26287.0300,1784.55,14.73034098
2020-07-07,25890.18,25890.1800,1794.85,14.42470401
2020-07-08,26067.28,26067.2800,1808.87,14.41080896
2020-07-09,25706.09,25706.0900,1803.56,14.25297190
2020-07-10,26075.3,26075.3000,1799.54,14.48998077
2020-07-13,26085.8,26085.8000,1802.69,14.47048577
2020-07-14,26642.59,26642.5900,1809.33,14.72511372
2020-07-15,26870.1,26870.1000,1810.26,14.84322694
2020-07-16,26734.71,26734.7100,1797.22,14.87559119
2020-07-17,26671.95,26671.9500,1810.12,14.73490708
2020-07-20,26680.87,26680.8700,1817.83,14.67731856
2020-07-21,26840.4,26840.4000,1841.77,14.57315517
2020-07-22,27005.84,27005.8400,1872.97,14.41872534
2020-07-23,26652.33,26652.3300,1887.175,14.12287149
2020-07-24,26469.89,26469.8900,1902.59,13.91255604
2020-07-27,26584.77,26584.7700,1940.18,13.70221835
2020-07-28,26379.28,26379.2800,1960.38,13.45620747
2020-07-29,26539.57,26539.5700,1969.48,13.47541991
2020-07-30,26313.65,26313.6500,1951.13,13.48636431
2020-07-31,26428.32,26428.3200,1974.2,13.38685037
2020-08-03,26664.4,26664.4000,1976.85,13.48832739
2020-08-04,26828.47,26828.4700,2016.51,13.30440712
2020-08-05,27201.52,27201.5200,2038.635,13.34300647
2020-08-06,27386.98,27386.9800,2065.35,13.26021255
2020-08-07,27433.48,27433.4800,2031.69,13.50278832
2020-08-10,27791.44,27791.4400,2027.6,13.70656934
2020-08-11,27686.91,27686.9100,1912.05,14.48022280
2020-08-12,27976.84,27976.8400,1916.125,14.60073847
2020-08-13,27896.72,27896.7200,1954.13,14.27577490
2020-08-14,27931.02,27931.0200,1943.52,14.37135713
2020-08-17,27844.91,27844.9100,1981.05,14.05563211
2020-08-18,27778.07,27778.0700,1997.75,13.90467776
2020-08-19,27692.88,27692.8800,1935.93,14.30469077
2020-08-20,27739.73,27739.7300,1947.87,14.24105818
2020-08-21,27930.33,27930.3300,1938.02,14.41178626
2020-08-24,28308.46,28308.4600,1928.845,14.67637887
2020-08-25,28248.44,28248.4400,1928.46,14.64818560
2020-08-26,28331.92,28331.9200,1954.2,14.49796336
2020-08-27,28492.27,28492.2700,1925.41,14.79802743
2020-08-28,28653.87,28653.8700,1963.49,14.59333636
2020-08-31,28430.05,28430.0500,1967.82,14.44748503
2020-09-01,28645.66,28645.6600,1970.42,14.53784472
2020-09-02,29100.5,29100.5000,1943.06,14.97663479
2020-09-03,28292.73,28292.7300,1930.675,14.65432038
2020-09-04,28133.31,28133.3100,1934.81,14.54060605
2020-09-08,27500.89,27500.8900,1931.68,14.23677317
2020-09-09,27940.47,27940.4700,1946.79,14.35207187
2020-09-10,27534.58,27534.5800,1946.06,14.14888544
2020-09-11,27665.64,27665.6400,1942.445,14.24268898
2020-09-14,27993.33,27993.3300,1956.39,14.30866545
2020-09-15,27995.6,27995.6000,1954.05,14.32696195
2020-09-16,28032.38,28032.3800,1959.84,14.30340232
2020-09-17,27901.98,27901.9800,1944,14.35287037
2020-09-18,27657.42,27657.4200,1950.94,14.17645853
2020-09-21,27147.7,27147.7000,1912.58,14.19428207
2020-09-22,27288.18,27288.1800,1900.05,14.36182206
2020-09-23,26763.13,26763.1300,1863.6,14.36098412
2020-09-24,26815.44,26815.4400,1867.83,14.35646713
2020-09-25,27173.96,27173.9600,1862.66,14.58879237
2020-09-28,27584.06,27584.0600,1881.56,14.66020749
2020-09-29,27452.66,27452.6600,1896.56,14.47497575
2020-09-30,27781.7,27781.7000,1885.8,14.73205006
2020-10-01,27816.9,27816.9000,1906.05,14.59400331
2020-10-02,27682.81,27682.8100,1901.81,14.55603346
2020-10-05,28148.64,28148.6400,1913.56,14.71009009
2020-10-06,27772.76,27772.7600,1878.07,14.78792590
2020-10-07,28303.46,28303.4600,1887.4,14.99600509
2020-10-08,28425.51,28425.5100,1893.77,15.01001178
2020-10-09,28586.9,28586.9000,1928.47,14.82361665
2020-10-12,28837.52,28837.5200,1922.64,14.99891815
2020-10-13,28679.81,28679.8100,1891.11,15.16559587
2020-10-14,28514,28514.0000,1901.83,14.99292786
2020-10-15,28494.2,28494.2000,1908.16,14.93281486
2020-10-16,28606.31,28606.3100,1899.34,15.06118441
2020-10-19,28195.42,28195.4200,1904.36,14.80571951
2020-10-20,28308.79,28308.7900,1906.44,14.84903275
2020-10-21,28210.82,28210.8200,1924.685,14.65736991
2020-10-22,28363.66,28363.6600,1904.07,14.89633259
2020-10-23,28335.57,28335.5700,1903.55,14.88564524
2020-10-26,27685.38,27685.3800,1902.385,14.55298481
2020-10-27,27463.19,27463.1900,1907.77,14.39544075
2020-10-28,26519.95,26519.9500,1876.675,14.13134933
2020-10-29,26659.11,26659.1100,1868.57,14.26711871
2020-10-30,26501.6,26501.6000,1878.38,14.10875329
2020-11-02,26925.05,26925.0500,1895.8,14.20247389
2020-11-03,27480.03,27480.0300,1909.73,14.38948438
2020-11-04,27847.66,27847.6600,1902.99,14.63363444
2020-11-05,28390.18,28390.1800,1949.74,14.56100813
2020-11-06,28323.4,28323.4000,1951.76,14.51172275
2020-11-09,29157.97,29157.9700,1862.86,15.65226050
2020-11-10,29420.92,29420.9200,1877.26,15.67226703
2020-11-11,29397.63,29397.6300,1865.64,15.75739693
2020-11-12,29080.17,29080.1700,1877.01,15.49281570
2020-11-13,29479.81,29479.8100,1887.84,15.61562950
2020-11-16,29950.44,29950.4400,1888.99,15.85526657
2020-11-17,29783.35,29783.3500,1880.55,15.83757411
2020-11-18,29438.42,29438.4200,1872.48,15.72162052
2020-11-19,29483.23,29483.2300,1866.59,15.79523623
2020-11-20,29263.48,29263.4800,1873.16,15.62252023
2020-11-23,29591.27,29591.2700,1837.86,16.10093805
2020-11-24,30046.24,30046.2400,1807.53,16.62281677
2020-11-25,29872.47,29872.4700,1807.625,16.52581149
2020-11-27,29910.37,29910.3700,1787.215,16.73574248
2020-11-30,29638.64,29638.6400,1776.77,16.68119115
2020-12-01,29823.92,29823.9200,1815.21,16.43001085
2020-12-02,29883.79,29883.7900,1830.61,16.32449839
2020-12-03,29969.52,29969.5200,1841.04,16.27858167
2020-12-04,30218.26,30218.2600,1836.52,16.45408708
2020-12-07,30069.79,30069.7900,1862.31,16.14650085
2020-12-08,30173.88,30173.8800,1870.41,16.13222769
2020-12-09,30068.81,30068.8100,1840.06,16.34121170
2020-12-10,29999.26,29999.2600,1836.79,16.33243866
2020-12-11,30046.37,30046.3700,1839.5,16.33398750
2020-12-14,29861.55,29861.5500,1827.12,16.34350782
2020-12-15,30199.31,30199.3100,1853.36,16.29435728
2020-12-16,30154.54,30154.5400,1864.91,16.16943445
2020-12-17,30303.37,30303.3700,1885.595,16.07098555
2020-12-18,30179.05,30179.0500,1881.27,16.04184939
2020-12-21,30216.45,30216.4500,1876.76,16.10032716
2020-12-22,30015.51,30015.5100,1860.32,16.13459512
2020-12-23,30129.83,30129.8300,1873.21,16.08459810
2020-12-24,30199.87,30199.8700,1879.82,16.06529881
2020-12-28,30403.97,30403.9700,1873.96,16.22444983
2020-12-29,30335.67,30335.6700,1878.41,16.14965316
2020-12-30,30409.56,30409.5600,1894.58,16.05081865
2020-12-31,30606.48,30606.4800,1898.705,16.11966051
2021-01-04,30223.89,30223.8900,1942.78,15.55703168
2021-01-05,30391.6,30391.6000,1950.18,15.58399737
2021-01-06,30829.4,30829.4000,1919.48,16.06132911
2021-01-07,31041.13,31041.1300,1913.25,16.22429374
2021-01-08,31097.97,31097.9700,1848.61,16.82235301
2021-01-11,31008.69,31008.6900,1843.73,16.81845498
2021-01-12,31068.69,31068.6900,1854.75,16.75087748
2021-01-13,31060.47,31060.4700,1845.12,16.83384820
2021-01-14,30991.52,30991.5200,1845.87,16.78965474
2021-01-15,30814.26,30814.2600,1825.57,16.87925415
2021-01-19,30930.52,30930.5200,1839.96,16.81043066
2021-01-20,31188.38,31188.3800,1871.4,16.66580100
2021-01-21,31176.01,31176.0100,1869.83,16.67317885
2021-01-22,30996.98,30996.9800,1853.87,16.72014758
2021-01-25,30960,30960.0000,1855.95,16.68148388
2021-01-26,30937.04,30937.0400,1850.81,16.71540569
2021-01-27,30303.17,30303.1700,1843.56,16.43731151
2021-01-28,30603.36,30603.3600,1842.43,16.61032441
2021-01-29,29982.62,29982.6200,1842.81,16.27005497
2021-02-01,30211.91,30211.9100,1860.61,16.23763712
2021-02-02,30687.48,30687.4800,1837.97,16.69639874
2021-02-03,30723.6,30723.6000,1834.08,16.75150484
2021-02-04,31055.86,31055.8600,1794.33,17.30777505
2021-02-05,31148.24,31148.2400,1810.95,17.19994478
2021-02-08,31385.76,31385.7600,1830.61,17.14497353
2021-02-09,31375.83,31375.8300,1838.59,17.06515863
2021-02-10,31437.8,31437.8000,1843.255,17.05558916
2021-02-11,31430.7,31430.7000,1825.7,17.21569809
2021-02-12,31458.4,31458.4000,1821.29,17.27259250
2021-02-16,31522.75,31522.7500,1794.46,17.56670530
2021-02-17,31613.02,31613.0200,1776.44,17.79571503
2021-02-18,31493.34,31493.3400,1775.84,17.73433417
2021-02-19,31494.32,31494.3200,1781.43,17.67923522
2021-02-22,31521.69,31521.6900,1809.36,17.42145842
2021-02-23,31537.35,31537.3500,1805.67,17.46573294
2021-02-24,31961.86,31961.8600,1805.47,17.70279207
2021-02-25,31402.01,31402.0100,1770.75,17.73373429
2021-02-26,30932.37,30932.3700,1727.48,17.90606548
2021-03-01,31535.51,31535.5100,1724.95,18.28198499
2021-03-02,31391.52,31391.5200,1738.48,18.05687727
2021-03-03,31270.09,31270.0900,1711.04,18.27548742
2021-03-04,30924.14,30924.1400,1697.5,18.21746097
2021-03-05,31496.3,31496.3000,1698.33,18.54545347
2021-03-08,31802.44,31802.4400,1683.6,18.88954621
2021-03-09,31832.74,31832.7400,1716.17,18.54871021
2021-03-10,32297.02,32297.0200,1726.72,18.70426010
2021-03-11,32485.59,32485.5900,1722.6,18.85846395
2021-03-12,32778.64,32778.6400,1724.54,19.00717873
2021-03-15,32953.46,32953.4600,1732.16,19.02448965
2021-03-16,32825.95,32825.9500,1732.485,18.94732133
2021-03-17,33015.37,33015.3700,1747.38,18.89421305
2021-03-18,32862.3,32862.3000,1736.18,18.92793374
2021-03-19,32627.97,32627.9700,1745,18.69797708
2021-03-22,32731.2,32731.2000,1739.695,18.81433240
2021-03-23,32423.15,32423.1500,1727.48,18.76904508
2021-03-24,32420.06,32420.0600,1734.765,18.68844483
2021-03-25,32619.48,32619.4800,1727.855,18.87859803
2021-03-26,33072.88,33072.8800,1732.57,19.08891416
2021-03-29,33171.37,33171.3700,1712.21,19.37342382
2021-03-30,33066.96,33066.9600,1685.195,19.62203781
2021-03-31,32981.55,32981.5500,1707.65,19.31399877
2021-04-01,33153.21,33153.2100,1729.7,19.16702896
2021-04-05,33527.19,33527.1900,1728.33,19.39860443
2021-04-06,33430.24,33430.2400,1743.3,19.17641255
2021-04-07,33446.26,33446.2600,1737.7,19.24743051
2021-04-08,33503.57,33503.5700,1755.6,19.08382889
2021-04-09,33800.6,33800.6000,1742.98,19.39241988
2021-04-12,33745.4,33745.4000,1732.85,19.47393023
2021-04-13,33677.27,33677.2700,1745.34,19.29553554
2021-04-14,33730.89,33730.8900,1736.45,19.42520084
2021-04-15,34035.99,34035.9900,1763.64,19.29871743
2021-04-16,34200.67,34200.6700,1775.98,19.25735087
2021-04-19,34077.63,34077.6300,1771.45,19.23713907
2021-04-20,33821.3,33821.3000,1778.91,19.01237275
2021-04-21,34137.31,34137.3100,1793.65,19.03231400
2021-04-22,33815.9,33815.9000,1784.16,18.95340104
2021-04-23,34043.49,34043.4900,1776.3,19.16539436
2021-04-26,33981.57,33981.5700,1781.25,19.07737263
2021-04-27,33984.93,33984.9300,1776.65,19.12865787
2021-04-28,33820.38,33820.3800,1781.63,18.98283033
2021-04-29,34060.36,34060.3600,1772.03,19.22109671
2021-04-30,33874.85,33874.8500,1767.94,19.16063328
2021-05-03,34113.23,34113.2300,1792.995,19.02583666
2021-05-04,34133.03,34133.0300,1778.78,19.18901157
2021-05-05,34230.34,34230.3400,1786.86,19.15669946
2021-05-06,34548.53,34548.5300,1814.96,19.03542227
2021-05-07,34777.76,34777.7600,1832.13,18.98214646
2021-05-10,34742.82,34742.8200,1836.15,18.92155870
2021-05-11,34269.16,34269.1600,1837.49,18.64998449
2021-05-12,33587.66,33587.6600,1815.41,18.50141841
2021-05-13,34021.45,34021.4500,1826.5,18.62658089
2021-05-14,34382.13,34382.1300,1842.74,18.65815579
2021-05-17,34327.79,34327.7900,1866.85,18.38808153
2021-05-18,34060.66,34060.6600,1869.55,18.21864085
2021-05-19,33896.04,33896.0400,1869.52,18.13087851
2021-05-20,34084.15,34084.1500,1877.22,18.15671578
2021-05-21,34207.84,34207.8400,1879.9,18.19662748
2021-05-24,34393.98,34393.9800,1880.88,18.28611076
2021-05-25,34312.46,34312.4600,1899.16,18.06717707
2021-05-26,34323.05,34323.0500,1896.79,18.09533475
2021-05-27,34464.64,34464.6400,1896.37,18.17400613
2021-05-28,34529.45,34529.4500,1904.85,18.12712287
2021-06-01,34575.31,34575.3100,1900.3,18.19465874
2021-06-02,34600.38,34600.3800,1908.28,18.13171023
2021-06-03,34577.04,34577.0400,1870.59,18.48456369
2021-06-04,34756.39,34756.3900,1891.53,18.37474954
2021-06-07,34630.24,34630.2400,1899.25,18.23363959
2021-06-08,34599.82,34599.8200,1892.91,18.27863977
2021-06-09,34447.14,34447.1400,1888.62,18.23931760
2021-06-10,34466.24,34466.2400,1898.33,18.15608456
2021-06-11,34479.6,34479.6000,1876.63,18.37314761
2021-06-14,34393.75,34393.7500,1866.19,18.42992943
2021-06-15,34299.33,34299.3300,1858.8,18.45240478
2021-06-16,34033.67,34033.6700,1811.75,18.78497033
2021-06-17,33823.45,33823.4500,1773.29,19.07384015
2021-06-18,33290.08,33290.0800,1762.06,18.89270513
2021-06-21,33876.97,33876.9700,1783.15,18.99838488
2021-06-22,33945.58,33945.5800,1778.7,19.08448867
2021-06-23,33874.24,33874.2400,1778.7,19.04438073
2021-06-24,34196.82,34196.8200,1775.15,19.26418613
2021-06-25,34433.84,34433.8400,1779.39,19.35148562
2021-06-28,34283.27,34283.2700,1778.37,19.27791742
2021-06-29,34292.29,34292.2900,1761.17,19.47131168
2021-06-30,34502.51,34502.5100,1770.21,19.49063106
2021-07-01,34633.53,34633.5300,1776.76,19.49252009
2021-07-02,34786.35,34786.3500,1787.97,19.45577946
2021-07-06,34577.37,34577.3700,1797.02,19.24150538
2021-07-07,34681.79,34681.7900,1803.65,19.22866964
2021-07-08,34421.93,34421.9300,1802.71,19.09454654
2021-07-09,34870.16,34870.1600,1808.33,19.28307333
2021-07-12,34996.18,34996.1800,1806.18,19.37579865
2021-07-13,34888.79,34888.7900,1807.7,19.30009957
2021-07-14,34933.23,34933.2300,1827.41,19.11625196
2021-07-15,34987.02,34987.0200,1829.49,19.12391978
2021-07-16,34687.85,34687.8500,1811.01,19.15386994
2021-07-19,33962.04,33962.0400,1812.23,18.74046893
2021-07-20,34511.99,34511.9900,1810.27,19.06455391
2021-07-21,34798,34798.0000,1803.51,19.29459776
2021-07-22,34823.35,34823.3500,1806.93,19.27210794
2021-07-23,35061.55,35061.5500,1801.45,19.46296039
2021-07-26,35144.31,35144.3100,1797.48,19.55198945
2021-07-27,35058.52,35058.5200,1798.96,19.48821541
2021-07-28,34930.93,34930.9300,1807.15,19.32929198
2021-07-29,35084.53,35084.5300,1828.17,19.19106538
2021-07-30,34935.47,34935.4700,1813.91,19.25975930
2021-08-02,34838.16,34838.1600,1813.33,19.21225590
2021-08-03,35116.4,35116.4000,1810.5,19.39596796
2021-08-04,34792.67,34792.6700,1812.08,19.20040506
2021-08-05,35064.25,35064.2500,1804.355,19.43312153
2021-08-06,35208.51,35208.5100,1760.33,20.00108502
2021-08-09,35101.85,35101.8500,1729.7,20.29360583
2021-08-10,35264.67,35264.6700,1729.15,20.39422259
2021-08-11,35484.97,35484.9700,1751.73,20.25710012
2021-08-12,35499.85,35499.8500,1752.66,20.25484121
2021-08-13,35515.38,35515.3800,1778.57,19.96850279
2021-08-16,35625.4,35625.4000,1787.25,19.93308155
2021-08-17,35343.28,35343.2800,1786.06,19.78840576
2021-08-18,34960.69,34960.6900,1787.74,19.55580230
2021-08-19,34894.12,34894.1200,1780.13,19.60200660
2021-08-20,35120.08,35120.0800,1782.18,19.70624740
2021-08-23,35335.71,35335.7100,1805.5,19.57114927
2021-08-24,35366.26,35366.2600,1802.95,19.61577415
2021-08-25,35405.5,35405.5000,1790.9,19.76966888
2021-08-26,35213.12,35213.1200,1792.09,19.64919173
2021-08-27,35455.8,35455.8000,1818.45,19.49781407
2021-08-30,35399.84,35399.8400,1810.16,19.55619393
2021-08-31,35360.73,35360.7300,1813.47,19.49893298
2021-09-01,35312.53,35312.5300,1813.83,19.46848933
2021-09-02,35443.82,35443.8200,1809.565,19.58692835
2021-09-03,35369.09,35369.0900,1828.65,19.34164001
2021-09-07,35100,35100.0000,1794.4,19.56085600
2021-09-08,35031.07,35031.0700,1789.23,19.57885236
2021-09-09,34879.38,34879.3800,1794.5,19.43682363
2021-09-10,34607.72,34607.7200,1787.9,19.35663068
2021-09-13,34869.63,34869.6300,1793.63,19.44081555
2021-09-14,34577.57,34577.5700,1804.61,19.16068846
2021-09-15,34814.39,34814.3900,1793.775,19.40844866
2021-09-16,34751.32,34751.3200,1753.41,19.81927786
2021-09-17,34584.88,34584.8800,1751.65,19.74417264
2021-09-20,33970.47,33970.4700,1764.095,19.25659899
2021-09-21,33919.84,33919.8400,1774.19,19.11849351
2021-09-22,34258.32,34258.3200,1768.205,19.37463134
2021-09-23,34764.82,34764.8200,1742.76,19.94813973
2021-09-24,34798,34798.0000,1746.72,19.92191078
2021-09-27,34869.37,34869.3700,1750.085,19.92438653
2021-09-28,34299.99,34299.9900,1733.93,19.78164632
2021-09-29,34390.72,34390.7200,1726.35,19.92105888
2021-09-30,33843.92,33843.9200,1756.895,19.26348473
2021-10-01,34326.46,34326.4600,1760.07,19.50289477
2021-10-04,34002.92,34002.9200,1769.44,19.21676915
2021-10-05,34314.67,34314.6700,1759.96,19.49741471
2021-10-06,34416.99,34416.9900,1762.65,19.52570845
2021-10-07,34754.94,34754.9400,1755.17,19.80146652
2021-10-08,34746.25,34746.2500,1756.88,19.77724717
2021-10-11,34496.06,34496.0600,1754.2,19.66483867
2021-10-12,34378.34,34378.3400,1760.11,19.53192698
2021-10-13,34377.81,34377.8100,1793.05,19.17281169
2021-10-14,34912.56,34912.5600,1796.01,19.43895635
2021-10-15,35294.76,35294.7600,1768.33,19.95937410
2021-10-18,35258.61,35258.6100,1764.87,19.97802104
2021-10-19,35457.31,35457.3100,1769.54,20.03758604
2021-10-20,35609.34,35609.3400,1782.04,19.98234608
2021-10-21,35603.08,35603.0800,1782.83,19.96998031
2021-10-22,35677.02,35677.0200,1794.13,19.88541522
2021-10-25,35741.15,35741.1500,1807.73,19.77128775
2021-10-26,35756.88,35756.8800,1792.85,19.94415595
2021-10-27,35490.69,35490.6900,1797,19.74996661
2021-10-28,35730.48,35730.4800,1798.86,19.86284647
2021-10-29,35819.56,35819.5600,1782.82,20.09151793
2021-11-01,35913.84,35913.8400,1791.87,20.04265934
2021-11-02,36052.63,36052.6300,1787.09,20.17393080
2021-11-03,36157.58,36157.5800,1773.85,20.38367393
2021-11-04,36124.23,36124.2300,1791.43,20.16502459
2021-11-05,36327.95,36327.9500,1818.215,19.98000786
2021-11-08,36432.22,36432.2200,1824.32,19.97030126
2021-11-09,36319.98,36319.9800,1831.83,19.82715645
2021-11-10,36079.94,36079.9400,1849.36,19.50941947
2021-11-11,35921.23,35921.2300,1862,19.29174544
2021-11-12,36100.31,36100.3100,1866.08,19.34553181
2021-11-15,36087.45,36087.4500,1862.8,19.37269165
2021-11-16,36142.22,36142.2200,1850.43,19.53179531
2021-11-17,35931.05,35931.0500,1867.43,19.24090863
2021-11-18,35870.95,35870.9500,1858.91,19.29676531
2021-11-19,35601.98,35601.9800,1846.97,19.27588429
2021-11-22,35619.25,35619.2500,1804.8,19.73584331
2021-11-23,35813.8,35813.8000,1789.12,20.01755053
2021-11-24,35804.38,35804.3800,1788.64,20.01765587
2021-11-26,34899.34,34899.3400,1791.875,19.47643669
2021-11-29,35135.94,35135.9400,1784.71,19.68719848
2021-11-30,34483.72,34483.7200,1774.96,19.42788570
2021-12-01,34022.04,34022.0400,1781.87,19.09344677
2021-12-02,34639.79,34639.7900,1768.3,19.58931742
2021-12-03,34580.08,34580.0800,1782.96,19.39475928
2021-12-06,35227.03,35227.0300,1778.48,19.80738046
2021-12-07,35719.43,35719.4300,1784.17,20.02019426
2021-12-08,35754.75,35754.7500,1783.09,20.05212861
2021-12-09,35754.69,35754.6900,1775.17,20.14155827
2021-12-10,35970.99,35970.9900,1782.9,20.17555107
2021-12-13,35650.95,35650.9500,1786.68,19.95374102
2021-12-14,35544.18,35544.1800,1770.7,20.07351895
2021-12-15,35927.43,35927.4300,1777.13,20.21654578
2021-12-16,35897.64,35897.6400,1799.23,19.95166821
2021-12-17,35365.44,35365.4400,1796.14,19.68969011
2021-12-20,34932.16,34932.1600,1790.9,19.50536602
2021-12-21,35492.7,35492.7000,1788.97,19.83974019
2021-12-22,35753.89,35753.8900,1803.66,19.82296553
2021-12-23,35950.56,35950.5600,1808.57,19.87789248
2021-12-27,36302.38,36302.3800,1811.97,20.03475775
2021-12-28,36398.21,36398.2100,1806.15,20.15237383
2021-12-29,36488.63,36488.6300,1804.38,20.22225363
2021-12-30,36398.08,36398.0800,1814.69,20.05746436
2021-12-31,36338.3,36338.3000,1829.5,19.86242143
2022-01-03,36585.06,36585.0600,1801.32,20.31013923
2022-01-04,36799.65,36799.6500,1814.64,20.27931160
2022-01-05,36407.11,36407.1100,1810.29,20.11120318
2022-01-06,36236.47,36236.4700,1790.98,20.23276083
2022-01-07,36231.66,36231.6600,1795.81,20.17566446
2022-01-10,36068.87,36068.8700,1801.74,20.01890950
2022-01-11,36252.02,36252.0200,1821.54,19.90185228
2022-01-12,36290.32,36290.3200,1826.27,19.87127862
2022-01-13,36113.62,36113.6200,1822.7,19.81325506
2022-01-14,35911.81,35911.8100,1816.6,19.76869426
2022-01-18,35368.47,35368.4700,1813.81,19.49954516
2022-01-19,35028.65,35028.6500,1840.56,19.03151758
2022-01-20,34715.39,34715.3900,1839.6,18.87116221
2022-01-21,34265.37,34265.3700,1831.78,18.70605094
2022-01-24,34364.5,34364.5000,1843.17,18.64423792
2022-01-25,34297.73,34297.7300,1848.15,18.55787138
2022-01-26,34168.09,34168.0900,1819.45,18.77935090
2022-01-27,34160.78,34160.7800,1797.2,19.00777877
2022-01-28,34725.47,34725.4700,1788.87,19.41195839
2022-01-31,35131.86,35131.8600,1797.35,19.54647676
2022-02-01,35405.24,35405.2400,1801.11,19.65745568
2022-02-02,35629.33,35629.3300,1806.9,19.71848470
2022-02-03,35111.16,35111.1600,1804.86,19.45367508
2022-02-04,35089.74,35089.7400,1808.13,19.40664665
2022-02-07,35091.13,35091.1300,1820.54,19.27512167
2022-02-08,35462.78,35462.7800,1826.03,19.42069955
2022-02-09,35768.06,35768.0600,1832.99,19.51350526
2022-02-10,35241.59,35241.5900,1826.68,19.29270042
2022-02-11,34738.06,34738.0600,1861.27,18.66363290
2022-02-14,34566.17,34566.1700,1871.42,18.47055712
2022-02-15,34988.84,34988.8400,1853.55,18.87666370
2022-02-16,34934.27,34934.2700,1869.61,18.68532475
2022-02-17,34312.03,34312.0300,1898.4,18.07418352
2022-02-18,34079.18,34079.1800,1897.03,17.96449186
2022-02-22,33596.61,33596.6100,1898.49,17.69649037
2022-02-23,33131.76,33131.7600,1909.19,17.35383068
2022-02-24,33223.83,33223.8300,1904.1,17.44857413
2022-02-25,34058.75,34058.7500,1890.79,18.01297341
2022-02-28,33892.6,33892.6000,1908.82,17.75578630
2022-03-01,33294.95,33294.9500,1945.135,17.11703815
2022-03-02,33891.35,33891.3500,1928.67,17.57239445
2022-03-03,33794.66,33794.6600,1936.31,17.45312476
2022-03-04,33614.8,33614.8000,1967.46,17.08537912
2022-03-07,32817.38,32817.3800,1997.7,16.42758172
2022-03-08,32632.64,32632.6400,2050.01,15.91828333
2022-03-09,33286.25,33286.2500,1991.97,16.71021652
2022-03-10,33174.07,33174.0700,1996.87,16.61303440
2022-03-11,32944.19,32944.1900,1982.68,16.61598947
2022-03-14,32945.24,32945.2400,1953.71,16.86291210
2022-03-15,33544.34,33544.3400,1916.26,17.50510891
2022-03-16,34063.1,34063.1000,1925.71,17.68859278
2022-03-17,34480.76,34480.7600,1941.27,17.76195995
2022-03-18,34754.93,34754.9300,1921.13,18.09087881
2022-03-21,34552.99,34552.9900,1936.24,17.84540656
2022-03-22,34807.46,34807.4600,1920.87,18.12067449
2022-03-23,34358.5,34358.5000,1945.21,17.66313149
2022-03-24,34707.94,34707.9400,1958.42,17.72241909
2022-03-25,34861.24,34861.2400,1958.16,17.80306002
2022-03-28,34955.89,34955.8900,1922.78,18.17986977
2022-03-29,35294.19,35294.1900,1919.48,18.38737054
2022-03-30,35228.81,35228.8100,1932.71,18.22767513
2022-03-31,34678.35,34678.3500,1937.27,17.90062820
2022-04-01,34818.27,34818.2700,1922.73,18.10876722
2022-04-04,34921.88,34921.8800,1932.74,18.06858657
2022-04-05,34641.18,34641.1800,1923.495,18.00949834
2022-04-06,34496.51,34496.5100,1925.355,17.91696077
2022-04-07,34583.57,34583.5700,1931.575,17.90433713
2022-04-08,34721.12,34721.1200,1944.185,17.85895890
2022-04-11,34308.08,34308.0800,1953.765,17.55998290
2022-04-12,34220.36,34220.3600,1966.615,17.40064019
2022-04-13,34564.59,34564.5900,1978.185,17.47288044
2022-04-14,34451.23,34451.2300,1973.495,17.45696341
2022-04-18,34411.69,34411.6900,1978.735,17.39075217
2022-04-19,34911.2,34911.2000,1950.145,17.90184832
2022-04-20,35160.79,35160.7900,1957.625,17.96094247
2022-04-21,34792.76,34792.7600,1951.395,17.82968594
2022-04-22,33811.4,33811.4000,1932.645,17.49488395
2022-04-25,34049.46,34049.4600,1898.145,17.93828185
2022-04-26,33240.18,33240.1800,1905.315,17.44602861
2022-04-27,33301.93,33301.9300,1885.955,17.65786034
2022-04-28,33916.39,33916.3900,1894.545,17.90212954
2022-04-29,32977.21,32977.2100,1896.395,17.38942045
2022-05-02,33061.5,33061.5000,1862.885,17.74747233
2022-05-03,33128.79,33128.7900,1868.295,17.73209798
2022-05-04,34061.06,34061.0600,1881.335,18.10472882
2022-05-05,32997.97,32997.9700,1877.165,17.57861989
2022-05-06,32899.37,32899.3700,1880.915,17.49115191
2022-05-09,32245.7,32245.7000,1853.865,17.39376923
2022-05-10,32160.74,32160.7400,1838.325,17.49458882
2022-05-11,31834.11,31834.1100,1852.525,17.18417295
2022-05-12,31730.3,31730.3000,1821.805,17.41695736
2022-05-13,32196.66,32196.6600,1809.765,17.79051976
2022-05-16,32223.42,32223.4200,1823.995,17.66639711
2022-05-17,32654.59,32654.5900,1815.065,17.99086534
2022-05-18,31490.07,31490.0700,1816.615,17.33447649
2022-05-19,31253.13,31253.1300,1842.135,16.96571098
2022-05-20,31261.9,31261.9000,1844.705,16.94682890
2022-05-23,31880.24,31880.2400,1853.575,17.19932563
2022-05-24,31928.62,31928.6200,1866.535,17.10582443
2022-05-25,32120.28,32120.2800,1853.305,17.33135129
2022-05-26,32637.19,32637.1900,1850.815,17.63395585
2022-05-27,33212.96,33212.9600,1853.495,17.91909878
2022-05-31,32990.12,32990.1200,1837.635,17.95248784
2022-06-01,32813.23,32813.2300,1846.405,17.77141526
2022-06-02,33248.28,33248.2800,1868.645,17.79272146
2022-06-03,32899.7,32899.7000,1850.775,17.77617485
2022-06-06,32915.78,32915.7800,1841.705,17.87244971
2022-06-07,33180.14,33180.1400,1852.415,17.91182861
2022-06-08,32910.9,32910.9000,1853.165,17.75929289
2022-06-09,32272.79,32272.7900,1847.945,17.46415072
2022-06-10,31392.79,31392.7900,1871.945,16.77014549
2022-06-13,30516.74,30516.7400,1819.525,16.77181682
2022-06-14,30364.83,30364.8300,1808.255,16.79233847
2022-06-15,30668.53,30668.5300,1833.89,16.72321132
2022-06-16,29927.07,29927.0700,1856.725,16.11820275
2022-06-17,29888.78,29888.7800,1837.115,16.26941155
2022-06-21,30530.25,30530.2500,1833.125,16.65475622
2022-06-22,30483.13,30483.1300,1837.935,16.58553213
2022-06-23,30677.36,30677.3600,1822.665,16.83104685
2022-06-24,31500.68,31500.6800,1823.795,17.27205086
2022-06-27,31438.26,31438.2600,1822.775,17.24747157
2022-06-28,30946.99,30946.9900,1819.945,17.00435453
2022-06-29,31029.31,31029.3100,1817.915,17.06862532
2022-06-30,30775.43,30775.4300,1807.215,17.02920239
2022-07-01,31097.26,31097.2600,1806.055,17.21833499
2022-07-05,30967.82,30967.8200,1764.785,17.54764461
2022-07-06,31037.68,31037.6800,1739.295,17.84497742
2022-07-07,31384.55,31384.5500,1740.225,18.03476562
2022-07-08,31338.15,31338.1500,1741.515,17.99476318
2022-07-11,31173.84,31173.8400,1734.065,17.97731919
2022-07-12,30981.33,30981.3300,1726.205,17.94765396
2022-07-13,30772.79,30772.7900,1735.655,17.72978501
2022-07-14,30630.17,30630.1700,1709.935,17.91306102
2022-07-15,31288.26,31288.2600,1705.795,18.34233305
2022-07-18,31072.61,31072.6100,1709.145,18.18020706
2022-07-19,31827.05,31827.0500,1711.715,18.59366191
2022-07-20,31874.84,31874.8400,1696.605,18.78742548
2022-07-21,32036.9,32036.9000,1718.335,18.64415262
2022-07-22,31899.29,31899.2900,1724.155,18.50140504
2022-07-25,31990.04,31990.0400,1719.735,18.60172643
2022-07-26,31761.54,31761.5400,1717.525,18.49262165
2022-07-27,32197.59,32197.5900,1734.465,18.56341293
2022-07-28,32529.63,32529.6300,1756.065,18.52416055
2022-07-29,32845.13,32845.1300,1761.035,18.65103760
2022-08-01,32798.4,32798.4000,1772.235,18.50680073
2022-08-02,32396.17,32396.1700,1761.345,18.39285887
2022-08-03,32812.5,32812.5000,1765.625,18.58407080
2022-08-04,32726.82,32726.8200,1791.245,18.27043202
2022-08-05,32803.47,32803.4700,1773.485,18.49661542
2022-08-08,32832.54,32832.5400,1789.145,18.35096652
2022-08-09,32774.41,32774.4100,1794.435,18.26447322
2022-08-10,33309.51,33309.5100,1792.285,18.58494045
2022-08-11,33336.67,33336.6700,1789.505,18.62898958
2022-08-12,33761.05,33761.0500,1801.435,18.74119799
2022-08-15,33912.44,33912.4400,1779.545,19.05680385
2022-08-16,34152.01,34152.0100,1775.475,19.23542151
2022-08-17,33980.32,33980.3200,1762.145,19.28349824
2022-08-18,33999.04,33999.0400,1758.465,19.33449912
2022-08-19,33706.74,33706.7400,1746.665,19.29777032
2022-08-22,33063.61,33063.6100,1736.235,19.04328043
2022-08-23,32909.59,32909.5900,1747.965,18.82737355
2022-08-24,32969.23,32969.2300,1751.345,18.82509157
2022-08-25,33291.78,33291.7800,1758.675,18.93003540
2022-08-26,32283.4,32283.4000,1736.895,18.58684607
2022-08-29,32098.99,32098.9900,1737.595,18.47322880
2022-08-30,31790.87,31790.8700,1724.375,18.43616963
2022-08-31,31510.43,31510.4300,1711.145,18.41482165
2022-09-01,31656.42,31656.4200,1697.685,18.64681611
2022-09-02,31318.44,31318.4400,1709.765,18.31739450
2022-09-06,31145.3,31145.3000,1701.985,18.29939747
2022-09-07,31581.28,31581.2800,1718.455,18.37771719
2022-09-08,31774.52,31774.5200,1708.605,18.59676169
2022-09-09,32151.71,32151.7100,1715.935,18.73713748
2022-09-12,32381.34,32381.3400,1724.705,18.77500210
2022-09-13,31104.97,31104.9700,1702.555,18.26958307
2022-09-14,31135.09,31135.0900,1697.475,18.34200209
2022-09-15,30961.82,30961.8200,1664.525,18.60099428
2022-09-16,30822.42,30822.4200,1673.185,18.42140588
2022-09-19,31019.68,31019.6800,1675.705,18.51142057
2022-09-20,30706.23,30706.2300,1664.955,18.44267863
2022-09-21,30183.78,30183.7800,1673.875,18.03227840
2022-09-22,30076.68,30076.6800,1671.345,17.99549465
2022-09-23,29590.41,29590.4100,1643.155,18.00828893
2022-09-26,29260.81,29260.8100,1622.805,18.03100804
2022-09-27,29134.99,29134.9900,1629.195,17.88305881
2022-09-28,29683.74,29683.7400,1660.025,17.88150178
2022-09-29,29225.61,29225.6100,1660.615,17.59926895
2022-09-30,28725.51,28725.5100,1661.815,17.28562445
2022-10-03,29490.89,29490.8900,1699.695,17.35069527
2022-10-04,30316.32,30316.3200,1726.415,17.56027375
2022-10-05,30273.87,30273.8700,1716.345,17.63856917
2022-10-06,29926.94,29926.9400,1712.655,17.47400381
2022-10-07,29296.79,29296.7900,1695.525,17.27889002
2022-10-10,29202.88,29202.8800,1668.145,17.50620000
2022-10-11,29239.19,29239.1900,1666.265,17.54774301
2022-10-12,29210.85,29210.8500,1673.255,17.45750050
2022-10-13,30038.72,30038.7200,1666.265,18.02757665
2022-10-14,29634.83,29634.8300,1642.845,18.03872550
2022-10-17,30185.82,30185.8200,1650.765,18.28595833
2022-10-18,30523.8,30523.8000,1652.085,18.47592588
2022-10-19,30423.81,30423.8100,1629.155,18.67459511
2022-10-20,30333.59,30333.5900,1628.265,18.62939386
2022-10-21,31082.56,31082.5600,1655.175,18.77901732
2022-10-24,31499.62,31499.6200,1649.405,19.09756549
2022-10-25,31836.74,31836.7400,1653.155,19.25816998
2022-10-26,31839.11,31839.1100,1664.835,19.12448381
2022-10-27,32033.28,32033.2800,1663.455,19.25707639
2022-10-28,32861.8,32861.8000,1645.245,19.97380329
2022-10-31,32732.95,32732.9500,1632.755,20.04768015
2022-11-01,32653.2,32653.2000,1648.3,19.81022872
2022-11-02,32147.76,32147.7600,1634.175,19.67216485
2022-11-03,32001.25,32001.2500,1630.325,19.62875500
2022-11-04,32403.22,32403.2200,1681.4,19.27157131
2022-11-07,32827,32827.0000,1675.385,19.59370533
2022-11-08,33160.83,33160.8300,1712.375,19.36540185
2022-11-09,32513.94,32513.9400,1707.035,19.04702598
2022-11-10,33715.37,33715.3700,1755.575,19.20474488
2022-11-11,33747.86,33747.8600,1767.865,19.08961374
2022-11-14,33536.7,33536.7000,1771.305,18.93332882
2022-11-15,33592.92,33592.9200,1778.815,18.88499928
2022-11-16,33553.83,33553.8300,1773.865,18.91566156
2022-11-17,33546.32,33546.3200,1760.275,19.05743137
2022-11-18,33745.69,33745.6900,1748.775,19.29675916
2022-11-21,33700.28,33700.2800,1737.905,19.39132461
2022-11-22,34098.1,34098.1000,1740.115,19.59531410
2022-11-23,34194.06,34194.0600,1749.585,19.54409760
2022-11-25,34347.03,34347.0300,1754.625,19.57513999
2022-11-28,33849.46,33849.4600,1741.685,19.43489207
2022-11-29,33852.53,33852.5300,1749.795,19.34656917
2022-11-30,34589.77,34589.7700,1768.615,19.55754644
2022-12-01,34395.01,34395.0100,1802.935,19.07723240
2022-12-02,34429.88,34429.8800,1797.56,19.15367498
2022-12-05,33947.1,33947.1000,1768.77,19.19248970
2022-12-06,33596.34,33596.3400,1771.09,18.96930139
2022-12-07,33597.92,33597.9200,1786.13,18.81045613
2022-12-08,33781.48,33781.4800,1789.09,18.88193439
2022-12-09,33476.46,33476.4600,1795.12,18.64859174
2022-12-12,34005.04,34005.0400,1781.41,19.08883413
2022-12-13,34108.64,34108.6400,1810.61,18.83820370
2022-12-14,33966.35,33966.3500,1807.42,18.79272665
2022-12-15,33202.22,33202.2200,1776.9,18.68547470
2022-12-16,32920.46,32920.4600,1792.2,18.36874233
2022-12-19,32757.54,32757.5400,1787.75,18.32333380
2022-12-20,32849.74,32849.7400,1817.83,18.07085371
2022-12-21,33376.48,33376.4800,1814.37,18.39563044
2022-12-22,33027.49,33027.4900,1792.45,18.42589194
2022-12-23,33203.93,33203.9300,1797.69,18.47033137
2022-12-27,33241.56,33241.5600,1813.63,18.32874401
2022-12-28,32875.71,32875.7100,1804.35,18.22025106
2022-12-29,33220.8,33220.8000,1815.02,18.30326939
2022-12-30,33147.25,33147.2500,1823.48,18.17801676
2023-01-03,33136.37,33136.3700,1839.54,18.01340009
2023-01-04,33269.77,33269.7700,1854.66,17.93847390
2023-01-05,32930.08,32930.0800,1832.96,17.96552025
2023-01-06,33630.61,33630.6100,1867.01,18.01308509
2023-01-09,33517.65,33517.6500,1871.78,17.90683200
2023-01-10,33704.1,33704.1000,1876.96,17.95674921
2023-01-11,33973.01,33973.0100,1875.65,18.11265961
2023-01-12,34189.97,34189.9700,1896.87,18.02441390
2023-01-13,34302.61,34302.6100,1920.74,17.85905953
2023-01-17,33910.85,33910.8500,1908.67,17.76674333
2023-01-18,33296.96,33296.9600,1904.34,17.48477688
2023-01-19,33044.56,33044.5600,1932.17,17.10230466
2023-01-20,33375.49,33375.4900,1927.27,17.31749573
2023-01-23,33629.56,33629.5600,1931.02,17.41543847
2023-01-24,33733.96,33733.9600,1937.3,17.41287359
2023-01-25,33743.84,33743.8400,1946.27,17.33769724
2023-01-26,33949.41,33949.4100,1929.18,17.59784468
2023-01-27,33978.08,33978.0800,1926.56,17.63665808
2023-01-30,33717.09,33717.0900,1923.22,17.53158245
2023-01-31,34086.04,34086.0400,1928.28,17.67691414
2023-02-01,34092.96,34092.9600,1950.18,17.48195551
2023-02-02,34053.94,34053.9400,1912.64,17.80467835
2023-02-03,33926.01,33926.0100,1864.85,18.19235327
2023-02-06,33891.02,33891.0200,1867.69,18.14595570
2023-02-07,34156.69,34156.6900,1873.72,18.22934590
2023-02-08,33949.01,33949.0100,1875.55,18.10082909
2023-02-09,33699.88,33699.8800,1861.7,18.10167052
2023-02-10,33869.27,33869.2700,1864.2,18.16825984
2023-02-13,34245.93,34245.9300,1853.45,18.47685667
2023-02-14,34089.27,34089.2700,1854.46,18.38231615
2023-02-15,34128.05,34128.0500,1835.91,18.58917376
2023-02-16,33696.85,33696.8500,1836.5,18.34840730
2023-02-17,33826.69,33826.6900,1841.93,18.36480757
2023-02-21,33129.59,33129.5900,1835.01,18.05417409
2023-02-22,33045.09,33045.0900,1825.26,18.10431938
2023-02-23,33153.91,33153.9100,1822.37,18.19274352
2023-02-24,32816.92,32816.9200,1810.98,18.12108361
2023-02-27,32889.09,32889.0900,1817.31,18.09767734
2023-02-28,32656.7,32656.7000,1826.8,17.87645062
2023-03-01,32661.84,32661.8400,1836.705,17.78284482
2023-03-02,33003.57,33003.5700,1835.75,17.97824867
2023-03-03,33390.97,33390.9700,1855.24,17.99819430
2023-03-06,33431.44,33431.4400,1846.76,18.10275293
2023-03-07,32856.46,32856.4600,1813.23,18.12040392
2023-03-08,32798.4,32798.4000,1813.82,18.08249992
2023-03-09,32254.86,32254.8600,1830.86,17.61732738
2023-03-10,31909.64,31909.6400,1869.9,17.06489117
2023-03-13,31819.14,31819.1400,1910.27,16.65688096
2023-03-14,32155.4,32155.4000,1904.27,16.88594580
2023-03-15,31874.57,31874.5700,1920.35,16.59831281
2023-03-16,32246.55,32246.5500,1920.02,16.79490318
2023-03-17,31861.98,31861.9800,1989.33,16.01643770
2023-03-20,32244.58,32244.5800,1978.36,16.29864130
2023-03-21,32560.6,32560.6000,1941.18,16.77361193
2023-03-22,32030.11,32030.1100,1965.71,16.29442288
2023-03-23,32105.25,32105.2500,1992.03,16.11685065
2023-03-24,32237.53,32237.5300,1977.78,16.29985640
2023-03-27,32432.08,32432.0800,1956.52,16.57641118
2023-03-28,32394.25,32394.2500,1973.7,16.41295536
2023-03-29,32717.6,32717.6000,1964.52,16.65424633
2023-03-30,32859.03,32859.0300,1980.31,16.59287182
2023-03-31,33274.15,33274.1500,1970.8,16.88357520
2023-04-03,33601.15,33601.1500,1984.565,16.93124186
2023-04-04,33402.38,33402.3800,2020.665,16.53038975
2023-04-05,33482.72,33482.7200,2020.84,16.56871400
2023-04-06,33485.29,33485.2900,2007.465,16.68038546
2023-04-10,33586.52,33586.5200,1991.35,16.86620634
2023-04-11,33684.79,33684.7900,2003.62,16.81196534
2023-04-12,33646.5,33646.5000,2014.94,16.69851211
2023-04-13,34029.69,34029.6900,2040.15,16.67999412
2023-04-14,33886.47,33886.4700,2005.45,16.89719016
2023-04-17,33987.18,33987.1800,1995.16,17.03481425
2023-04-18,33976.63,33976.6300,2005.28,16.94358394
2023-04-19,33897.01,33897.0100,1994.79,16.99277117
2023-04-20,33786.62,33786.6200,2004.82,16.85269501
2023-04-21,33808.96,33808.9600,1982.78,17.05129162
2023-04-24,33875.4,33875.4000,1989.1,17.03051631
2023-04-25,33530.83,33530.8300,1997.13,16.78950794
2023-04-26,33301.87,33301.8700,1989.46,16.73915032
2023-04-27,33826.16,33826.1600,1987.85,17.01645496
2023-04-28,34098.16,34098.1600,1989.27,17.14104169
2023-05-01,34051.7,34051.7000,1982.48,17.17631452
2023-05-02,33684.53,33684.5300,2016.7,16.70279665
2023-05-03,33414.24,33414.2400,2038.64,16.39045638
2023-05-04,33127.74,33127.7400,2050.19,16.15837557
2023-05-05,33674.38,33674.3800,2018,16.68700694
2023-05-08,33618.69,33618.6900,2021.49,16.63064868
2023-05-09,33561.81,33561.8100,2034.56,16.49585660
2023-05-10,33531.33,33531.3300,2030.185,16.51639136
2023-05-11,33309.51,33309.5100,2015.12,16.52978979
2023-05-12,33300.62,33300.6200,2011.06,16.55874017
2023-05-15,33348.6,33348.6000,2016.46,16.53819069
2023-05-16,33012.14,33012.1400,1988.92,16.59802305
2023-05-17,33420.77,33420.7700,1981.57,16.86580338
2023-05-18,33535.91,33535.9100,1957.53,17.13174766
2023-05-19,33426.63,33426.6300,1976.33,16.91348611
2023-05-22,33286.58,33286.5800,1971.82,16.88114534
2023-05-23,33055.51,33055.5100,1975.03,16.73671286
2023-05-24,32799.92,32799.9200,1957.36,16.75722402
2023-05-25,32764.65,32764.6500,1940.86,16.88151129
2023-05-26,33093.34,33093.3400,1947.59,16.99194389
2023-05-30,33042.78,33042.7800,1959.43,16.86346540
2023-05-31,32908.27,32908.2700,1962.93,16.76487190
2023-06-01,33061.57,33061.5700,1977.58,16.71819598
2023-06-02,33762.76,33762.7600,1948.75,17.32534189
2023-06-05,33562.86,33562.8600,1961.89,17.10741173
2023-06-06,33573.28,33573.2800,1963.36,17.09991036
2023-06-07,33665.02,33665.0200,1940.01,17.35301364
2023-06-08,33833.61,33833.6100,1965.7,17.21199064
2023-06-09,33876.78,33876.7800,1960.04,17.28371870
2023-06-12,34066.33,34066.3300,1957.49,17.40306719
2023-06-13,34212.12,34212.1200,1943.6,17.60244906
2023-06-14,33979.33,33979.3300,1941.97,17.49735063
2023-06-15,34408.06,34408.0600,1958.045,17.57266049
2023-06-16,34299.12,34299.1200,1955.66,17.53838602
2023-06-20,34053.87,34053.8700,1936.325,17.58685655
2023-06-21,33951.52,33951.5200,1932.7,17.56688570
2023-06-22,33946.71,33946.7100,1913.77,17.73813468
2023-06-23,33727.43,33727.4300,1919.15,17.57415001
2023-06-26,33714.71,33714.7100,1923.145,17.53102860
2023-06-27,33926.74,33926.7400,1913.765,17.72774609
2023-06-28,33852.66,33852.6600,1907.425,17.74783281
2023-06-29,34122.42,34122.4200,1908.235,17.88166552
2023-06-30,34407.6,34407.6000,1920.185,17.91889844
2023-07-03,34418.47,34418.4700,1921.59,17.91145354
2023-07-05,34288.64,34288.6400,1915.235,17.90309805
2023-07-06,33922.26,33922.2600,1910.925,17.75174850
2023-07-07,33734.88,33734.8800,1924.845,17.52602417
2023-07-10,33944.4,33944.4000,1925.345,17.63029483
2023-07-11,34261.42,34261.4200,1932.225,17.73158923
2023-07-12,34347.43,34347.4300,1957.425,17.54725213
2023-07-13,34395.14,34395.1400,1960.475,17.54428901
2023-07-14,34509.03,34509.0300,1954.535,17.65587723
2023-07-17,34585.35,34585.3500,1954.935,17.69130431
2023-07-18,34951.93,34951.9300,1978.805,17.66315023
2023-07-19,35061.21,35061.2100,1977.01,17.73446265
2023-07-20,35225.18,35225.1800,1969.53,17.88506903
2023-07-21,35227.69,35227.6900,1962.5,17.95041529
2023-07-24,35411.24,35411.2400,1954.855,18.11450977
2023-07-25,35438.07,35438.0700,1965.015,18.03450355
2023-07-26,35520.12,35520.1200,1972.295,18.00953711
2023-07-27,35282.72,35282.7200,1945.645,18.13420228
2023-07-28,35459.29,35459.2900,1959.135,18.09946226
2023-07-31,35559.53,35559.5300,1965.575,18.09115908
2023-08-01,35630.68,35630.6800,1944.175,18.32688930
2023-08-02,35282.52,35282.5200,1934.895,18.23484995
2023-08-03,35215.89,35215.8900,1934.165,18.20728325
2023-08-04,35065.62,35065.6200,1941.515,18.06095755
2023-08-07,35473.13,35473.1300,1936.645,18.31679528
2023-08-08,35314.49,35314.4900,1925.305,18.34228343
2023-08-09,35123.36,35123.3600,1914.785,18.34323958
2023-08-10,35176.15,35176.1500,1912.375,18.39396039
2023-08-11,35281.4,35281.4000,1913.705,18.43617485
2023-08-14,35307.63,35307.6300,1907.495,18.50994629
2023-08-15,34946.39,34946.3900,1901.985,18.37364122
2023-08-16,34765.74,34765.7400,1892.12,18.37396148
2023-08-17,34474.83,34474.8300,1889.38,18.24663646
2023-08-18,34500.66,34500.6600,1889.48,18.25934119
2023-08-21,34463.69,34463.6900,1894.68,18.18971541
2023-08-22,34288.83,34288.8300,1897.45,18.07100582
2023-08-23,34472.98,34472.9800,1915.605,17.99587076
2023-08-24,34099.42,34099.4200,1916.83,17.78948577
2023-08-25,34346.9,34346.9000,1914.355,17.94176106
2023-08-28,34559.98,34559.9800,1920.235,17.99778673
2023-08-29,34852.67,34852.6700,1937.465,17.98879980
2023-08-30,34890.24,34890.2400,1942.58,17.96077382
2023-08-31,34721.91,34721.9100,1940.095,17.89701535
2023-09-01,34837.71,34837.7100,1940.585,17.95216906
2023-09-05,34641.97,34641.9700,1926.115,17.98541105
2023-09-06,34443.19,34443.1900,1916.565,17.97131326
2023-09-07,34500.73,34500.7300,1919.705,17.97189151
2023-09-08,34576.59,34576.5900,1919.255,18.01563107
2023-09-11,34663.72,34663.7200,1922.415,18.03134079
2023-09-12,34645.99,34645.9900,1913.425,18.10679279
2023-09-13,34575.53,34575.5300,1908.245,18.11902036
2023-09-14,34907.11,34907.1100,1910.635,18.26989980
2023-09-15,34618.24,34618.2400,1922.505,18.00684003
2023-09-18,34624.3,34624.3000,1933.755,17.90521550
2023-09-19,34517.73,34517.7300,1931.435,17.87154629
2023-09-20,34440.88,34440.8800,1930.405,17.84127165
2023-09-21,34070.42,34070.4200,1920.11,17.74399383
2023-09-22,33963.84,33963.8400,1925.415,17.63975039
2023-09-25,34006.88,34006.8800,1915.995,17.74893985
2023-09-26,33618.88,33618.8800,1900.665,17.68795658
2023-09-27,33550.27,33550.2700,1875.06,17.89290476
2023-09-28,33666.34,33666.3400,1864.94,18.05223761
2023-09-29,33507.5,33507.5000,1848.49,18.12695768
2023-10-02,33433.35,33433.3500,1827.89,18.29067942
2023-10-03,33002.38,33002.3800,1822.975,18.10358343
2023-10-04,33129.55,33129.5500,1821.25,18.19055594
2023-10-05,33119.57,33119.5700,1820.255,18.19501663
2023-10-06,33407.58,33407.5800,1829.385,18.26164531
2023-10-09,33604.65,33604.6500,1861.505,18.05240921
2023-10-10,33739.3,33739.3000,1860.5,18.13453373
2023-10-11,33804.87,33804.8700,1874.35,18.03551631
2023-10-12,33631.14,33631.1400,1868.81,17.99601886
2023-10-13,33670.29,33670.2900,1928.23,17.46176027
2023-10-16,33984.54,33984.5400,1920.185,17.69857592
2023-10-17,33997.65,33997.6500,1923.145,17.67815219
2023-10-18,33665.08,33665.0800,1947.735,17.28421988
2023-10-19,33414.17,33414.1700,1974.385,16.92383704
2023-10-20,33127.28,33127.2800,1979.84,16.73230160
2023-10-23,32936.41,32936.4100,1972.85,16.69483742
2023-10-24,33141.38,33141.3800,1971.12,16.81347660
2023-10-25,33035.93,33035.9300,1979.565,16.68847954
2023-10-26,32784.3,32784.3000,1984.87,16.51710188
2023-10-27,32417.59,32417.5900,2007.33,16.14960669
2023-10-30,32928.96,32928.9600,1995.14,16.50458614
2023-10-31,33052.87,33052.8700,1984.69,16.65392076
2023-11-01,33274.58,33274.5800,1983.925,16.77209572
2023-11-02,33839.08,33839.0800,1985,17.04739547
2023-11-03,34061.32,34061.3200,1992.57,17.09416482
2023-11-06,34095.86,34095.8600,1977.99,17.23763012
2023-11-07,34152.6,34152.6000,1969.13,17.34400471
2023-11-08,34112.27,34112.2700,1950.28,17.49096027
2023-11-09,33891.94,33891.9400,1958.435,17.30562413
2023-11-10,34283.1,34283.1000,1936.025,17.70798414
2023-11-13,34337.87,34337.8700,1946.21,17.64345574
2023-11-14,34827.7,34827.7000,1963.125,17.74094874
2023-11-15,34991.21,34991.2100,1959.395,17.85817051
2023-11-16,34945.47,34945.4700,1981.27,17.63791407
2023-11-17,34947.28,34947.2800,1980.79,17.64310199
2023-11-20,35151.04,35151.0400,1978.015,17.77086625
2023-11-21,35088.29,35088.2900,1998.41,17.55810369
2023-11-22,35273.03,35273.0300,1989.9,17.72603146
2023-11-24,35390.15,35390.1500,2002.445,17.67346918
2023-11-27,35333.47,35333.4700,2014.02,17.54375329
2023-11-28,35416.98,35416.9800,2040.95,17.35318357
2023-11-29,35430.42,35430.4200,2044.205,17.33212667
2023-11-30,35950.89,35950.8900,2036.195,17.65591704
2023-12-01,36245.5,36245.5000,2070.895,17.50233595
2023-12-04,36204.44,36204.4400,2029.42,17.83979659
2023-12-05,36124.56,36124.5600,2019.34,17.88929056
2023-12-06,36054.43,36054.4300,2025.4,17.80114052
2023-12-07,36117.38,36117.3800,2028.64,17.80374044
2023-12-08,36247.87,36247.8700,2002.82,18.09841623
2023-12-11,36404.93,36404.9300,1981.98,18.36796032
2023-12-12,36577.94,36577.9400,1979.47,18.47865338
2023-12-13,37090.24,37090.2400,2027.56,18.29304188
2023-12-14,37248.35,37248.3500,2036.38,18.29145346
2023-12-15,37305.16,37305.1600,2018.145,18.48487596
2023-12-18,37306.02,37306.0200,2027.29,18.40191586
2023-12-19,37557.92,37557.9200,2040.27,18.40830870
2023-12-20,37082,37082.0000,2031.275,18.25552916
2023-12-21,37404.35,37404.3500,2045.81,18.28339386
2023-12-22,37385.97,37385.9700,2053.335,18.20743814
2023-12-26,37545.33,37545.3300,2068.045,18.15498696
2023-12-27,37656.52,37656.5200,2077.675,18.12435535
2023-12-28,37710.1,37710.1000,2065.445,18.25761519
2023-12-29,37689.54,37689.5400,2063.235,18.26720660
2024-01-02,37715.04,37715.0400,2058.94,18.31769746
2024-01-03,37430.19,37430.1900,2041.45,18.33510005
2024-01-04,37440.34,37440.3400,2043.56,18.32113567
2024-01-05,37466.11,37466.1100,2043.805,18.33154826
2024-01-08,37683.01,37683.0100,2028.075,18.58067872
2024-01-09,37525.16,37525.1600,2030.21,18.48338842
2024-01-10,37695.73,37695.7300,2024.39,18.62078453
2024-01-11,37711.02,37711.0200,2028.995,18.58605862
2024-01-12,37592.98,37592.9800,2047.59,18.35962278
2024-01-16,37361.12,37361.1200,2028.345,18.41950950
2024-01-17,37266.67,37266.6700,2006.26,18.57519464
2024-01-18,37468.61,37468.6100,2023.17,18.51975365
2024-01-19,37863.8,37863.8000,2028.52,18.66572674
2024-01-22,38001.81,38001.8100,2021.645,18.79746939
2024-01-23,37905.45,37905.4500,2029.26,18.67944472
2024-01-24,37806.39,37806.3900,2014.01,18.77169925
2024-01-25,38049.13,38049.1300,2020.88,18.82800067
2024-01-26,38109.43,38109.4300,2018.66,18.87857787
2024-01-29,38333.45,38333.4500,2032.865,18.85685965
2024-01-30,38467.31,38467.3100,2036.95,18.88475908
2024-01-31,38150.3,38150.3000,2039.57,18.70507019
2024-02-01,38519.84,38519.8400,2054.99,18.74453890
2024-02-02,38654.42,38654.4200,2036.135,18.98421274
2024-02-05,38380.12,38380.1200,2025.17,18.95155468
2024-02-06,38521.36,38521.3600,2036.05,18.91965325
2024-02-07,38677.36,38677.3600,2035.145,19.00471957
2024-02-08,38726.33,38726.3300,2034.48,19.03500157
2024-02-09,38671.69,38671.6900,2025.175,19.09548064
2024-02-12,38797.38,38797.3800,2020.035,19.20629098
2024-02-13,38272.75,38272.7500,1993.245,19.20122714
2024-02-14,38424.27,38424.2700,1992.35,19.28590358
2024-02-15,38773.12,38773.1200,2004.3,19.34496832
2024-02-16,38627.99,38627.9900,2012.03,19.19851593
2024-02-20,38563.8,38563.8000,2024.335,19.05010781
2024-02-21,38612.24,38612.2400,2026.095,19.05746769
2024-02-22,39069.11,39069.1100,2024.45,19.29862926
2024-02-23,39131.53,39131.5300,2036.63,19.21386310
2024-02-26,39069.23,39069.2300,2031.215,19.23441389
2024-02-27,38972.41,38972.4100,2030.32,19.19520568
2024-02-28,38949.02,38949.0200,2034.52,19.14408313
2024-02-29,38996.39,38996.3900,2044.195,19.07664875
2024-03-01,39087.38,39087.3800,2083.595,18.75958620
2024-03-04,38989.83,38989.8300,2114.625,18.43817698
2024-03-05,38585.19,38585.1900,2127.75,18.13426859
2024-03-06,38661.05,38661.0500,2147.86,17.99979980
2024-03-07,38791.35,38791.3500,2160.115,17.95800224
2024-03-08,38722.69,38722.6900,2177.405,17.78387117
2024-03-11,38769.66,38769.6600,2181.395,17.77287470
2024-03-12,39005.49,39005.4900,2158.655,18.06934874
2024-03-13,39043.32,39043.3200,2174.705,17.95338678
2024-03-14,38905.66,38905.6600,2161.625,17.99833921
2024-03-15,38714.77,38714.7700,2156.065,17.95621653
2024-03-18,38790.43,38790.4300,2161.375,17.94710774
2024-03-19,39110.76,39110.7600,2158.795,18.11694024
2024-03-20,39512.13,39512.1300,2200.775,17.95373448
2024-03-21,39781.37,39781.3700,2181.355,18.23699948
2024-03-22,39475.9,39475.9000,2165.225,18.23177730
2024-03-25,39313.64,39313.6400,2172.085,18.09949426
2024-03-26,39282.33,39282.3300,2178.375,18.03285936
2024-03-27,39760.08,39760.0800,2192.355,18.13578549
2024-03-28,39807.37,39807.3700,2233.99,17.81895622
2024-04-01,39566.85,39566.8500,2251.9,17.57042942
2024-04-02,39170.24,39170.2400,2280.495,17.17620078
2024-04-03,39127.14,39127.1400,2300.44,17.00854619
2024-04-04,38596.98,38596.9800,2291.035,16.84696218
2024-04-05,38904.04,38904.0400,2323.585,16.74311032
2024-04-08,38892.8,38892.8000,2339.325,16.62565056
2024-04-09,38883.67,38883.6700,2352.95,16.52549778
2024-04-10,38461.51,38461.5100,2334.19,16.47745471
2024-04-11,38459.08,38459.0800,2372.55,16.21001876
2024-04-12,37983.24,37983.2400,2343.14,16.21040143
2024-04-15,37735.11,37735.1100,2383.225,15.83363300
2024-04-16,37798.97,37798.9700,2382.58,15.86472228
2024-04-17,37753.31,37753.3100,2360.38,15.99458985
2024-04-18,37775.38,37775.3800,2379.305,15.87664465
2024-04-19,37986.4,37986.4000,2387.69,15.90926795
2024-04-22,38239.98,38239.9800,2327.075,16.43263754
2024-04-23,38503.69,38503.6900,2322.02,16.58198034
2024-04-24,38460.92,38460.9200,2316.11,16.60582615
2024-04-25,38085.8,38085.8000,2332.22,16.33027759
2024-04-26,38239.66,38239.6600,2340.085,16.34114145
2024-04-29,38386.09,38386.0900,2335.74,16.43423069
2024-04-30,37815.92,37815.9200,2285.94,16.54283140
2024-05-01,37903.29,37903.2900,2319.305,16.34252071
2024-05-02,38225.66,38225.6600,2303.67,16.59337492
2024-05-03,38675.68,38675.6800,2301.52,16.80440752
2024-05-06,38852.27,38852.2700,2323.97,16.71806004
2024-05-07,38884.26,38884.2600,2313.99,16.80398792
2024-05-08,39056.39,39056.3900,2308.385,16.91935704
2024-05-09,39387.76,39387.7600,2346.3,16.78717982
2024-05-10,39512.84,39512.8400,2363.435,16.71839505
2024-05-13,39431.51,39431.5100,2336.465,16.87656781
2024-05-14,39558.11,39558.1100,2357.985,16.77623479
2024-05-15,39908,39908.0000,2386.085,16.72530526
2024-05-16,39869.38,39869.3800,2376.74,16.77481761
2024-05-17,40003.59,40003.5900,2416.5,16.55435133
2024-05-20,39806.77,39806.7700,2426.36,16.40596202
2024-05-21,39872.99,39872.9900,2420.935,16.47007871
2024-05-22,39671.04,39671.0400,2378.74,16.67733338
2024-05-23,39065.26,39065.2600,2328.885,16.77423316
2024-05-24,39069.59,39069.5900,2333.825,16.74058252
2024-05-28,38852.86,38852.8600,2361.215,16.45460494
2024-05-29,38441.54,38441.5400,2337.81,16.44339788
2024-05-30,38111.48,38111.4800,2343.245,16.26440257
2024-05-31,38686.32,38686.3200,2327.825,16.61908434
2024-06-03,38571.03,38571.0300,2350.735,16.40807237
2024-06-04,38711.29,38711.2900,2327.025,16.63552820
2024-06-05,38807.33,38807.3300,2355.335,16.47635262
2024-06-06,38886.17,38886.1700,2376.135,16.36530332
2024-06-07,38798.99,38798.9900,2287.92,16.95819347
2024-06-10,38868.04,38868.0400,2310.695,16.82093050
2024-06-11,38747.42,38747.4200,2316.87,16.72403717
2024-06-12,38712.21,38712.2100,2324.765,16.65209602
2024-06-13,38647.1,38647.1000,2303.96,16.77420615
2024-06-14,38589.16,38589.1600,2332.64,16.54312710
2024-06-17,38778.1,38778.1000,2319.165,16.72071629
2024-06-18,38834.86,38834.8600,2329.51,16.67082777
2024-06-20,39134.76,39134.7600,2359.995,16.58256056
2024-06-21,39150.33,39150.3300,2322.415,16.85759436
2024-06-24,39411.21,39411.2100,2334.42,16.88265608
2024-06-25,39112.16,39112.1600,2319.605,16.86156048
2024-06-26,39127.8,39127.8000,2298.24,17.02511487
2024-06-27,39164.06,39164.0600,2327.915,16.82366409
2024-06-28,39118.86,39118.8600,2325.185,16.82397745
2024-07-01,39169.52,39169.5200,2331.855,16.79757961
2024-07-02,39331.85,39331.8500,2329.575,16.88370196
2024-07-03,39308,39308.0000,2356.25,16.68244032
2024-07-05,39375.87,39375.8700,2388.865,16.48308716
2024-07-08,39344.79,39344.7900,2359.045,16.67827023
2024-07-09,39291.97,39291.9700,2364.025,16.62079293
2024-07-10,39721.36,39721.3600,2371.355,16.75049075
2024-07-11,39753.75,39753.7500,2415.345,16.45882886
2024-07-12,40000.9,40000.9000,2412.76,16.57889720
2024-07-15,40211.72,40211.7200,2422.3,16.60063576
2024-07-16,40954.48,40954.4800,2468.76,16.58908926
2024-07-17,41198.08,41198.0800,2458.925,16.75450858
2024-07-18,40665.02,40665.0200,2445.36,16.62946151
2024-07-19,40287.53,40287.5300,2398.595,16.79630367
2024-07-22,40415.44,40415.4400,2396.57,16.86386794
2024-07-23,40358.09,40358.0900,2409.56,16.74915337
2024-07-24,39853.87,39853.8700,2397.52,16.62295622
2024-07-25,39935.07,39935.0700,2364.45,16.88979255
2024-07-26,40589.34,40589.3400,2386.385,17.00871402
2024-07-29,40539.93,40539.9300,2384.125,17.00411262
2024-07-30,40743.33,40743.3300,2410.725,16.90086177
2024-07-31,40842.79,40842.7900,2447.64,16.68660015
2024-08-01,40347.97,40347.9700,2446.325,16.49329913
2024-08-02,39737.26,39737.2600,2437.455,16.30276662
2024-08-05,38703.27,38703.2700,2410.415,16.05668319
2024-08-06,38997.66,38997.6600,2390.72,16.31209845
2024-08-07,38763.45,38763.4500,2382.845,16.26771779
2024-08-08,39446.49,39446.4900,2427.5,16.24984140
2024-08-09,39497.54,39497.5400,2429.08,16.26028785
2024-08-12,39357.01,39357.0100,2472.8,15.91596975
2024-08-13,39765.64,39765.6400,2465.115,16.13135290
2024-08-14,40008.39,40008.3900,2448.005,16.34326319
2024-08-15,40563.06,40563.0600,2456.785,16.51062669
2024-08-16,40659.76,40659.7600,2508.135,16.21115291
2024-08-19,40896.53,40896.5300,2504.23,16.33097998
2024-08-20,40834.97,40834.9700,2513.975,16.24318858
2024-08-21,40890.49,40890.4900,2512.42,16.27534011
2024-08-22,40712.78,40712.7800,2484.8,16.38473117
2024-08-23,41175.08,41175.0800,2510.94,16.39827316
2024-08-26,41240.52,41240.5200,2518.05,16.37795914
2024-08-27,41250.5,41250.5000,2524.59,16.33948483
2024-08-28,41091.42,41091.4200,2504.735,16.40549599
2024-08-29,41335.05,41335.0500,2521.175,16.39515305
2024-08-30,41563.08,41563.0800,2502.54,16.60835791
2024-09-03,40936.93,40936.9300,2492.96,16.42101357
2024-09-04,40974.97,40974.9700,2495.65,16.41855629
2024-09-05,40755.75,40755.7500,2516.76,16.19373719
2024-09-06,40345.41,40345.4100,2495.95,16.16435025
2024-09-09,40829.59,40829.5900,2506.22,16.29130324
2024-09-10,40736.96,40736.9600,2516.65,16.18697872
2024-09-11,40861.71,40861.7100,2511.52,16.26971316
2024-09-12,41096.77,41096.7700,2558.795,16.06098574
2024-09-13,41393.78,41393.7800,2582.845,16.02642822
2024-09-16,41622.08,41622.0800,2582.51,16.11690952
2024-09-17,41606.18,41606.1800,2569.59,16.19175822
2024-09-18,41503.1,41503.1000,2559.005,16.21845209
2024-09-19,42025.19,42025.1900,2586.77,16.24620279
2024-09-20,42063.36,42063.3600,2621.17,16.04755128
2024-09-23,42124.65,42124.6500,2628.545,16.02584319
2024-09-24,42208.22,42208.2200,2657.145,15.88480117
2024-09-25,41914.75,41914.7500,2657.17,15.77420715
2024-09-26,42175.11,42175.1100,2672.45,15.78144025
2024-09-27,42313,42313.0000,2652.05,15.95482740
2024-09-30,42330.15,42330.1500,2634.735,16.06618882
2024-10-01,42156.97,42156.9700,2663.435,15.82804536
2024-10-02,42196.52,42196.5200,2658.81,15.87045332
2024-10-03,42011.59,42011.5900,2656.21,15.81636618
2024-10-04,42352.75,42352.7500,2651.64,15.97228508
2024-10-07,41954.24,41954.2400,2642.66,15.87576154
2024-10-08,42080.37,42080.3700,2621.955,16.04923425
2024-10-09,42512,42512.0000,2607.825,16.30170736
2024-10-10,42454.12,42454.1200,2630.155,16.14129966
2024-10-11,42863.86,42863.8600,2656.195,16.13731673
2024-10-14,43065.22,43065.2200,2648.62,16.25949362
2024-10-15,42740.42,42740.4200,2662.855,16.05059983
2024-10-16,43077.7,43077.7000,2673.84,16.11079945
2024-10-17,43239.05,43239.0500,2693.1,16.05549367
2024-10-18,43275.91,43275.9100,2719.83,15.91125548
2024-10-21,42931.6,42931.6000,2719.745,15.78515633
2024-10-22,42924.89,42924.8900,2749.015,15.61464379
2024-10-23,42514.95,42514.9500,2715.52,15.65628314
2024-10-24,42374.36,42374.3600,2735.985,15.48778959
2024-10-25,42114.4,42114.4000,2742.535,15.35601186
2024-10-28,42387.57,42387.5700,2742.225,15.45736400
2024-10-29,42233.05,42233.0500,2774.68,15.22087232
2024-10-30,42141.54,42141.5400,2787.59,15.11755316
2024-10-31,41763.46,41763.4600,2746.205,15.20769935
2024-11-01,42052.19,42052.1900,2736.515,15.36705993
2024-11-04,41794.6,41794.6000,2736.685,15.27198052
2024-11-05,42221.88,42221.8800,2743.995,15.38701054
2024-11-06,43729.93,43729.9300,2659.055,16.44566585
2024-11-07,43729.34,43729.3400,2706.51,16.15709530
2024-11-08,43988.99,43988.9900,2685.17,16.38219926
2024-11-11,44293.13,44293.1300,2619.54,16.90874352
2024-11-12,43910.98,43910.9800,2598.275,16.90005100
2024-11-13,43958.19,43958.1900,2572.935,17.08484280
2024-11-14,43750.86,43750.8600,2565.05,17.05653301
2024-11-15,43444.99,43444.9900,2562.33,16.95526728
2024-11-18,43389.6,43389.6000,2611.87,16.61246540
2024-11-19,43268.94,43268.9400,2632.265,16.43791184
2024-11-20,43408.47,43408.4700,2650.265,16.37891683
2024-11-21,43870.35,43870.3500,2669.665,16.43290450
2024-11-22,44296.51,44296.5100,2705.95,16.37004010
2024-11-25,44736.57,44736.5700,2625.23,17.04100974
2024-11-26,44860.31,44860.3100,2633.225,17.03626162
2024-11-27,44722.06,44722.0600,2635.945,16.96623412
2024-11-29,44910.65,44910.6500,2650.455,16.94450575
2024-12-02,44782,44782.0000,2639.06,16.96892075
2024-12-03,44705.53,44705.5300,2643.665,16.91043684
2024-12-04,45014.04,45014.0400,2650.095,16.98582126
2024-12-05,44765.71,44765.7100,2631.985,17.00834541
2024-12-06,44642.52,44642.5200,2631.985,16.96154043
2024-12-09,44401.93,44401.9300,2660.395,16.68997649
2024-12-10,44247.83,44247.8300,2693.945,16.42491959
2024-12-11,44148.56,44148.5600,2718.13,16.24225479
2024-12-12,43914.12,43914.1200,2680.865,16.38057866
2024-12-13,43828.06,43828.0600,2647.72,16.55313251
2024-12-16,43717.48,43717.4800,2652.725,16.48021563
2024-12-17,43449.9,43449.9000,2646.63,16.41706623
2024-12-18,42326.87,42326.8700,2585.34,16.37187759
2024-12-19,42342.24,42342.2400,2594.285,16.32135251
2024-12-20,42840.26,42840.2600,2623.09,16.33198251
2024-12-23,42906.95,42906.9500,2612.945,16.42091586
2024-12-24,43297.03,43297.0300,2616.18,16.54971370
2024-12-26,43325.8,43325.8000,2633.795,16.44995150
2024-12-27,42992.21,42992.2100,2615.555,16.43712711
2024-12-30,42573.73,42573.7300,2605.965,16.33703062
2024-12-31,42544.22,42544.2200,2624.585,16.20988461
2025-01-02,42392.27,42392.2700,2658.01,15.94887529
2025-01-03,42732.13,42732.1300,2638.26,16.19708823
2025-01-06,42706.56,42706.5600,2636.085,16.20075225
2025-01-07,42528.36,42528.3600,2648.735,16.05610225
2025-01-08,42635.2,42635.2000,2662.1,16.01562676
2025-01-10,41938.45,41938.4500,2690.62,15.58690934
2025-01-13,42297.12,42297.1200,2663.045,15.88299109
2025-01-14,42518.28,42518.2800,2677.36,15.88067350
2025-01-15,43221.55,43221.5500,2696.525,16.02861090
2025-01-16,43153.13,43153.1300,2714.685,15.89618317
2025-01-17,43487.83,43487.8300,2700.865,16.10144528
2025-01-21,44025.81,44025.8100,2744.81,16.03965666
2025-01-22,44156.73,44156.7300,2756.305,16.02026263
2025-01-23,44565.07,44565.0700,2754.885,16.17674422
2025-01-24,44424.25,44424.2500,2771.105,16.03124025
2025-01-27,44713.58,44713.5800,2740.93,16.31328783
2025-01-28,44850.35,44850.3500,2763.89,16.22725579
2025-01-29,44713.52,44713.5200,2759.62,16.20278154
2025-01-30,44882.13,44882.1300,2794.195,16.06263342
2025-01-31,44544.66,44544.6600,2801.28,15.90153787
2025-02-03,44421.91,44421.9100,2815,15.78042984
2025-02-04,44556.04,44556.0400,2842.58,15.67450696
2025-02-05,44873.28,44873.2800,2866.67,15.65345157
2025-02-06,44747.63,44747.6300,2856.035,15.66774567
2025-02-07,44303.4,44303.4000,2860.655,15.48715242
2025-02-10,44470.41,44470.4100,2908.045,15.29220146
2025-02-11,44593.65,44593.6500,2897.58,15.38996335
2025-02-12,44368.56,44368.5600,2903.91,15.27890327
2025-02-13,44711.43,44711.4300,2928.14,15.26956703
2025-02-14,44546.08,44546.0800,2885.16,15.43972605
2025-02-18,44556.34,44556.3400,2935.29,15.17953592
2025-02-19,44627.59,44627.5900,2932.94,15.21599146
2025-02-20,44176.65,44176.6500,2939.675,15.02773266
2025-02-21,43428.02,43428.0200,2934.92,14.79700298
2025-02-24,43461.21,43461.2100,2952.76,14.71884271
2025-02-25,43621.16,43621.1600,2914.995,14.96440303
2025-02-26,43433.12,43433.1200,2916.38,14.89281918
2025-02-27,43239.5,43239.5000,2877.07,15.02900520
2025-02-28,43840.91,43840.9100,2854.945,15.35613120
2025-03-03,43191.24,43191.2400,2892.82,14.93049689
2025-03-04,42520.99,42520.9900,2917.99,14.57201361
2025-03-05,43006.59,43006.5900,2919.17,14.73247190
2025-03-06,42579.08,42579.0800,2911.14,14.62625638
2025-03-07,42801.72,42801.7200,2909.36,14.71173041
2025-03-10,41911.71,41911.7100,2884.98,14.52755652
2025-03-11,41433.48,41433.4800,2917.51,14.20165826
2025-03-12,41350.93,41350.9300,2938.16,14.07375024
2025-03-13,40813.57,40813.5700,2987.325,13.66224632
2025-03-14,41488.19,41488.1900,2985.045,13.89868159