Date,AssetPrice,AssetPriceUSD,GoldPrice,Ratio
1949-03-01,121.14,0.3365,42,0.00801190
1949-06-01,175.97,0.4888,42.5,0.01150131
1949-06-02,174.76,0.4854,42.5,0.01142222
1949-06-03,175.48,0.4874,42.5,0.01146928
1949-06-04,175.98,0.4888,42.5,0.01150196
1949-06-06,174.92,0.4859,42.5,0.01143268
1949-06-07,173.83,0.4829,42.5,0.01136144
1949-06-08,171.53,0.4765,42.5,0.01121111
1949-09-01,176.89,0.4914,40.5,0.01213237
1949-09-02,173,0.4806,40.5,0.01186557
1949-09-03,171.57,0.4766,40.5,0.01176749
1949-09-05,172.21,0.4784,40.5,0.01181139
1949-09-06,172.41,0.4789,40.5,0.01182510
1949-09-07,171.89,0.4775,40.5,0.01178944
1949-09-08,170.11,0.4725,40.5,0.01166735
1949-12-01,109.91,0.3053,40.5,0.00753841
1949-12-02,122.53,0.3404,40.5,0.00840398
1949-12-03,121,0.3361,40.5,0.00829904
1949-12-05,120.92,0.3359,40.5,0.00829355
1949-12-06,120.07,0.3335,40.5,0.00823525
1949-12-07,117.39,0.3261,40.5,0.00805144
1949-12-08,111.99,0.3111,40.5,0.00768107
1950-03-01,108.19,0.3005,40.5,0.00742044
1950-03-02,108.15,0.3004,40.5,0.00741770
1950-03-03,106.65,0.2963,40.5,0.00731481
1950-03-04,105.52,0.2931,40.5,0.00723731
1950-03-06,104.43,0.2901,40.5,0.00716255
1950-03-07,102.83,0.2856,40.5,0.00705281
1950-03-08,102.93,0.2859,40.5,0.00705967
1950-06-01,94.22,0.2617,41.5,0.00630656
1950-06-02,93.94,0.2609,41.5,0.00628782
1950-06-03,94.32,0.2620,41.5,0.00631325
1950-06-05,94.68,0.2630,41.5,0.00633735
1950-06-06,94.12,0.2614,41.5,0.00629987
1950-06-07,93.39,0.2594,41.5,0.00625100
1950-06-08,92.74,0.2576,41.5,0.00620750
1950-09-01,113.46,0.3152,36.5,0.00863470
1950-09-02,112.98,0.3138,36.5,0.00859817
1950-09-04,111.25,0.3090,36.5,0.00846651
1950-09-05,111.48,0.3097,36.5,0.00848402
1950-09-06,112.06,0.3113,36.5,0.00852816
1950-09-07,110.82,0.3078,36.5,0.00843379
1950-09-08,108.39,0.3011,36.5,0.00824886
1950-12-01,101.91,0.2831,40.25,0.00703313
1950-12-02,109.45,0.3040,40.25,0.00755349
1950-12-04,107.03,0.2973,40.25,0.00738647
1950-12-05,106.43,0.2956,40.25,0.00734507
1950-12-06,106.58,0.2961,40.25,0.00735542
1950-12-07,105.94,0.2943,40.25,0.00731125
1950-12-08,103.62,0.2878,40.25,0.00715114
1951-03-01,122.71,0.3409,40.25,0.00846860
1951-03-02,123.93,0.3443,40.25,0.00855280
1951-03-03,125.36,0.3482,40.25,0.00865148
1951-03-05,127.89,0.3553,40.25,0.00882609
1951-03-06,126.89,0.3525,40.25,0.00875707
1951-03-07,128.9,0.3581,40.25,0.00889579
1951-03-08,130.55,0.3626,40.25,0.00900966
1951-06-01,127.32,0.3537,44,0.00803788
1951-06-02,127.61,0.3545,44,0.00805619
1951-06-04,129.34,0.3593,44,0.00816540
1951-06-05,132.47,0.3680,44,0.00836301
1951-06-06,132.08,0.3669,44,0.00833838
1951-06-07,131.46,0.3652,44,0.00829924
1951-06-08,132.55,0.3682,44,0.00836806
1951-09-01,145.93,0.4054,40,0.01013403
1951-09-03,146.42,0.4067,40,0.01016806
1951-09-04,144.68,0.4019,40,0.01004722
1951-09-05,144.46,0.4013,40,0.01003194
1951-09-06,144.6,0.4017,40,0.01004167
1951-09-07,145.49,0.4041,40,0.01010347
1951-09-08,145.83,0.4051,40,0.01012708
1951-12-01,166.06,0.4613,40,0.01153194
1951-12-03,159.93,0.4443,40,0.01110625
1951-12-04,159.29,0.4425,40,0.01106181
1951-12-05,159.45,0.4429,40,0.01107292
1951-12-06,159.38,0.4427,40,0.01106806
1951-12-07,160.07,0.4446,40,0.01111597
1951-12-08,160.88,0.4469,40,0.01117222
1952-03-01,182.15,0.5060,40,0.01264931
1952-03-03,184.23,0.5117,40,0.01279375
1952-03-04,185.38,0.5149,40,0.01287361
1952-03-05,184.27,0.5119,40,0.01279653
1952-03-06,185.81,0.5161,40,0.01290347
1952-03-07,187.23,0.5201,40,0.01300208
1952-03-08,188.08,0.5224,40,0.01306111
1952-06-02,228.41,0.6345,40.75,0.01556987
1952-06-03,225.98,0.6277,40.75,0.01540423
1952-06-04,224,0.6222,40.75,0.01526926
1952-06-05,227.01,0.6306,40.75,0.01547444
1952-06-06,225.1,0.6253,40.75,0.01534424
1952-06-07,226.16,0.6282,40.75,0.01541650
1952-09-01,254.38,0.7066,38.15,0.01852192
1952-09-02,255.85,0.7107,38.15,0.01862895
1952-09-03,255.99,0.7111,38.15,0.01863914
1952-09-04,255.88,0.7108,38.15,0.01863113
1952-09-05,257.84,0.7162,38.15,0.01877385
1952-09-06,258.33,0.7176,38.15,0.01880952
1952-09-08,255.97,0.7110,38.15,0.01863769
1952-12-01,348.95,0.9693,38.7,0.02504666
1952-12-02,347.19,0.9644,38.7,0.02492033
1952-12-03,343.72,0.9548,38.7,0.02467126
1952-12-04,340.33,0.9454,38.7,0.02442794
1952-12-05,343.6,0.9544,38.7,0.02466265
1952-12-06,347.47,0.9652,38.7,0.02494042
1952-12-08,352.68,0.9797,38.7,0.02531438
1953-03-02,393.14,1.0921,38.7,0.02821849
1953-03-03,384.95,1.0693,38.7,0.02763063
1953-03-04,378.22,1.0506,38.7,0.02714757
1953-03-05,340.41,0.9456,38.7,0.02443368
1953-03-06,361.88,1.0052,38.7,0.02597473
1953-03-07,377.86,1.0496,38.7,0.02712173
1953-06-01,329.34,0.9148,39.25,0.02330786
1953-06-02,323.64,0.8990,39.25,0.02290446
1953-06-03,321.79,0.8939,39.25,0.02277353
1953-06-04,327.99,0.9111,39.25,0.02321231
1953-06-05,324.15,0.9004,39.25,0.02294055
1953-06-06,327.07,0.9085,39.25,0.02314720
1953-06-08,335.34,0.9315,39.25,0.02373248
1953-09-01,406.94,1.1304,35.25,0.03206777
1953-09-02,414.42,1.1512,35.25,0.03265721
1953-09-03,418.05,1.1613,35.25,0.03294326
1953-09-04,425.58,1.1822,35.25,0.03353664
1953-09-05,425.94,1.1832,35.25,0.03356501
1953-09-07,433.38,1.2038,35.25,0.03415130
1953-09-08,435.23,1.2090,35.25,0.03429708
1953-12-01,420.91,1.1692,35.5,0.03293505
1953-12-02,421.74,1.1715,35.5,0.03300000
1953-12-03,420.35,1.1676,35.5,0.03289124
1953-12-04,420.14,1.1671,35.5,0.03287480
1953-12-05,418.36,1.1621,35.5,0.03273552
1953-12-07,415.66,1.1546,35.5,0.03252426
1953-12-08,415.86,1.1552,35.5,0.03253991
1954-03-01,349.65,0.9712,35.5,0.02735915
1954-03-02,349.03,0.9695,35.5,0.02731064
1954-03-03,351.31,0.9759,35.5,0.02748905
1954-03-04,350.46,0.9735,35.5,0.02742254
1954-03-05,349.22,0.9701,35.5,0.02732551
1954-03-06,349.2,0.9700,35.5,0.02732394
1954-03-08,348.9,0.9692,35.5,0.02730047
1954-06-01,326.39,0.9066,35.5,0.02553912
1954-06-02,324.69,0.9019,35.5,0.02540610
1954-06-03,325.03,0.9029,35.5,0.02543271
1954-06-04,323.68,0.8991,35.5,0.02532707
1954-06-05,323.44,0.8984,35.5,0.02530829
1954-06-07,322.75,0.8965,35.5,0.02525430
1954-06-08,325.41,0.9039,35.5,0.02546244
1954-09-01,351.27,0.9757,35.25,0.02768085
1954-09-02,352.73,0.9798,35.25,0.02779590
1954-09-03,352.08,0.9780,35.25,0.02774468
1954-09-04,353.36,0.9816,35.25,0.02784555
1954-09-06,352.62,0.9795,35.25,0.02778723
1954-09-07,350.03,0.9723,35.25,0.02758314
1954-09-08,350.29,0.9730,35.25,0.02760362
1954-12-01,326.12,0.9059,35.25,0.02569898
1954-12-02,323.86,0.8996,35.25,0.02552088
1954-12-03,324.83,0.9023,35.25,0.02559732
1954-12-04,325.06,0.9029,35.25,0.02561545
1954-12-06,326.9,0.9081,35.25,0.02576044
1954-12-07,337.57,0.9377,35.25,0.02660126
1954-12-08,341.69,0.9491,35.25,0.02692593
1955-03-01,362.6,1.0072,35.25,0.02857368
1955-03-02,362.28,1.0063,35.25,0.02854846
1955-03-03,360.4,1.0011,35.25,0.02840032
1955-03-04,357.65,0.9935,35.25,0.02818361
1955-03-05,353.01,0.9806,35.25,0.02781797
1955-03-07,353.8,0.9828,35.25,0.02788022
1955-03-08,355.99,0.9889,35.25,0.02805280
1955-06-01,353.19,0.9811,35.25,0.02783215
1955-06-02,354.21,0.9839,35.25,0.02791253
1955-06-03,358.11,0.9948,35.25,0.02821986
1955-06-04,359.21,0.9978,35.25,0.02830654
1955-06-06,358.41,0.9956,35.25,0.02824350
1955-06-07,360.86,1.0024,35.25,0.02843656
1955-06-08,360.78,1.0022,35.25,0.02843026
1955-09-01,387.46,1.0763,35.15,0.03061957
1955-09-02,389.92,1.0831,35.15,0.03081397
1955-09-03,389.15,1.0810,35.15,0.03075312
1955-09-05,386.54,1.0737,35.15,0.03054686
1955-09-06,384.18,1.0672,35.15,0.03036036
1955-09-07,384,1.0667,35.15,0.03034614
1955-09-08,384.34,1.0676,35.15,0.03037300
1955-12-01,398.11,1.1059,35.15,0.03146120
1955-12-02,399.88,1.1108,35.15,0.03160107
1955-12-03,401.34,1.1148,35.15,0.03171645
1955-12-05,402.09,1.1169,35.15,0.03177572
1955-12-06,401.96,1.1166,35.15,0.03176545
1955-12-07,401.22,1.1145,35.15,0.03170697
1955-12-08,402.42,1.1178,35.15,0.03180180
1956-03-01,441.78,1.2272,35.15,0.03491228
1956-03-02,441.58,1.2266,35.15,0.03489648
1956-03-03,441.57,1.2266,35.15,0.03489569
1956-03-05,440.43,1.2234,35.15,0.03480560
1956-03-06,440.17,1.2227,35.15,0.03478505
1956-03-07,441.74,1.2271,35.15,0.03490912
1956-03-08,444.47,1.2346,35.15,0.03512486
1956-06-01,491.03,1.3640,35.15,0.03880433
1956-06-02,491.33,1.3648,35.15,0.03882804
1956-06-04,493.47,1.3708,35.15,0.03899716
1956-06-05,495.41,1.3761,35.15,0.03915047
1956-06-06,500.7,1.3908,35.15,0.03956852
1956-06-07,497.52,1.3820,35.15,0.03931721
1956-06-08,501.98,1.3944,35.15,0.03966967
1956-09-01,492.92,1.3692,35.2,0.03889836
1956-09-03,489.78,1.3605,35.2,0.03865057
1956-09-04,485.4,1.3483,35.2,0.03830492
1956-09-05,486.82,1.3523,35.2,0.03841698
1956-09-06,491.19,1.3644,35.2,0.03876184
1956-09-07,490.82,1.3634,35.2,0.03873264
1956-09-08,489.68,1.3602,35.2,0.03864268
1956-12-01,559.4,1.5539,35.2,0.04414457
1956-12-03,558.3,1.5508,35.2,0.04405777
1956-12-04,562.4,1.5622,35.2,0.04438131
1956-12-05,560.26,1.5563,35.2,0.04421244
1956-12-06,566.3,1.5731,35.2,0.04468908
1956-12-07,562.05,1.5612,35.2,0.04435369
1956-12-08,557.77,1.5494,35.2,0.04401594
1957-03-01,569.75,1.5826,35.2,0.04496133
1957-03-02,569.42,1.5817,35.2,0.04493529
1957-03-04,570.42,1.5845,35.2,0.04501420
1957-03-05,570.52,1.5848,35.2,0.04502210
1957-03-06,567.28,1.5758,35.2,0.04476641
1957-03-07,564.66,1.5685,35.2,0.04455966
1957-03-08,561.14,1.5587,35.2,0.04428188
1957-06-01,522.2,1.4506,35.15,0.04126758
1957-06-03,517.19,1.4366,35.15,0.04087166
1957-06-04,517.01,1.4361,35.15,0.04085744
1957-06-05,518.73,1.4409,35.15,0.04099336
1957-06-06,518.85,1.4413,35.15,0.04100284
1957-06-07,518.9,1.4414,35.15,0.04100680
1957-06-08,519.91,1.4442,35.15,0.04108661
1957-09-02,526.52,1.4626,35.25,0.04149094
1957-09-03,528.35,1.4676,35.25,0.04163515
1957-09-04,533.05,1.4807,35.25,0.04200552
1957-09-05,537.2,1.4922,35.25,0.04233255
1957-09-06,537.85,1.4940,35.25,0.04238377
1957-09-07,538.03,1.4945,35.25,0.04239795
1957-12-02,494.01,1.3722,35.25,0.03892908
1957-12-03,494.88,1.3747,35.25,0.03899764
1957-12-04,493.35,1.3704,35.25,0.03887707
1957-12-05,492.38,1.3677,35.25,0.03880063
1957-12-06,493.91,1.3720,35.25,0.03892120
1957-12-07,496.69,1.3797,35.25,0.03914027
1958-03-01,530.18,1.4727,35.25,0.04177935
1958-03-03,526.07,1.4613,35.25,0.04145548
1958-03-04,523.3,1.4536,35.25,0.04123719
1958-03-05,525.54,1.4598,35.25,0.04141371
1958-03-06,529.53,1.4709,35.25,0.04172813
1958-03-07,531.19,1.4755,35.25,0.04185894
1958-03-08,532.51,1.4792,35.25,0.04196296
1958-06-02,565.14,1.5698,35.25,0.04453428
1958-06-03,566.39,1.5733,35.25,0.04463278
1958-06-04,565.24,1.5701,35.25,0.04454216
1958-06-05,569.31,1.5814,35.25,0.04486288
1958-06-06,567.75,1.5771,35.25,0.04473995
1958-06-07,569.93,1.5831,35.25,0.04491174
1958-09-01,588.06,1.6335,35.25,0.04634043
1958-09-02,585.76,1.6271,35.25,0.04615918
1958-09-03,590.1,1.6392,35.25,0.04650118
1958-09-04,593.39,1.6483,35.25,0.04676044
1958-09-05,593.7,1.6492,35.25,0.04678487
1958-09-06,589.04,1.6362,35.25,0.04641765
1958-09-08,592.92,1.6470,35.25,0.04672340
1958-12-01,629.77,1.7494,35.25,0.04962727
1958-12-02,632.97,1.7583,35.25,0.04987943
1958-12-03,636.4,1.7678,35.25,0.05014972
1958-12-04,638.69,1.7741,35.25,0.05033018
1958-12-05,637.42,1.7706,35.25,0.05023010
1958-12-06,637.3,1.7703,35.25,0.05022065
1958-12-08,640.51,1.7792,35.25,0.05047360
1959-03-02,727.81,2.0217,35.25,0.05735303
1959-03-03,721.15,2.0032,35.25,0.05682821
1959-03-04,727.84,2.0218,35.25,0.05735540
1959-03-05,724.76,2.0132,35.25,0.05711269
1959-03-06,727.81,2.0217,35.25,0.05735303
1959-03-07,731,2.0306,35.25,0.05760441
1959-06-01,802.13,2.2281,35.25,0.06320961
1959-06-02,808.3,2.2453,35.25,0.06369582
1959-06-03,808.61,2.2461,35.25,0.06372025
1959-06-04,806.53,2.2404,35.25,0.06355634
1959-06-05,809.77,2.2494,35.25,0.06381166
1959-06-06,807.43,2.2429,35.25,0.06362727
1959-06-08,806.64,2.2407,35.25,0.06356501
1959-09-01,891.45,2.4763,35.25,0.07024823
1959-09-02,894.23,2.4840,35.25,0.07046730
1959-09-03,897.59,2.4933,35.25,0.07073207
1959-09-04,894.95,2.4860,35.25,0.07052403
1959-09-05,892.27,2.4785,35.25,0.07031284
1959-09-07,890.56,2.4738,35.25,0.07017809
1959-09-08,894.14,2.4837,35.25,0.07046020
1959-12-01,973.65,2.7046,35.25,0.07672577
1959-12-02,958.99,2.6639,35.25,0.07557053
1959-12-03,970.42,2.6956,35.25,0.07647124
1959-12-04,971.05,2.6974,35.25,0.07652088
1959-12-05,966.03,2.6834,35.25,0.07612530
1959-12-07,956.92,2.6581,35.25,0.07540741
1959-12-08,957.62,2.6601,35.25,0.07546257
1960-03-01,1025.02,2.8473,35.25,0.08077384
1960-03-02,1029.46,2.8596,35.25,0.08112372
1960-03-03,1032.3,2.8675,35.25,0.08134752
1960-03-04,1025.6,2.8489,35.25,0.08081954
1960-03-05,1027.82,2.8551,35.25,0.08099448
1960-03-07,1025.06,2.8474,35.25,0.08077699
1960-03-08,1032.07,2.8669,35.25,0.08132939
1960-06-01,971.93,2.6998,35.2,0.07669902
1960-06-02,967.22,2.6867,35.2,0.07632734
1960-06-03,1006.48,2.7958,35.2,0.07942551
1960-06-04,1018.99,2.8305,35.2,0.08041272
1960-06-06,1032.44,2.8679,35.2,0.08147412
1960-06-07,1043.98,2.8999,35.2,0.08238479
1960-06-08,1060.22,2.9451,35.2,0.08366635
1960-09-01,1178.43,3.2734,36.5,0.08968265
1960-09-02,1184.75,3.2910,36.5,0.09016362
1960-09-03,1181.25,3.2813,36.5,0.08989726
1960-09-05,1173.67,3.2602,36.5,0.08932040
1960-09-06,1182.7,3.2853,36.5,0.09000761
1960-09-07,1178.67,3.2741,36.5,0.08970091
1960-09-08,1182.94,3.2859,36.5,0.09002588
1960-12-01,1309.65,3.6379,36.5,0.09966895
1960-12-02,1314.82,3.6523,36.5,0.10006240
1960-12-03,1319.97,3.6666,36.5,0.10045434
1960-12-05,1317.7,3.6603,36.5,0.10028158
1960-12-06,1294.39,3.5955,36.5,0.09850761
1960-12-07,1307.49,3.6319,36.5,0.09950457
1960-12-08,1305.13,3.6254,36.5,0.09932496
1961-03-01,1536.83,4.2690,36.5,0.11695814
1961-03-02,1543.53,4.2876,36.5,0.11746804
1961-03-03,1551.87,4.3107,36.5,0.11810274
1961-03-04,1554.61,4.3184,36.5,0.11831126
1961-03-06,1544.04,4.2890,36.5,0.11750685
1961-03-07,1538.7,4.2742,36.5,0.11710046
1961-03-08,1516.9,4.2136,36.5,0.11544140
1961-06-01,1648.86,4.5802,36.5,0.12548402
1961-06-02,1635.34,4.5426,36.5,0.12445510
1961-06-03,1639.07,4.5530,36.5,0.12473896
1961-06-05,1635.12,4.5420,36.5,0.12443836
1961-06-06,1603.55,4.4543,36.5,0.12203577
1961-06-07,1579.73,4.3881,36.5,0.12022298
1961-06-08,1620.66,4.5018,36.5,0.12333790
1961-09-01,1615.49,4.4875,35.15,0.12766635
1961-09-02,1621.21,4.5034,35.15,0.12811838
1961-09-04,1614.94,4.4859,35.15,0.12762289
1961-09-05,1588.52,4.4126,35.15,0.12553501
1961-09-06,1544.58,4.2905,35.15,0.12206259
1961-09-07,1573.89,4.3719,35.15,0.12437885
1961-09-08,1605.47,4.4596,35.15,0.12687451
1961-12-01,1333.96,3.7054,35.5,0.10437872
1961-12-02,1337.36,3.7149,35.5,0.10464476
1961-12-04,1327.35,3.6871,35.5,0.10386150
1961-12-05,1332.91,3.7025,35.5,0.10429656
1961-12-06,1317.72,3.6603,35.5,0.10310798
1961-12-07,1298.69,3.6075,35.5,0.10161894
1961-12-08,1296.68,3.6019,35.5,0.10146166
1962-03-01,1479.83,4.1106,35.5,0.11579264
1962-03-02,1472.33,4.0898,35.5,0.11520579
1962-03-03,1477.22,4.1034,35.5,0.11558842
1962-03-05,1482.27,4.1174,35.5,0.11598357
1962-03-06,1499.36,4.1649,35.5,0.11732081
1962-03-07,1505.12,4.1809,35.5,0.11777152
1962-03-08,1496.5,4.1569,35.5,0.11709703
1962-06-01,1384.5,3.8458,35.5,0.10833333
1962-06-02,1397.52,3.8820,35.5,0.10935211
1962-06-04,1395.32,3.8759,35.5,0.10917997
1962-06-05,1400.6,3.8906,35.5,0.10959311
1962-06-06,1416.75,3.9354,35.5,0.11085681
1962-06-07,1422,3.9500,35.5,0.11126761
1962-06-08,1436.04,3.9890,35.5,0.11236620
1962-09-01,1412.07,3.9224,35.2,0.11143229
1962-09-03,1399.72,3.8881,35.2,0.11045770
1962-09-04,1389.87,3.8607,35.2,0.10968040
1962-09-05,1380.2,3.8339,35.2,0.10891730
1962-09-06,1386.99,3.8527,35.2,0.10945312
1962-09-07,1379.13,3.8309,35.2,0.10883286
1962-09-08,1357.05,3.7696,35.2,0.10709044
1962-12-01,1443.41,4.0095,35.35,0.11342213
1962-12-03,1457.11,4.0475,35.35,0.11449866
1962-12-04,1447.46,4.0207,35.35,0.11374037
1962-12-05,1435.6,3.9878,35.35,0.11280842
1962-12-06,1434.66,3.9852,35.35,0.11273456
1962-12-07,1441.21,4.0034,35.35,0.11324925
1962-12-08,1436.98,3.9916,35.35,0.11291686
1963-03-01,1508.18,4.1894,35.35,0.11851171
1963-03-02,1515.85,4.2107,35.35,0.11911441
1963-03-04,1522.28,4.2286,35.35,0.11961968
1963-03-05,1517.68,4.2158,35.35,0.11925821
1963-03-06,1510.99,4.1972,35.35,0.11873252
1963-03-07,1510.23,4.1951,35.35,0.11867280
1963-03-08,1509.89,4.1941,35.35,0.11864608
1963-06-01,1560.15,4.3338,35.42,0.12235319
1963-06-03,1550.78,4.3077,35.42,0.12161836
1963-06-04,1528.52,4.2459,35.42,0.11987264
1963-06-05,1537.69,4.2714,35.42,0.12059179
1963-06-06,1545.38,4.2927,35.42,0.12119487
1963-06-07,1553.41,4.3150,35.42,0.12182461
1963-06-08,1563.05,4.3418,35.42,0.12258062
1963-09-02,1344.36,3.7343,35.25,0.10593853
1963-09-03,1337.23,3.7145,35.25,0.10537667
1963-09-04,1320.39,3.6678,35.25,0.10404965
1963-09-05,1320.67,3.6685,35.25,0.10407171
1963-09-06,1305.71,3.6270,35.25,0.10289283
1963-09-07,1311.77,3.6438,35.25,0.10337037
1963-12-02,1257.3,3.4925,35.25,0.09907801
1963-12-03,1244.4,3.4567,35.25,0.09806147
1963-12-04,1243.92,3.4553,35.25,0.09802364
1963-12-05,1239.54,3.4432,35.25,0.09767849
1963-12-06,1261.92,3.5053,35.25,0.09944208
1963-12-07,1258.88,3.4969,35.25,0.09920252
1964-03-02,1253.9,3.4831,35.25,0.09881009
1964-03-03,1278.56,3.5516,35.25,0.10075335
1964-03-04,1267.16,3.5199,35.25,0.09985500
1964-03-05,1266.27,3.5174,35.25,0.09978487
1964-03-06,1274.96,3.5416,35.25,0.10046966
1964-03-07,1269.8,3.5272,35.25,0.10006304
1964-06-01,1319.34,3.6648,35.25,0.10396690
1964-06-02,1303.92,3.6220,35.25,0.10275177
1964-06-03,1308.77,3.6355,35.25,0.10313396
1964-06-04,1303.79,3.6216,35.25,0.10274153
1964-06-05,1300.89,3.6136,35.25,0.10251300
1964-06-06,1295.69,3.5991,35.25,0.10210323
1964-06-08,1298.54,3.6071,35.25,0.10232782
1964-09-01,1293.92,3.5942,35.35,0.10167531
1964-09-02,1299.96,3.6110,35.35,0.10214993
1964-09-03,1292.5,3.5903,35.35,0.10156373
1964-09-04,1285.54,3.5709,35.35,0.10101682
1964-09-05,1289.36,3.5816,35.35,0.10131699
1964-09-07,1286.26,3.5729,35.35,0.10107339
1964-09-08,1278.03,3.5501,35.35,0.10042669
1964-12-01,1209.09,3.3586,35.35,0.09500943
1964-12-02,1208.06,3.3557,35.35,0.09492849
1964-12-03,1207.12,3.3531,35.35,0.09485463
1964-12-04,1206.03,3.3501,35.35,0.09476898
1964-12-05,1205.98,3.3499,35.35,0.09476505
1964-12-07,1206.93,3.3526,35.35,0.09483970
1964-12-08,1210.5,3.3625,35.35,0.09512023
1965-03-01,1206.48,3.3513,35.35,0.09480434
1965-03-02,1202.54,3.3404,35.35,0.09449474
1965-03-03,1207.82,3.3551,35.35,0.09490963
1965-03-04,1213.03,3.3695,35.35,0.09531903
1965-03-05,1209.64,3.3601,35.35,0.09505265
1965-03-06,1203.09,3.3419,35.35,0.09453795
1965-03-08,1190.98,3.3083,35.35,0.09358636
1965-06-01,1092.85,3.0357,35.25,0.08611899
1965-06-02,1119.26,3.1091,35.25,0.08820016
1965-06-03,1131.32,3.1426,35.25,0.08915051
1965-06-04,1120.53,3.1126,35.25,0.08830024
1965-06-05,1119.99,3.1111,35.25,0.08825768
1965-06-07,1114.52,3.0959,35.25,0.08782664
1965-06-08,1109.42,3.0817,35.25,0.08742474
1965-09-01,1249.72,3.4714,35.5,0.09778717
1965-09-02,1240.07,3.4446,35.5,0.09703208
1965-09-03,1256.22,3.4895,35.5,0.09829577
1965-09-04,1254.21,3.4839,35.5,0.09813850
1965-09-06,1235.78,3.4327,35.5,0.09669640
1965-09-07,1239.98,3.4444,35.5,0.09702504
1965-09-08,1260.02,3.5001,35.5,0.09859311
1965-12-01,1377.67,3.8269,35.5,0.10779890
1965-12-02,1409.07,3.9141,35.5,0.11025587
1965-12-03,1376.56,3.8238,35.5,0.10771205
1965-12-04,1337.2,3.7144,35.5,0.10463224
1965-12-06,1315.26,3.6535,35.5,0.10291549
1965-12-07,1349.3,3.7481,35.5,0.10557903
1965-12-08,1357.78,3.7716,35.5,0.10624257
1966-03-01,1520.71,4.2242,35.5,0.11899139
1966-03-02,1514.62,4.2073,35.5,0.11851487
1966-03-03,1517.84,4.2162,35.5,0.11876682
1966-03-04,1524.99,4.2361,35.5,0.11932629
1966-03-05,1530.36,4.2510,35.5,0.11974648
1966-03-07,1533.75,4.2604,35.5,0.12001174
1966-03-08,1545.78,4.2938,35.5,0.12095305
1966-06-01,1490.85,4.1412,35.5,0.11665493
1966-06-02,1502.67,4.1741,35.5,0.11757981
1966-06-03,1517.81,4.2161,35.5,0.11876448
1966-06-04,1527.92,4.2442,35.5,0.11955556
1966-06-06,1524.5,4.2347,35.5,0.11928795
1966-06-07,1516.9,4.2136,35.5,0.11869327
1966-06-08,1511.8,4.1994,35.5,0.11829421
1966-09-01,1472.86,4.0913,35.3,0.11590022
1966-09-02,1470.95,4.0860,35.3,0.11574992
1966-09-03,1457.29,4.0480,35.3,0.11467501
1966-09-05,1456.77,4.0466,35.3,0.11463409
1966-09-06,1453.32,4.0370,35.3,0.11436261
1966-09-07,1441.24,4.0034,35.3,0.11341202
1966-09-08,1449.88,4.0274,35.3,0.11409191
1966-12-01,1392.07,3.8669,35.4,0.10923336
1966-12-02,1378.34,3.8287,35.4,0.10815599
1966-12-03,1379,3.8306,35.4,0.10820778
1966-12-05,1364.34,3.7898,35.4,0.10705744
1966-12-06,1366.31,3.7953,35.4,0.10721202
1966-12-07,1375.43,3.8206,35.4,0.10792765
1966-12-08,1380.36,3.8343,35.4,0.10831450
1967-03-01,1506.27,4.1841,35.4,0.11819444
1967-03-02,1502.64,4.1740,35.4,0.11790960
1967-03-03,1485.07,4.1252,35.4,0.11653092
1967-03-04,1489.19,4.1366,35.4,0.11685421
1967-03-06,1487.41,4.1317,35.4,0.11671453
1967-03-07,1480.44,4.1123,35.4,0.11616761
1967-03-08,1468.5,4.0792,35.4,0.11523070
1967-06-01,1502.78,4.1744,35.27,0.11835523
1967-06-02,1498.25,4.1618,35.27,0.11799846
1967-06-03,1499.09,4.1641,35.27,0.11806461
1967-06-05,1488.69,4.1353,35.27,0.11724553
1967-06-06,1483.04,4.1196,35.27,0.11680055
1967-06-07,1476.9,4.1025,35.27,0.11631698
1967-06-08,1490.58,4.1405,35.27,0.11739439
1967-09-01,1352.54,3.7571,35.5,0.10583255
1967-09-02,1364.96,3.7916,35.5,0.10680438
1967-09-04,1373.83,3.8162,35.5,0.10749844
1967-09-05,1371.37,3.8094,35.5,0.10730595
1967-09-06,1364.23,3.7895,35.5,0.10674726
1967-09-07,1353.91,3.7609,35.5,0.10593975
1967-09-08,1337.49,3.7153,35.5,0.10465493
1967-12-01,1284.88,3.5691,35.5,0.10053834
1967-12-02,1288.36,3.5788,35.5,0.10081064
1967-12-04,1294.93,3.5970,35.5,0.10132473
1967-12-05,1279.34,3.5537,35.5,0.10010485
1967-12-06,1274.61,3.5406,35.5,0.09973474
1967-12-07,1277.03,3.5473,35.5,0.09992410
1967-12-08,1260.63,3.5018,35.5,0.09864085
1968-01-31,1312.2,3.6450,35.2,0.10355114
1968-02-01,1311.71,3.6436,35.2,0.10351247
1968-02-02,1318.11,3.6614,35.2,0.10401752
1968-02-03,1315.86,3.6552,35.2,0.10383996
1968-02-05,1320.58,3.6683,35.2,0.10421244
1968-02-06,1329.36,3.6927,35.2,0.10490530
1968-02-07,1331.77,3.6994,35.2,0.10509549
1968-02-29,1349.77,3.7494,35.2,0.10651594
1968-03-01,1355.49,3.7652,35.2,0.10696733
1968-03-02,1345.75,3.7382,35.2,0.10619871
1968-03-04,1337.6,3.7156,35.2,0.10555556
1968-03-05,1331.86,3.6996,35.2,0.10510259
1968-03-06,1322.01,3.6723,35.2,0.10432528
1968-03-07,1327,3.6861,35.2,0.10471907
1968-03-29,1361.15,3.7810,39.4,0.09596376
1968-03-30,1377.58,3.8266,39.4,0.09712211
1968-04-01,1367.36,3.7982,39.4,0.09640158
1968-04-02,1380.77,3.8355,39.4,0.09734701
1968-04-03,1378.69,3.8297,39.4,0.09720037
1968-04-04,1391.27,3.8646,39.4,0.09808728
1968-04-05,1393.32,3.8703,39.4,0.09823181
1968-04-30,1456.07,4.0446,39.1,0.10344345
1968-05-01,1464.76,4.0688,39.1,0.10406081
1968-05-02,1464.82,4.0689,39.1,0.10406508
1968-05-04,1466.73,4.0743,39.1,0.10420077
1968-05-06,1482.69,4.1186,39.1,0.10533461
1968-05-07,1480.16,4.1116,39.1,0.10515487
1968-05-31,1462.34,4.0621,41.3,0.09835486
1968-06-01,1466.4,4.0733,41.3,0.09862793
1968-06-03,1496.56,4.1571,41.3,0.10065644
1968-06-04,1509.49,4.1930,41.3,0.10152610
1968-06-05,1518.66,4.2185,41.3,0.10214286
1968-06-06,1510.51,4.1959,41.3,0.10159470
1968-06-07,1522.37,4.2288,41.3,0.10239239
1968-06-28,1531.13,4.2531,41,0.10373509
1968-06-29,1544.7,4.2908,41,0.10465447
1968-07-01,1548.9,4.3025,41,0.10493902
1968-07-02,1542.96,4.2860,41,0.10453659
1968-07-03,1548.69,4.3019,41,0.10492480
1968-07-04,1540.42,4.2789,41,0.10436450
1968-07-05,1547.09,4.2975,41,0.10481640
1968-07-31,1602.97,4.4527,38.75,0.11490824
1968-08-01,1601.58,4.4488,38.75,0.11480860
1968-08-02,1601.84,4.4496,38.75,0.11482724
1968-08-03,1598.38,4.4399,38.75,0.11457921
1968-08-05,1604.57,4.4571,38.75,0.11502294
1968-08-06,1598.44,4.4401,38.75,0.11458351
1968-08-07,1617.9,4.4942,38.75,0.11597849
1968-08-30,1691.91,4.6997,39.9,0.11778822
1968-08-31,1703.91,4.7331,39.9,0.11862364
1968-09-02,1717.6,4.7711,39.9,0.11957672
1968-09-03,1723.47,4.7874,39.9,0.11998538
1968-09-04,1705.15,4.7365,39.9,0.11870997
1968-09-05,1727.92,4.7998,39.9,0.12029518
1968-09-06,1736.94,4.8248,39.9,0.12092314
1968-09-30,1839.81,5.1106,38.55,0.13257026
1968-10-01,1835.12,5.0976,38.55,0.13223231
1968-10-02,1851.49,5.1430,38.55,0.13341187
1968-10-03,1809.61,5.0267,38.55,0.13039415
1968-10-04,1803.24,5.0090,38.55,0.12993515
1968-10-05,1814.27,5.0396,38.55,0.13072993
1968-10-07,1830.64,5.0851,38.55,0.13190950
1968-10-31,1745.29,4.8480,39.5,0.12273488
1968-11-01,1741.92,4.8387,39.5,0.12249789
1968-11-02,1734.09,4.8169,39.5,0.12194726
1968-11-04,1710.07,4.7502,39.5,0.12025809
1968-11-05,1709.81,4.7495,39.5,0.12023980
1968-11-06,1705.71,4.7381,39.5,0.11995148
1968-11-07,1679.59,4.6655,39.5,0.11811463
1968-11-29,1716.61,4.7684,40.62,0.11738949
1968-11-30,1726.09,4.7947,40.62,0.11803778
1968-12-02,1743.21,4.8422,40.62,0.11920852
1968-12-03,1736.21,4.8228,40.62,0.11872983
1968-12-04,1725.79,4.7939,40.62,0.11801726
1968-12-05,1718.42,4.7734,40.62,0.11751327
1968-12-06,1718.09,4.7725,40.62,0.11749070
1969-01-04,1733.64,4.8157,41.72,0.11542825
1969-01-06,1755.15,4.8754,41.72,0.11686042
1969-01-07,1761.93,4.8943,41.72,0.11731184
1969-01-31,1830.26,5.0841,42.52,0.11956857
1969-02-01,1831.72,5.0881,42.52,0.11966395
1969-02-03,1828.04,5.0779,42.52,0.11942354
1969-02-04,1815.07,5.0419,42.52,0.11857623
1969-02-05,1833.75,5.0938,42.52,0.11979657
1969-02-06,1840.7,5.1131,42.52,0.12025060
1969-02-07,1845.95,5.1276,42.52,0.12059358
1969-02-28,1758.54,4.8848,42.7,0.11439891
1969-03-01,1770.62,4.9184,42.7,0.11518475
1969-03-03,1769.55,4.9154,42.7,0.11511514
1969-03-04,1748.88,4.8580,42.7,0.11377049
1969-03-05,1764.25,4.9007,42.7,0.11477036
1969-03-06,1766.89,4.9080,42.7,0.11494210
1969-03-07,1792.89,4.9802,42.7,0.11663349
1969-03-31,1841.02,5.1139,43.4,0.11783282
1969-04-01,1827.44,5.0762,43.4,0.11696365
1969-04-02,1859.13,5.1643,43.4,0.11899194
1969-04-03,1844.97,5.1249,43.4,0.11808564
1969-04-04,1868.12,5.1892,43.4,0.11956733
1969-04-05,1864.83,5.1801,43.4,0.11935676
1969-04-07,1872.1,5.2003,43.4,0.11982207
1969-04-30,1904.94,5.2915,43.6,0.12136468
1969-05-01,1911.54,5.3098,43.6,0.12178517
1969-05-02,1906.44,5.2957,43.6,0.12146024
1969-05-06,1925.14,5.3476,43.6,0.12265163
1969-05-07,1924.29,5.3453,43.6,0.12259748
1969-05-30,1990.53,5.5293,43.37,0.12749020
1969-05-31,2002.46,5.5624,43.37,0.12825430
1969-06-02,2007.61,5.5767,42.9,0.12999288
1969-06-03,2000.47,5.5569,42.5,0.13074967
1969-06-04,2001.77,5.5605,42.3,0.13145324
1969-06-05,2000.96,5.5582,41.8,0.13297182
1969-06-06,2009.18,5.5811,40.9,0.13645613
1969-06-07,2012.79,5.5911,40.9,0.13670130
1969-06-09,2029.1,5.6364,41.5,0.13581660
1969-06-10,2029.59,5.6377,42.5,0.13265294
1969-06-11,2014.64,5.5962,41.6,0.13452457
1969-06-12,1926.01,5.3500,41.7,0.12829803
1969-06-13,1913.32,5.3148,41.8,0.12714779
1969-06-14,1921.34,5.3371,41.8,0.12768075
1969-06-16,1955.69,5.4325,40.8,0.13314883
1969-06-17,1938.72,5.3853,41.7,0.12914468
1969-06-18,1884.82,5.2356,41.6,0.12585604
1969-06-19,1907.41,5.2984,41.6,0.12736445
1969-06-20,1883.5,5.2319,41.5,0.12607095
1969-06-21,1866.65,5.1851,41.5,0.12494311
1969-06-23,1867.31,5.1870,41.5,0.12498728
1969-06-24,1925.88,5.3497,41.2,0.12984628
1969-06-25,1915.31,5.3203,41.1,0.12944782
1969-06-26,1938.06,5.3835,41.2,0.13066748
1969-06-27,1953.52,5.4264,41.3,0.13139091
1969-06-28,1976.24,5.4896,41.3,0.13291902
1969-06-30,1984.61,5.5128,41.4,0.13315955
1969-07-01,1969.67,5.4713,41.4,0.13215714
1969-07-02,1990.35,5.5287,41.4,0.13354469
1969-07-03,1998,5.5500,41.8,0.13277512
1969-07-04,1992.81,5.5356,41.8,0.13243022
1969-07-05,1997.47,5.5485,41.8,0.13273990
1969-07-07,1983.14,5.5087,42,0.13116005
1969-07-08,1987.6,5.5211,42.3,0.13052272
1969-07-09,1979.13,5.4976,42,0.13089484
1969-07-10,1930.56,5.3627,42.1,0.12737926
1969-07-11,1948.64,5.4129,42.1,0.12857218
1969-07-12,1935.07,5.3752,42.1,0.12767683
1969-07-14,1911.12,5.3087,42.2,0.12579779
1969-07-15,1938.08,5.3836,42.2,0.12757241
1969-07-16,1919.46,5.3318,42,0.12694841
1969-07-17,1898.88,5.2747,42.2,0.12499210
1969-07-18,1906,5.2944,42.2,0.12546077
1969-07-19,1920.99,5.3361,42.2,0.12644747
1969-07-21,1922.52,5.3403,42.2,0.12654818
1969-07-22,1921.53,5.3376,42.1,0.12678345
1969-07-23,1888.04,5.2446,42,0.12487037
1969-07-24,1900.19,5.2783,42.1,0.12537543
1969-07-25,1888.42,5.2456,42.1,0.12459884
1969-07-26,1890.89,5.2525,42.1,0.12476181
1969-07-28,1875,5.2083,42,0.12400794
1969-07-29,1845.4,5.1261,41.7,0.12292832
1969-07-30,1842.57,5.1182,41.7,0.12273981
1969-07-31,1865.59,5.1822,41.6,0.12457198
1969-08-01,1879.41,5.2206,41.6,0.12549479
1969-08-02,1881.01,5.2250,41.6,0.12560163
1969-08-04,1878.14,5.2171,41.5,0.12571218
1969-08-05,1878.7,5.2186,41.3,0.12635862
1969-08-06,1867.79,5.1883,41.2,0.12592975
1969-08-07,1860.41,5.1678,41.3,0.12512846
1969-08-08,1844.03,5.1223,41.3,0.12402677
1969-08-09,1872.03,5.2001,41.3,0.12591001
1969-08-11,1877.2,5.2144,41.4,0.12595276
1969-08-12,1900.89,5.2803,41.3,0.12785109
1969-08-13,1910.87,5.3080,41.4,0.12821189
1969-08-14,1900.63,5.2795,41.4,0.12752483
1969-08-15,1896.09,5.2669,41.1,0.12814882
1969-08-16,1889.35,5.2482,41.1,0.12769330
1969-08-18,1896.83,5.2690,41.4,0.12726986
1969-08-19,1897.75,5.2715,41.1,0.12826102
1969-08-20,1890.38,5.2511,41.3,0.12714420
1969-08-21,1891.29,5.2536,41.3,0.12720541
1969-08-22,1871.79,5.1994,41.3,0.12589387
1969-08-23,1882.04,5.2279,41.3,0.12658327
1969-08-25,1880.43,5.2234,41.1,0.12709043
1969-08-26,1890.67,5.2519,41.1,0.12778251
1969-08-27,1890.24,5.2507,41.2,0.12744337
1969-08-28,1909.26,5.3035,40.9,0.12966993
1969-08-29,1923.19,5.3422,41.1,0.12998040
1969-08-30,1915.68,5.3213,41.1,0.12947283
1969-09-01,1951.54,5.4209,41.1,0.13189646
1969-09-02,1964.81,5.4578,40.9,0.13344268
1969-09-03,1972.68,5.4797,41,0.13365041
1969-09-04,1971.47,5.4763,41.1,0.13324344
1969-09-05,1984.69,5.5130,41.1,0.13413693
1969-09-06,1977.62,5.4934,41.1,0.13365910
1969-09-08,1983.95,5.5110,41.1,0.13408692
1969-09-09,1964.46,5.4568,41.2,0.13244741
1969-09-10,1988.5,5.5236,41.1,0.13439443
1969-09-11,1987.91,5.5220,41.1,0.13435456
1969-09-12,1987.62,5.5212,41.3,0.13368442
1969-09-13,2000.63,5.5573,41.3,0.13455946
1969-09-16,2014.16,5.5949,41.2,0.13579827
1969-09-17,2016.71,5.6020,41.2,0.13597020
1969-09-18,1995.26,5.5424,41.1,0.13485131
1969-09-19,2000.43,5.5568,41.1,0.13520073
1969-09-20,2008.25,5.5785,41.1,0.13572925
1969-09-22,2016.85,5.6024,41.1,0.13631049
1969-09-24,2012.27,5.5896,41,0.13633266
1969-09-25,2012.96,5.5916,41,0.13637940
1969-09-26,1988.92,5.5248,41,0.13475068
1969-09-27,1968.73,5.4687,41,0.13338279
1969-09-29,1995.96,5.5443,40.9,0.13555827
1969-09-30,2016.15,5.6004,40.9,0.13692950
1969-10-01,2036.8,5.6578,41,0.13799458
1969-10-02,2023.89,5.6219,41.1,0.13678629
1969-10-03,2027.94,5.6332,41.2,0.13672735
1969-10-04,2022.78,5.6188,41.2,0.13637945
1969-10-06,2038.72,5.6631,41,0.13812466
1969-10-07,2033.81,5.6495,41,0.13779201
1969-10-08,2022.7,5.6186,40.9,0.13737435
1969-10-09,2033.52,5.6487,41,0.13777236
1969-10-11,2044.49,5.6791,40.9,0.13885425
1969-10-13,2068.32,5.7453,40.8,0.14081699
1969-10-14,2062.85,5.7301,40.9,0.14010120
1969-10-15,2074.11,5.7614,40.9,0.14086593
1969-10-16,2098.65,5.8296,40.8,0.14288194
1969-10-17,2097.49,5.8264,40.8,0.14280297
1969-10-18,2122.65,5.8963,40.8,0.14451593
1969-10-20,2079.75,5.7771,40.6,0.14229269
1969-10-21,2099.39,5.8316,40.5,0.14399108
1969-10-22,2110.27,5.8619,40.3,0.14545561
1969-10-23,2092.9,5.8136,40.2,0.14461719
1969-10-24,2120.94,5.8915,40.3,0.14619107
1969-10-25,2116.57,5.8794,40.3,0.14588985
1969-10-27,2117.12,5.8809,40.4,0.14556656
1969-10-28,2136.8,5.9356,40.3,0.14728426
1969-10-29,2150.1,5.9725,40.2,0.14856965
1969-10-30,2145.16,5.9588,40.1,0.14859795
1969-10-31,2130.3,5.9175,40,0.14793750
1969-11-01,2122.53,5.8959,40,0.14739792
1969-11-04,2133.97,5.9277,39.8,0.14893705
1969-11-05,2135.44,5.9318,39.6,0.14979237
1969-11-06,2121.99,5.8944,39.2,0.15036777
1969-11-07,2102.58,5.8405,38.7,0.15091731
1969-11-08,2096.9,5.8247,38.7,0.15050962
1969-11-10,2121.31,5.8925,38.3,0.15385190
1969-11-11,2118.26,5.8841,38.5,0.15283261
1969-11-12,2104.52,5.8459,38,0.15383918
1969-11-13,2118.15,5.8838,38,0.15483553
1969-11-14,2147.52,5.9653,38.1,0.15657043
1969-11-15,2148.66,5.9685,38.1,0.15665354
1969-11-17,2155.14,5.9865,38,0.15753947
1969-11-18,2168.21,6.0228,37.8,0.15933348
1969-11-19,2181.97,6.0610,36.8,0.16470184
1969-11-20,2210.6,6.1406,36.5,0.16823440
1969-11-21,2201.52,6.1153,36.3,0.16846648
1969-11-22,2196.02,6.1001,36.3,0.16804561
1969-11-24,2199.11,6.1086,35.7,0.17111033
1969-11-25,2213.14,6.1476,35.7,0.17220199
1969-11-26,2211.97,6.1444,35.8,0.17163020
1969-11-27,2230.58,6.1961,35.8,0.17307418
1969-11-28,2201.41,6.1150,35.9,0.17033504
1969-11-29,2211.9,6.1442,35.9,0.17114670
1969-12-01,2251.37,6.2538,35.7,0.17517663
1969-12-02,2252.61,6.2572,35.5,0.17626056
1969-12-03,2195.43,6.0984,35.6,0.17130384
1969-12-04,2171.79,6.0328,35.4,0.17041667
1969-12-05,2170.15,6.0282,35.4,0.17028798
1969-12-06,2194.56,6.0960,35.4,0.17220339
1969-12-08,2198.98,6.1083,35.2,0.17353062
1969-12-09,2193.04,6.0918,35.2,0.17306187
1969-12-10,2219.19,6.1644,35.2,0.17512547
1969-12-11,2225.05,6.1807,35.4,0.17459589
1969-12-12,2253.59,6.2600,35.5,0.17633725
1969-12-13,2262.87,6.2857,35.5,0.17706338
1969-12-15,2261.9,6.2831,35.3,0.17799024
1969-12-16,2261.43,6.2817,35.2,0.17845881
1969-12-17,2268.55,6.3015,35.3,0.17851353
1969-12-18,2275.37,6.3205,35.2,0.17955887
1969-12-19,2278.83,6.3301,35.2,0.17983191
1969-12-20,2269.62,6.3045,35.2,0.17910511
1969-12-22,2258.26,6.2729,35.3,0.17770381
1969-12-23,2270.71,6.3075,35.3,0.17868351
1969-12-24,2287.07,6.3530,35.4,0.17946249
1969-12-25,2324.06,6.4557,35.4,0.18236503
1969-12-26,2348.03,6.5223,35.4,0.18424592
1969-12-27,2358.96,6.5527,35.4,0.18510358
1970-01-05,2402.8,6.6744,35.4,0.18854363
1970-01-06,2406.2,6.6839,35.2,0.18988321
1970-01-07,2394.9,6.6525,35.2,0.18899148
1970-01-08,2283.7,6.3436,35.1,0.18072966
1970-01-09,2359,6.5528,35.1,0.18668883
1970-01-12,2324.2,6.4561,35.1,0.18393479
1970-01-13,2297.7,6.3825,35.1,0.18183761
1970-01-14,2288.1,6.3558,35.1,0.18107787
1970-01-16,2286.4,6.3511,34.9,0.18198026
1970-01-19,2309.4,6.4150,34.9,0.18381089
1970-01-20,2309.9,6.4164,35,0.18332540
1970-01-21,2325.3,6.4592,35,0.18454762
1970-01-22,2322.6,6.4517,35.2,0.18328598
1970-01-23,2312,6.4222,35.2,0.18244949
1970-01-26,2316.7,6.4353,35.1,0.18334125
1970-01-27,2321.8,6.4494,35.2,0.18322285
1970-01-28,2324.8,6.4578,35.2,0.18345960
1970-01-29,2328.6,6.4683,35.2,0.18375947
1970-01-30,2296.4,6.3789,35.2,0.18121843
1970-02-02,2310.4,6.4178,35.2,0.18232323
1970-02-03,2296.7,6.3797,35.2,0.18124211
1970-02-04,2313.3,6.4258,35.2,0.18255208
1970-02-05,2326.8,6.4633,35.2,0.18361742
1970-02-06,2302.9,6.3969,35.2,0.18173138
1970-02-09,2306.4,6.4067,35.2,0.18200758
1970-02-10,2306.3,6.4064,35.2,0.18199968
1970-02-12,2311.8,6.4217,35.2,0.18243371
1970-02-13,2298.6,6.3850,35.2,0.18139205
1970-02-16,2293.9,6.3719,35.2,0.18102115
1970-02-17,2294.7,6.3742,35.2,0.18108428
1970-02-18,2313.2,6.4256,35.1,0.18306426
1970-02-19,2324.4,6.4567,35.2,0.18342803
1970-02-20,2323,6.4528,35.2,0.18331755
1970-02-24,2375.4,6.5983,35.2,0.18745265
1970-02-25,2383.2,6.6200,35.2,0.18806818
1970-02-26,2385.1,6.6253,35.2,0.18821812
1970-02-27,2380.3,6.6119,35.2,0.18783933
1970-03-02,2399.8,6.6661,35.2,0.18937816
1970-03-03,2396.6,6.6572,35.2,0.18912563
1970-03-04,2422.7,6.7297,35.2,0.19118529
1970-03-05,2423.4,6.7317,35.2,0.19124053
1970-03-06,2452.3,6.8119,35.1,0.19407249
1970-03-09,2455.2,6.8200,35.1,0.19430199
1970-03-10,2470.2,6.8617,35.1,0.19548908
1970-03-11,2458.1,6.8281,35.2,0.19397885
1970-03-12,2433.1,6.7586,35.2,0.19200600
1970-03-13,2446.4,6.7956,35.2,0.19305556
1970-03-16,2459.6,6.8322,35.2,0.19409722
1970-03-17,2468.8,6.8578,35.2,0.19482323
1970-03-18,2484.6,6.9017,35.3,0.19551464
1970-03-19,2490.5,6.9181,35.4,0.19542530
1970-03-20,2491.2,6.9200,35.3,0.19603399
1970-03-23,2495.2,6.9311,35.3,0.19634876
1970-03-24,2484.1,6.9003,35.4,0.19492310
1970-03-25,2481,6.8917,35.5,0.19413146
1970-03-26,2504.8,6.9578,35.4,0.19654739
1970-03-30,2510.2,6.9728,35.4,0.19697112
1970-03-31,2523.8,7.0106,35.4,0.19803829
1970-04-01,2521.4,7.0039,35.5,0.19729264
1970-04-02,2522.8,7.0078,35.5,0.19740219
1970-04-03,2500.1,6.9447,35.5,0.19562598
1970-04-06,2534.4,7.0400,35.5,0.19830986
1970-04-07,2524.1,7.0114,35.5,0.19750391
1970-04-08,2529.6,7.0267,35.6,0.19737828
1970-04-09,2515,6.9861,35.6,0.19623908
1970-04-10,2513.5,6.9819,35.6,0.19612203
1970-04-13,2508.1,6.9669,35.6,0.19570069
1970-04-14,2502,6.9500,35.9,0.19359331
1970-04-15,2497.7,6.9381,35.8,0.19380043
1970-04-16,2502.6,6.9517,36,0.19310185
1970-04-17,2471.2,6.8644,36,0.19067901
1970-04-20,2470.6,6.8628,36,0.19063272
1970-04-21,2469.6,6.8600,36.1,0.19002770
1970-04-22,2436.4,6.7678,36.2,0.18695519
1970-04-23,2416.7,6.7131,36.1,0.18595722
1970-04-24,2422.8,6.7300,36,0.18694444
1970-04-27,2386.1,6.6281,35.9,0.18462550
1970-04-28,2315.4,6.4317,36.1,0.17816251
1970-04-30,2114.3,5.8731,36.1,0.16268852
1970-05-01,2125.6,5.9044,36.1,0.16355802
1970-05-04,2200.7,6.1131,36.1,0.16933672
1970-05-06,2191.4,6.0872,36.4,0.16723138
1970-05-07,2209.6,6.1378,36.4,0.16862027
1970-05-08,2190.5,6.0847,36.4,0.16716270
1970-05-11,2139.1,5.9419,36.3,0.16368993
1970-05-12,2149.4,5.9706,36.2,0.16493247
1970-05-13,2096.8,5.8244,36.1,0.16134195
1970-05-14,2048.7,5.6908,36.1,0.15764081
1970-05-15,2018.7,5.6075,36.2,0.15490331
1970-05-18,2047.9,5.6886,36.2,0.15714395
1970-05-19,1963.1,5.4531,36.2,0.15063689
1970-05-20,1983.8,5.5106,36.2,0.15222529
1970-05-21,1982.3,5.5064,36.1,0.15253155
1970-05-22,1989.3,5.5258,36.1,0.15307018
1970-05-25,1933.3,5.3703,36.1,0.14876116
1970-05-26,1946.5,5.4069,36,0.15019290
1970-05-27,1929.6,5.3600,35.9,0.14930362
1970-05-28,2009.1,5.5808,35.8,0.15588920
1970-05-29,2026.1,5.6281,35.8,0.15720826
1970-06-01,2082.3,5.7842,35.6,0.16247659
1970-06-02,2087.5,5.7986,35.4,0.16380257
1970-06-03,2109.2,5.8589,35.3,0.16597419
1970-06-04,2133.8,5.9272,35.4,0.16743566
1970-06-05,2123.8,5.8994,35.4,0.16665097
1970-06-08,2109.6,5.8600,35.7,0.16414566
1970-06-09,2091.8,5.8106,35.7,0.16276066
1970-06-10,2109.4,5.8594,35.8,0.16367163
1970-06-11,2029.4,5.6372,35.9,0.15702569
1970-06-12,2048.9,5.6914,35.8,0.15897734
1970-06-15,2072.8,5.7578,35.7,0.16128229
1970-06-16,2054.4,5.7067,35.6,0.16029963
1970-06-17,2066,5.7389,35.6,0.16120474
1970-06-18,2082,5.7833,35.6,0.16245318
1970-06-19,2113.2,5.8700,35.6,0.16488764
1970-06-22,2149.3,5.9703,35.6,0.16770443
1970-06-23,2131.9,5.9219,35.6,0.16634675
1970-06-24,2140.5,5.9458,35.8,0.16608473
1970-06-25,2143.4,5.9539,35.7,0.16677560
1970-06-26,2135.9,5.9331,35.6,0.16665886
1970-06-29,2131.7,5.9214,35.7,0.16586523
1970-06-30,2138.1,5.9392,35.7,0.16636321
1970-07-01,2148.8,5.9689,35.7,0.16719577
1970-07-02,2146.9,5.9636,35.7,0.16704793
1970-07-06,2117.6,5.8822,35.6,0.16523096
1970-07-07,2116.9,5.8803,35.5,0.16564163
1970-07-08,2121.5,5.8931,35.5,0.16600156
1970-07-09,2111.1,5.8642,35.5,0.16518779
1970-07-10,2102.2,5.8394,35.5,0.16449139
1970-07-13,2110,5.8611,35.5,0.16510172
1970-07-14,2110.9,5.8636,35.5,0.16517214
1970-07-15,2088,5.8000,35.5,0.16338028
1970-07-16,2067.8,5.7439,35.5,0.16179969
1970-07-17,2110.5,5.8625,35.5,0.16514085
1970-07-20,2133.9,5.9275,35.5,0.16697183
1970-07-21,2148.9,5.9692,35.5,0.16814554
1970-07-22,2132.2,5.9228,35.5,0.16683881
1970-07-23,2125.6,5.9044,35.5,0.16632238
1970-07-24,2128.3,5.9119,35.5,0.16653365
1970-07-27,2130,5.9167,35.5,0.16666667
1970-07-28,2138.6,5.9406,35.5,0.16733959
1970-07-29,2132.4,5.9233,35.5,0.16685446
1970-07-30,2140.5,5.9458,35.5,0.16748826
1970-07-31,2159.1,5.9975,35.5,0.16894366
1970-08-03,2164.8,6.0133,35.5,0.16938967
1970-08-04,2164.2,6.0117,35.5,0.16934272
1970-08-05,2169.8,6.0272,35.5,0.16978091
1970-08-06,2147.7,5.9658,35.5,0.16805164
1970-08-07,2143.1,5.9531,35.5,0.16769171
1970-08-10,2141.4,5.9483,35.5,0.16755869
1970-08-11,2123.5,5.8986,35.5,0.16615806
1970-08-12,2122.8,5.8967,35.5,0.16610329
1970-08-13,2142.9,5.9525,35.5,0.16767606
1970-08-14,2136.1,5.9336,35.5,0.16714397
1970-08-17,2140.6,5.9461,35.5,0.16749609
1970-08-18,2152.2,5.9783,35.5,0.16840376
1970-08-19,2156,5.9889,35.5,0.16870110
1970-08-20,2161.4,6.0039,35.5,0.16912363
1970-08-21,2164.3,6.0119,35.6,0.16887484
1970-08-24,2168.1,6.0225,35.7,0.16869748
1970-08-25,2153.2,5.9811,35.8,0.16707014
1970-08-26,2153.3,5.9814,35.9,0.16661250
1970-08-27,2163.5,6.0097,36,0.16693673
1970-08-28,2157.8,5.9939,36,0.16649691
1970-08-31,2132.2,5.9228,36.1,0.16406587
1970-09-01,2130.5,5.9181,36.1,0.16393506
1970-09-02,2118,5.8833,36.3,0.16207530
1970-09-03,2139,5.9417,36.5,0.16278539
1970-09-04,2144.9,5.9581,36.5,0.16323440
1970-09-08,2165.2,6.0144,36.5,0.16477930
1970-09-09,2177,6.0472,36.5,0.16567732
1970-09-10,2165.5,6.0153,36.4,0.16525488
1970-09-11,2157.3,5.9925,36.6,0.16372951
1970-09-14,2168.4,6.0233,36.5,0.16502283
1970-09-16,2139.9,5.9442,36.3,0.16375115
1970-09-17,2136.8,5.9356,36.4,0.16306471
1970-09-18,2079.8,5.7772,36.4,0.15871490
1970-09-21,2077,5.7694,36.5,0.15806697
1970-09-22,2089.4,5.8039,36.5,0.15901065
1970-09-24,2085,5.7917,36.5,0.15867580
1970-09-25,2094,5.8167,36.4,0.15979853
1970-09-28,2042.9,5.6747,36.4,0.15589896
1970-09-29,2020.9,5.6136,36.4,0.15422009
1970-09-30,2065.4,5.7372,36.6,0.15675471
1970-10-01,2061.6,5.7267,36.6,0.15646630
1970-10-02,2065.6,5.7378,36.6,0.15676988
1970-10-05,2087.3,5.7981,37,0.15670420
1970-10-06,2094.4,5.8178,37.1,0.15681342
1970-10-07,2083.1,5.7864,36.9,0.15681271
1970-10-08,2079.9,5.7775,37,0.15614865
1970-10-09,2081.3,5.7814,37.2,0.15541368
1970-10-12,2092.4,5.8122,37.4,0.15540701
1970-10-13,2094.5,5.8181,37.6,0.15473552
1970-10-14,2096.1,5.8225,37.5,0.15526667
1970-10-15,2118.4,5.8844,37.8,0.15567313
1970-10-16,2114.2,5.8728,37.7,0.15577660
1970-10-19,2133,5.9250,37.8,0.15674603
1970-10-20,2124.3,5.9008,38.1,0.15487752
1970-10-21,2106.8,5.8522,38.2,0.15319953
1970-10-22,2107.1,5.8531,38.2,0.15322135
1970-10-23,2101.7,5.8381,38.7,0.15085415
1970-10-26,2094.9,5.8192,39.2,0.14844813
1970-10-27,2095.1,5.8197,39.3,0.14808453
1970-10-28,2104.4,5.8456,39.9,0.14650515
1970-10-29,2117.3,5.8814,38.4,0.15316117
1970-10-30,2114.2,5.8728,37.5,0.15660741
1970-11-02,2138.3,5.9397,37.9,0.15672090
1970-11-04,2143.7,5.9547,37.4,0.15921717
1970-11-05,2134.1,5.9281,37,0.16021772
1970-11-06,2136.6,5.9350,37.4,0.15868984
1970-11-09,2148,5.9667,37.6,0.15868794
1970-11-10,2142.7,5.9519,37.6,0.15829639
1970-11-11,2122.5,5.8958,37.5,0.15722222
1970-11-12,2110,5.8611,37.6,0.15588061
1970-11-13,2111.1,5.8642,37.9,0.15472735
1970-11-16,2098.4,5.8289,37.9,0.15379654
1970-11-17,2075.6,5.7656,37.9,0.15212548
1970-11-18,2087.9,5.7997,37.7,0.15383879
1970-11-19,2075.1,5.7642,37.7,0.15289567
1970-11-20,2065,5.7361,37.9,0.15134858
1970-11-24,2060,5.7222,37.9,0.15098212
1970-11-25,2056.9,5.7136,37.9,0.15075491
1970-11-27,2012.1,5.5892,37.9,0.14747142
1970-11-30,1990.5,5.5292,37.8,0.14627425
1970-12-01,2027.3,5.6314,37.7,0.14937371
1970-12-02,2017.1,5.6031,37.8,0.14822898
1970-12-03,1992.7,5.5353,37.8,0.14643592
1970-12-04,1989.7,5.5269,37.8,0.14621546
1970-12-07,1969.6,5.4711,37.7,0.14512231
1970-12-08,1963.4,5.4539,37.6,0.14505024
1970-12-09,1965.8,5.4606,37.4,0.14600416
1970-12-10,1973.6,5.4822,37.4,0.14658348
1970-12-11,2018.1,5.6058,37.4,0.14988859
1970-12-14,2015.9,5.5997,37.6,0.14892878
1970-12-15,1997.1,5.5475,37.9,0.14637203
1970-12-16,1973.4,5.4817,37.8,0.14501764
1970-12-17,1972.8,5.4800,37.9,0.14459103
1970-12-18,1977.5,5.4931,37.9,0.14493550
1970-12-21,1988.9,5.5247,37.9,0.14577103
1970-12-22,1979.7,5.4992,37.9,0.14509675
1970-12-23,1980,5.5000,37.6,0.14627660
1970-12-24,1987.9,5.5219,37.6,0.14686022
1970-12-28,1987.1,5.5197,37.6,0.14680112
1971-01-04,2001.3,5.5944,37.7,0.14839371
1971-01-05,1989.4,5.5599,37.8,0.14708820
1971-01-06,1981.7,5.5375,37.7,0.14688291
1971-01-07,2000.9,5.5911,37.7,0.14830601
1971-01-08,2040.9,5.7035,37.7,0.15128770
1971-01-11,2085.3,5.8253,38,0.15329864
1971-01-12,2092.3,5.8438,38.2,0.15297802
1971-01-13,2089.2,5.8283,38.3,0.15217403
1971-01-14,2093.9,5.8425,38.2,0.15294550
1971-01-25,2105,5.8842,38.3,0.15363346
1971-01-26,2109.2,5.8952,38.4,0.15352195
1971-01-27,2099.1,5.8668,38.3,0.15318144
1971-01-28,2102.3,5.8753,38.3,0.15340210
1971-01-29,2100.9,5.8732,38.4,0.15294774
1971-02-01,2104.8,5.8851,38.4,0.15325737
1971-02-02,2113.5,5.9112,38.8,0.15235120
1971-02-03,2129.8,5.9570,39.2,0.15196384
1971-02-04,2133.3,5.9674,38.7,0.15419741
1971-02-05,2125.1,5.9442,38.7,0.15359611
1971-02-08,2128.2,5.9533,38.9,0.15304216
1971-02-09,2122.6,5.9375,39.1,0.15185444
1971-02-10,2139.3,5.9842,39.1,0.15304919
1971-02-12,2149.8,6.0136,39.1,0.15380038
1971-02-16,2173.3,6.0788,39.2,0.15507196
1971-02-17,2166.7,6.0604,39.1,0.15499643
1971-02-18,2202.9,6.1618,39.1,0.15759043
1971-02-19,2213.4,6.1899,39,0.15871650
1971-02-22,2230.1,6.2361,39,0.15990059
1971-02-23,2204.3,6.1650,39.1,0.15767294
1971-02-24,2184.5,6.1090,39,0.15663978
1971-02-25,2216.6,6.1989,39.1,0.15853945
1971-02-26,2232.4,6.2433,39.1,0.15967399
1971-03-01,2256,6.3085,39,0.16175765
1971-03-02,2246.6,6.2835,39,0.16111520
1971-03-03,2268.6,6.3463,39.1,0.16230861
1971-03-04,2275.3,6.3650,39,0.16320538
1971-03-05,2256.4,6.3098,39,0.16179086
1971-03-08,2273.4,6.3583,39.1,0.16261564
1971-03-09,2271.1,6.3533,39.1,0.16248748
1971-03-10,2305.6,6.4474,39.1,0.16489584
1971-03-11,2309.1,6.4578,39.3,0.16431950
1971-03-12,2316.2,6.4773,39.3,0.16481553
1971-03-15,2301.4,6.4366,39.3,0.16378072
1971-03-16,2320,6.4895,39.2,0.16554874
1971-03-17,2317.3,6.4812,39.1,0.16576043
1971-03-18,2319.5,6.4868,39.3,0.16505959
1971-03-19,2341.9,6.5499,39.2,0.16708809
1971-03-22,2365.4,6.6178,39.2,0.16882141
1971-03-23,2345.3,6.5601,39.2,0.16734939
1971-03-24,2364.1,6.6127,39.2,0.16869087
1971-03-25,2372.2,6.6357,39.2,0.16927832
1971-03-26,2390,6.6862,39.2,0.17056760
1971-03-29,2404.6,6.7277,39,0.17250409
1971-03-30,2401.3,6.7173,39.1,0.17179793
1971-03-31,2403.3,6.7242,39.1,0.17197469
1971-04-01,2414,6.7530,39.2,0.17227077
1971-04-02,2415.7,6.7570,39.1,0.17281365
1971-04-05,2373.4,6.6393,39.1,0.16980186
1971-04-06,2404.6,6.7265,39.1,0.17203402
1971-04-07,2416.9,6.7592,39.2,0.17242949
1971-04-08,2413.9,6.7516,39.2,0.17223473
1971-04-12,2435.3,6.8116,39.2,0.17376650
1971-04-13,2428.5,6.7911,39.2,0.17324254
1971-04-14,2437.5,6.8168,39.2,0.17389916
1971-04-15,2457.3,6.8738,39.2,0.17535099
1971-04-16,2464.1,6.8914,39.2,0.17580181
1971-04-19,2439.9,6.8255,39.2,0.17411908
1971-04-20,2374.7,6.6429,39.2,0.16946146
1971-04-21,2431.7,6.8025,39.2,0.17353390
1971-04-22,2417,6.7614,39.4,0.17160930
1971-04-23,2433.3,6.8068,39.3,0.17320138
1971-04-26,2436.9,6.8167,39.2,0.17389526
1971-04-27,2445.9,6.8419,39.2,0.17453749
1971-04-28,2450.7,6.8551,39.4,0.17398743
1971-04-30,2468.2,6.9060,39.9,0.17308240
1971-05-04,2489.4,6.9655,39.9,0.17457393
1971-05-06,2481.7,6.9440,40.6,0.17103337
1971-05-07,2444.8,6.8399,40.1,0.17057209
1971-05-10,2390.2,6.6928,40.1,0.16690277
1971-05-11,2402.3,6.7210,40.5,0.16595151
1971-05-12,2431.3,6.8005,40.7,0.16708744
1971-05-13,2428,6.7918,41.1,0.16525057
1971-05-14,2415.2,6.7560,41.5,0.16279502
1971-05-17,2417.6,6.7644,41,0.16498560
1971-05-18,2391.2,6.6898,41.2,0.16237364
1971-05-19,2365.9,6.6198,40.9,0.16185217
1971-05-20,2388.5,6.6819,41.4,0.16139774
1971-05-21,2385.2,6.6739,41.2,0.16198887
1971-05-24,2398.5,6.7112,41.1,0.16328846
1971-05-25,2404.8,6.7286,41.3,0.16291999
1971-05-26,2408.8,6.7392,41.1,0.16397133
1971-05-27,2420.2,6.7717,41.1,0.16476118
1971-05-28,2432.7,6.8067,41.1,0.16561215
1971-06-01,2455.9,6.8708,41.1,0.16717283
1971-06-02,2475.9,6.9277,40.9,0.16938205
1971-06-03,2473.9,6.9204,40.9,0.16920262
1971-06-04,2490.4,6.9681,40.9,0.17036927
1971-06-07,2506.1,7.0122,40.7,0.17229060
1971-06-08,2504.3,7.0068,40.4,0.17343562
1971-06-09,2508.9,7.0197,40.2,0.17461864
1971-06-10,2523.8,7.0618,40,0.17654383
1971-06-11,2528.8,7.0757,39.9,0.17733693
1971-06-14,2531.5,7.0829,39.8,0.17796236
1971-06-15,2542.1,7.1116,39.9,0.17823471
1971-06-16,2555,7.1477,40.3,0.17736111
1971-06-17,2581,7.2206,40.1,0.18006460
1971-06-18,2584.5,7.2314,40.2,0.17988541
1971-06-21,2587.9,7.2411,40.2,0.18012709
1971-06-22,2586.6,7.2375,40.4,0.17914534
1971-06-23,2600.5,7.2760,40.6,0.17921078
1971-06-24,2584.5,7.2316,40.6,0.17811812
1971-06-25,2600.3,7.2754,40.4,0.18008411
1971-06-28,2628.4,7.3550,40.2,0.18296140
1971-06-29,2625.1,7.3452,40.2,0.18271635
1971-06-30,2637.3,7.3789,40.4,0.18264655
1971-07-01,2651,7.4173,40.5,0.18314202
1971-07-02,2647.2,7.4068,40.6,0.18243416
1971-07-06,2571.3,7.1935,40.6,0.17717866
1971-07-07,2637.1,7.3771,40.5,0.18215117
1971-07-08,2638.7,7.3818,40.5,0.18226679
1971-07-09,2659.6,7.4415,40.5,0.18374129
1971-07-12,2686.4,7.5161,40.6,0.18512531
1971-07-13,2675.8,7.4858,40.6,0.18437936
1971-07-14,2685.3,7.5134,40.6,0.18505986
1971-07-15,2664.2,7.4544,40.7,0.18315462
1971-07-16,2670.8,7.4729,41,0.18226487
1971-07-19,2692.6,7.5341,41.3,0.18242292
1971-07-20,2677.5,7.4918,41.2,0.18184019
1971-07-21,2643.1,7.3956,41.4,0.17863677
1971-07-22,2669,7.4685,42,0.17782024
1971-07-23,2671.3,7.4751,42,0.17797846
1971-07-26,2673.8,7.4813,42,0.17812508
1971-07-27,2678,7.4936,42.2,0.17757427
1971-07-28,2681.3,7.5024,42.4,0.17694454
1971-07-29,2683.2,7.5073,42.6,0.17622874
1971-07-30,2661.6,7.4469,42.7,0.17440070
1971-08-02,2640.6,7.3886,42.6,0.17344054
1971-08-03,2640.4,7.3886,42.6,0.17344197
1971-08-04,2630.1,7.3594,42.9,0.17154763
1971-08-05,2634.2,7.3711,43.1,0.17102255
1971-08-06,2648.5,7.4109,42.9,0.17274777
1971-08-09,2698.2,7.5504,44.2,0.17082284
1971-08-10,2690.1,7.5275,43.5,0.17304580
1971-08-11,2699.4,7.5539,43.2,0.17485969
1971-08-12,2704.9,7.5685,43.6,0.17358905
1971-08-13,2727.8,7.6330,43.3,0.17628142
1971-08-16,2530.5,7.0773,43.4,0.16307216
1971-08-17,2440.8,6.8230,43.5,0.15685110
1971-08-18,2328.3,6.5053,43.6,0.14920336
1971-08-19,2190.1,6.1161,43.7,0.13995561
1971-08-20,2283.9,6.3750,43.6,0.14621512
1971-08-23,2163.8,6.0367,43.6,0.13845676
1971-08-24,2162.8,6.0309,43.5,0.13864129
1971-08-25,2233.9,6.2260,43.1,0.14445548
1971-08-26,2282.3,6.3577,42.3,0.15030108
1971-08-27,2267.2,6.3125,41.4,0.15247601
1971-08-30,2303.9,6.4115,41.7,0.15375244
1971-08-31,2297,6.7589,41,0.16485035
1971-09-01,2348,6.8858,41.4,0.16632445
1971-09-02,2352.3,6.9393,41.6,0.16681124
1971-09-03,2346.8,6.8993,42,0.16426926
1971-09-07,2341.7,6.8920,41.9,0.16448724
1971-09-08,2325.5,6.8524,41.7,0.16432621
1971-09-09,2341.2,6.9044,42.1,0.16399909
1971-09-10,2321.8,6.8524,42,0.16315247
1971-09-13,2351.1,6.9360,41.9,0.16553728
1971-09-14,2364.6,6.9907,42.1,0.16604958
1971-09-16,2347.3,6.9480,42.6,0.16309774
1971-09-17,2352.3,6.9605,42.4,0.16416267
1971-09-20,2377,7.0476,42.6,0.16543561
1971-09-21,2373,7.0342,42.6,0.16512294
1971-09-22,2360.8,6.9960,42.5,0.16461175
1971-09-23,2364,7.0092,42.5,0.16492285
1971-09-27,2351.9,6.9945,42.9,0.16304191
1971-09-28,2393.6,7.1162,43.4,0.16396740
1971-09-29,2420.3,7.2127,42.8,0.16852147
1971-09-30,2428.2,7.2408,42.9,0.16878306
1971-10-01,2429.3,7.2869,42.7,0.17065292
1971-10-04,2412.6,7.2416,42.8,0.16919546
1971-10-05,2407.8,7.2278,42.7,0.16926953
1971-10-06,2401.9,7.2209,42.7,0.16910858
1971-10-07,2401.7,7.2206,42.8,0.16870449
1971-10-08,2372.5,7.1379,42.7,0.16716427
1971-10-11,2360.4,7.1015,42.7,0.16631172
1971-10-12,2352.6,7.1179,42.8,0.16630549
1971-10-13,2312.7,6.9784,43,0.16228756
1971-10-14,2305.8,6.9691,42.9,0.16245014
1971-10-15,2254.9,6.8208,42.8,0.15936531
1971-10-18,2255.2,6.8422,42.8,0.15986526
1971-10-19,2228.3,6.7351,42.8,0.15736160
1971-10-20,2227.3,6.7274,42.8,0.15718171
1971-10-22,2259.5,6.8395,42.7,0.16017584
1971-10-25,2253.7,6.8220,42.8,0.15939140
1971-10-26,2236.9,6.7989,42.8,0.15885237
1971-10-27,2229.4,6.7652,42.8,0.15806514
1971-10-28,2253.3,6.8342,42.7,0.16005123
1971-10-29,2278.4,6.9145,42.6,0.16231243
1971-11-01,2279,6.9174,42.4,0.16314575
1971-11-02,2254.9,6.8442,42.5,0.16104070
1971-11-04,2228.8,6.7360,42.5,0.15849357
1971-11-05,2234.1,6.7871,42.6,0.15932090
1971-11-08,2236.2,6.7922,42.7,0.15906820
1971-11-09,2252.2,6.8418,42.8,0.15985630
1971-11-10,2282.2,6.9345,42.9,0.16164241
1971-11-11,2298.3,6.9832,42.9,0.16277779
1971-11-12,2307.8,7.0042,43,0.16288739
1971-11-15,2329.1,7.0849,43.1,0.16438353
1971-11-16,2326.5,7.0794,43.1,0.16425499
1971-11-17,2371.7,7.2130,43.1,0.16735453
1971-11-18,2391.9,7.2773,43.4,0.16767952
1971-11-19,2378.8,7.2434,43.4,0.16689827
1971-11-22,2408.1,7.3324,43.5,0.16856044
1971-11-24,2404.7,7.3305,43.7,0.16774619
1971-11-26,2413.8,7.3681,43.8,0.16822219
1971-11-29,2450.7,7.4931,43.9,0.17068612
1971-11-30,2442.7,7.4598,43.9,0.16992631
1971-12-01,2455.8,7.4963,43.8,0.17114925
1971-12-02,2480.5,7.6089,44,0.17292945
1971-12-03,2441.6,7.5101,44.1,0.17029645
1971-12-06,2475.7,7.5818,44.2,0.17153497
1971-12-07,2481.7,7.6686,44.1,0.17389029
1971-12-08,2453.3,7.5836,43.7,0.17353814
1971-12-09,2477.9,7.6592,43.9,0.17446894
1971-12-10,2482.5,7.6831,44,0.17461686
1971-12-13,2496.7,7.7348,43.9,0.17619021
1971-12-14,2490.8,7.7215,43.9,0.17588828
1971-12-15,2491,7.7471,43.9,0.17647135
1971-12-16,2468.1,7.7126,43.5,0.17730049
1971-12-17,2480.2,7.7419,43,0.18004454
1971-12-20,2487.6,7.7611,43,0.18049158
1971-12-21,2554,8.1085,43.4,0.18683068
1971-12-22,2586.3,8.2115,43.6,0.18833759
1971-12-27,2693.5,8.5519,43.7,0.19569519
1971-12-28,2713.7,8.6146,43.7,0.19713151
1972-01-04,2712.3,8.6113,44.7,0.19264645
1972-01-05,2727.9,8.6639,44.8,0.19338952
1972-01-06,2754.9,8.8292,44.5,0.19840993
1972-01-07,2762.5,8.8394,46.1,0.19174478
1972-01-10,2773.9,8.8626,46,0.19266486
1972-01-11,2769.6,8.8075,44.5,0.19792089
1972-01-12,2799.5,8.9307,45.6,0.19584823
1972-01-13,2812.8,8.9591,45.7,0.19604164
1972-01-14,2823.5,9.0208,46.2,0.19525469
1972-01-17,2799.7,8.9336,46.5,0.19212037
1972-01-18,2805.4,8.9658,46.1,0.19448598
1972-01-19,2820.9,9.0182,46.2,0.19519962
1972-01-20,2840.8,9.1043,46.2,0.19706175
1972-01-21,2822.5,9.0375,46.2,0.19561677
1972-01-24,2800.1,8.9684,46.3,0.19370099
1972-01-25,2814.4,9.0257,46.4,0.19451983
1972-01-26,2832.9,9.0935,46.5,0.19555927
1972-01-27,2839,9.1554,46.8,0.19562834
1972-01-28,2862.4,9.2196,47.6,0.19368845
1972-01-31,2856.5,9.1976,47.4,0.19404229
1972-02-01,2852.3,9.1894,48.4,0.18986378
1972-02-02,2863.5,9.2802,49.5,0.18747889
1972-02-03,2879.7,9.3155,48.3,0.19286746
1972-02-04,2857.3,9.2574,47.3,0.19571694
1972-02-07,2883.4,9.3562,47.9,0.19532819
1972-02-08,2889.8,9.3916,48.4,0.19404164
1972-02-09,2870.7,9.4183,48.4,0.19459312
1972-02-10,2871.8,9.4250,48.7,0.19353200
1972-02-14,2890.6,9.5011,48.1,0.19752706
1972-02-15,2876.4,9.4572,48.2,0.19620697
1972-02-16,2888.6,9.5032,48.5,0.19594277
1972-02-17,2913.8,9.5861,48.6,0.19724547
1972-02-18,2932.2,9.6616,48.7,0.19839021
1972-02-22,2966.6,9.7956,48.9,0.20031919
1972-02-23,2960.9,9.7887,48.9,0.20017886
1972-02-24,2975.2,9.8477,49.1,0.20056502
1972-02-25,2995.5,9.9028,48.8,0.20292637
1972-02-28,3027.5,9.9605,48.7,0.20452813
1972-02-29,3022,9.9604,48.5,0.20537007
1972-03-01,3011.3,9.9314,48.3,0.20561906
1972-03-02,3023.6,9.9779,48.5,0.20572969
1972-03-03,3015.1,9.9620,48.3,0.20625266
1972-03-06,3028.9,10.0046,48.5,0.20628091
1972-03-07,3038.6,10.0516,48.6,0.20682314
1972-03-08,3040.2,10.0662,48.4,0.20797977
1972-03-09,3030,10.0444,48.7,0.20625094
1972-03-10,3027.4,10.0268,48.6,0.20631332
1972-03-13,2976.1,9.8449,48.7,0.20215310
1972-03-14,2996.3,9.9146,48.7,0.20358581
1972-03-15,2981.1,9.8676,48.6,0.20303699
1972-03-16,3012.6,9.9748,48.7,0.20482210
1972-03-17,3022.9,10.0060,48.7,0.20546115
1972-03-21,3036.4,10.0506,48.7,0.20637872
1972-03-22,3050.8,10.0980,48.6,0.20777725
1972-03-23,3067.3,10.1590,48.6,0.20903245
1972-03-24,3073.2,10.1661,48.6,0.20917819
1972-03-27,3102.5,10.2538,48.6,0.21098407
1972-03-28,3107.4,10.2602,48.6,0.21111494
1972-03-29,3144.3,10.3506,48.7,0.21253763
1972-03-30,3146.1,10.3568,48.6,0.21310389
1972-04-03,3194.2,10.5024,48.6,0.21609877
1972-04-04,3192.5,10.4682,48.7,0.21495365
1972-04-05,3165.3,10.3726,48.7,0.21298956
1972-04-06,3213.1,10.5389,48.6,0.21684981
1972-04-07,3299.1,10.8806,48.6,0.22388020
1972-04-10,3275,10.8404,48.7,0.22259594
1972-04-11,3286.6,10.8720,48.8,0.22278651
1972-04-13,3322,10.9793,49.2,0.22315605
1972-04-14,3302.5,10.9015,49.6,0.21978828
1972-04-17,3218,10.6356,49.7,0.21399508
1972-04-18,3269.1,10.8109,49.7,0.21752260
1972-04-19,3258.2,10.7553,49.7,0.21640372
1972-04-20,3258.8,10.7537,49.6,0.21680838
1972-04-21,3240.1,10.6856,49.6,0.21543631
1972-04-24,3257.7,10.6747,49.6,0.21521540
1972-04-25,3267.2,10.7364,49.5,0.21689738
1972-04-26,3271.1,10.7687,49.5,0.21754947
1972-04-27,3299.8,10.8468,49.7,0.21824458
1972-04-28,3339.1,10.9529,49.9,0.21949692
1972-05-01,3353.3,11.0154,50.6,0.21769513
1972-05-02,3359.4,11.0419,50.6,0.21822017
1972-05-04,3371.2,11.0815,50.6,0.21900107
1972-05-08,3362.8,11.0238,52.3,0.21077948
1972-05-09,3342.9,10.9618,54,0.20299566
1972-05-10,3358.4,11.0557,53.4,0.20703620
1972-05-11,3398.5,11.1947,53.3,0.21003270
1972-05-12,3408.1,11.2160,53.2,0.21082745
1972-05-15,3424.9,11.2543,53.4,0.21075415
1972-05-16,3416.4,11.2234,54.9,0.20443334
1972-05-17,3436.7,11.2860,58,0.19458621
1972-05-18,3438.2,11.2872,57.2,0.19732902
1972-05-19,3420.5,11.2498,57.3,0.19633149
1972-05-22,3446.7,11.3222,57.6,0.19656574
1972-05-23,3468.1,11.4000,57.7,0.19757320
1972-05-24,3477.1,11.4262,57.3,0.19940973
1972-05-25,3506.4,11.5225,57.3,0.20109006
1972-05-30,3594.9,11.7734,58.8,0.20022845
1972-05-31,3636.8,11.9365,59.7,0.19994067
1972-06-01,3626.9,11.9137,59.5,0.20023093
1972-06-02,3667.2,12.0544,59.7,0.20191682
1972-06-05,3678.9,12.0746,59.8,0.20191698
1972-06-06,3650,11.9873,61.8,0.19396857
1972-06-07,3656.8,12.0131,65.1,0.18453365
1972-06-08,3667.2,12.0509,64.8,0.18597020
1972-06-09,3615.8,11.8851,62.8,0.18925298
1972-06-12,3651.3,11.9903,61.5,0.19496497
1972-06-13,3647.8,11.9978,61.9,0.19382493
1972-06-14,3640.4,11.9770,61.7,0.19411621
1972-06-15,3669.6,12.0699,61.3,0.19689823
1972-06-16,3680.7,12.1096,61.8,0.19594753
1972-06-19,3722.6,12.2514,61.5,0.19921040
1972-06-20,3718.4,12.2562,61.4,0.19961192
1972-06-21,3716.4,12.2678,61.5,0.19947603
1972-06-22,3687.3,12.2072,62,0.19688996
1972-06-23,3663.1,12.4544,63.3,0.19675261
1972-06-26,3569.6,11.9581,63.7,0.18772462
1972-06-27,3548.9,11.8891,63.1,0.18841699
1972-06-28,3611.3,12.1695,64.3,0.18926132
1972-06-29,3670.8,12.2055,64.8,0.18835627
1972-06-30,3710.7,12.3304,64.9,0.18999021
1972-07-03,3751.3,12.4686,65.8,0.18949225
1972-07-05,3645.4,12.1505,66.2,0.18354265
1972-07-06,3682.7,12.2532,66.2,0.18509369
1972-07-07,3695.3,12.2792,65.5,0.18746858
1972-07-10,3710.5,12.3146,65.9,0.18686737
1972-07-11,3719.1,12.3321,65.5,0.18827559
1972-07-12,3707.4,12.3092,65.3,0.18850189
1972-07-13,3712.3,12.3328,65.1,0.18944413
1972-07-14,3727.5,12.3755,65.2,0.18980825
1972-07-17,3693.8,12.2705,65.8,0.18648234
1972-07-18,3722.1,12.3765,65.7,0.18837856
1972-07-19,3760.7,12.4861,65.1,0.19179936
1972-07-20,3783,12.5714,65.6,0.19163792
1972-07-21,3807.1,12.6444,65.3,0.19363541
1972-07-24,3815.3,12.6666,65.5,0.19338287
1972-07-25,3837.4,12.7590,65.8,0.19390593
1972-07-26,3850.2,12.7833,66,0.19368626
1972-07-27,3867.8,12.8413,66.5,0.19310228
1972-07-28,3913.8,12.9940,68.4,0.18997111
1972-07-31,3938.4,13.0675,68.6,0.19048767
1972-08-01,3951.6,13.1195,69.6,0.18849888
1972-08-02,3870.3,12.8496,70.3,0.18278238
1972-08-03,3954.1,13.1274,69.3,0.18942837
1972-08-04,3954.4,13.1406,68.8,0.19099706
1972-08-07,3946.3,13.1054,67.8,0.19329508
1972-08-08,3940.8,13.0832,66.4,0.19703661
1972-08-09,3922.3,13.0218,65.4,0.19911028
1972-08-10,3908,12.9778,67,0.19369826
1972-08-11,3929.8,13.0506,66,0.19773653
1972-08-14,3957.7,13.1433,66,0.19914038
1972-08-15,3974.7,13.1953,66,0.19992938
1972-08-16,4007.7,13.3053,66.8,0.19918166
1972-08-17,4006.4,13.3010,66.7,0.19941558
1972-08-18,4014.4,13.3276,66.9,0.19921642
1972-08-21,4013.9,13.3303,67.1,0.19866385
1972-08-22,4010.6,13.3158,67.3,0.19785806
1972-08-23,4029.1,13.3768,67.3,0.19876413
1972-08-24,4041.8,13.4190,67.6,0.19850578
1972-08-25,4010.4,13.3147,67.4,0.19754809
1972-08-28,3996.9,13.2695,67.3,0.19716909
1972-08-29,4016.3,13.3343,66.9,0.19931733
1972-08-30,4026.3,13.3720,67.1,0.19928419
1972-08-31,4066.8,13.5060,67.1,0.20128208
1972-09-01,4090.4,13.5849,67.1,0.20245686
1972-09-05,4137.5,13.7372,67.2,0.20442226
1972-09-06,4143,13.7554,67.3,0.20438985
1972-09-07,4168.6,13.8446,67.4,0.20540905
1972-09-08,4181.9,13.8887,67.4,0.20606441
1972-09-11,4203.2,13.9558,67.5,0.20675221
1972-09-12,4160.3,13.8170,67.1,0.20591661
1972-09-13,4190.9,13.9182,67.3,0.20680787
1972-09-14,4174.8,13.8647,67.1,0.20662743
1972-09-18,4178.8,13.8775,61.5,0.22565080
1972-09-19,4157.5,13.8068,64.5,0.21405873
1972-09-20,4178.3,13.8763,65.3,0.21250114
1972-09-21,4204.2,13.9619,65.5,0.21315841
1972-09-25,4254.6,14.1293,63.8,0.22146161
1972-09-26,4273.2,14.1915,64.2,0.22105127
1972-09-27,4251.3,14.1235,64.1,0.22033465
1972-09-28,4291.8,14.2537,64.7,0.22030504
1972-09-29,4320.6,14.3494,64.5,0.22247109
1972-10-02,4393.6,14.5923,64.4,0.22658874
1972-10-03,4363.9,14.4932,64.4,0.22504956
1972-10-04,4424.3,14.6938,65.5,0.22433266
1972-10-05,4425.5,14.6978,65.9,0.22303148
1972-10-06,4355.3,14.4733,65.8,0.21995869
1972-10-09,4422.1,14.6953,65.7,0.22367227
1972-10-11,4443.1,14.7601,65.3,0.22603597
1972-10-12,4480,14.8827,64.9,0.22931791
1972-10-13,4472.7,14.8535,65,0.22851610
1972-10-16,4433.6,14.7237,65.4,0.22513300
1972-10-17,4401,14.6154,65.2,0.22416312
1972-10-18,4444.3,14.7597,65.1,0.22672385
1972-10-19,4452.2,14.7904,65.3,0.22649892
1972-10-20,4324.8,14.3796,65.3,0.22020784
1972-10-23,4415,14.6795,65.1,0.22549122
1972-10-24,4424.3,14.6977,65.1,0.22577104
1972-10-25,4442.4,14.7485,65,0.22690022
1972-10-26,4439.2,14.7560,64.8,0.22771630
1972-10-27,4455,14.8258,64.9,0.22844044
1972-10-30,4522.2,15.0229,64.8,0.23183522
1972-10-31,4538,15.0709,64.6,0.23329573
1972-11-01,4541.8,15.0890,64.3,0.23466620
1972-11-02,4547.9,15.1264,64.3,0.23524710
1972-11-06,4543.8,15.0947,64.3,0.23475394
1972-11-08,4555.9,15.1349,63.9,0.23685250
1972-11-09,4564.5,15.1634,63.4,0.23917105
1972-11-10,4540.1,15.0869,63.1,0.23909504
1972-11-13,4553.8,15.1274,62.9,0.24049914
1972-11-14,4555,15.1319,62.2,0.24327789
1972-11-15,4602.8,15.2861,62.2,0.24575736
1972-11-16,4589.3,15.2413,61.7,0.24702227
1972-11-17,4585.9,15.2345,60.6,0.25139498
1972-11-20,4591,15.2474,61.4,0.24832942
1972-11-21,4618.2,15.3373,62.8,0.24422376
1972-11-22,4667.7,15.5016,62.8,0.24684146
1972-11-24,4731.4,15.7184,63.5,0.24753409
1972-11-27,4742.2,15.7485,64.3,0.24492284
1972-11-28,4816.7,15.9917,64,0.24987031
1972-11-29,4879.2,16.2035,63.8,0.25397346
1972-11-30,4868.9,16.1693,63.9,0.25304071
1972-12-01,4781.4,15.8792,64.5,0.24618987
1972-12-04,4872.5,16.1813,63.7,0.25402287
1972-12-05,4881.3,16.2105,63.4,0.25568582
1972-12-06,4902.8,16.2824,63.4,0.25682053
1972-12-07,4838.8,16.0699,63.4,0.25346806
1972-12-08,4862.4,16.1483,63.4,0.25470428
1972-12-11,4859.4,16.1404,63.2,0.25538659
1972-12-12,4866.7,16.1625,63.2,0.25573627
1972-12-13,4869.8,16.1723,63.4,0.25508344
1972-12-14,4892,16.2466,63.7,0.25504795
1972-12-15,4909.2,16.3031,64.2,0.25394291
1972-12-18,4923.4,16.3503,65.4,0.25000447
1972-12-19,4920.8,16.3417,65.7,0.24873147
1972-12-20,4959.2,16.4692,64.7,0.25454686
1972-12-21,4965,16.4895,64.5,0.25565176
1972-12-22,5025.5,16.6894,64.5,0.25874976
1972-12-26,5106.7,16.9438,64.5,0.26269499
1972-12-27,5194.4,17.1983,64.9,0.26499679
1973-01-04,5252.8,17.4396,65.2,0.26747814
1973-01-05,5253.1,17.4348,65.5,0.26617989
1973-01-08,5307.2,17.5613,65.4,0.26852138
1973-01-09,5273.1,17.4565,65.4,0.26691972
1973-01-10,5243.1,17.3705,65.3,0.26601013
1973-01-11,5244.3,17.3952,65.3,0.26638873
1973-01-12,5251.7,17.4093,65.4,0.26619778
1973-01-16,5188.4,17.1841,65.4,0.26275406
1973-01-17,5215.4,17.2632,64.9,0.26599767
1973-01-18,5188.9,17.1698,64.2,0.26744313
1973-01-19,5290.8,17.4862,64.8,0.26984879
1973-01-22,5270.5,17.4243,65.5,0.26601973
1973-01-23,5267.7,17.4624,65.5,0.26660114
1973-01-24,5289.7,17.5092,65.9,0.26569325
1973-01-26,5236.8,17.3548,65.8,0.26375021
1973-01-29,5349.5,17.7335,65.6,0.27032837
1973-01-30,5292,17.5586,66.3,0.26483627
1973-01-31,5415.2,17.9674,66.3,0.27100177
1973-02-01,5086.1,16.9013,66.9,0.25263487
1973-02-02,4829.5,16.1209,67.2,0.23989438
1973-02-05,4949.8,16.4582,67.9,0.24238863
1973-02-06,4891.3,16.3125,69.1,0.23607076
1973-02-07,4832.5,16.1164,68.9,0.23390989
1973-02-08,4903.1,16.3764,69.3,0.23631197
1973-02-09,4843.5,16.5161,68.4,0.24146288
1973-02-12,4985.4,16.9999,68.8,0.24709203
1973-02-13,4993.7,18.7254,69.2,0.27059883
1973-02-14,4984.9,18.7423,72.6,0.25815894
1973-02-15,5113.5,19.4415,73.9,0.26307831
1973-02-16,5187.3,19.6608,73.6,0.26713015
1973-02-20,5334.7,20.0590,76.8,0.26118533
1973-02-21,5298.9,20.0042,79.6,0.25130845
1973-02-22,5278.2,19.8840,86.8,0.22907800
1973-02-23,5215,19.6874,85.3,0.23080208
1973-02-26,5129.3,19.3114,81,0.23841230
1973-02-27,5194.9,19.5319,84,0.23252264
1973-02-28,5121.3,19.2762,85.3,0.22598121
1973-03-02,5024.1,19.1664,86.3,0.22209089
1973-03-05,4771.6,18.4175,84.3,0.21847541
1973-03-06,4886.9,18.6680,83.3,0.22410523
1973-03-07,4950.7,18.9016,82.8,0.22827987
1973-03-08,4964.5,18.9891,84,0.22606025
1973-03-09,4987.4,19.1514,83.1,0.23046174
1973-03-12,5003.5,19.4636,82.8,0.23506727
1973-03-13,5050.6,19.8086,80.3,0.24668250
1973-03-14,5096.3,20.0287,80.3,0.24942328
1973-03-19,5123.5,19.4684,82.5,0.23598066
1973-03-20,5131,19.4976,82.5,0.23633508
1973-03-22,5101.3,19.3598,82,0.23609478
1973-03-23,5060.2,19.0212,84.8,0.22430617
1973-03-26,5066,19.0788,90.3,0.21128265
1973-03-27,5082,19.1492,90.3,0.21206176
1973-03-28,5116.8,19.2651,88.8,0.21694888
1973-03-29,5177.5,19.4885,89.5,0.21774819
1973-03-30,5233.8,19.6789,90.3,0.21792801
1973-04-02,5181.7,19.4779,89.5,0.21762993
1973-04-03,5162.7,19.4481,90.3,0.21537240
1973-04-04,5090.2,19.2098,90.5,0.21226245
1973-04-05,5013,18.9492,91.2,0.20777587
1973-04-06,5023.1,18.9723,91,0.20848656
1973-04-09,4988.6,18.7873,91.3,0.20577581
1973-04-10,4915.9,18.5135,91.3,0.20277699
1973-04-11,4906.5,18.4684,91.5,0.20184044
1973-04-12,4793.6,18.0190,91.2,0.19757698
1973-04-13,4735.6,17.8104,90.3,0.19723558
1973-04-16,4539.4,17.0911,89.6,0.19074905
1973-04-17,4599.9,17.3280,90.5,0.19146999
1973-04-18,4735.5,17.8388,91.3,0.19538714
1973-04-19,4727.5,17.8040,91,0.19564851
1973-04-23,4495.2,16.9247,91,0.18598570
1973-04-24,4435.8,16.7099,91.1,0.18342329
1973-04-25,4374.8,16.4801,90.4,0.18230169
1973-04-26,4499.4,16.9405,90.8,0.18656952
1973-04-27,4570.3,17.2075,90.9,0.18930093
1973-05-01,4594.6,17.3035,91,0.19014842
1973-05-02,4601.9,17.3303,90.9,0.19065287
1973-05-04,4655.4,17.5325,90.6,0.19351526
1973-05-07,4671,17.5912,90.6,0.19416372
1973-05-08,4669.6,17.5767,91.7,0.19167604
1973-05-09,4637,17.4955,93,0.18812336
1973-05-10,4663.3,17.5940,95.1,0.18500567
1973-05-11,4694.2,17.6833,97,0.18230172
1973-05-14,4767.8,18.0080,102.5,0.17568788
1973-05-15,4701.1,17.9110,110.3,0.16238440
1973-05-16,4772.9,18.1514,106.8,0.16995655
1973-05-17,4740.2,17.9227,104.5,0.17150925
1973-05-18,4774.9,18.0683,105.8,0.17077754
1973-05-21,4667.5,17.7505,112.3,0.15806343
1973-05-22,4675.2,17.7380,110.8,0.16009009
1973-05-23,4646.4,17.5867,110,0.15987888
1973-05-24,4593.2,17.3623,110.3,0.15740991
1973-05-25,4627.4,17.4731,106.8,0.16360577
1973-05-29,4626.2,17.4639,110.3,0.15833136
1973-05-30,4613.4,17.4202,113.5,0.15348222
1973-05-31,4557.3,17.2175,115,0.14971739
1973-06-01,4546.7,17.2184,118,0.14591894
1973-06-04,4500.5,17.1193,123.8,0.13828213
1973-06-05,4542.6,17.2795,126.3,0.13681291
1973-06-06,4599.9,17.4153,121.8,0.14298266
1973-06-07,4623.7,17.4961,118.8,0.14727375
1973-06-08,4625.8,17.4948,117.5,0.14889191
1973-06-11,4606.1,17.4019,115.8,0.15027518
1973-06-12,4571.4,17.2708,117.5,0.14698527
1973-06-13,4611.1,17.4254,115.8,0.15047811
1973-06-14,4587.9,17.3331,118,0.14689073
1973-06-15,4582,17.3108,120.3,0.14389706
1973-06-18,4543,17.1635,122.8,0.13976771
1973-06-19,4553.7,17.1948,120.5,0.14269547
1973-06-20,4582.8,17.2955,120.3,0.14377010
1973-06-21,4597,17.3446,120.8,0.14358073
1973-06-22,4668.8,17.6155,120.3,0.14642938
1973-06-25,4687.2,17.6755,118.8,0.14878402
1973-06-26,4637.7,17.4889,123.5,0.14161033
1973-06-27,4677,17.6371,122.5,0.14397614
1973-06-28,4681.3,17.6533,121.8,0.14493672
1973-06-29,4675.1,17.7646,123.5,0.14384261
1973-07-02,4688.8,17.6769,121.3,0.14572884
1973-07-03,4722.9,17.8196,122.3,0.14570380
1973-07-05,4748.4,17.9111,123.3,0.14526404
1973-07-06,4754.2,18.1375,124.8,0.14533249
1973-07-09,4778,18.4194,126.3,0.14583871
1973-07-10,4792.5,18.2114,123.3,0.14769955
1973-07-11,4863.3,18.3639,119.3,0.15393006
1973-07-12,4912.3,18.5538,121.3,0.15295783
1973-07-13,4943.5,18.6512,121.3,0.15376091
1973-07-16,4965.3,18.7292,120.2,0.15581703
1973-07-17,4972.9,18.7480,121.3,0.15455873
1973-07-18,4962.5,18.7186,119.8,0.15624912
1973-07-19,4989.8,18.8167,114.5,0.16433758
1973-07-20,5015.8,18.8848,118,0.16004059
1973-07-23,5000.2,18.7857,119,0.15786335
1973-07-24,5007.1,18.8520,120.2,0.15683888
1973-07-25,5035.9,18.9655,118.8,0.15964196
1973-07-26,5089.6,19.1627,119.8,0.15995535
1973-07-27,5123.2,19.3504,117.3,0.16496466
1973-07-30,5108.4,19.3816,115.8,0.16737106
1973-07-31,5041.1,19.1349,115.9,0.16509871
1973-08-01,4972.8,18.8764,117.8,0.16024112
1973-08-02,5021,18.9643,116.4,0.16292393
1973-08-03,4983.9,18.7795,116.3,0.16147491
1973-08-06,4946,18.6564,115.8,0.16110887
1973-08-07,4956.4,18.6858,115.2,0.16220285
1973-08-08,4972.1,18.7492,114,0.16446666
1973-08-09,4972.9,18.7579,110.3,0.17006232
1973-08-10,4926,18.5705,107,0.17355569
1973-08-13,4908.3,18.4891,102.3,0.18073406
1973-08-14,4915.4,18.5165,95.8,0.19328327
1973-08-15,4912.2,18.5038,94.3,0.19622254
1973-08-16,4957,18.6782,103.3,0.18081483
1973-08-17,4834.4,18.2066,104.3,0.17455998
1973-08-20,4828.7,18.1797,109.8,0.16557069
1973-08-21,4874.3,18.3804,106,0.17340006
1973-08-22,4893.9,18.4494,103.3,0.17860064
1973-08-23,4865.3,18.3423,100.5,0.18251063
1973-08-24,4828,18.2010,101.3,0.17967434
1973-08-27,4829.7,18.2026,103.3,0.17621119
1973-08-28,4832.4,18.2128,104.3,0.17461929
1973-08-29,4870.9,18.3579,107.6,0.17061240
1973-08-30,4889.2,18.4220,105.8,0.17412103
1973-08-31,4882.1,18.3953,103.8,0.17721823
1973-09-04,4785.8,18.0276,105.4,0.17104031
1973-09-05,4678.6,17.6278,106.4,0.16567501
1973-09-06,4677.6,17.6260,105.8,0.16659779
1973-09-10,4686.4,17.6592,105,0.16818291
1973-09-11,4587.4,17.2809,103,0.16777618
1973-09-12,4646.3,17.4936,102.5,0.17066926
1973-09-13,4620.9,17.3986,100.5,0.17312062
1973-09-14,4644.1,17.4860,100.6,0.17381685
1973-09-17,4623.8,17.4135,104.3,0.16695566
1973-09-18,4557.9,17.1653,103.3,0.16616933
1973-09-19,4516.1,17.0124,101.7,0.16727980
1973-09-20,4444.8,16.7488,103.5,0.16182428
1973-09-21,4393.4,16.5639,103.8,0.15957482
1973-09-25,4472.8,16.8505,102,0.16520110
1973-09-26,4515.4,17.0059,102.8,0.16542680
1973-09-27,4622.6,17.4037,101.5,0.17146514
1973-09-28,4617.3,17.3838,100.3,0.17331763
1973-10-01,4582.7,17.2535,97,0.17787105
1973-10-02,4606.5,17.3333,98,0.17687049
1973-10-03,4643.7,17.4641,99.4,0.17569501
1973-10-04,4619,17.3666,99.3,0.17489044
1973-10-05,4562.1,17.1404,98.8,0.17348625
1973-10-08,4509.3,16.9421,99.3,0.17061495
1973-10-09,4493,16.8707,99.9,0.16887569
1973-10-11,4487.9,16.8560,104,0.16207656
1973-10-12,4452.6,16.7234,102.2,0.16363386
1973-10-15,4468.4,16.7701,101.5,0.16522291
1973-10-16,4477.6,16.8047,102.1,0.16459014
1973-10-17,4482.8,16.8286,103.8,0.16212515
1973-10-18,4516,16.9577,102.2,0.16592643
1973-10-19,4552.2,17.0891,101.3,0.16869813
1973-10-22,4549.5,17.0790,99.5,0.17164809
1973-10-23,4595.5,17.2471,101,0.17076375
1973-10-24,4661.6,17.4992,100,0.17499155
1973-10-25,4667.1,17.5152,100.4,0.17445418
1973-10-26,4628.5,17.3567,98.5,0.17620973
1973-10-29,4638.3,17.3888,98.5,0.17653648
1973-10-30,4702.9,17.6172,97.5,0.18068879
1973-10-31,4699.7,17.6052,98.3,0.17909633
1973-11-01,4634.8,17.1488,97,0.17679152
1973-11-02,4665.9,16.9048,98.5,0.17162256
1973-11-05,4677,16.9961,98,0.17343008
1973-11-06,4616.6,16.7767,98,0.17119036
1973-11-07,4632.4,16.8341,97.4,0.17283442
1973-11-08,4660.6,16.9322,98,0.17277799
1973-11-09,4649,16.8852,98.5,0.17142327
1973-11-12,4510.3,16.3862,97,0.16892984
1973-11-13,4428.4,15.8050,96.9,0.16310619
1973-11-14,4473.8,15.9403,90,0.17711426
1973-11-15,4444.9,15.8593,91.25,0.17380109
1973-11-16,4388.1,15.6656,90.25,0.17358040
1973-11-19,4450.9,15.8898,90,0.17655366
1973-11-20,4441.9,15.8396,90.5,0.17502324
1973-11-21,4371.5,15.6064,90.25,0.17292376
1973-11-26,4371.7,15.6071,90.25,0.17293167
1973-11-27,4288.8,15.3111,92,0.16642530
1973-11-28,4352.7,15.5565,101.5,0.15326570
1973-11-29,4401.4,15.7131,102,0.15405012
1973-11-30,4461.8,15.9287,101.2,0.15739864
1973-12-03,4510.5,16.1026,100.5,0.16022490
1973-12-04,4447.9,15.8791,105.7,0.15022818
1973-12-05,4434.1,15.8299,105.3,0.15033098
1973-12-06,4336.3,15.4807,106,0.14604438
1973-12-07,4253.8,15.1862,107.5,0.14126676
1973-12-10,4165.1,14.8695,105.8,0.14054363
1973-12-11,4135.9,14.7653,104.4,0.14142980
1973-12-12,4097.1,14.6309,104.3,0.14027740
1973-12-13,4033.1,14.3983,103.9,0.13857817
1973-12-14,4037.9,14.4154,105.2,0.13702860
1973-12-17,4041.4,14.4279,107,0.13484022
1973-12-18,3958.5,14.1319,109.2,0.12941344
1973-12-19,3988.9,14.2405,108.6,0.13112778
1973-12-20,4028.4,14.3815,108.2,0.13291583
1973-12-21,4157.1,14.8410,107,0.13870052
1973-12-24,4028.4,14.3692,108.4,0.13255702
1973-12-26,4256.8,15.1882,109.8,0.13832615
1973-12-27,4234.3,15.0869,112,0.13470480
1973-12-28,4306.8,15.3573,112.3,0.13675241
1974-01-04,4259.2,15.0982,118.8,0.12708916
1974-01-07,4180.7,13.9222,121.8,0.11430385
1974-01-08,4194.2,13.9839,126.8,0.11028336
1974-01-09,4195.2,13.9868,124.3,0.11252452
1974-01-10,4151,13.8399,120.3,0.11504485
1974-01-11,4171.1,13.9027,122.3,0.11367735
1974-01-14,4274.8,14.2441,125,0.11395288
1974-01-16,4314.1,14.3736,126.5,0.11362550
1974-01-17,4316.9,14.3834,128.6,0.11184630
1974-01-18,4369.7,14.5603,130.3,0.11174465
1974-01-21,4352.6,14.2554,140.1,0.10175158
1974-01-22,4371.1,14.3376,137.7,0.10412191
1974-01-23,4453.9,14.6722,134.8,0.10884438
1974-01-24,4488,14.9545,141.3,0.10583522
1974-01-25,4473.9,14.9229,141.2,0.10568661
1974-01-28,4536.9,15.1301,139.8,0.10822647
1974-01-29,4516.1,15.0517,137.8,0.10922830
1974-01-30,4510.6,15.0745,135.8,0.11100535
1974-01-31,4449.9,14.8936,132.8,0.11215036
1974-02-01,4489.9,15.0239,130.8,0.11486181
1974-02-04,4551.9,15.3263,133.8,0.11454606
1974-02-05,4555,15.5096,140.3,0.11054562
1974-02-06,4586.7,15.4107,138.3,0.11142983
1974-02-07,4561.5,15.3684,139.3,0.11032604
1974-02-08,4576.6,15.4453,143.3,0.10778305
1974-02-12,4601.2,15.5693,146.8,0.10605801
1974-02-13,4556.5,15.6114,144.3,0.10818713
1974-02-14,4525.3,15.5221,146.3,0.10609744
1974-02-15,4552.2,15.5280,149.1,0.10414513
1974-02-19,4523.3,15.5922,149.8,0.10408685
1974-02-20,4520.2,15.6408,150.3,0.10406407
1974-02-21,4481.9,15.8876,157,0.10119509
1974-02-22,4460.4,15.8971,163.3,0.09734887
1974-02-25,4453,15.7139,169.8,0.09254348
1974-02-26,4474.2,15.6146,175.3,0.08907344
1974-02-27,4468.4,15.5683,174.3,0.08931872
1974-02-28,4486.6,15.5547,162.8,0.09554489
1974-03-01,4538.7,15.5398,167.8,0.09260887
1974-03-04,4610.7,15.7507,166.3,0.09471252
1974-03-05,4597.2,15.8831,159.3,0.09970549
1974-03-06,4580.6,15.9586,160.3,0.09955465
1974-03-07,4550.8,15.8647,166.3,0.09539830
1974-03-08,4527,15.7636,165.3,0.09536378
1974-03-11,4514.7,15.8017,165.8,0.09530571
1974-03-12,4484,15.9188,163.3,0.09748177
1974-03-13,4456.9,15.7861,164.8,0.09578966
1974-03-14,4465.4,15.7849,164.8,0.09578237
1974-03-15,4486.6,15.8818,164.1,0.09678105
1974-03-18,4446.1,15.7697,164.3,0.09598093
1974-03-19,4420.1,15.7310,169.3,0.09291797
1974-03-20,4405.7,15.7245,176.3,0.08919191
1974-03-22,4403.1,15.9077,177.8,0.08946979
1974-03-25,4389.9,15.9523,177,0.09012571
1974-03-26,4427.9,16.1085,172.5,0.09338251
1974-03-27,4480.1,16.2629,174.3,0.09330400
1974-03-28,4470.3,16.2894,174.8,0.09318879
1974-03-29,4466.1,16.1768,173.3,0.09334583
1974-04-01,4486.3,16.0162,174.4,0.09183605
1974-04-02,4454.5,16.1700,177.3,0.09120112
1974-04-03,4443.9,16.1093,179.8,0.08959543
1974-04-04,4403.6,15.8221,176.5,0.08964349
1974-04-05,4424.1,15.8383,173.5,0.09128678
1974-04-08,4448.4,16.0009,167.3,0.09564174
1974-04-09,4447.9,15.9280,170.3,0.09352919
1974-04-10,4444.8,15.9868,173.5,0.09214273
1974-04-11,4461.9,16.1202,173.8,0.09275123
1974-04-15,4573.5,16.4190,174,0.09436181
1974-04-16,4533.7,16.3719,172.5,0.09490943
1974-04-17,4583,16.5810,170.2,0.09742093
1974-04-18,4600.4,16.6446,170.3,0.09773691
1974-04-19,4613.5,16.6588,172.3,0.09668510
1974-04-22,4608.3,16.6137,175,0.09493526
1974-04-23,4585.2,16.6396,175,0.09508326
1974-04-24,4571.3,16.5477,171,0.09677013
1974-04-25,4554.3,16.3730,169.3,0.09670969
1974-04-26,4576.4,16.3554,169.3,0.09660593
1974-04-30,4632.3,16.5652,169.5,0.09772995
1974-05-01,4614.3,16.5144,169.8,0.09725819
1974-05-02,4684.7,16.7335,169.9,0.09849006
1974-05-07,4680.8,16.7435,163.3,0.10253187
1974-05-08,4706.4,16.9521,158,0.10729151
1974-05-09,4694.3,16.9085,166.5,0.10155240
1974-05-10,4695,16.9116,168,0.10066432
1974-05-13,4704.4,16.9461,166.8,0.10159518
1974-05-14,4684.9,16.8661,166.5,0.10129797
1974-05-15,4666,16.8211,164.7,0.10213165
1974-05-16,4677.3,16.8478,164.3,0.10254321
1974-05-17,4703.9,16.9394,165.8,0.10216763
1974-05-20,4680.5,16.8218,163.2,0.10307481
1974-05-21,4717.9,16.9046,161.3,0.10480212
1974-05-22,4752.3,16.9810,163.3,0.10398647
1974-05-23,4754.2,17.0054,159.8,0.10641678
1974-05-24,4709.6,16.8507,162,0.10401662
1974-05-28,4748.9,17.0010,154.3,0.11018171
1974-05-29,4778.3,17.0818,155.8,0.10963947
1974-05-30,4750.4,16.9120,162.3,0.10420184
1974-05-31,4772.7,16.9287,157,0.10782593
1974-06-03,4771.9,16.8214,155.8,0.10796803
1974-06-04,4747,16.7798,154.7,0.10846659
1974-06-05,4781.4,16.9643,162,0.10471817
1974-06-06,4782.3,16.9627,159.3,0.10648287
1974-06-07,4729.2,16.7316,155.8,0.10739183
1974-06-10,4640.4,16.4454,157.7,0.10428285
1974-06-11,4698.4,16.6468,157.5,0.10569413
1974-06-12,4720.6,16.6812,156.8,0.10638492
1974-06-13,4692.5,16.6112,157.3,0.10560208
1974-06-14,4685.1,16.5815,160.8,0.10311872
1974-06-17,4686,16.5741,157.8,0.10503242
1974-06-18,4688.5,16.5830,155.8,0.10643748
1974-06-19,4709.5,16.6614,153.9,0.10826095
1974-06-20,4705.2,16.6326,152,0.10942509
1974-06-21,4666.7,16.4779,154,0.10699921
1974-06-24,4659.9,16.4312,150.3,0.10932296
1974-06-25,4650.4,16.3833,150,0.10922201
1974-06-26,4671.5,16.4437,146.8,0.11201453
1974-06-27,4643.2,16.3539,144.8,0.11294132
1974-06-28,4602.9,16.1931,144.5,0.11206325
1974-07-01,4622.1,16.1991,143.3,0.11304353
1974-07-02,4599.5,16.0479,137.2,0.11696749
1974-07-03,4573.8,15.9990,136.7,0.11703746
1974-07-05,4626.7,16.1007,134.3,0.11988615
1974-07-08,4562.5,15.8459,141.2,0.11222284
1974-07-09,4507,15.6254,145.7,0.10724388
1974-07-10,4580.5,15.7568,139,0.11335823
1974-07-11,4576.4,15.6737,137.2,0.11423962
1974-07-12,4527.6,15.6567,137.2,0.11411578
1974-07-15,4479.9,15.5100,139,0.11158252
1974-07-16,4525,15.7064,141.3,0.11115606
1974-07-17,4522.1,15.5972,141,0.11061853
1974-07-18,4492.8,15.4737,144.2,0.10730748
1974-07-19,4516.8,15.5371,145.8,0.10656470
1974-07-22,4529.2,15.5493,143.3,0.10850872
1974-07-23,4518.2,15.4347,144.2,0.10703676
1974-07-24,4536.5,15.4919,144.5,0.10721054
1974-07-25,4552.4,15.4875,149.3,0.10373419
1974-07-26,4545,15.3844,149.3,0.10304324
1974-07-29,4498.2,15.0820,157.8,0.09557654
1974-07-30,4465,15.0079,157.3,0.09540940
1974-07-31,4492.4,15.0620,156.2,0.09642783
1974-08-02,4396.1,14.6468,156.8,0.09341092
1974-08-05,4262.9,14.2002,153.9,0.09226900
1974-08-06,4196,13.9523,155.3,0.08984064
1974-08-07,4288.9,14.1960,154.8,0.09170552
1974-08-08,4297.4,14.1941,152.3,0.09319817
1974-08-09,4285.1,14.1619,154.5,0.09166262
1974-08-13,4228.5,14.0095,151.8,0.09228947
1974-08-14,4179.8,13.8180,156.5,0.08829379
1974-08-15,4189.5,13.8377,153.3,0.09026545
1974-08-16,4250.5,14.0313,155.8,0.09005966
1974-08-19,4237.6,13.9809,155.5,0.08990910
1974-08-20,4211.3,13.8932,156.3,0.08888789
1974-08-21,4116.2,13.5629,155.8,0.08705318
1974-08-22,4041.3,13.2999,154.8,0.08591650
1974-08-23,4100.5,13.5281,154.3,0.08767396
1974-08-26,3995,13.1905,154.3,0.08548592
1974-08-27,4017.1,13.2964,153.8,0.08645236
1974-08-28,3973.1,13.1346,154.6,0.08495892
1974-08-29,3987.6,13.1634,155.8,0.08448933
1974-08-30,4069.7,13.4349,156.3,0.08595586
1974-09-03,4094.3,13.5268,158,0.08561283
1974-09-04,4052.7,13.3867,157.2,0.08515734
1974-09-05,4134,13.6630,157.7,0.08663890
1974-09-06,4080.8,13.4836,157.3,0.08571877
1974-09-09,4091.8,13.5271,155.8,0.08682323
1974-09-10,4070.6,13.4454,154.7,0.08691284
1974-09-11,4088.6,13.5344,153.2,0.08834450
1974-09-12,4080,13.5463,154.7,0.08756475
1974-09-13,4035.9,13.4723,153.2,0.08793936
1974-09-17,3965.5,13.3920,148,0.09048637
1974-09-18,3991.3,13.4832,148.2,0.09097983
1974-09-19,4017.3,13.5349,149.8,0.09035328
1974-09-20,4048.4,13.6835,146.3,0.09353041
1974-09-24,4036.6,13.6927,147.8,0.09264325
1974-09-25,4037.6,13.6309,147.5,0.09241268
1974-09-26,4018.4,13.5427,145.7,0.09294944
1974-09-27,3961.4,13.3493,146,0.09143345
1974-09-30,3950,13.2404,151.5,0.08739519
1974-10-01,3584.1,12.0207,156,0.07705594
1974-10-02,3803.9,12.7669,154.3,0.08274081
1974-10-03,3755.1,12.5568,155.9,0.08054370
1974-10-04,3668.2,12.2662,159.3,0.07700048
1974-10-07,3605.8,12.0181,157.8,0.07616053
1974-10-08,3546.9,11.8329,155.3,0.07619357
1974-10-09,3355.1,11.2331,155.9,0.07205319
1974-10-11,3513.2,11.7443,157.2,0.07470950
1974-10-14,3601.9,12.0409,156.3,0.07703679
1974-10-15,3670.6,12.2705,155.3,0.07901165
1974-10-16,3715.2,12.4233,155.2,0.08004730
1974-10-17,3699.5,12.3746,155.2,0.07973302
1974-10-18,3748.7,12.5245,155.5,0.08054323
1974-10-21,3696.6,12.3360,157.3,0.07842327
1974-10-22,3657.1,12.1932,158.2,0.07707445
1974-10-23,3678.5,12.2756,158,0.07769354
1974-10-24,3627.5,12.0945,162.2,0.07456528
1974-10-25,3580.3,11.9407,163.5,0.07303181
1974-10-28,3403.6,11.3412,167.7,0.06762776
1974-10-29,3513.6,11.7140,168.5,0.06951900
1974-10-30,3478.4,11.5966,168.2,0.06894530
1974-10-31,3594.6,11.9840,167.2,0.07167463
1974-11-01,3547.6,11.8061,168,0.07027411
1974-11-05,3558.3,11.8424,169.5,0.06986694
1974-11-06,3778.1,12.5735,178.2,0.07055864
1974-11-07,3642.5,12.1518,177.5,0.06846081
1974-11-08,3648.8,12.1757,183.2,0.06646099
1974-11-11,3732.2,12.4540,182.2,0.06835319
1974-11-12,3773.1,12.5644,180.2,0.06972495
1974-11-13,3775.9,12.5817,185.5,0.06782598
1974-11-14,3795.1,12.6377,188.5,0.06704348
1974-11-15,3755.7,12.5211,187.7,0.06670797
1974-11-18,3738.5,12.4750,190.8,0.06538246
1974-11-19,3707.2,12.3602,188,0.06574584
1974-11-22,3759.9,12.5389,182.5,0.06870604
1974-11-25,3823,12.7348,184,0.06921111
1974-11-26,3860.6,12.8639,186.2,0.06908673
1974-11-27,3929.4,13.1050,184.5,0.07102975
1974-11-29,3927.5,13.0790,185.3,0.07058297
1974-12-02,3974.7,13.2314,186,0.07113633
1974-12-03,3953.7,13.1777,183.2,0.07193058
1974-12-04,3908.2,13.0382,174.5,0.07471747
1974-12-05,3904.9,13.0155,178.7,0.07283417
1974-12-06,3850.2,12.8374,181.1,0.07088583
1974-12-09,3870.5,12.9086,180.7,0.07143637
1974-12-10,3943.4,13.1556,178.2,0.07382508
1974-12-11,3931.3,13.1148,175,0.07494186
1974-12-12,3900.3,12.9997,176,0.07386193
1974-12-13,3886.1,12.9524,180,0.07195762
1974-12-16,3902.2,12.9948,183.2,0.07093216
1974-12-17,3903.1,12.9896,188.7,0.06883704
1974-12-18,3916.6,13.0267,187.2,0.06958694
1974-12-19,3903.5,12.9753,186.5,0.06957285
1974-12-20,3886.5,12.9068,187.7,0.06876300
1974-12-23,3867.7,12.8482,193.2,0.06650218
1974-12-24,3834.2,12.7293,193.9,0.06564892
1974-12-26,3889.9,12.9181,194.5,0.06641700
1974-12-27,3836.9,12.7573,195.2,0.06535527
1975-01-06,3717.6,12.3504,176.8,0.06985532
1975-01-07,3742.6,12.4364,175.8,0.07074156
1975-01-08,3676,12.2220,180.4,0.06774924
1975-01-09,3652.5,12.1406,180.9,0.06711223
1975-01-10,3627,12.0562,183.8,0.06559436
1975-01-13,3657.8,12.1550,181.4,0.06700654
1975-01-14,3721.8,12.3672,181.2,0.06825193
1975-01-15,3741.2,12.4280,180,0.06904443
1975-01-20,3823.3,12.7016,178.9,0.07099816
1975-01-21,3791.6,12.6042,176.3,0.07149300
1975-01-22,3765.9,12.5396,176.9,0.07088538
1975-01-23,3752.2,12.5207,178.9,0.06998708
1975-01-24,3747,12.6875,182.2,0.06963503
1975-01-27,3781,12.8169,179.4,0.07144342
1975-01-28,3842,12.9169,178.6,0.07232302
1975-01-29,3886,13.0688,181.7,0.07192501
1975-01-30,3949.1,13.2609,178.3,0.07437416
1975-01-31,3967.5,13.3151,178,0.07480393
1975-02-03,3998.5,13.4430,178.3,0.07539567
1975-02-04,4003.8,13.4767,177.3,0.07601085
1975-02-05,4037.8,13.5829,176.7,0.07687005
1975-02-06,4038.3,13.5970,176.3,0.07712405
1975-02-07,4036.4,13.6549,177.3,0.07701601
1975-02-10,4092.3,13.9956,175.6,0.07970133
1975-02-12,4094.3,14.0389,176.8,0.07940545
1975-02-13,4120.9,14.0727,185.8,0.07574096
1975-02-14,4107.6,14.0062,184.9,0.07575017
1975-02-18,4084.9,13.9255,185.4,0.07511046
1975-02-19,4063.5,13.9376,185.6,0.07509469
1975-02-20,4095.4,14.0677,187.7,0.07494799
1975-02-21,4105,14.1786,186,0.07622925
1975-02-24,4182.8,14.6313,186.9,0.07828418
1975-02-25,4185.5,14.6362,184.4,0.07937175
1975-02-26,4206.3,14.7264,185.2,0.07951617
1975-02-27,4246.6,14.8545,182.5,0.08139444
1975-02-28,4273.4,14.9185,183,0.08152178
1975-03-03,4320,15.1372,182.6,0.08289803
1975-03-04,4265.8,14.9856,177,0.08466439
1975-03-05,4257.4,14.9262,178.7,0.08352658
1975-03-06,4260.3,14.9108,180.6,0.08256230
1975-03-07,4281,14.9706,178,0.08410464
1975-03-10,4330.1,15.1291,177.2,0.08537867
1975-03-11,4320.9,15.1017,180,0.08389836
1975-03-12,4348,15.1356,178.1,0.08498364
1975-03-13,4301.3,14.8911,179.5,0.08295889
1975-03-14,4260.5,14.7883,178.7,0.08275472
1975-03-17,4273.3,14.9140,179,0.08331827
1975-03-18,4293.4,14.9497,178.6,0.08370484
1975-03-19,4274.4,14.8324,179.2,0.08277007
1975-03-20,4247,14.7881,175.5,0.08426279
1975-03-24,4226.9,14.6885,175.9,0.08350464
1975-03-25,4247.5,14.6455,178.7,0.08195603
1975-03-26,4260.5,14.6646,180.7,0.08115428
1975-03-27,4320.5,14.7927,178.5,0.08287219
1975-03-31,4485,15.2535,179.5,0.08497797
1975-04-01,4478.3,15.3962,179.1,0.08596441
1975-04-02,4492.3,15.4083,178.1,0.08651507
1975-04-03,4494,15.3736,177.1,0.08680725
1975-04-04,4442.9,15.2029,173.8,0.08747362
1975-04-07,4394.7,15.0514,174.1,0.08645246
1975-04-08,4405.1,15.0922,174.5,0.08648803
1975-04-09,4450.9,15.2480,174.5,0.08738126
1975-04-10,4462,15.2918,173.1,0.08834096
1975-04-11,4461.1,15.3244,172.7,0.08873450
1975-04-14,4473.1,15.3562,166.2,0.09239575
1975-04-15,4443.5,15.2724,164.6,0.09278483
1975-04-16,4421.6,15.1747,166.5,0.09113926
1975-04-17,4422.7,15.1603,169.5,0.08944101
1975-04-18,4421.4,15.1527,169,0.08966082
1975-04-21,4398.6,15.0205,165.7,0.09064870
1975-04-22,4355.1,14.8725,166.7,0.08921687
1975-04-23,4372,14.9353,168.8,0.08847906
1975-04-24,4365.3,14.9068,167,0.08926213
1975-04-25,4392,14.9551,166.8,0.08965859
1975-04-28,4474.5,15.1905,166.3,0.09134368
1975-04-30,4484.8,15.3473,166.8,0.09201044
1975-05-01,4504.3,15.4178,165.5,0.09315870
1975-05-02,4548,15.6628,165,0.09492591
1975-05-06,4548.4,15.6099,164.9,0.09466256
1975-05-07,4546.4,15.6126,166.1,0.09399541
1975-05-08,4552.6,15.6243,167.3,0.09339074
1975-05-09,4534.9,15.5598,166.6,0.09339608
1975-05-12,4564.5,15.6705,165.9,0.09445744
1975-05-13,4515.2,15.4922,166.7,0.09293458
1975-05-14,4522.6,15.4990,169.3,0.09154738
1975-05-16,4545,15.5891,166.9,0.09340379
1975-05-19,4511.3,15.4597,168.8,0.09158600
1975-05-20,4518.8,15.4626,168.2,0.09193004
1975-05-21,4504.7,15.4239,172.2,0.08956960
1975-05-22,4521.4,15.4890,173.5,0.08927389
1975-05-23,4473.6,15.3716,174.7,0.08798862
1975-05-27,4457.4,15.3033,174.4,0.08774843
1975-05-28,4459.2,15.3390,172.5,0.08892173
1975-05-29,4423.4,15.1809,170.1,0.08924670
1975-05-30,4407.7,15.1182,169,0.08945658
1975-06-02,4378.5,15.0226,165.2,0.09093611
1975-06-03,4399.9,15.1173,167.5,0.09025274
1975-06-04,4466.6,15.3344,165.9,0.09243150
1975-06-05,4486.8,15.3547,167.4,0.09172468
1975-06-06,4534.7,15.5399,167.2,0.09294202
1975-06-09,4489,15.3833,168.5,0.09129553
1975-06-10,4476,15.3356,167.3,0.09166524
1975-06-11,4490.4,15.3834,167.1,0.09206074
1975-06-12,4473.9,15.2959,166.5,0.09186731
1975-06-13,4468.8,15.2701,165.9,0.09204411
1975-06-16,4506.2,15.3215,164.4,0.09319634
1975-06-17,4510.2,15.3717,166,0.09260039
1975-06-18,4498.2,15.2938,165.4,0.09246528
1975-06-19,4497,15.2902,164.3,0.09306268
1975-06-20,4488.2,15.2696,164.3,0.09293744
1975-06-23,4500.2,15.2694,163.5,0.09339088
1975-06-24,4523.7,15.3174,164.5,0.09311515
1975-06-25,4515.6,15.2040,166.3,0.09142538
1975-06-26,4485,15.1633,166,0.09134516
1975-06-27,4488.1,15.1615,167.9,0.09030063
1975-06-30,4532.5,15.3291,167.8,0.09135323
1975-07-01,4541.3,15.3594,168.1,0.09137034
1975-07-02,4531.4,15.3342,166.3,0.09220787
1975-07-03,4491.4,15.2034,166.4,0.09136682
1975-07-07,4410.6,14.9264,164,0.09101459
1975-07-08,4389.9,14.8463,166.7,0.08905994
1975-07-09,4415.2,14.9182,172.2,0.08663317
1975-07-10,4426.3,14.9472,170.7,0.08756386
1975-07-11,4427.3,14.9510,173,0.08642216
1975-07-14,4427.5,14.9643,172.7,0.08664935
1975-07-15,4432,14.9801,171.5,0.08734728
1975-07-16,4435.2,14.9828,170.9,0.08766982
1975-07-18,4377.4,14.7775,170.8,0.08651950
1975-07-21,4303.3,14.5318,170.6,0.08518050
1975-07-22,4302.3,14.5113,172.2,0.08426983
1975-07-23,4321.4,14.5590,171.5,0.08489208
1975-07-24,4306.8,14.4703,172,0.08412974
1975-07-25,4322.9,14.5719,174.3,0.08360241
1975-07-28,4250.9,14.2739,176.1,0.08105546
1975-07-29,4329.9,14.5616,173.8,0.08378382
1975-07-30,4311.3,14.4952,173.8,0.08340147
1975-07-31,4333,14.5549,173.4,0.08393841
1975-08-01,4292.5,14.4097,173.4,0.08310082
1975-08-04,4305,14.4482,173.1,0.08346764
1975-08-06,4238.9,14.2212,171,0.08316466
1975-08-07,4215.8,14.1484,171.3,0.08259430
1975-08-08,4344.8,14.5980,166.6,0.08762299
1975-08-11,4240.6,14.2402,166.7,0.08542433
1975-08-12,4217.5,14.1498,168.4,0.08402515
1975-08-13,4194.5,14.0764,165,0.08531181
1975-08-14,4205.7,14.1150,163.9,0.08611947
1975-08-15,4229.7,14.1955,166.8,0.08510509
1975-08-18,4238.6,14.2159,166.2,0.08553464
1975-08-19,4224.8,14.1739,166.2,0.08528190
1975-08-20,4103.9,13.7724,167,0.08246947
1975-08-22,4135,13.8777,165.8,0.08370146
1975-08-25,4098.5,13.7501,166,0.08283208
1975-08-26,4051.5,13.5883,165.6,0.08205520
1975-08-27,4036.3,13.5464,166,0.08160512
1975-08-28,4007.1,13.4439,165.5,0.08123225
1975-08-29,4060.5,13.6268,162.8,0.08370242
1975-09-02,4047.8,13.5850,152.8,0.08890736
1975-09-03,4011.3,13.4698,153.7,0.08763681
1975-09-04,3909.5,13.1240,155.2,0.08456167
1975-09-05,3887.9,13.0480,156,0.08364076
1975-09-08,3972.8,13.3320,153,0.08713720
1975-09-09,3947.1,13.2431,151.8,0.08724032
1975-09-10,3969,13.3192,150.4,0.08855877
1975-09-11,4002.9,13.4298,149.6,0.08977170
1975-09-12,4027.8,13.5134,149.7,0.09026978
1975-09-16,4031.8,13.5264,147.7,0.09157991
1975-09-17,4024.9,13.4910,144.3,0.09349261
1975-09-19,3973.7,13.1767,138.4,0.09520743
1975-09-22,3934.2,12.9872,134.8,0.09634391
1975-09-23,3942.3,12.9980,131.2,0.09907029
1975-09-25,3933.3,12.9958,137,0.09485964
1975-09-26,3895,12.9080,139,0.09286357
1975-09-29,3814,12.5783,139.8,0.08997372
1975-09-30,3886.3,12.8320,142.2,0.09023911
1975-10-01,3870.1,12.7908,144.2,0.08870152
1975-10-02,3891,12.8564,143.4,0.08965436
1975-10-03,3981.5,13.1390,139.9,0.09391682
1975-10-06,4101.7,13.5307,142.6,0.09488578
1975-10-07,4100.8,13.5367,143.7,0.09420093
1975-10-08,4149.5,13.6897,139.6,0.09806411
1975-10-09,4201.6,13.8658,141.7,0.09785287
1975-10-13,4180.5,13.7993,143.6,0.09609545
1975-10-14,4213.8,13.9226,142.9,0.09742864
1975-10-15,4235,13.9797,142.9,0.09782831
1975-10-16,4233.1,13.9734,144,0.09703746
1975-10-17,4257.8,14.0628,146.1,0.09625476
1975-10-20,4289.2,14.1801,146.8,0.09659476
1975-10-21,4260.6,14.1496,145.2,0.09744935
1975-10-22,4294.2,14.2395,146.5,0.09719782
1975-10-23,4296.7,14.2346,145.1,0.09810168
1975-10-24,4311.1,14.2913,144.1,0.09917595
1975-10-27,4332.8,14.3680,143,0.10047520
1975-10-28,4300.1,14.2633,143.3,0.09953455
1975-10-29,4360.4,14.4590,144.1,0.10034003
1975-10-30,4322.3,14.3289,143.6,0.09978313
1975-10-31,4352,14.4225,142.8,0.10099815
1975-11-04,4339.5,14.3816,143.3,0.10035999
1975-11-05,4306.9,14.2688,148.4,0.09615106
1975-11-06,4282.3,14.1920,146,0.09720561
1975-11-07,4322.8,14.3262,147.8,0.09692991
1975-11-10,4355,14.4053,146.4,0.09839663
1975-11-11,4335.4,14.3404,146.4,0.09795378
1975-11-12,4337.6,14.3672,155.2,0.09257214
1975-11-13,4309.9,14.2603,144.6,0.09861917
1975-11-14,4313.8,14.2567,141.6,0.10068309
1975-11-17,4312.1,14.2469,140.8,0.10118515
1975-11-18,4318.3,14.2551,141.8,0.10052968
1975-11-19,4282.4,14.1282,144.4,0.09784075
1975-11-20,4307.7,14.2201,152.8,0.09306359
1975-11-21,4287.9,14.1463,152.3,0.09288476
1975-11-25,4245.4,14.0048,151.5,0.09244060
1975-11-26,4301.7,14.1867,150.7,0.09413888
1975-11-28,4329.8,14.2841,147.8,0.09664487
1975-12-01,4306.8,14.1476,147.3,0.09604589
1975-12-02,4305.2,14.1428,148.7,0.09510940
1975-12-03,4331.9,14.2011,147.2,0.09647479
1975-12-05,4310,14.0505,146.6,0.09584263
1975-12-08,4267.5,13.9074,144.4,0.09631196
1975-12-09,4233,13.8243,145.4,0.09507770
1975-12-10,4249.1,13.8823,147,0.09443754
1975-12-11,4249.5,13.8918,147,0.09450200
1975-12-12,4230.2,13.8287,145.9,0.09478206
1975-12-15,4225,13.8067,145.3,0.09502229
1975-12-16,4212.2,13.7865,146.3,0.09423469
1975-12-17,4177.1,13.6676,146.6,0.09323074
1975-12-18,4181.5,13.6820,146.5,0.09339265
1975-12-19,4220.2,13.7879,153.5,0.08982344
1975-12-22,4235,13.8353,151.3,0.09144315
1975-12-23,4222.4,13.7987,149.5,0.09229895
1975-12-24,4258.3,13.9206,149.4,0.09317645
1975-12-26,4342.1,14.1945,149.4,0.09501009
1976-01-05,4403,14.4280,147.1,0.09808310
1976-01-06,4449.7,14.5863,147.5,0.09889024
1976-01-07,4469.1,14.6417,146.6,0.09987548
1976-01-08,4485.7,14.6779,142.7,0.10285815
1976-01-09,4484,14.6536,143.4,0.10218685
1976-01-12,4580.7,15.0103,143.4,0.10467449
1976-01-13,4588.4,15.0316,137.7,0.10916204
1976-01-14,4605.2,15.0812,138.8,0.10865429
1976-01-16,4629.5,15.1658,136.8,0.11086082
1976-01-19,4609.3,15.1547,132.9,0.11403080
1976-01-20,4627,15.2274,129.3,0.11776804
1976-01-21,4617.4,15.1684,129.3,0.11731136
1976-01-22,4568.1,15.0197,131.1,0.11456695
1976-01-23,4582.6,15.0724,133.5,0.11290156
1976-01-26,4639.6,15.2734,131.1,0.11650189
1976-01-27,4660.4,15.3469,131.5,0.11670664
1976-01-28,4637.4,15.2757,133.8,0.11416824
1976-01-29,4626.9,15.2366,133.9,0.11379093
1976-01-30,4656.9,15.3354,134,0.11444326
1976-02-02,4670.3,15.4029,136.6,0.11275883
1976-02-03,4631.4,15.2968,136.2,0.11231101
1976-02-04,4649.7,15.4696,134.6,0.11493022
1976-02-05,4633.9,15.4165,134.6,0.11453587
1976-02-06,4587.7,15.2218,136.5,0.11151506
1976-02-09,4519,15.0253,135.1,0.11121591
1976-02-10,4520.5,15.0348,135.7,0.11079407
1976-02-12,4537.8,15.1194,135.5,0.11158264
1976-02-13,4568.1,15.1885,136,0.11168031
1976-02-17,4540.5,15.0562,134.5,0.11194205
1976-02-18,4506.7,14.9392,134.7,0.11090699
1976-02-19,4461.6,14.7848,134.9,0.10959800
1976-02-20,4489.2,14.8600,136,0.10926456
1976-02-23,4496.3,14.8604,135.8,0.10942830
1976-02-24,4500.5,14.9008,137.9,0.10805539
1976-02-25,4554.3,15.0790,137.6,0.10958551
1976-02-26,4589.4,15.1907,136.3,0.11145013
1976-02-27,4628.8,15.3211,136.5,0.11224223
1976-03-01,4630.5,15.3501,135.9,0.11295116
1976-03-02,4602.7,15.2584,135.3,0.11277466
1976-03-03,4618.4,15.3140,134.9,0.11352122
1976-03-04,4610.3,15.2831,136.1,0.11229317
1976-03-05,4612.6,15.2958,137.8,0.11099997
1976-03-08,4592.5,15.2697,136.7,0.11170190
1976-03-09,4587.4,15.2345,137,0.11120042
1976-03-10,4607.5,15.2926,137.7,0.11105719
1976-03-11,4611.2,15.3038,137.4,0.11138166
1976-03-12,4588.8,15.2533,136.7,0.11158223
1976-03-15,4607.3,15.3240,136.3,0.11242813
1976-03-16,4590.9,15.2745,135.9,0.11239505
1976-03-17,4582.9,15.2789,136.8,0.11168772
1976-03-18,4601.9,15.3422,136.9,0.11206884
1976-03-19,4610.7,15.3859,137.6,0.11181631
1976-03-22,4625.7,15.4267,136.8,0.11276837
1976-03-23,4626.4,15.4337,136.6,0.11298448
1976-03-24,4635.4,15.4637,136.2,0.11353674
1976-03-25,4622.7,15.4265,136.3,0.11318036
1976-03-26,4607.8,15.3809,132.8,0.11581978
1976-03-29,4566.7,15.2386,131.7,0.11570682
1976-03-30,4552.5,15.1821,133.1,0.11406525
1976-03-31,4596.4,15.3433,132.7,0.11562416
1976-04-01,4581.8,15.2977,132.7,0.11527998
1976-04-02,4574.4,15.2837,132.6,0.11526140
1976-04-05,4511.9,15.0743,130.9,0.11515919
1976-04-06,4480,14.9808,131.3,0.11409575
1976-04-07,4522.5,15.1330,131,0.11551916
1976-04-08,4500.5,15.1313,132.4,0.11428468
1976-04-09,4464.3,14.9864,130.5,0.11483835
1976-04-12,4423.1,14.8217,131.6,0.11262711
1976-04-13,4408.2,14.7634,131.7,0.11209862
1976-04-14,4413.2,14.8059,131.3,0.11276404
1976-04-15,4457.7,14.8883,131.3,0.11339132
1976-04-19,4477.4,14.9232,132,0.11305435
1976-04-20,4508.8,15.0539,132.1,0.11395853
1976-04-21,4535.8,15.1395,131,0.11556885
1976-04-22,4553,15.1929,131.1,0.11588766
1976-04-23,4573.3,15.2565,131.1,0.11637329
1976-04-26,4566,15.2281,131.9,0.11545202
1976-04-27,4614.9,15.4185,132.8,0.11610288
1976-04-28,4641.8,15.5130,132.1,0.11743377
1976-04-30,4657,15.5737,132.5,0.11753727
1976-05-04,4638.1,15.5698,131.8,0.11813233
1976-05-06,4581.8,15.3633,132.7,0.11577476
1976-05-07,4614.8,15.4584,132.3,0.11684363
1976-05-10,4631.1,15.5198,132.1,0.11748503
1976-05-11,4625.9,15.5023,131.9,0.11753105
1976-05-12,4615.1,15.4506,131.8,0.11722776
1976-05-13,4648,15.5472,131.2,0.11850023
1976-05-14,4633.2,15.5065,131.1,0.11828027
1976-05-17,4630.6,15.4704,130.7,0.11836572
1976-05-18,4573.3,15.2882,130.5,0.11715065
1976-05-19,4587.8,15.3320,128.6,0.11922254
1976-05-20,4602.6,15.3722,128.8,0.11934963
1976-05-21,4581.7,15.2943,129.1,0.11846828
1976-05-24,4589.9,15.3206,128.5,0.11922650
1976-05-25,4569.1,15.2512,128.1,0.11905680
1976-05-26,4586.1,15.3003,130.7,0.11706397
1976-05-27,4570.7,15.2519,130.8,0.11660501
1976-05-28,4608.9,15.3615,130.1,0.11807428
1976-06-01,4686,15.6008,132.9,0.11738720
1976-06-02,4706.5,15.6737,134.4,0.11661983
1976-06-03,4727.7,15.7328,132.5,0.11873795
1976-06-04,4717.3,15.7039,131,0.11987724
1976-06-07,4733.9,15.7644,132,0.11942748
1976-06-08,4700,15.6594,131.9,0.11872145
1976-06-09,4705.8,15.6897,131.2,0.11958583
1976-06-10,4689.4,15.6350,131,0.11935100
1976-06-11,4688.5,15.6262,130,0.12020192
1976-06-14,4707,15.6937,130.3,0.12044253
1976-06-15,4737.3,15.8031,130.1,0.12146899
1976-06-16,4753.4,15.8526,129.4,0.12250845
1976-06-17,4737.3,15.7899,130,0.12146113
1976-06-18,4696.3,15.6904,130.1,0.12060278
1976-06-21,4739.3,15.8341,130.2,0.12161356
1976-06-22,4700.8,15.7102,128.9,0.12187882
1976-06-23,4703.1,15.8444,128.3,0.12349511
1976-06-24,4708.5,15.8386,128.3,0.12344975
1976-06-25,4725.4,15.8666,128.1,0.12386129
1976-06-28,4794.7,16.1967,126.2,0.12834128
1976-06-29,4823.9,16.2421,126.3,0.12859927
1976-06-30,4852.1,16.2833,126,0.12923260
1976-07-01,4865.5,16.3866,125.8,0.13025889
1976-07-02,4853.6,16.3322,126.3,0.12931266
1976-07-06,4843.3,16.3426,126.6,0.12908866
1976-07-07,4854.5,16.3644,126.4,0.12946521
1976-07-08,4814.2,16.2373,126.2,0.12866331
1976-07-09,4839,16.3078,125.5,0.12994227
1976-07-12,4808,16.2219,124.7,0.13008717
1976-07-13,4775.4,16.1927,125.6,0.12892306
1976-07-14,4746.4,16.2187,125.7,0.12902698
1976-07-15,4695.6,16.0166,120,0.13347205
1976-07-16,4708.4,16.0133,120.1,0.13333332
1976-07-19,4688.4,15.9632,114.6,0.13929518
1976-07-20,4706.8,16.0450,110.9,0.14467987
1976-07-21,4697.1,15.9983,114.8,0.13935799
1976-07-22,4705.2,16.0215,113,0.14178336
1976-07-23,4721.4,16.0625,113.3,0.14176930
1976-07-26,4667.1,15.9015,114.3,0.13912103
1976-07-27,4679.5,15.9248,115.4,0.13799646
1976-07-28,4678.2,15.9394,115.2,0.13836244
1976-07-29,4646.6,15.8268,113.7,0.13919818
1976-07-30,4641.8,15.8277,114.2,0.13859663
1976-08-02,4640.9,15.8441,113.3,0.13984215
1976-08-03,4651.6,15.8801,113.9,0.13942146
1976-08-04,4693.9,16.0300,114.3,0.14024483
1976-08-05,4707.9,16.0679,113.3,0.14181746
1976-08-06,4717.9,16.1015,113.8,0.14148944
1976-08-09,4711.9,16.1008,113.6,0.14173242
1976-08-10,4725.9,16.1387,114.7,0.14070371
1976-08-11,4743.9,16.2157,114.5,0.14162174
1976-08-12,4730.8,16.1659,113.9,0.14193097
1976-08-13,4736.9,16.2724,114.5,0.14211716
1976-08-16,4722.8,16.2659,114,0.14268321
1976-08-17,4729.9,16.4313,112.2,0.14644609
1976-08-18,4732.6,16.4172,108.8,0.15089382
1976-08-19,4734,16.3937,108.9,0.15053875
1976-08-20,4716.9,16.3023,108.6,0.15011302
1976-08-23,4696.6,16.2080,104.5,0.15510074
1976-08-24,4697.3,16.2858,103.4,0.15750246
1976-08-25,4695,16.2535,106.1,0.15319084
1976-08-26,4682.3,16.2062,104.9,0.15449205
1976-08-27,4689.6,16.2506,103.1,0.15761985
1976-08-30,4696.8,16.2648,102.8,0.15821836
1976-08-31,4738.1,16.3744,103.2,0.15866679
1976-09-01,4786.1,16.5655,105.4,0.15716779
1976-09-02,4781.8,16.5638,105.4,0.15715169
1976-09-03,4764.8,16.5582,108,0.15331706
1976-09-07,4700.8,16.3347,111.8,0.14610644
1976-09-08,4699.4,16.3401,112.4,0.14537416
1976-09-09,4676.6,16.3500,113.9,0.14354726
1976-09-10,4707.7,16.4071,118.4,0.13857380
1976-09-13,4729.7,16.5011,114.7,0.14386281
1976-09-14,4702.8,16.4135,110.8,0.14813641
1976-09-16,4710.9,16.4309,114,0.14413060
1976-09-17,4722.9,16.4412,117.5,0.13992513
1976-09-20,4726.5,16.4618,115,0.14314572
1976-09-21,4738.6,16.4518,119.1,0.13813399
1976-09-22,4744.5,16.5262,118.5,0.13946140
1976-09-24,4730.6,16.4343,118.6,0.13856875
1976-09-27,4722,16.4192,117.7,0.13950049
1976-09-28,4781.8,16.6300,116.2,0.14311561
1976-09-29,4834.1,16.7985,116.1,0.14468979
1976-09-30,4830.4,16.8383,116.1,0.14503264
1976-10-01,4815.5,16.7717,116,0.14458391
1976-10-04,4835.2,16.8321,114.2,0.14739175
1976-10-05,4829.9,16.8026,114.5,0.14674737
1976-10-06,4825.3,16.7539,116.6,0.14368724
1976-10-07,4800.6,16.6635,115.5,0.14427310
1976-10-08,4778.8,16.5482,114,0.14515998
1976-10-12,4658.2,16.0705,114.7,0.14010913
1976-10-13,4704.5,16.2029,115,0.14089442
1976-10-14,4703.3,16.0912,114.9,0.14004535
1976-10-15,4697.1,16.0311,117,0.13701759
1976-10-18,4684.4,16.0167,116.9,0.13701185
1976-10-19,4645.3,15.8955,115.3,0.13786207
1976-10-20,4627,15.8388,114.9,0.13784890
1976-10-21,4637.9,15.8425,116.3,0.13622122
1976-10-22,4618.8,15.7263,115.8,0.13580528
1976-10-25,4615.5,15.7338,116.9,0.13459166
1976-10-26,4618.5,15.7215,118.4,0.13278279
1976-10-27,4633.2,15.8033,120,0.13169384
1976-10-28,4641,15.8067,125.8,0.12564930
1976-10-29,4646.3,15.7833,123.8,0.12749064
1976-11-01,4645.5,15.7017,123.7,0.12693358
1976-11-04,4575.7,15.4946,126,0.12297274
1976-11-05,4522.1,15.3302,128,0.11976712
1976-11-08,4528.6,15.4149,133,0.11590178
1976-11-09,4558.5,15.4893,133.2,0.11628601
1976-11-10,4598.9,15.6223,137.1,0.11394839
1976-11-11,4586.9,15.5816,135.8,0.11473904
1976-11-12,4565.4,15.4948,136.9,0.11318365
1976-11-15,4553.1,15.4489,135.9,0.11367844
1976-11-16,4518.7,15.3098,133.3,0.11485253
1976-11-17,4514.2,15.2982,136.9,0.11174744
1976-11-18,4459.9,15.1101,128.6,0.11749697
1976-11-19,4451.6,15.0682,130.8,0.11520035
1976-11-22,4478.1,15.1764,138.3,0.10973535
1976-11-24,4534.2,15.3488,136.1,0.11277617
1976-11-26,4571.3,15.4687,132.6,0.11665660
1976-11-29,4541.6,15.3604,133.4,0.11514519
1976-11-30,4506.6,15.1691,132.6,0.11439774
1976-12-01,4504.8,15.1713,132.2,0.11475985
1976-12-02,4496.5,15.1489,132.1,0.11467761
1976-12-03,4542.9,15.2508,133.3,0.11440939
1976-12-06,4585.9,15.4631,136,0.11369947
1976-12-07,4650.6,15.6913,140.8,0.11144419
1976-12-08,4717.6,15.9228,138.1,0.11529888
1976-12-09,4765.6,16.1120,138.6,0.11624802
1976-12-10,4765.3,16.1640,143.7,0.11248413
1976-12-13,4751.4,16.1223,140.9,0.11442363
1976-12-14,4731,16.0194,139,0.11524725
1976-12-15,4764,16.1650,138,0.11713800
1976-12-16,4765.1,16.1245,139.3,0.11575347
1976-12-17,4793.8,16.2695,133.9,0.12150465
1976-12-20,4820.1,16.4172,134.2,0.12233409
1976-12-21,4863.5,16.5470,137,0.12078116
1976-12-22,4911.8,16.7148,136.2,0.12272219
1976-12-23,4909.5,16.7308,135.7,0.12329291
1976-12-27,4973.7,17.0152,138.5,0.12285311
1976-12-28,4990.8,17.0848,136.5,0.12516307
1977-01-04,4988.8,17.1007,138.6,0.12338199
1977-01-05,4983.5,17.0481,137.8,0.12371624
1977-01-06,4950.7,16.9018,140.8,0.12004104
1977-01-07,4960.2,16.9383,138.8,0.12203357
1977-01-10,5008.2,17.1232,127.6,0.13419453
1977-01-11,4937.1,16.8801,130.7,0.12915171
1977-01-12,4928.1,16.8540,131.7,0.12797242
1977-01-13,4958,16.9470,132.3,0.12809487
1977-01-14,4994.8,17.1020,136.9,0.12492305
1977-01-17,4983,17.0809,138.1,0.12368474
1977-01-18,4942.8,16.9733,132.5,0.12810051
1977-01-19,4989.5,17.2283,138.7,0.12421299
1977-01-20,4992.3,17.1988,138.7,0.12400011
1977-01-21,5011.9,17.2556,133.4,0.12935261
1977-01-24,5054.1,17.4213,138.5,0.12578573
1977-01-25,5044.5,17.4393,140.3,0.12430027
1977-01-26,5073,17.6042,132.7,0.13266158
1977-01-27,5046,17.4542,132.2,0.13202850
1977-01-28,5041,17.4116,132.9,0.13101262
1977-01-31,4962.5,17.2058,138.8,0.12396117
1977-02-01,5008.3,17.3881,136,0.12785382
1977-02-02,5072,17.5940,138.7,0.12684936
1977-02-03,5046.6,17.5016,137.2,0.12756303
1977-02-04,5065.3,17.5824,138.7,0.12676534
1977-02-07,5078.8,17.6384,136.4,0.12931376
1977-02-08,5086.7,17.7175,140.6,0.12601366
1977-02-09,5068.1,17.7237,137.1,0.12927591
1977-02-10,5053.5,17.6931,141.2,0.12530516
1977-02-14,4979,17.6755,141.4,0.12500324
1977-02-15,4987.8,17.5670,141.1,0.12450040
1977-02-16,5014.2,17.6706,142.1,0.12435304
1977-02-17,5056.5,17.8694,142.6,0.12531126
1977-02-18,5037.9,17.7729,143.2,0.12411228
1977-02-22,5024.6,17.7310,141,0.12575150
1977-02-23,5037.9,17.7729,142,0.12516111
1977-02-24,5041.7,17.7813,143.4,0.12399767
1977-02-25,5050.8,17.9094,143.6,0.12471705
1977-02-28,5079.1,17.9600,146,0.12301399
1977-03-01,5073.6,17.9596,145,0.12385963
1977-03-02,5057.6,17.9647,148.9,0.12064938
1977-03-03,5056.9,17.9775,147.5,0.12188157
1977-03-04,5059.8,17.9362,149.7,0.11981425
1977-03-07,5034.5,17.8579,149.7,0.11929127
1977-03-08,5009.5,17.7591,149.6,0.11871087
1977-03-09,5011.1,17.7485,149.5,0.11871879
1977-03-10,5011.5,17.7700,148.3,0.11982479
1977-03-11,5010.6,17.7668,147.7,0.12028995
1977-03-14,4962.6,17.6467,147.2,0.11988235
1977-03-15,4997,17.7494,149.6,0.11864599
1977-03-16,4998.6,17.7343,150.7,0.11767974
1977-03-17,4988.8,17.7102,151.8,0.11666831
1977-03-18,5013.7,17.8538,152.6,0.11699728
1977-03-22,4989.1,17.8859,152.6,0.11720790
1977-03-23,4978.3,17.9573,155.5,0.11548098
1977-03-24,4961.8,17.8174,154.6,0.11524863
1977-03-25,4975.6,17.8766,154.8,0.11548205
1977-03-28,4978.2,17.9822,151.5,0.11869457
1977-03-29,4988,18.0326,150.2,0.12005732
1977-03-30,5011.8,18.0768,151.5,0.11931898
1977-03-31,5036.4,18.1459,151,0.12017165
1977-04-01,5001.2,18.1091,152.2,0.11898249
1977-04-04,4970.6,18.0973,151.1,0.11977024
1977-04-05,4879.5,17.8743,147.7,0.12101748
1977-04-06,4893.3,17.9104,149,0.12020402
1977-04-07,4870.2,17.8004,149.5,0.11906648
1977-04-11,4926.5,18.1589,150.7,0.12049678
1977-04-12,4969,18.3554,151.3,0.12131815
1977-04-13,5011.6,18.3871,153.8,0.11955230
1977-04-14,5021.1,18.3667,153.3,0.11980915
1977-04-15,5037.7,18.3985,152.7,0.12048805
1977-04-18,5034.8,18.2871,152.3,0.12007278
1977-04-19,5075.4,18.4018,151.1,0.12178556
1977-04-20,5118.4,18.3593,149.2,0.12305187
1977-04-21,5157.1,18.6278,150,0.12418518
1977-04-22,5143.3,18.5164,150.1,0.12336042
1977-04-25,5102.9,18.3551,148.3,0.12377003
1977-04-26,5092.9,18.2994,146.7,0.12474014
1977-04-27,5092,18.3152,146.9,0.12467821
1977-04-28,5099,18.4013,146.2,0.12586388
1977-05-02,5132.9,18.4637,149.6,0.12342025
1977-05-04,5141.9,18.5836,148,0.12556496
1977-05-06,5140.3,18.5664,148.5,0.12502642
1977-05-09,5124.2,18.4317,148.2,0.12437052
1977-05-10,5088.5,18.3383,148,0.12390715
1977-05-11,5079.6,18.2765,147.5,0.12390878
1977-05-12,5048.9,18.1609,148,0.12270850
1977-05-13,5049.3,18.1878,148.3,0.12264201
1977-05-16,5044.5,18.1666,148.5,0.12233397
1977-05-17,5036.8,18.1474,147.5,0.12303295
1977-05-18,5032.8,18.1428,146.8,0.12358824
1977-05-19,5024.4,18.1406,151.5,0.11973989
1977-05-20,5027.7,18.1342,151.4,0.11977658
1977-05-23,5027.6,18.1142,149.5,0.12116531
1977-05-24,5023.8,18.0849,148.2,0.12203026
1977-05-25,5022.2,18.1045,148.3,0.12208053
1977-05-26,4989.3,18.0041,146.6,0.12281114
1977-05-27,4980.7,17.9627,148.1,0.12128771
1977-05-31,5026.1,18.1264,147.1,0.12322531
1977-06-01,5014.5,18.0827,147.9,0.12226269
1977-06-02,4982.2,18.0162,146.4,0.12306148
1977-06-03,4991.7,18.0669,146.4,0.12340769
1977-06-06,5012,18.2142,147.1,0.12382185
1977-06-07,4965.4,18.0193,146.4,0.12308269
1977-06-08,4964.8,18.0926,145.5,0.12434801
1977-06-09,4965.3,18.1381,143.4,0.12648593
1977-06-10,4927.5,18.0059,142.1,0.12671302
1977-06-13,4926.4,18.1244,141.1,0.12845092
1977-06-14,4813.6,17.6750,140.1,0.12615964
1977-06-15,4913.5,18.0133,142.9,0.12605560
1977-06-16,4920.2,18.0598,142.7,0.12655751
1977-06-17,4992,18.3065,143.1,0.12792804
1977-06-20,4973.9,18.2334,143.5,0.12706230
1977-06-21,4956.6,18.1927,144.2,0.12616294
1977-06-22,4935.2,18.1608,143.2,0.12682130
1977-06-23,4980.5,18.3241,144.1,0.12716263
1977-06-24,4977.2,18.2992,144.3,0.12681360
1977-06-27,4999.5,18.4157,147,0.12527702
1977-06-28,5006.8,18.4841,145.5,0.12703879
1977-06-29,4989.1,18.6536,146.2,0.12758981
1977-06-30,4975.9,18.5952,146.1,0.12727747
1977-07-01,4978.4,18.6373,144.4,0.12906729
1977-07-05,4942.5,18.6587,143.1,0.13038916
1977-07-06,4972.5,18.7373,143.6,0.13048247
1977-07-07,4985.4,18.8342,144.3,0.13052080
1977-07-08,5038.6,19.0301,144.7,0.13151418
1977-07-11,5079.3,19.3071,143.9,0.13416994
1977-07-12,5057.9,19.1239,145.9,0.13107568
1977-07-13,5054.5,19.1270,147.5,0.12967455
1977-07-15,5025.1,18.9405,147.2,0.12867177
1977-07-18,5001,18.9439,148.3,0.12774039
1977-07-19,4954.1,18.7464,147.7,0.12692185
1977-07-20,4963.4,18.7425,147.3,0.12724061
1977-07-21,4970.5,18.7743,146.6,0.12806491
1977-07-22,4950.3,18.7334,147.7,0.12683410
1977-07-25,4936.4,18.6737,149.7,0.12474100
1977-07-26,4916.6,18.5939,149.1,0.12470760
1977-07-27,4903.9,18.5228,147.8,0.12532312
1977-07-28,4849.4,18.2329,146.4,0.12454155
1977-07-29,4898.1,18.3573,147.1,0.12479483
1977-08-01,4970.7,18.6078,148.2,0.12555866
1977-08-02,5011.7,18.8049,148.3,0.12680326
1977-08-03,5059.1,19.0507,149.1,0.12777120
1977-08-04,5061.3,19.0611,148.6,0.12827135
1977-08-05,5074.8,19.0882,149.2,0.12793728
1977-08-08,5076,19.0648,149.3,0.12769450
1977-08-09,5066.6,19.0509,148.5,0.12828922
1977-08-10,5092.8,19.1415,148.6,0.12881256
1977-08-11,5133.9,19.3033,148.6,0.12990093
1977-08-12,5160.2,19.3716,146,0.13268202
1977-08-15,5202,19.4162,144.7,0.13418275
1977-08-16,5231.6,19.5442,145.9,0.13395635
1977-08-17,5216,19.5554,146.4,0.13357483
1977-08-18,5220.2,19.5696,147,0.13312677
1977-08-19,5220.1,19.5305,146.8,0.13304125
1977-08-22,5165,19.3656,146.2,0.13245967
1977-08-23,5188.6,19.4504,146.4,0.13285821
1977-08-24,5150.2,19.3457,146.9,0.13169268
1977-08-25,5180.3,19.3786,146.4,0.13236781
1977-08-26,5190.8,19.4339,148.6,0.13078008
1977-08-29,5234.2,19.5986,148.1,0.13233361
1977-08-30,5242.9,19.6070,148.5,0.13203337
1977-08-31,5243.4,19.6015,148.1,0.13235311
1977-09-02,5246.5,19.5780,150.8,0.12982728
1977-09-06,5270.7,19.6984,149.3,0.13193836
1977-09-07,5280.3,19.7920,150.6,0.13142079
1977-09-08,5251.3,19.6759,149.4,0.13169944
1977-09-09,5199.7,19.4877,150.4,0.12957227
1977-09-12,5203.1,19.5114,150.3,0.12981624
1977-09-13,5201.9,19.4945,150,0.12996302
1977-09-14,5206.3,19.4905,150.4,0.12959103
1977-09-16,5207.5,19.4972,151.5,0.12869421
1977-09-19,5177.7,19.3979,152,0.12761807
1977-09-20,5196,19.4694,153.5,0.12683664
1977-09-21,5188.4,19.4395,154,0.12623046
1977-09-22,5157.3,19.3288,154.1,0.12542999
1977-09-26,5159.8,19.3468,155.9,0.12409770
1977-09-27,5185,19.4464,155.3,0.12521844
1977-09-28,5222.4,19.5845,155.6,0.12586433
1977-09-29,5264.7,19.8585,156,0.12729839
1977-09-30,5264.4,19.9636,156.4,0.12764447
1977-10-03,5262.3,20.1845,157.8,0.12791189
1977-10-04,5223.1,20.0249,157.8,0.12690064
1977-10-05,5246.4,20.0935,156.8,0.12814701
1977-10-06,5237.4,20.2560,155.5,0.13026388
1977-10-07,5231.6,20.3082,157.3,0.12910501
1977-10-11,5138,19.9302,160.2,0.12440811
1977-10-12,5188.4,20.2040,160,0.12627531
1977-10-13,5152.8,20.2094,159.5,0.12670493
1977-10-14,5125.2,20.2585,162.1,0.12497537
1977-10-17,5108.3,20.2285,164.1,0.12326927
1977-10-18,5110.8,20.2641,162.6,0.12462525
1977-10-19,5142.6,20.2107,160.2,0.12615887
1977-10-20,5150,20.2596,162.5,0.12467470
1977-10-21,5137.4,20.2013,164.3,0.12295392
1977-10-24,5134.1,20.3783,166.6,0.12231852
1977-10-25,5127.5,20.3214,166.5,0.12205055
1977-10-26,5121.5,20.3557,164.1,0.12404463
1977-10-27,5120.2,20.4546,161.7,0.12649733
1977-10-28,5069.4,20.2363,162,0.12491554
1977-10-31,5079.6,20.3894,162.7,0.12531872
1977-11-01,5021,20.3502,163.6,0.12438986
1977-11-02,5024.8,20.2352,163.4,0.12383831
1977-11-04,5030.5,20.2020,168.3,0.12003565
1977-11-07,5024.3,20.2023,166.2,0.12155386
1977-11-08,4976.4,20.0097,167.5,0.11946060
1977-11-09,4974.6,20.1327,168.2,0.11969527
1977-11-10,4941.2,20.0723,168.7,0.11898226
1977-11-11,4950.8,20.1113,168.9,0.11907226
1977-11-14,4996.3,20.3839,164.3,0.12406518
1977-11-15,4951.8,20.1892,163.5,0.12348122
1977-11-16,4903.5,19.9939,158.4,0.12622401
1977-11-17,4836.5,19.7086,160.6,0.12271880
1977-11-18,4853.4,19.9326,161.5,0.12342196
1977-11-21,4829.2,19.8904,155.2,0.12816005
1977-11-22,4723.7,19.6289,155.9,0.12590713
1977-11-25,4647.8,19.3666,161.8,0.11969493
1977-11-28,4822.5,20.0728,163,0.12314626
1977-11-29,4849.5,19.9027,162.8,0.12225266
1977-11-30,4936.9,20.2324,162.3,0.12466031
1977-12-01,4913.1,20.2119,159.6,0.12664075
1977-12-02,4945.7,20.3946,160.1,0.12738688
1977-12-05,4904.4,20.2653,161.7,0.12532640
1977-12-06,4886.7,20.2264,161.8,0.12500870
1977-12-07,4815.9,19.9474,163.6,0.12192785
1977-12-08,4843.3,20.0368,162,0.12368407
1977-12-09,4833.3,19.9418,160,0.12463640
1977-12-12,4808.9,19.8896,157.2,0.12652398
1977-12-13,4778.5,19.8657,159.5,0.12454996
1977-12-14,4808.9,20.2216,161.5,0.12521118
1977-12-15,4797,20.0611,161.5,0.12421707
1977-12-16,4880.4,20.2860,161.6,0.12553203
1977-12-19,4910.5,20.3738,160.8,0.12670291
1977-12-20,4901.2,20.3784,161.5,0.12618181
1977-12-21,4896.5,20.3690,161.2,0.12635846
1977-12-22,4878.9,20.1991,162.9,0.12399717
1977-12-23,4821.8,19.9520,164.7,0.12114147
1977-12-27,4863,20.1467,166.2,0.12121935
1977-12-28,4865.6,20.2354,166.2,0.12175326
1978-01-04,4867.9,20.5042,168,0.12204876
1978-01-05,4941.1,20.4957,170.8,0.11999816
1978-01-06,4974.6,20.6947,171.3,0.12080989
1978-01-09,4994.7,20.6846,173.3,0.11935694
1978-01-10,4968.4,20.5748,172.8,0.11906706
1978-01-11,5007.2,20.8191,175,0.11896624
1978-01-12,4995.8,20.6780,172.6,0.11980290
1978-01-13,5030.8,20.8323,175.5,0.11870275
1978-01-17,5038.5,20.8202,179,0.11631423
1978-01-18,5063.1,20.8857,177.3,0.11779838
1978-01-19,5096.1,21.0478,178.7,0.11778303
1978-01-20,5044.1,20.8563,178.7,0.11671134
1978-01-23,5046.2,20.8987,182,0.11482802
1978-01-24,5025.9,20.7974,182,0.11427144
1978-01-25,5007.2,20.7552,181.9,0.11410244
1978-01-26,5021.5,20.8733,181.4,0.11506804
1978-01-27,5028.4,20.8327,180,0.11573748
1978-01-30,5077.5,21.0014,179.3,0.11712975
1978-01-31,5111.7,21.1577,181.5,0.11657134
1978-02-01,5188.4,21.4761,180.5,0.11898091
1978-02-02,5126.4,21.2010,178.6,0.11870657
1978-02-03,5129,21.2082,179.1,0.11841562
1978-02-06,5133,21.2873,179.9,0.11832836
1978-02-07,5431.3,22.4964,179.9,0.12504934
1978-02-08,5444.6,22.5449,178.2,0.12651474
1978-02-09,5444.5,22.5398,178.8,0.12606178
1978-02-10,5458.3,22.5942,180.5,0.12517547
1978-02-14,5436.2,22.5859,181.8,0.12423487
1978-02-15,5424.6,22.5405,184.6,0.12210462
1978-02-16,5432,22.6192,185.2,0.12213389
1978-02-17,5086.3,21.2097,183.9,0.11533283
1978-02-21,5061.8,21.2324,185.7,0.11433701
1978-02-22,5085.4,21.2930,184.7,0.11528408
1978-02-23,5104.3,21.4340,187.3,0.11443689
1978-02-24,5121.8,21.3213,184.2,0.11575075
1978-02-27,5222.1,21.8279,185.3,0.11779747
1978-02-28,5222.7,21.9358,187.1,0.11724117
1978-03-01,5210.5,21.8690,186.7,0.11713426
1978-03-02,5213.9,21.8695,187.7,0.11651289
1978-03-03,5237.9,22.0971,187.3,0.11797712
1978-03-07,5209.2,22.1132,192,0.11517277
1978-03-08,5190.6,22.1433,193.5,0.11443542
1978-03-09,5177.5,22.0300,190.8,0.11546143
1978-03-10,5211.7,22.0938,191.6,0.11531197
1978-03-13,5275.5,22.5410,192.2,0.11727897
1978-03-14,5269.2,22.6088,188.9,0.11968645
1978-03-15,5278.9,22.6504,186.3,0.12158020
1978-03-16,5297.7,22.4831,188.3,0.11940059
1978-03-17,5290.6,22.9030,184.5,0.12413567
1978-03-20,5269.7,22.7968,178.5,0.12771296
1978-03-22,5273.6,22.8939,182.9,0.12517144
1978-03-23,5266.8,22.8961,183.4,0.12484266
1978-03-27,5317.1,23.6064,185.8,0.12705261
1978-03-28,5360.3,23.8214,185.1,0.12869497
1978-03-29,5400.7,24.2968,181.7,0.13371950
1978-03-30,5411.3,24.3336,182.9,0.13304305
1978-03-31,5469.8,23.7921,186.2,0.12777703
1978-04-03,5430.3,24.8697,179.8,0.13831871
1978-04-04,5479.7,24.9861,179.2,0.13943132
1978-04-05,5527.5,25.2455,180.4,0.13994174
1978-04-06,5498.2,25.1473,182.5,0.13779328
1978-04-07,5485.2,24.9180,179.5,0.13881896
1978-04-10,5464.8,24.8581,180.5,0.13771789
1978-04-11,5449.8,24.8464,182,0.13651845
1978-04-12,5464.6,24.9856,181.2,0.13788961
1978-04-13,5466.1,24.9184,179.6,0.13874387
1978-04-14,5503.5,25.0855,178.3,0.14069245
1978-04-17,5544.6,25.1353,173,0.14529086
1978-04-18,5534.7,24.9840,174.6,0.14309264
1978-04-19,5555.8,25.0385,174.3,0.14365194
1978-04-20,5548.5,24.4686,171.4,0.14275730
1978-04-21,5502.3,24.3572,171.5,0.14202471
1978-04-24,5514.8,24.1771,168.4,0.14356957
1978-04-25,5521.7,24.2637,168.4,0.14408398
1978-04-26,5540.2,24.5554,169.4,0.14495541
1978-04-27,5516.8,24.8258,171.7,0.14458852
1978-04-28,5534.2,24.5986,170.6,0.14418893
1978-05-01,5532.9,24.5057,169.8,0.14432105
1978-05-02,5541.1,24.5095,170.7,0.14358211
1978-05-04,5542.1,24.6568,174.1,0.14162413
1978-05-08,5526.6,24.5496,172.6,0.14223391
1978-05-09,5490.2,24.3587,172.8,0.14096451
1978-05-10,5486.1,24.3913,174.9,0.13945877
1978-05-11,5489.3,24.3720,174.4,0.13974756
1978-05-12,5498,24.3662,174.4,0.13971472
1978-05-15,5499.5,24.3093,176.6,0.13765193
1978-05-16,5418.8,23.7240,177.6,0.13358111
1978-05-17,5440.1,23.8643,177.2,0.13467423
1978-05-18,5406.9,23.7624,179,0.13275092
1978-05-19,5404.2,23.7016,178.6,0.13270768
1978-05-22,5408.2,23.6352,179.9,0.13137950
1978-05-23,5417.5,23.6531,181.8,0.13010492
1978-05-24,5455.3,23.8849,179.4,0.13313741
1978-05-25,5455.9,24.1583,188.3,0.12829662
1978-05-26,5439.4,24.1023,188.2,0.12806732
1978-05-30,5438.5,24.1657,192.4,0.12560156
1978-06-01,5476.2,24.7210,192.5,0.12842087
1978-06-02,5480.5,24.7706,190.9,0.12975705
1978-06-05,5495.3,24.8679,189.6,0.13115961
1978-06-06,5489.8,24.8407,189.9,0.13080950
1978-06-07,5490.4,24.8457,188.2,0.13201747
1978-06-08,5504.7,24.9194,189.5,0.13150090
1978-06-09,5500.6,24.9347,189,0.13192975
1978-06-12,5512,25.2844,188.8,0.13392163
1978-06-13,5493.6,25.3243,191.1,0.13251857
1978-06-14,5502.1,25.5460,190.6,0.13402944
1978-06-15,5495.9,25.4240,191.5,0.13276226
1978-06-16,5491.5,25.4366,193.5,0.13145512
1978-06-19,5477.3,25.6548,194.3,0.13203706
1978-06-20,5474.8,25.9285,193.8,0.13378992
1978-06-21,5478.8,26.0090,193.7,0.13427475
1978-06-22,5463.8,25.8813,194,0.13340873
1978-06-23,5481.3,26.4197,193.4,0.13660664
1978-06-27,5472.1,26.5726,192.4,0.13811134
1978-06-28,5501,26.7078,191.9,0.13917547
1978-06-29,5533.3,26.9641,189.5,0.14229069
1978-06-30,5543.1,27.2107,189.2,0.14381998
1978-07-03,5529.1,27.3136,190.4,0.14345399
1978-07-05,5576.3,27.6602,190.5,0.14519800
1978-07-06,5588.1,27.5140,189.4,0.14526944
1978-07-07,5616.9,27.7597,192.2,0.14443138
1978-07-10,5631.4,27.9225,193.1,0.14460099
1978-07-11,5628.3,27.7461,192.5,0.14413568
1978-07-12,5627.3,27.6811,193.1,0.14335135
1978-07-13,5624.2,27.7519,192,0.14454114
1978-07-14,5629.2,27.7848,192.5,0.14433661
1978-07-17,5636.9,27.6590,190.4,0.14526775
1978-07-18,5636.1,27.8271,191.6,0.14523536
1978-07-19,5640.6,27.9889,193.2,0.14487001
1978-07-20,5635.4,27.9575,198.3,0.14098605
1978-07-21,5614.3,27.9402,202.5,0.13797620
1978-07-24,5578,28.1689,200,0.14084436
1978-07-25,5562.4,28.4565,201.7,0.14108349
1978-07-26,5575.3,28.7224,201.2,0.14275534
1978-07-27,5575.1,28.7896,204.5,0.14078029
1978-07-28,5578,29.2670,206.9,0.14145487
1978-07-31,5601.3,29.6146,209.8,0.14115620
1978-08-01,5585.4,29.9389,207.5,0.14428382
1978-08-02,5550.8,29.7982,208.4,0.14298538
1978-08-03,5556.7,29.5067,205.7,0.14344526
1978-08-04,5576.6,29.3212,209.6,0.13989125
1978-08-07,5457.9,28.9099,213.1,0.13566354
1978-08-08,5482.2,29.2618,214,0.13673743
1978-08-09,5480.7,29.2101,210.8,0.13856806
1978-08-10,5496.8,29.4466,215.3,0.13677017
1978-08-11,5502.6,29.6588,216,0.13730933
1978-08-14,5508.1,29.9728,220.3,0.13605444
1978-08-15,5500,29.6832,218,0.13616146
1978-08-16,5497.9,29.7779,217.3,0.13703605
1978-08-17,5489.7,29.1509,211.7,0.13769917
1978-08-18,5495.5,29.0998,212.7,0.13681154
1978-08-21,5543.3,28.7203,212.7,0.13502714
1978-08-22,5548.8,29.0058,209.5,0.13845227
1978-08-23,5570.7,29.0292,207.1,0.14016988
1978-08-24,5508.7,28.8368,204.8,0.14080484
1978-08-25,5510.4,28.6150,202.6,0.14123914
1978-08-28,5506.1,28.4774,202.8,0.14042097
1978-08-29,5527.7,29.1884,211.4,0.13807192
1978-08-30,5557.4,29.3918,211.6,0.13890261
1978-08-31,5585.4,29.3197,210.6,0.13921978
1978-09-01,5560,29.1405,215.5,0.13522256
1978-09-05,5641.3,29.6661,217.6,0.13633305
1978-09-06,5637.2,29.6695,216.5,0.13704145
1978-09-07,5651.2,29.5797,211.3,0.13998907
1978-09-08,5650.3,29.2929,210.2,0.13935709
1978-09-11,5640.2,29.3898,210.4,0.13968545
1978-09-12,5662,29.5666,211.5,0.13979470
1978-09-13,5661.9,29.8152,215.6,0.13828927
1978-09-14,5660.3,29.7676,214.2,0.13897083
1978-09-18,5672.3,29.7290,216.3,0.13744353
1978-09-19,5652.9,29.7068,214.4,0.13855766
1978-09-20,5622.1,29.7796,219.4,0.13573222
1978-09-21,5623.5,29.9521,220.1,0.13608389
1978-09-22,5637.2,29.9469,222.8,0.13441147
1978-09-25,5662,30.1732,221.7,0.13609921
1978-09-26,5693.9,30.1026,219.7,0.13701668
1978-09-27,5738.2,30.3432,222.3,0.13649657
1978-09-28,5754.2,30.4133,221.4,0.13736820
1978-09-29,5772.3,30.5122,220.9,0.13812680
1978-10-02,5780.8,30.6089,223.1,0.13719819
1978-10-03,5779.5,30.8224,226.4,0.13614115
1978-10-04,5787.8,30.9491,227,0.13633986
1978-10-05,5790.7,30.9167,227.2,0.13607707
1978-10-06,5792.5,30.7458,225.5,0.13634481
1978-10-09,5758.9,30.5674,227.1,0.13459890
1978-10-11,5757.6,30.9798,230.7,0.13428618
1978-10-12,5731.9,30.7192,226.3,0.13574558
1978-10-13,5727.9,30.8117,226.9,0.13579430
1978-10-16,5797,31.5329,229.6,0.13733822
1978-10-17,5837.6,32.0307,231.1,0.13860116
1978-10-18,5857.9,32.1333,230.9,0.13916543
1978-10-19,5872.5,32.0464,227.7,0.14073950
1978-10-20,5873.4,32.3052,230,0.14045719
1978-10-23,5860.2,32.2787,227.8,0.14169759
1978-10-24,5811.3,31.8340,229.8,0.13852923
1978-10-25,5834.8,32.4968,235.5,0.13799065
1978-10-26,5837,32.7370,236.5,0.13842266
1978-10-27,5887.3,32.8899,239.4,0.13738490
1978-10-30,5926.8,33.4734,247,0.13551983
1978-10-31,5902.9,32.8834,240.7,0.13661572
1978-11-01,5872.4,31.5737,230.7,0.13686060
1978-11-02,5896.3,31.3900,220.7,0.14222933
1978-11-06,5936.1,31.2032,213.2,0.14635655
1978-11-07,5943.9,31.2442,213.2,0.14654886
1978-11-08,5957.5,31.8158,218.3,0.14574326
1978-11-09,5948.2,31.6579,208.5,0.15183638
1978-11-10,5968.2,31.6431,210.2,0.15053793
1978-11-13,5973.3,31.6970,211.2,0.15008050
1978-11-14,5942.9,31.4522,209,0.15048917
1978-11-15,5900.2,30.8895,199.1,0.15514557
1978-11-16,5919.7,30.4982,199.3,0.15302658
1978-11-17,5933.9,30.3369,200,0.15168456
1978-11-20,5945.9,30.5231,198.3,0.15392386
1978-11-21,5965.3,30.5929,197.9,0.15458742
1978-11-22,5978.8,30.7884,205,0.15018733
1978-11-24,5985.4,30.6881,205.1,0.14962489
1978-11-27,5979.4,30.5071,200.4,0.15223125
1978-11-28,5945.3,30.2160,196.2,0.15400611
1978-11-29,5946.8,30.1853,195.4,0.15447937
1978-11-30,5967.4,29.9719,196.4,0.15260628
1978-12-01,6002.7,29.7620,200.1,0.14873569
1978-12-04,6056.6,30.6446,199.9,0.15329968
1978-12-05,6052.7,30.6466,199.1,0.15392558
1978-12-06,6050.9,30.6297,200.9,0.15246249
1978-12-07,6060.4,30.5064,202.2,0.15087237
1978-12-08,6074.9,30.6658,207.6,0.14771592
1978-12-11,6097,31.1087,206.2,0.15086678
1978-12-12,6079.3,30.9615,208.3,0.14863921
1978-12-13,6097.3,31.0706,204.6,0.15186035
1978-12-14,6083.9,31.1133,207.1,0.15023335
1978-12-15,6030.3,30.7983,208.1,0.14799742
1978-12-18,5978.4,30.9681,217.6,0.14231683
1978-12-19,5983.3,30.9518,223.7,0.13836316
1978-12-20,5974.7,30.7025,217.6,0.14109589
1978-12-21,5873.1,30.0876,217.6,0.13827023
1978-12-22,5884.3,30.3158,216.7,0.13989763
1978-12-26,5925.6,30.3877,221.6,0.13712858
1978-12-27,5979.1,30.7409,249.6,0.12316055
1978-12-28,6001.9,30.9456,225.1,0.13747492
1979-01-04,6041.6,30.7617,226.9,0.13557387
1979-01-05,6072.3,30.8787,224.8,0.13736085
1979-01-08,6076.9,31.0601,226.7,0.13700951
1979-01-09,6081,30.9214,222,0.13928553
1979-01-10,6100.7,31.0247,223.4,0.13887518
1979-01-11,6116.3,30.8515,218.6,0.14113198
1979-01-12,6113.4,30.9383,219.4,0.14101303
1979-01-16,6118,31.0338,226.3,0.13713559
1979-01-17,6111.8,31.0559,227.4,0.13656946
1979-01-18,6106.6,31.0374,230.8,0.13447728
1979-01-19,6106.1,30.8016,237,0.12996436
1979-01-22,6107.6,30.9027,235.7,0.13111010
1979-01-23,6126,30.9550,237.7,0.13022729
1979-01-24,6150.9,31.1123,242.7,0.12819238
1979-01-25,6157.7,30.9432,239,0.12946952
1979-01-26,6160.1,30.8700,240.2,0.12851772
1979-01-29,6192.3,30.9460,236.2,0.13101620
1979-01-30,6186,30.8144,238,0.12947246
1979-01-31,6212.8,30.7291,236.6,0.12987766
1979-02-01,6200,30.5780,235.2,0.13000860
1979-02-02,6187.3,30.6925,242.5,0.12656699
1979-02-05,6148.8,30.7655,250.4,0.12286556
1979-02-06,6095.2,30.6230,247,0.12397972
1979-02-07,6106,31.1547,257,0.12122432
1979-02-08,6100.7,30.8568,247,0.12492636
1979-02-09,6036.9,30.3682,247.3,0.12279914
1979-02-13,6023.6,30.1648,241.9,0.12469928
1979-02-14,6061,30.2460,249,0.12146996
1979-02-15,6101.9,30.4714,248,0.12286859
1979-02-16,6128.9,30.5391,250.6,0.12186409
1979-02-20,6116.1,30.4208,252.7,0.12038303
1979-02-21,6097.4,30.2076,252.6,0.11958662
1979-02-22,6105.8,30.3168,253.8,0.11945147
1979-02-23,6080.9,30.1931,255.7,0.11808036
1979-02-26,6089.1,30.1321,247.7,0.12164766
1979-02-27,6065.3,30.0426,251.2,0.11959633
1979-02-28,6073,29.9664,252.9,0.11849129
1979-03-01,5975.5,29.3276,252,0.11637939
1979-03-02,5972.9,29.1503,243.2,0.11986150
1979-03-05,6014.2,29.3748,236.7,0.12410147
1979-03-06,5992.8,29.3046,239.7,0.12225551
1979-03-07,6017.3,29.4951,242.5,0.12162937
1979-03-08,6026,29.5132,244.3,0.12080710
1979-03-09,6042.9,29.5222,245.9,0.12005776
1979-03-12,6062.6,29.4702,244.3,0.12063100
1979-03-13,6058.3,29.0371,244.4,0.11880973
1979-03-14,6048,29.1779,244.4,0.11938594
1979-03-15,6024.5,29.1109,248.3,0.11724082
1979-03-16,6025.7,29.0465,248,0.11712305
1979-03-19,6029.8,29.1295,248.4,0.11726839
1979-03-20,6063.8,29.2683,243.7,0.12009959
1979-03-22,6074.7,29.5606,246.6,0.11987260
1979-03-23,6079.8,29.5279,246.4,0.11983736
1979-03-26,6101.6,29.5034,251,0.11754346
1979-03-27,6170,29.7866,247.6,0.12030136
1979-03-28,6108.3,29.3852,246.9,0.11901658
1979-03-29,6136,29.4462,243.9,0.12073064
1979-03-30,6133.9,29.2662,243.8,0.12004178
1979-04-02,6008.9,28.3894,243.8,0.11644544
1979-04-03,6035.1,28.1488,242.8,0.11593405
1979-04-04,6039.2,28.0515,245.3,0.11435575
1979-04-05,6049,28.1035,243.5,0.11541484
1979-04-06,6050,28.1500,244.3,0.11522722
1979-04-09,6010.9,28.1528,243.2,0.11575979
1979-04-10,5925.8,27.8547,242.4,0.11491196
1979-04-11,6043,28.3044,235.3,0.12029090
1979-04-12,6071,28.1364,235.6,0.11942462
1979-04-16,6110,28.2282,233.1,0.12109922
1979-04-17,6078.6,27.8835,235.6,0.11835096
1979-04-18,6058.6,28.1272,242.5,0.11598848
1979-04-19,6054.9,28.0073,240.5,0.11645450
1979-04-20,6102.9,27.9578,239,0.11697809
1979-04-23,6120.5,28.0294,243.8,0.11496883
1979-04-24,6139.2,28.1022,244.2,0.11507850
1979-04-25,6178.8,28.3171,245.4,0.11539177
1979-04-26,6198.9,28.4210,245.1,0.11595667
1979-04-27,6225.1,28.3088,248.5,0.11391862
1979-05-01,6236.9,27.7949,247.8,0.11216671
1979-05-02,6277.6,27.9054,248.5,0.11229539
1979-05-04,6286.1,28.3784,250.3,0.11337756
1979-05-07,6201.5,28.8710,251.7,0.11470418
1979-05-08,6226.8,28.9403,247.7,0.11683619
1979-05-09,6248.8,29.3178,252.3,0.11620222
1979-05-10,6264,29.1905,252.6,0.11556037
1979-05-11,6274.1,29.1656,249.8,0.11675573
1979-05-14,6296.9,29.4234,254.2,0.11574898
1979-05-15,6308.8,29.4542,255.8,0.11514552
1979-05-16,6341.3,29.5839,258.7,0.11435585
1979-05-17,6287,29.0138,259.7,0.11172044
1979-05-18,6315.5,28.8643,274.4,0.10519045
1979-05-21,6306.7,28.8240,272.4,0.10581513
1979-05-22,6263.5,28.5496,270.6,0.10550486
1979-05-23,6233.5,28.4440,279.1,0.10191325
1979-05-24,6300.4,28.8150,280,0.10291072
1979-05-25,6313.8,28.7317,275.3,0.10436520
1979-05-29,6293,28.3405,274.4,0.10328157
1979-05-30,6307.4,28.4053,276.3,0.10280606
1979-05-31,6252.6,28.3758,281.1,0.10094545
1979-06-01,6176.9,27.9144,276.9,0.10081043
1979-06-04,6198.7,28.2080,279.9,0.10077872
1979-06-05,6123.9,27.6899,283.9,0.09753402
1979-06-06,6175.6,28.0276,293.9,0.09536439
1979-06-07,6186.3,28.1772,281.6,0.10006101
1979-06-08,6176.5,28.2548,284.6,0.09927900
1979-06-11,6065.1,27.7148,284.6,0.09738148
1979-06-12,6097.2,27.7537,279.4,0.09933305
1979-06-13,6120.3,27.8019,283,0.09823976
1979-06-14,6100.5,27.7069,281.1,0.09856591
1979-06-15,6143.9,28.0800,283.1,0.09918750
1979-06-18,6188.2,28.1423,281.2,0.10007914
1979-06-19,6186.4,28.2923,285,0.09927132
1979-06-20,6200.7,28.3150,282.6,0.10019459
1979-06-21,6248.4,28.5367,284.5,0.10030481
1979-06-22,6247.5,28.9491,284.6,0.10171847
1979-06-25,6239.8,29.2619,286.5,0.10213565
1979-06-26,6240.6,28.9050,281.9,0.10253653
1979-06-27,6258,28.9200,280,0.10328573
1979-06-28,6250,28.8617,280.3,0.10296716
1979-06-29,6247.3,28.6850,283.8,0.10107460
1979-07-02,6283.1,28.7806,284,0.10134026
1979-07-03,6303,28.8586,296.1,0.09746224
1979-07-05,6292.4,28.9972,292.8,0.09903427
1979-07-06,6280.1,28.8754,301.4,0.09580408
1979-07-09,6258.7,28.7770,303.6,0.09478576
1979-07-10,6177.2,28.3787,302.9,0.09369012
1979-07-11,6207.6,28.5473,303.9,0.09393634
1979-07-12,6154.8,28.3292,302,0.09380527
1979-07-13,6109.3,28.1094,301.4,0.09326282
1979-07-16,6188.7,28.5443,308.2,0.09261631
1979-07-17,6181.7,28.5608,310.1,0.09210191
1979-07-18,6181.3,28.9400,312.6,0.09257846
1979-07-20,6179.5,28.4638,313.7,0.09073587
1979-07-23,6180.4,28.6474,317.5,0.09022818
1979-07-24,6210.9,28.9687,318.7,0.09089661
1979-07-25,6250.3,29.0360,316.4,0.09177007
1979-07-26,6243.9,29.0387,317.2,0.09154695
1979-07-27,6264.7,29.0827,317.3,0.09165673
1979-07-30,6275.3,29.0792,307.3,0.09462818
1979-07-31,6313.8,29.1361,297.3,0.09800247
1979-08-01,6322.7,29.2636,300.9,0.09725367
1979-08-02,6329.6,29.2293,295.5,0.09891464
1979-08-03,6355.7,29.3011,295.8,0.09905711
1979-08-06,6392.2,29.5320,290.4,0.10169419
1979-08-07,6364.7,29.3982,294.2,0.09992574
1979-08-08,6402.7,29.5723,303,0.09759837
1979-08-09,6392.1,29.5862,309.1,0.09571727
1979-08-10,6395,29.6216,312.7,0.09472839
1979-08-13,6394.6,29.5240,305.8,0.09654671
1979-08-14,6395.2,29.4995,308.8,0.09552952
1979-08-15,6424.4,29.6260,309.6,0.09569124
1979-08-16,6443.5,29.6977,310.2,0.09573712
1979-08-17,6452.5,29.6940,307.3,0.09662861
1979-08-20,6448.7,29.6642,307,0.09662605
1979-08-21,6403.2,29.3900,316.2,0.09294751
1979-08-22,6415.8,29.2305,320.4,0.09123124
1979-08-23,6396.8,29.1918,324.7,0.08990392
1979-08-24,6384.5,29.1211,320.7,0.09080466
1979-08-27,6408.1,29.0038,323.9,0.08954554
1979-08-28,6435.6,29.1824,326.8,0.08929750
1979-08-29,6445.4,29.0412,326,0.08908338
1979-08-30,6437.3,29.2658,329.2,0.08889968
1979-08-31,6436.1,29.2019,326.7,0.08938447
1979-09-04,6401.6,28.9600,330.6,0.08759820
1979-09-05,6411.6,28.9476,340.6,0.08498997
1979-09-06,6425.5,29.0970,339,0.08583199
1979-09-07,6410.9,29.0362,346.3,0.08384692
1979-09-10,6410.4,29.0182,348.9,0.08317040
1979-09-11,6426.6,29.0061,346,0.08383277
1979-09-12,6451.7,29.0369,343.3,0.08458159
1979-09-13,6447.9,28.8355,352.9,0.08171004
1979-09-14,6455,28.8931,354.4,0.08152671
1979-09-17,6438.1,28.8084,364.4,0.07905707
1979-09-18,6459.8,28.8642,374.4,0.07709446
1979-09-19,6482.5,29.0136,384.8,0.07539907
1979-09-20,6465.6,29.3491,381.5,0.07693072
1979-09-21,6490.3,29.1764,384.2,0.07594077
1979-09-25,6491,29.1324,381,0.07646311
1979-09-26,6477.8,29.0993,389,0.07480545
1979-09-27,6539.7,29.2552,408,0.07170384
1979-09-28,6568.6,29.2588,404.5,0.07233324
1979-10-01,6577.9,29.2027,424.5,0.06879308
1979-10-02,6545.1,29.0429,421,0.06898543
1979-10-03,6542.7,29.1473,402.5,0.07241571
1979-10-04,6532.9,29.2431,382.5,0.07645245
1979-10-05,6568.8,29.3054,393,0.07456839
1979-10-08,6495.7,28.9793,374.5,0.07738119
1979-10-09,6512.8,28.8190,399.5,0.07213761
1979-10-11,6397,28.2553,396,0.07135177
1979-10-12,6439.8,28.3056,404,0.07006329
1979-10-15,6526.8,28.4033,407,0.06978704
1979-10-16,6516.6,28.0876,396,0.07092824
1979-10-17,6496,27.7476,393,0.07060468
1979-10-18,6427.6,27.6849,393.5,0.07035549
1979-10-19,6416.8,27.8205,400,0.06955127
1979-10-22,6341.7,27.1245,396.8,0.06835803
1979-10-23,6371.1,27.0661,392.5,0.06895833
1979-10-24,6225.7,26.5477,402.5,0.06595701
1979-10-25,6236.3,26.6622,394.7,0.06755067
1979-10-26,6207.9,26.4966,377.7,0.07015263
1979-10-29,6319.4,26.7805,379.5,0.07056791
1979-10-30,6406.6,26.9083,383.5,0.07016509
1979-10-31,6444.1,27.0920,385.7,0.07024109
1979-11-01,6415.3,26.9381,372,0.07241415
1979-11-02,6425,27.3940,378.5,0.07237529
1979-11-05,6423.2,27.0918,383.3,0.07068046
1979-11-06,6451.8,27.2125,397.5,0.06845900
1979-11-07,6368.1,26.5128,396,0.06695142
1979-11-08,6390.6,26.4840,394,0.06721839
1979-11-09,6403.4,26.2919,391.2,0.06720841
1979-11-12,6414.8,26.3387,397,0.06634443
1979-11-13,6401.8,25.9592,387,0.06707805
1979-11-14,6414.1,26.3586,392.4,0.06717276
1979-11-15,6322.6,25.5789,388.3,0.06587414
1979-11-16,6327.1,25.6688,410.9,0.06246968
1979-11-19,6325,25.7900,408.6,0.06311799
1979-11-20,6323.7,25.6831,393.5,0.06526843
1979-11-21,6301.8,25.4002,394.2,0.06443491
1979-11-26,6387.5,25.4624,401,0.06349728
1979-11-27,6407.8,25.6887,408.6,0.06287015
1979-11-28,6420.2,25.7891,422.5,0.06103932
1979-11-29,6440.8,25.8833,419.5,0.06170035
1979-11-30,6450.2,25.8484,430.5,0.06004265
1979-12-03,6475.5,26.0196,443.7,0.05864235
1979-12-04,6487.6,26.2136,438.5,0.05978012
1979-12-05,6507.6,26.4849,444,0.05965063
1979-12-06,6502.9,26.6961,436.7,0.06113141
1979-12-07,6461.3,26.9008,436,0.06169905
1979-12-10,6452.1,27.7307,446,0.06217644
1979-12-11,6443.9,27.6195,460,0.06004234
1979-12-12,6501.2,27.3286,459.3,0.05950054
1979-12-13,6493.6,26.9780,472,0.05715674
1979-12-14,6500.7,26.8004,474.5,0.05648131
1979-12-17,6491.3,27.0358,479,0.05644221
1979-12-18,6478.3,27.0606,492,0.05500115
1979-12-19,6477.1,27.1008,480,0.05646008
1979-12-20,6526.1,27.5840,481,0.05734721
1979-12-21,6535.9,27.2454,495.5,0.05498568
1979-12-24,6522.9,27.2014,495.5,0.05489691
1979-12-26,6531.2,27.3215,514.3,0.05312363
1979-12-27,6528.8,27.2260,523.5,0.05200768
1979-12-28,6569.5,27.3103,525,0.05201968
1980-01-02,6569.7,27.5517,582.8,0.04727469
1980-01-04,6560.2,27.9407,611,0.04572948
1980-01-07,6552.6,28.2976,634,0.04463349
1980-01-08,6563.2,27.9559,609,0.04590455
1980-01-09,6591.8,28.0562,605,0.04637385
1980-01-10,6594,27.9656,603,0.04637738
1980-01-11,6615.5,28.0270,628,0.04462903
1980-01-14,6659.5,28.1943,722.4,0.03902869
1980-01-16,6653.2,27.9358,754.8,0.03701092
1980-01-17,6656.3,27.7461,790.5,0.03509949
1980-01-18,6649.3,27.7459,845,0.03283536
1980-01-21,6666.3,27.6633,834,0.03316941
1980-01-22,6684.6,27.8862,909.9,0.03064754
1980-01-23,6694.2,28.2146,859.9,0.03281151
1980-01-24,6746.9,28.1884,809.9,0.03480482
1980-01-25,6767.7,28.2458,661,0.04273196
1980-01-28,6763.6,28.1547,659.2,0.04271038
1980-01-29,6770.8,28.2906,709.2,0.03989093
1980-01-30,6776.6,28.2948,681,0.04154887
1980-01-31,6768.1,28.2794,704,0.04016955
1980-02-01,6777.6,28.1895,704,0.04004189
1980-02-04,6794.2,28.2762,677,0.04176688
1980-02-05,6765.1,28.1750,702,0.04013533
1980-02-06,6800.3,28.3228,727,0.03895843
1980-02-07,6795.6,28.3032,710,0.03986367
1980-02-08,6816,28.2049,717.5,0.03930999
1980-02-12,6828,28.2850,718.5,0.03936674
1980-02-13,6835.9,28.2370,709,0.03982654
1980-02-14,6838.9,28.0974,690.5,0.04069134
1980-02-15,6827.7,28.0733,680.5,0.04125389
1980-02-19,6763.1,27.5640,655.5,0.04205032
1980-02-20,6806,27.6633,673,0.04110445
1980-02-21,6776.5,27.5378,666.5,0.04131702
1980-02-22,6783.2,27.4135,641.5,0.04273346
1980-02-25,6751.3,27.1857,659,0.04125298
1980-02-26,6739.4,27.1673,635.5,0.04274954
1980-02-27,6777.3,27.2783,639,0.04268909
1980-02-28,6743.9,27.1494,650.5,0.04173614
1980-02-29,6764.9,26.8832,640,0.04200507
1980-03-03,6793.5,27.4097,641,0.04276088
1980-03-04,6778.2,27.5100,651.5,0.04222570
1980-03-05,6794,27.5194,643,0.04279851
1980-03-06,6736,27.1514,618,0.04393436
1980-03-07,6625.2,26.7318,605,0.04418473
1980-03-10,6507.1,26.2457,567.5,0.04624796
1980-03-11,6535.6,26.4289,570.5,0.04632584
1980-03-12,6609.4,26.7046,581.5,0.04592373
1980-03-13,6604.4,26.6210,544,0.04893563
1980-03-14,6593.4,26.4753,530,0.04995333
1980-03-17,6562.6,26.3664,480,0.05493003
1980-03-18,6578.2,26.4089,488.5,0.05406127
1980-03-19,6584.8,26.4833,538.5,0.04917970
1980-03-21,6571.8,26.4023,565,0.04672976
1980-03-24,6567.3,26.3578,549,0.04801050
1980-03-25,6531.3,26.2227,529,0.04957041
1980-03-26,6535.8,26.2377,521,0.05036018
1980-03-27,6481,25.9344,463,0.05601377
1980-03-28,6475.9,25.9389,525,0.04940738
1980-03-31,6556.2,26.2300,519,0.05053959
1980-04-01,6502.8,25.5372,515,0.04958685
1980-04-02,6583,25.6008,506,0.05059455
1980-04-03,6614.2,25.7152,501.5,0.05127652
1980-04-07,6737,25.7718,526.5,0.04894924
1980-04-08,6682.5,25.8811,551.5,0.04692856
1980-04-09,6708.2,26.6410,550,0.04843815
1980-04-10,6730.5,26.9760,544.5,0.04954261
1980-04-11,6767.7,26.8028,544,0.04926980
1980-04-14,6808.1,27.0840,519.5,0.05213471
1980-04-15,6805.7,26.9319,530,0.05081497
1980-04-16,6770.4,27.1805,516,0.05267546
1980-04-17,6798.8,27.3363,522,0.05236830
1980-04-18,6811.4,27.3101,520,0.05251933
1980-04-21,6810.6,27.2653,497,0.05485976
1980-04-22,6799,27.1960,510,0.05332549
1980-04-23,6843.8,28.1360,515,0.05463300
1980-04-24,6830.3,27.9187,538,0.05189342
1980-04-25,6904.8,28.0672,547,0.05131106
1980-04-28,6875.6,28.4940,522,0.05458619
1980-04-30,6865.5,28.6839,507,0.05657581
1980-05-01,6865.1,28.5451,520,0.05489445
1980-05-02,6882.6,28.6345,516,0.05549331
1980-05-06,6856,29.5772,510,0.05799455
1980-05-07,6834.8,29.4807,517,0.05702258
1980-05-08,6757.7,28.9273,512.5,0.05644346
1980-05-09,6808.3,29.3727,515.7,0.05695697
1980-05-12,6754.9,29.7835,510,0.05839904
1980-05-13,6766.9,29.7120,520,0.05713839
1980-05-14,6747.7,29.6981,524.5,0.05662169
1980-05-15,6746.5,29.6146,514.5,0.05755994
1980-05-16,6733,29.3262,514.8,0.05696618
1980-05-19,6634.3,28.9707,511,0.05669421
1980-05-20,6707.3,29.5788,512,0.05777119
1980-05-21,6822.2,30.4006,506.5,0.06002094
1980-05-22,6836.9,30.5151,515,0.05925255
1980-05-23,6839.9,30.9148,510,0.06061726
1980-05-27,6826.5,31.1442,524,0.05943552
1980-05-28,6849,30.6443,529,0.05792872
1980-05-29,6841.4,30.5679,537.5,0.05687050
1980-05-30,6855.7,30.7444,555,0.05539537
1980-06-02,6862.7,30.6987,576.5,0.05325017
1980-06-03,6826.1,30.6543,569,0.05387399
1980-06-04,6795.6,30.6952,592.5,0.05180617
1980-06-05,6821.2,30.9562,597,0.05185294
1980-06-06,6814.5,31.0739,616,0.05044460
1980-06-09,6823,31.5383,633.5,0.04978425
1980-06-10,6783.2,31.4328,608.5,0.05165622
1980-06-11,6826,31.3464,594.5,0.05272740
1980-06-12,6814.7,31.4781,609.5,0.05164582
1980-06-13,6821.8,31.5809,613,0.05151867
1980-06-16,6852.6,31.7279,598,0.05305675
1980-06-17,6798.5,31.4760,606.5,0.05189776
1980-06-18,6824.9,31.6348,603,0.05246242
1980-06-19,6791.9,31.3946,613,0.05121462
1980-06-20,6813.8,31.3711,609.5,0.05147020
1980-06-23,6860.9,31.7531,610,0.05205432
1980-06-24,6806.3,31.4234,624,0.05035795
1980-06-25,6761.3,31.0223,623.5,0.04975502
1980-06-26,6800.5,31.3113,633,0.04946492
1980-06-27,6825,31.3721,657.5,0.04771422
1980-06-30,6870.7,31.2461,654,0.04777688
1980-07-01,6824.4,31.0892,676,0.04599001
1980-07-02,6819.4,31.1659,667.5,0.04669041
1980-07-03,6863.8,31.3416,676,0.04636324
1980-07-07,6708.4,30.7852,684,0.04500758
1980-07-08,6755.5,30.8315,678.5,0.04544075
1980-07-09,6789.7,31.1240,666.5,0.04669767
1980-07-10,6794.2,31.3313,672,0.04662401
1980-07-11,6787.9,31.1801,670.5,0.04650271
1980-07-14,6779.4,31.0625,645.5,0.04812168
1980-07-15,6793.3,30.9617,620.5,0.04989794
1980-07-16,6816.1,31.1522,628.5,0.04956594
1980-07-17,6810.4,31.1675,620.2,0.05025387
1980-07-18,6819.8,30.9625,614,0.05042752
1980-07-21,6842.5,31.0486,635.1,0.04888780
1980-07-22,6836.1,30.9312,638,0.04848147
1980-07-23,6837.5,30.5041,631.5,0.04830424
1980-07-24,6795.9,30.4489,639.5,0.04761367
1980-07-25,6810.5,30.2165,678,0.04456713
1980-07-28,6816.7,29.9767,673.2,0.04452866
1980-07-29,6811.3,30.0309,661,0.04543247
1980-07-30,6821.1,30.0410,636,0.04723421
1980-07-31,6819.6,29.9921,642,0.04671664
1980-08-01,6788.3,29.9057,640,0.04672769
1980-08-04,6753.4,29.8757,650,0.04596260
1980-08-05,6760.8,29.8820,649.5,0.04600768
1980-08-06,6740,29.9170,654,0.04574464
1980-08-07,6739.9,29.8622,656,0.04552166
1980-08-08,6771.5,29.9227,647,0.04624833
1980-08-11,6778.5,30.0226,623,0.04819035
1980-08-12,6801.7,30.5132,633,0.04820413
1980-08-13,6834.3,30.5116,635,0.04804981
1980-08-14,6824,30.4086,647.4,0.04697038
1980-08-15,6836.8,30.2821,635,0.04768842
1980-08-18,6835.7,30.2077,640.5,0.04716268
1980-08-19,6864.5,30.5946,642,0.04765507
1980-08-20,6878.8,30.6897,667,0.04601162
1980-08-21,6853.7,30.4948,659,0.04627431
1980-08-22,6886.1,30.7690,658,0.04676138
1980-08-25,6923,31.0156,643.3,0.04821333
1980-08-26,6906,31.4768,651,0.04835139
1980-08-27,6930.6,31.5486,653.5,0.04827638
1980-08-28,6879.8,31.5573,654,0.04825270
1980-08-29,6914,31.5578,656,0.04810641
1980-09-02,6915.4,32.0261,660,0.04852442
1980-09-03,6927.3,31.9672,658,0.04858243
1980-09-04,6917.5,31.8485,673,0.04732322
1980-09-05,6943.7,31.8518,670,0.04754005
1980-09-08,6938.4,32.0185,695,0.04606972
1980-09-09,6938,32.0004,693.5,0.04614329
1980-09-10,6956.2,32.1214,703.5,0.04565935
1980-09-11,6978.9,32.5402,713.5,0.04560647
1980-09-12,7000,32.8315,704,0.04663563
1980-09-16,7020.1,33.1982,700,0.04742606
1980-09-17,7031.5,33.1768,692,0.04794341
1980-09-18,7035.8,33.0350,693,0.04766959
1980-09-19,7041.6,33.4042,708,0.04718104
1980-09-22,7046.5,32.8065,733,0.04475643
1980-09-24,6972.6,32.5124,729.5,0.04456800
1980-09-25,6989.8,32.5092,728.5,0.04462483
1980-09-26,6998.5,33.0586,703.5,0.04699158
1980-09-29,7060.7,33.2425,678.5,0.04899406
1980-09-30,7076.4,33.5597,688.5,0.04874322
1980-10-01,7123,34.1647,696.5,0.04905199
1980-10-02,7119.4,34.2049,685,0.04993411
1980-10-03,7142.2,34.4053,684.5,0.05026343
1980-10-06,7155.9,34.4199,693.5,0.04963218
1980-10-07,7149.9,34.2363,688,0.04976200
1980-10-08,7115.3,34.1507,690,0.04949378
1980-10-09,7130.3,34.1244,699.5,0.04878403
1980-10-13,7160.2,34.2610,691.7,0.04953154
1980-10-14,7157.8,34.6625,691.5,0.05012649
1980-10-15,7174.3,34.6100,686,0.05045185
1980-10-16,7151.8,34.3589,677.5,0.05071421
1980-10-17,7169.3,34.4363,665,0.05178396
1980-10-20,7175.3,34.3875,667,0.05155550
1980-10-21,7165.3,34.4585,668,0.05158458
1980-10-22,7143.8,34.1237,660,0.05170260
1980-10-23,7130.9,33.8937,635,0.05337594
1980-10-24,7117.1,33.4513,639,0.05234946
1980-10-27,7089.2,33.1658,640.5,0.05178118
1980-10-28,7088.4,33.2383,642,0.05177305
1980-10-29,7113.5,33.8722,645,0.05251503
1980-10-30,7124.8,33.8486,647.5,0.05227589
1980-10-31,7150.7,33.8799,642,0.05277249
1980-11-05,7176.4,33.9551,643,0.05280723
1980-11-06,7188.2,33.8030,618,0.05469735
1980-11-07,7150.3,33.5553,607,0.05528057
1980-11-10,7166.8,34.2107,609.5,0.05612913
1980-11-11,7134.5,34.0565,617,0.05519695
1980-11-12,7149.8,33.5514,618.5,0.05424638
1980-11-13,7154.4,33.7011,611,0.05515723
1980-11-14,7159.5,33.6269,621,0.05414957
1980-11-17,7126.1,33.3603,617,0.05406861
1980-11-18,7102.5,33.2966,621.5,0.05357459
1980-11-19,7135.9,33.5586,634,0.05293154
1980-11-20,7126.7,33.3491,645,0.05170401
1980-11-21,7117.9,33.2908,638.5,0.05213903
1980-11-25,7145.4,33.4444,647.8,0.05162769
1980-11-26,7186.3,33.2007,642.5,0.05167430
1980-11-28,7123.6,32.8883,644.5,0.05102913
1980-12-01,7160.3,32.8680,647,0.05080066
1980-12-02,7143,32.9855,641.5,0.05141926
1980-12-03,7141.2,33.4404,647.3,0.05166138
1980-12-04,7149.5,33.8823,639.5,0.05298246
1980-12-05,7136.6,33.7268,638,0.05286339
1980-12-09,7115.1,34.0273,608,0.05596589
1980-12-10,7098.8,33.7877,583,0.05795492
1980-12-11,7042.4,33.4619,558,0.05996764
1980-12-12,7033.7,33.4143,587,0.05692377
1980-12-15,7042.7,33.6360,587.5,0.05725272
1980-12-16,7038.8,33.7172,580,0.05813308
1980-12-17,7038.1,33.6896,588,0.05729528
1980-12-18,7063.5,33.7176,583,0.05783465
1980-12-19,7060.5,33.9121,607.5,0.05582239
1980-12-22,7050.7,33.9564,604,0.05621915
1980-12-23,7023.5,33.7814,616,0.05484001
1980-12-24,7042,33.8541,617,0.05486895
1980-12-26,7063.1,33.8920,617,0.05493036
1981-01-05,7150.9,35.9233,601.5,0.05972293
1981-01-06,7137.6,35.7416,605,0.05907705
1981-01-07,7200.7,35.8190,580,0.06175695
1981-01-08,7222.1,35.8044,577.5,0.06199891
1981-01-09,7248.1,35.7032,581,0.06145123
1981-01-12,7251.9,35.5329,566.5,0.06272348
1981-01-13,7246.8,35.6441,565.5,0.06303111
1981-01-14,7244.8,35.6799,573.5,0.06221427
1981-01-16,7255.8,35.7605,567.5,0.06301405
1981-01-19,7296,36.0652,565.5,0.06377586
1981-01-20,7290,36.3337,571,0.06363175
1981-01-21,7315.3,36.7252,568,0.06465711
1981-01-22,7293.2,36.3117,557,0.06519152
1981-01-23,7267.5,35.8446,552.5,0.06487717
1981-01-26,7249.4,35.6131,527.5,0.06751296
1981-01-27,7285,35.9753,520.5,0.06911683
1981-01-28,7279.4,35.5961,521.4,0.06827021
1981-01-29,7215.1,35.2644,529,0.06666242
1981-01-30,7254,35.0943,512.5,0.06847676
1981-02-02,7322,36.0441,492.5,0.07318601
1981-02-03,7291.3,35.7364,505,0.07076517
1981-02-04,7288.4,35.9211,500,0.07184229
1981-02-05,7278.4,35.8666,510,0.07032658
1981-02-06,7264.1,35.6450,514,0.06934830
1981-02-09,7239.9,35.5089,527.5,0.06731536
1981-02-10,7261.5,35.6130,517.5,0.06881748
1981-02-12,7261.4,35.6108,504,0.07065637
1981-02-13,7207.2,34.7419,501,0.06934504
1981-02-17,7135.9,34.5063,507,0.06805974
1981-02-18,7157,34.6502,500.5,0.06923118
1981-02-19,7121.6,34.4371,515.5,0.06680337
1981-02-20,7100.8,34.3366,514.5,0.06673772
1981-02-23,7095.1,34.1029,505,0.06753042
1981-02-24,7111.2,34.3536,511,0.06722823
1981-02-25,7121.3,34.3510,504,0.06815669
1981-02-26,7120.2,34.2465,499,0.06863036
1981-02-27,7146.5,34.0780,486.5,0.07004730
1981-03-02,7155.5,33.8947,465,0.07289172
1981-03-03,7137.1,34.2159,476,0.07188220
1981-03-04,7134.4,34.2030,461,0.07419302
1981-03-05,7094,33.9572,466.5,0.07279144
1981-03-06,7081.2,33.8813,467,0.07255105
1981-03-09,7068.7,34.3124,475,0.07223666
1981-03-10,7059.4,34.1050,485.5,0.07024723
1981-03-11,7044.9,33.9350,478,0.07099366
1981-03-12,6986.4,33.6516,485,0.06938466
1981-03-13,6956.5,33.5172,488.5,0.06861254
1981-03-16,7124.3,34.3721,495.5,0.06936847
1981-03-17,7120.4,34.2821,509,0.06735194
1981-03-18,7176.7,34.5698,508.5,0.06798396
1981-03-19,7196.8,34.4773,512,0.06733856
1981-03-20,7220.9,34.6742,537,0.06457019
1981-03-23,7293.5,34.9624,527,0.06634226
1981-03-24,7318.2,35.0909,536.5,0.06540702
1981-03-25,7325.9,35.0773,544,0.06448038
1981-03-26,7307.3,34.5581,558.4,0.06188763
1981-03-27,7303,34.4806,542.5,0.06355879
1981-03-30,7304.7,34.5523,524.5,0.06587663
1981-03-31,7334.3,34.7169,525.5,0.06606458
1981-04-01,7390,34.7945,528,0.06589864
1981-04-02,7417,34.6913,528.5,0.06564106
1981-04-03,7421.2,34.8070,532.5,0.06536525
1981-04-06,7447.7,34.8056,538,0.06469440
1981-04-07,7458.3,35.0007,522.5,0.06698699
1981-04-08,7508.5,35.1752,524.5,0.06706427
1981-04-09,7491.8,34.9937,501.5,0.06977805
1981-04-10,7517.3,34.9366,496,0.07043662
1981-04-13,7537,34.8516,487,0.07156379
1981-04-14,7514.9,34.9157,492,0.07096681
1981-04-15,7461.2,34.4294,482.3,0.07138590
1981-04-16,7418.7,34.2191,495.5,0.06905973
1981-04-21,7497.3,34.3377,497.5,0.06902056
1981-04-22,7533.2,34.7376,496,0.07003552
1981-04-23,7523.7,34.9614,498,0.07020368
1981-04-24,7534.4,35.1582,491.3,0.07156155
1981-04-27,7588,35.7756,491,0.07286268
1981-04-28,7623.8,35.9088,489.8,0.07331321
1981-05-01,7575.6,35.1112,496,0.07078878
1981-05-06,7465.3,34.4166,484.5,0.07103525
1981-05-07,7440.5,34.1448,487,0.07011259
1981-05-08,7495.2,34.4449,496.5,0.06937533
1981-05-11,7551.2,34.6449,488,0.07099362
1981-05-12,7480.2,34.0380,491.5,0.06925339
1981-05-13,7390.6,33.5235,482,0.06955092
1981-05-14,7467.4,33.5855,486.5,0.06903494
1981-05-15,7486.9,33.5675,479.5,0.07000526
1981-05-18,7451.9,33.5701,485,0.06921679
1981-05-19,7264,32.8688,478.5,0.06869128
1981-05-20,7371.3,33.3845,482.5,0.06919070
1981-05-21,7487.5,33.6502,468,0.07190208
1981-05-22,7541,33.8921,471,0.07195782
1981-05-26,7576.1,33.7691,465.5,0.07254374
1981-05-27,7529.2,33.4691,483.5,0.06922246
1981-05-28,7502,33.4911,494.5,0.06772714
1981-05-29,7539.7,33.6759,492.5,0.06837749
1981-06-01,7589.9,34.1134,487.5,0.06997629
1981-06-02,7504.5,33.5262,487,0.06884226
1981-06-03,7480.5,33.4848,481.5,0.06954264
1981-06-04,7413.2,32.7438,476,0.06878953
1981-06-05,7430.4,32.6195,462.5,0.07052869
1981-06-08,7335,32.1852,473,0.06804475
1981-06-09,7375.2,32.3304,469,0.06893465
1981-06-10,7484.5,33.1966,477,0.06959450
1981-06-11,7569.3,33.4777,476,0.07033123
1981-06-12,7635,34.0635,476,0.07156204
1981-06-15,7711.7,35.1010,472,0.07436662
1981-06-16,7696.5,34.9618,472.5,0.07399332
1981-06-17,7705.3,34.8814,469,0.07437398
1981-06-18,7712,34.7247,467,0.07435688
1981-06-19,7714.6,34.5404,467.5,0.07388322
1981-06-22,7668.8,34.4634,472.3,0.07296934
1981-06-23,7705.4,34.7419,471.2,0.07373063
1981-06-24,7706.6,34.5913,460.5,0.07511687
1981-06-25,7692.8,34.1235,451,0.07566184
1981-06-26,7726,34.3637,447,0.07687638
1981-06-29,7851.7,34.7666,432,0.08047835
1981-06-30,7867.4,34.6795,428.5,0.08093241
1981-07-01,7894.9,34.5873,419,0.08254729
1981-07-02,7904.5,34.8584,416.5,0.08369374
1981-07-06,7927.3,34.4920,404,0.08537628
1981-07-07,7826.4,34.2153,409.5,0.08355376
1981-07-08,7916.3,34.4997,407,0.08476584
1981-07-09,7895.2,34.4995,415.5,0.08303118
1981-07-10,7913,34.6605,422,0.08213397
1981-07-13,7923.8,34.7078,409,0.08486025
1981-07-14,7878.9,34.1093,414.5,0.08229015
1981-07-15,7853.9,34.0585,414,0.08226701
1981-07-16,7887.4,34.1018,417.5,0.08168090
1981-07-17,7876.9,33.9580,420,0.08085240
1981-07-20,7840.2,33.6475,411,0.08186736
1981-07-21,7756.8,33.0978,411.5,0.08043207
1981-07-22,7760.8,33.0965,408,0.08111889
1981-07-23,7717.1,32.8527,408.7,0.08038342
1981-07-24,7743,33.0164,408.2,0.08088284
1981-07-27,7816.8,33.1080,402,0.08235822
1981-07-28,7784.8,32.8126,406.5,0.08071991
1981-07-29,7823.5,32.8926,403.5,0.08151816
1981-07-30,7831.3,32.7930,424.4,0.07726912
1981-07-31,7828.2,32.5619,423.2,0.07694205
1981-08-03,7815.9,31.8509,406.5,0.07835407
1981-08-04,7820,31.7744,408.5,0.07778313
1981-08-05,7888.5,32.7460,409.3,0.08000477
1981-08-06,7906.1,32.9586,418.2,0.07881053
1981-08-07,7968.9,33.9246,414.8,0.08178556
1981-08-10,7978.4,33.7910,415.5,0.08132618
1981-08-11,7985.6,33.8732,429,0.07895844
1981-08-12,7938.9,34.4870,423,0.08152947
1981-08-13,7953.5,34.3252,429,0.08001220
1981-08-14,7976.4,34.1266,430.5,0.07927191
1981-08-17,8019.1,34.8990,433,0.08059823
1981-08-18,7949.4,34.6848,455.5,0.07614656
1981-08-19,7961.5,34.5641,456,0.07579851
1981-08-20,7972.9,34.8314,448,0.07774859
1981-08-21,7995.2,35.1809,452.5,0.07774774
1981-08-24,7917.5,34.6635,433,0.08005437
1981-08-25,7817.2,33.8994,427.5,0.07929683
1981-08-26,7852.3,34.1271,430.5,0.07927313
1981-08-27,7796.4,33.7565,436,0.07742315
1981-08-28,7726.6,33.7274,445,0.07579181
1981-09-01,7735.7,33.4951,444.7,0.07532073
1981-09-02,7678.1,33.4281,452.5,0.07387425
1981-09-03,7678.4,33.3249,462.5,0.07205393
1981-09-04,7662.5,33.3602,455.5,0.07323860
1981-09-08,7594.8,32.6672,448.5,0.07283659
1981-09-09,7629.2,32.6313,463.5,0.07040196
1981-09-10,7583.2,32.8448,464.5,0.07070994
1981-09-11,7543.4,32.6088,470,0.06938048
1981-09-14,7542.8,32.7649,476.4,0.06877596
1981-09-16,7506.3,33.0747,466,0.07097572
1981-09-17,7539.3,33.3155,456.5,0.07298031
1981-09-18,7548.5,33.3576,465,0.07173686
1981-09-21,7522.6,33.5561,482,0.06961840
1981-09-22,7492.9,33.0389,475,0.06955565
1981-09-24,7364,32.1432,459.5,0.06995249
1981-09-25,7363.6,32.0561,441.5,0.07260718
1981-09-29,7357.7,31.7279,441.5,0.07186387
1981-09-30,7455.5,32.0943,443,0.07244757
1981-10-01,7305.9,31.3423,440,0.07123260
1981-10-02,7377.1,31.7910,447.5,0.07104133
1981-10-05,7499.8,32.9531,445.5,0.07396884
1981-10-07,7545.8,33.0232,453.5,0.07281851
1981-10-09,7516.2,33.1768,457,0.07259690
1981-10-12,7587.8,33.4928,452,0.07409918
1981-10-14,7494.1,32.7625,452,0.07248346
1981-10-15,7352.5,31.8828,450.2,0.07081926
1981-10-16,7231.4,31.3604,447.5,0.07007916
1981-10-19,7076.6,30.4566,442.7,0.06879747
1981-10-20,7109.9,30.5539,437.5,0.06983756
1981-10-21,7253.9,31.0407,438,0.07086917
1981-10-22,7216.3,30.8851,439.2,0.07032123
1981-10-23,7262.2,31.2608,436,0.07169912
1981-10-26,7261.8,30.7495,429.8,0.07154372
1981-10-27,7280.5,31.0112,435.3,0.07124099
1981-10-28,7322,31.2826,428,0.07309013
1981-10-29,7428.2,31.6970,433.3,0.07315263
1981-10-30,7449.5,32.0009,431.2,0.07421369
1981-11-04,7572.1,33.3147,433.3,0.07688601
1981-11-05,7546.5,33.0248,431.2,0.07658816
1981-11-10,7528.2,32.7527,414.5,0.07901729
1981-11-12,7505,33.0268,414,0.07977477
1981-11-13,7569.5,33.2930,415.2,0.08018549
1981-11-16,7674.9,34.0034,401.4,0.08471193
1981-11-17,7648.6,34.1059,405,0.08421222
1981-11-18,7667.3,34.5063,398,0.08669925
1981-11-19,7655.2,34.7474,400.5,0.08676005
1981-11-20,7647,34.9753,398,0.08787764
1981-11-24,7602.7,35.2124,401.8,0.08763653
1981-11-25,7650.7,35.3218,419,0.08430022
1981-11-27,7664.7,35.5440,419.8,0.08466880
1981-12-01,7521.7,34.7583,412,0.08436485
1981-12-02,7566.1,35.2403,429,0.08214530
1981-12-03,7625,35.1934,428,0.08222755
1981-12-04,7716.1,35.6402,429,0.08307735
1981-12-07,7789.2,35.8058,424,0.08444771
1981-12-08,7752.4,35.5631,415.8,0.08552934
1981-12-09,7743.1,35.4538,416.8,0.08506179
1981-12-14,7654.2,34.6736,419.5,0.08265462
1981-12-15,7680.9,35.3129,423,0.08348194
1981-12-16,7674.6,35.1578,428.3,0.08208690
1981-12-17,7682.5,35.1698,422.3,0.08328165
1981-12-21,7668.9,34.8523,405.8,0.08588541
1981-12-22,7644.6,34.8527,408.4,0.08533972
1981-12-23,7682,34.8074,408,0.08531233
1981-12-24,7662.5,34.5002,406.3,0.08491318
1981-12-28,7681.8,34.4769,397.2,0.08679987
1982-01-04,7718.8,35.2843,407.3,0.08662983
1982-01-05,7719.3,35.1356,405.6,0.08662633
1982-01-06,7697.6,35.0560,403,0.08698763
1982-01-07,7691.2,34.6435,402,0.08617782
1982-01-08,7662.2,34.6095,397.5,0.08706796
1982-01-12,7631.8,34.2156,390,0.08773243
1982-01-13,7635.6,34.0358,379.6,0.08966238
1982-01-14,7667,34.1530,378.6,0.09020858
1982-01-18,7659.3,33.9885,377,0.09015507
1982-01-19,7677.1,34.1995,371.2,0.09213223
1982-01-20,7717.2,34.2226,374.5,0.09138215
1982-01-21,7737.5,34.2883,376.5,0.09107121
1982-01-22,7823.3,34.4048,378.5,0.09089767
1982-01-25,7906.3,34.4636,375.6,0.09175619
1982-01-26,7863.4,34.4508,376.4,0.09152716
1982-01-27,7926.5,34.5231,391.6,0.08815905
1982-01-28,7903.8,34.2141,392.4,0.08719190
1982-01-29,7918.8,34.6859,391.8,0.08852971
1982-02-01,7909.8,34.0046,389.2,0.08737039
1982-02-02,7828,33.5591,384.7,0.08723452
1982-02-03,7860.9,33.4777,386.8,0.08655043
1982-02-04,7834.7,33.6022,393.8,0.08532821
1982-02-05,7801.9,33.4114,392,0.08523321
1982-02-08,7784.9,33.1611,386.8,0.08573190
1982-02-09,7794.2,32.9551,387.6,0.08502336
1982-02-10,7761.1,32.8401,391.3,0.08392562
1982-02-12,7690.3,32.6206,384.9,0.08475077
1982-02-16,7693.9,31.9713,381.8,0.08373842
1982-02-17,7644.4,31.8053,381.1,0.08345653
1982-02-18,7683.8,32.6276,374.1,0.08721625
1982-02-19,7713.3,33.0179,369.3,0.08940658
1982-02-22,7758.3,33.4265,368.8,0.09063596
1982-02-23,7714.5,32.8416,367.7,0.08931638
1982-02-24,7664,32.6907,372.4,0.08778375
1982-02-25,7580.4,32.1135,369.8,0.08684028
1982-02-26,7548.5,31.8180,364.5,0.08729215
1982-03-02,7309.4,30.7505,361.6,0.08504017
1982-03-03,7474.4,31.5909,354.2,0.08918936
1982-03-04,7354.8,31.0919,346.8,0.08965383
1982-03-05,7285.5,31.1493,336.3,0.09262343
1982-03-08,7248.4,30.9364,331,0.09346346
1982-03-10,7292.9,30.7393,338.8,0.09072994
1982-03-11,7257.3,30.3133,330,0.09185839
1982-03-12,7102.6,29.5818,319.6,0.09255895
1982-03-15,7078.6,29.4328,326.2,0.09022946
1982-03-16,6917,28.6312,314.5,0.09103705
1982-03-17,6889.5,28.5398,319.3,0.08938230
1982-03-18,7052.8,29.1330,325.2,0.08958477
1982-03-19,7065.4,28.9566,317.7,0.09114434
1982-03-23,7097.8,28.9824,327,0.08863132
1982-03-24,7194.3,29.5345,334.2,0.08837362
1982-03-25,7175.2,29.2471,333.6,0.08767127
1982-03-26,7203.8,29.1534,329.2,0.08855826
1982-03-29,7199.2,29.1230,330.5,0.08811793
1982-03-30,7193.8,29.3265,326.5,0.08982095
1982-03-31,7260.5,29.2467,334.2,0.08751265
1982-04-01,7293.6,29.6247,332.8,0.08901651
1982-04-02,7332.9,29.8559,336.8,0.08864569
1982-04-05,7344.4,29.5656,353.3,0.08368423
1982-04-06,7293.5,29.3607,367,0.08000200
1982-04-07,7230.5,29.4042,357,0.08236479
1982-04-08,7204.6,28.9644,366,0.07913765
1982-04-13,7252.9,29.3985,362.7,0.08105455
1982-04-14,7181.5,29.0244,376,0.07719247
1982-04-15,7120.8,28.6678,371.8,0.07710549
1982-04-16,7129.7,28.7720,366,0.07861200
1982-04-19,7135.2,29.1233,346.5,0.08404983
1982-04-20,7258.1,29.8515,350.5,0.08516840
1982-04-21,7260.5,29.8528,349.1,0.08551361
1982-04-22,7295.8,30.0486,349.6,0.08595137
1982-04-23,7333.9,30.4135,356.7,0.08526339
1982-04-26,7404.2,31.0566,356.5,0.08711524
1982-04-27,7417.2,31.1634,360,0.08656499
1982-04-28,7405.3,31.2144,359.1,0.08692393
1982-04-30,7390.8,31.3369,346.5,0.09043829
1982-05-04,7457.1,31.3917,346.5,0.09059656
1982-05-06,7517.8,32.1893,335,0.09608732
1982-05-07,7518.8,32.2820,336.5,0.09593461
1982-05-10,7564.6,32.4257,331.5,0.09781519
1982-05-11,7538.1,32.3732,335.8,0.09640620
1982-05-12,7539.8,32.2489,335,0.09626546
1982-05-13,7603.2,32.3252,333.5,0.09692701
1982-05-14,7575.8,32.2046,340,0.09471929
1982-05-17,7619.4,32.1711,336.2,0.09569032
1982-05-18,7567,31.8960,342.1,0.09323581
1982-05-19,7572.1,31.6904,342.5,0.09252666
1982-05-20,7531.5,31.6038,344,0.09187149
1982-05-21,7497,31.5530,337.2,0.09357364
1982-05-24,7468.2,31.3250,328.8,0.09527077
1982-05-25,7428.4,30.9246,329.5,0.09385313
1982-05-26,7449.9,30.9909,331.7,0.09343048
1982-05-27,7404.4,30.4858,333.3,0.09146666
1982-05-28,7325.6,30.1106,329,0.09152148
1982-06-01,7368.6,30.1633,323.8,0.09315420
1982-06-02,7344.9,30.0159,326.4,0.09196059
1982-06-03,7301.9,30.0243,323.5,0.09281070
1982-06-04,7300.5,29.9643,325.3,0.09211279
1982-06-07,7242.4,29.4814,342.5,0.08607707
1982-06-08,7240,29.3129,337.3,0.08690462
1982-06-09,7233,29.0540,333.2,0.08719696
1982-06-10,7152.3,28.6895,332.6,0.08625836
1982-06-11,7195.4,29.0688,333.2,0.08724130
1982-06-14,7242.6,28.8964,322.5,0.08960132
1982-06-15,7191,28.5765,321,0.08902348
1982-06-16,7142.4,28.2476,321.4,0.08788916
1982-06-17,7130.2,28.0176,312.2,0.08974249
1982-06-18,7127.7,27.9353,308.5,0.09055213
1982-06-21,7091.1,27.5747,305,0.09040873
1982-06-22,7127.9,28.0086,301.5,0.09289740
1982-06-23,7154.6,27.9477,311,0.08986385
1982-06-24,7152.6,28.3384,307.5,0.09215724
1982-06-25,7202.4,27.9499,310.2,0.09010272
1982-06-28,7204.2,27.8208,313.7,0.08868605
1982-06-29,7180.7,28.0979,318,0.08835818
1982-06-30,7213.8,28.2916,317.8,0.08902338
1982-07-01,7179.4,28.0500,316.5,0.08862562
1982-07-02,7084.9,27.5677,315,0.08751652
1982-07-06,7019.5,27.2412,311.5,0.08745153
1982-07-07,7035.1,27.1636,313.5,0.08664624
1982-07-08,6991.5,27.1157,324.7,0.08350986
1982-07-12,7146.7,28.1067,343.5,0.08182456
1982-07-13,7189,27.9195,359.5,0.07766212
1982-07-14,7155,27.9121,349.2,0.07993170
1982-07-15,7197.7,28.1226,345.7,0.08134975
1982-07-16,7175.9,28.2449,351.5,0.08035534
1982-07-19,7237.8,28.4225,346.5,0.08202753
1982-07-20,7212.5,28.4225,360.3,0.07888572
1982-07-21,7210.5,28.6063,356.2,0.08030961
1982-07-22,7227.4,28.6995,359.5,0.07983176
1982-07-23,7220.5,28.9759,361.2,0.08022116
1982-07-26,7203.9,28.7065,355.5,0.08074969
1982-07-27,7198,28.5295,352.2,0.08100377
1982-07-28,7192.6,28.2284,339.5,0.08314702
1982-07-29,7145.8,27.8480,338.6,0.08224457
1982-07-30,7122.1,27.5933,355.5,0.07761821
1982-08-02,7208.2,28.0912,366.1,0.07673093
1982-08-03,7213.4,27.9741,358,0.07813993
1982-08-04,7166.3,27.5256,363.1,0.07580732
1982-08-05,7092.7,27.2943,356.8,0.07649751
1982-08-06,7068.2,27.1770,355.5,0.07644732
1982-08-09,6976.1,26.5969,346.5,0.07675872
1982-08-10,6928.3,26.2525,343.3,0.07647105
1982-08-11,6885.2,26.1407,344.5,0.07588013
1982-08-12,6880.2,26.1396,348.5,0.07500598
1982-08-13,6927.7,26.4305,344.9,0.07663238
1982-08-16,6939.4,26.2786,348.4,0.07542663
1982-08-17,6864.5,25.9980,354.5,0.07333697
1982-08-18,6990.8,26.9707,368.9,0.07311108
1982-08-19,6967.8,26.9725,384.5,0.07014949
1982-08-20,6968.4,27.3550,396,0.06907816
1982-08-23,7053.4,27.7038,408.7,0.06778529
1982-08-24,7088.9,28.1854,413.2,0.06821239
1982-08-25,7126.6,28.3917,417,0.06808561
1982-08-26,7153.3,28.2505,437.5,0.06457249
1982-08-27,7185.1,28.0012,413,0.06779944
1982-08-30,7118.8,27.2814,419.5,0.06503306
1982-08-31,7123.3,27.2829,418.5,0.06519218
1982-09-01,7152.5,27.6041,415.5,0.06643588
1982-09-02,7125.9,27.8149,440.5,0.06314393
1982-09-03,7175.6,27.8361,465.5,0.05979837
1982-09-07,7209.4,28.0031,481,0.05821852
1982-09-08,7189.4,27.7059,497,0.05574625
1982-09-09,7124,27.5419,472,0.05835158
1982-09-10,7105,27.0502,452,0.05984553
1982-09-13,7073.9,26.7941,457,0.05863033
1982-09-14,7096.3,26.9555,447,0.06030309
1982-09-16,7087.9,26.9082,454,0.05926926
1982-09-17,7082.5,26.9102,443,0.06074541
1982-09-20,7042.6,26.6261,436,0.06106901
1982-09-21,7040.3,26.5561,447,0.05940972
1982-09-22,7071.1,26.9221,445.5,0.06043129
1982-09-24,7066,26.5380,424.3,0.06254530
1982-09-27,6975.5,25.8524,412,0.06274859
1982-09-28,6940.5,25.7056,420.5,0.06113093
1982-09-29,6979.1,25.9601,400,0.06490013
1982-09-30,6910.7,25.7583,404.8,0.06363222
1982-10-01,6849.8,25.4725,413,0.06167667
1982-10-04,6942.2,25.3819,392.5,0.06466723
1982-10-05,6932.1,25.3200,398.4,0.06355413
1982-10-08,7361.6,27.5005,424.5,0.06478320
1982-10-12,7413.2,28.2289,443.5,0.06365036
1982-10-13,7411.6,27.7942,460,0.06042216
1982-10-14,7414.8,27.6146,445.5,0.06198567
1982-10-15,7373.5,27.3396,433,0.06314004
1982-10-18,7370.2,27.4434,439.5,0.06244233
1982-10-19,7371.6,27.4762,427,0.06434716
1982-10-20,7378,27.2855,437,0.06243822
1982-10-21,7319.9,26.8118,427.5,0.06271775
1982-10-22,7324,26.7827,435.5,0.06149876
1982-10-25,7304.9,26.4134,420.5,0.06281436
1982-10-26,7199.6,26.0827,426.7,0.06112649
1982-10-27,7270,26.3358,425,0.06196661
1982-10-28,7291.4,26.2819,422.7,0.06217635
1982-10-29,7259.1,26.1967,423,0.06193069
1982-11-01,7334.6,26.4902,432.5,0.06124896
1982-11-02,7395.6,26.7105,432.5,0.06175835
1982-11-04,7515.9,27.0687,429.3,0.06305315
1982-11-05,7528.9,27.2994,419,0.06515369
1982-11-08,7551.7,27.3602,407.5,0.06714169
1982-11-09,7576.4,27.9428,414,0.06749459
1982-11-10,7688.1,28.6762,405,0.07080553
1982-11-11,7708.3,28.7516,406,0.07081671
1982-11-12,7689.4,28.6384,410.5,0.06976458
1982-11-15,7762.2,29.0349,406.5,0.07142666
1982-11-16,7698.3,29.1945,411.5,0.07094656
1982-11-17,7740.1,29.3954,408.5,0.07195934
1982-11-18,7785.4,29.6372,413.2,0.07172608
1982-11-19,7854.9,30.4619,414.8,0.07343751
1982-11-22,7901.5,31.0276,406,0.07642277
1982-11-24,7846.8,31.2983,411.5,0.07605908
1982-11-26,7890.4,31.5351,433.9,0.07267829
1982-11-29,7936.2,31.7004,440.6,0.07194830
1982-11-30,7895.6,31.6825,449,0.07056240
1982-12-01,7966.8,32.0454,441.7,0.07255008
1982-12-02,8001,32.2491,449.5,0.07174437
1982-12-03,7991.6,32.4058,447.8,0.07236673
1982-12-06,8020.5,32.7207,452,0.07239095
1982-12-07,8027,33.0656,458.5,0.07211686
1982-12-08,8004.1,33.0557,444.5,0.07436596
1982-12-09,7945.2,32.3370,449.2,0.07198797
1982-12-10,7870.8,32.2244,441.5,0.07298836
1982-12-13,7885.5,31.8851,449.5,0.07093456
1982-12-14,7913.6,32.3943,436.8,0.07416274
1982-12-15,7882.9,32.1830,443.7,0.07253321
1982-12-16,7828.9,32.1780,446,0.07214791
1982-12-17,7865.8,32.2171,444.2,0.07252832
1982-12-20,7858,32.1456,446.9,0.07193026
1982-12-21,7810.1,32.2585,455.5,0.07081993
1982-12-22,7772.3,32.3159,448,0.07213373
1982-12-23,7830.8,32.8873,450.8,0.07295324
1982-12-27,8015.1,33.7478,462.2,0.07301555
1982-12-31,8016.7,34.1572,453,0.07540226
1983-01-04,8021.4,34.9045,456.7,0.07642760
1983-01-05,8066.1,35.2062,461,0.07636927
1983-01-06,8120.5,35.3357,456.5,0.07740572
1983-01-07,8169.2,35.6578,469.5,0.07594844
1983-01-10,8172.7,36.0412,483.2,0.07458855
1983-01-11,8079.6,35.3129,482.4,0.07320261
1983-01-12,8039.8,34.8738,492.6,0.07079532
1983-01-13,8099,35.3529,490,0.07214881
1983-01-14,8088.5,35.0926,490,0.07161761
1983-01-17,8082.7,35.2019,492.5,0.07147587
1983-01-18,8028.2,34.5805,503.8,0.06863927
1983-01-19,7968.6,33.9176,489.6,0.06927614
1983-01-20,7923.3,33.6718,492.5,0.06836904
1983-01-21,7989.4,33.8018,485,0.06969449
1983-01-24,7833.9,32.6154,482.5,0.06759674
1983-01-25,7803.1,33.0864,490,0.06752329
1983-01-26,7962.5,33.8326,499.1,0.06778720
1983-01-27,7942.3,33.6738,504.1,0.06679982
1983-01-28,8014.6,33.9041,502.8,0.06743067
1983-01-31,8103.4,33.7853,518.2,0.06519738
1983-02-01,8105.5,33.8561,511.5,0.06618992
1983-02-02,8108,33.4778,515,0.06500553
1983-02-03,7991.3,33.4588,504,0.06638651
1983-02-04,8012.6,33.3455,501,0.06655797
1983-02-07,8010.9,33.7386,501,0.06734257
1983-02-08,8027.2,33.8059,499.2,0.06772006
1983-02-09,7995.9,33.7964,498.3,0.06782348
1983-02-10,8017.5,34.1054,509.5,0.06693898
1983-02-14,8132,34.6352,514.2,0.06735746
1983-02-15,8135.4,34.7518,511.5,0.06794099
1983-02-16,8145.4,35.0174,511,0.06852722
1983-02-17,8106.3,34.7611,508,0.06842746
1983-02-18,8048.3,34.4519,510.5,0.06748651
1983-02-22,7918.1,33.8655,485.5,0.06975393
1983-02-23,7931.6,33.7429,471.5,0.07156495
1983-02-24,7984.3,34.0903,473.7,0.07196611
1983-02-25,8056,34.2736,448.7,0.07638413
1983-02-28,8085.5,33.9955,423.7,0.08023494
1983-03-01,7988.8,33.4259,415,0.08054444
1983-03-02,8013.3,33.7701,436,0.07745429
1983-03-03,8005,33.8621,433,0.07820346
1983-03-04,8014.7,33.9894,420,0.08092714
1983-03-07,8041.1,34.1144,429.5,0.07942812
1983-03-08,8027,33.6280,424.5,0.07921787
1983-03-09,8008.2,33.6904,426.3,0.07902971
1983-03-10,8027.6,33.8660,433,0.07821250
1983-03-11,8081.4,33.8900,429.3,0.07894237
1983-03-14,8089,34.0604,438.5,0.07767476
1983-03-15,8111.8,34.1924,427.8,0.07992608
1983-03-16,8170.1,34.4352,419.5,0.08208634
1983-03-17,8195.1,34.2748,420.8,0.08145147
1983-03-18,8234.9,34.2692,416.5,0.08227910
1983-03-22,8281.5,34.5927,419.5,0.08246182
1983-03-23,8311.1,34.8036,418.5,0.08316273
1983-03-24,8340.1,35.1517,410.5,0.08563150
1983-03-25,8302.7,35.0207,414.5,0.08448895
1983-03-28,8387.9,34.9321,412.3,0.08472500
1983-03-29,8424.1,35.0946,422.2,0.08312309
1983-03-30,8446.6,35.2235,419.5,0.08396548
1983-03-31,8478.7,35.4757,422,0.08406572
1983-04-04,8485.8,35.5040,433.5,0.08190070
1983-04-05,8420.3,35.4300,434.8,0.08148580
1983-04-06,8479.4,35.7705,435.5,0.08213665
1983-04-07,8442.4,35.4887,431,0.08234030
1983-04-08,8435.4,35.2518,427.2,0.08251823
1983-04-11,8475.2,35.6176,436.8,0.08154205
1983-04-12,8468.6,35.5749,437,0.08140705
1983-04-13,8480.4,35.5572,437.4,0.08129226
1983-04-14,8554.2,35.9028,443,0.08104468
1983-04-15,8552.2,35.9926,442.2,0.08139438
1983-04-18,8582.5,36.0897,449.8,0.08023507
1983-04-19,8541.9,36.0342,437.5,0.08236382
1983-04-20,8564.5,36.0793,443,0.08144307
1983-04-21,8543,36.1394,439.7,0.08219111
1983-04-22,8563.1,36.1541,443.3,0.08155675
1983-04-25,8596,36.3852,440.8,0.08254352
1983-04-26,8507.5,35.8422,442.3,0.08103590
1983-04-27,8634.8,36.5494,435,0.08402165
1983-04-28,8636.5,36.2558,434.2,0.08350029
1983-05-02,8704.4,36.6378,432.3,0.08475078
1983-05-04,8663,36.6688,437.7,0.08377606
1983-05-06,8670.6,36.9433,439.5,0.08405764
1983-05-09,8719.9,37.4792,443.8,0.08445055
1983-05-10,8668,37.2801,445.3,0.08371910
1983-05-11,8691.6,37.6439,445.7,0.08446017
1983-05-12,8653.9,37.3802,440.4,0.08487794
1983-05-13,8629.5,37.3087,442.8,0.08425630
1983-05-16,8591.8,36.8273,440.2,0.08366029
1983-05-17,8572.2,36.7259,444.3,0.08266021
1983-05-18,8598.8,36.9444,441.2,0.08373609
1983-05-19,8584.4,36.6213,439.3,0.08336286
1983-05-20,8561.4,36.5700,438,0.08349312
1983-05-23,8528.6,36.2302,439,0.08252904
1983-05-24,8563.5,36.1971,437.5,0.08273613
1983-05-25,8582.3,36.3226,440.1,0.08253257
1983-05-26,8626,36.4643,444.4,0.08205293
1983-05-27,8617.9,36.2127,442.8,0.08178118
1983-05-31,8617.6,36.0780,418.5,0.08620797
1983-06-01,8549.7,35.6445,411.5,0.08662100
1983-06-02,8517.9,35.7384,417.8,0.08553959
1983-06-07,8475.3,35.2653,409.9,0.08603381
1983-06-08,8445.4,34.9894,408,0.08575842
1983-06-10,8500.5,35.0985,412.4,0.08510785
1983-06-13,8598.6,35.4494,418.5,0.08470579
1983-06-14,8618.3,35.4590,416.2,0.08519692
1983-06-15,8698.3,35.8767,413.9,0.08667957
1983-06-16,8645.3,35.9382,419.7,0.08562837
1983-06-17,8702.7,36.2779,417.8,0.08683073
1983-06-20,8711.7,36.4125,420.3,0.08663464
1983-06-21,8798.6,36.7236,422.8,0.08685802
1983-06-22,8826.9,37.1800,424.2,0.08764730
1983-06-23,8813.4,37.1091,425.3,0.08725383
1983-06-24,8845.4,37.2767,426.8,0.08734009
1983-06-27,8838.2,36.9166,419,0.08810641
1983-06-29,8844.2,36.9525,419.3,0.08812891
1983-06-30,8870.9,37.0733,418.5,0.08858615
1983-07-01,8935.6,37.3640,421.2,0.08870845
1983-07-05,8928.1,37.0938,416,0.08916772
1983-07-06,8984.9,37.5152,415.5,0.09028939
1983-07-08,9012.4,37.3401,430.3,0.08677684
1983-07-11,8968.8,37.1164,432.7,0.08577853
1983-07-12,8937.2,37.1393,430,0.08637045
1983-07-13,8883.6,37.0443,426.5,0.08685657
1983-07-14,8885,37.0039,422.3,0.08762461
1983-07-15,8900,36.8897,421.7,0.08747845
1983-07-18,8885.1,36.8998,426.3,0.08655826
1983-07-19,8866.7,36.8203,424.8,0.08667682
1983-07-20,8927.3,37.3043,430.2,0.08671393
1983-07-21,9019.7,37.6464,423.8,0.08883057
1983-07-22,8993.4,37.4351,425.7,0.08793767
1983-07-25,8991.9,37.3790,428.3,0.08727301
1983-07-26,9005.5,37.4309,426.7,0.08772182
1983-07-27,9062.4,37.6236,425,0.08852615
1983-07-28,9112.1,37.8425,440.2,0.08596665
1983-07-29,9078.8,37.5561,427.4,0.08787097
1983-08-01,9015.5,36.9943,426.5,0.08673917
1983-08-02,9040.4,37.1819,428,0.08687353
1983-08-03,9016.2,37.0671,429.2,0.08636322
1983-08-04,9038.6,37.1043,424.4,0.08742759
1983-08-05,8961,36.7390,426.8,0.08608004
1983-08-08,8960,36.6837,425.3,0.08625376
1983-08-09,8874.2,36.3712,423,0.08598384
1983-08-10,8878.4,36.1219,424.9,0.08501269
1983-08-11,8908.6,36.1638,423.6,0.08537261
1983-08-12,8920.8,36.1108,426.2,0.08472724
1983-08-15,9020.3,36.5342,432.8,0.08441364
1983-08-16,9019.1,37.0927,432.2,0.08582309
1983-08-17,9010.1,36.9888,434,0.08522763
1983-08-18,9089.6,37.4073,432.7,0.08645089
1983-08-19,9139.7,37.4593,430.3,0.08705397
1983-08-22,9203.8,37.8617,437.6,0.08652125
1983-08-23,9169.2,37.6961,436.8,0.08630060
1983-08-24,9147.3,37.6587,433.4,0.08689134
1983-08-25,9143,37.5930,428.7,0.08769075
1983-08-26,9145.5,37.2313,430.8,0.08642366
1983-08-29,9172.5,37.2623,428.5,0.08695998
1983-08-30,9195.9,37.3453,428.5,0.08715350
1983-08-31,9189.4,37.2871,424.8,0.08777560
1983-09-01,9228.3,37.4404,425.8,0.08792945
1983-09-02,9183.1,37.2087,427,0.08713974
1983-09-06,9255.1,37.6453,422.3,0.08914353
1983-09-07,9255.6,37.6703,423.9,0.08886608
1983-09-08,9332.5,38.1557,424.3,0.08992621
1983-09-09,9340,38.1926,422.9,0.09031118
1983-09-12,9355.1,38.4303,414,0.09282693
1983-09-13,9299.3,38.0807,415.7,0.09160614
1983-09-14,9274.1,37.8056,416.5,0.09076983
1983-09-16,9195.6,37.7565,418.7,0.09017559
1983-09-19,9141.3,37.8224,421.5,0.08973290
1983-09-20,9254.1,38.1628,419.2,0.09103724
1983-09-21,9272.5,38.2750,419.1,0.09132664
1983-09-22,9280.3,38.2220,419.5,0.09111321
1983-09-26,9345.8,39.2582,421.9,0.09305089
1983-09-27,9414.1,39.5717,420.2,0.09417341
1983-09-28,9445.3,39.8721,417.6,0.09547915
1983-09-29,9432.6,39.8353,411.5,0.09680510
1983-09-30,9402.6,39.8990,407.8,0.09783964
1983-10-03,9450.1,40.3609,396.4,0.10181861
1983-10-04,9424.3,40.2559,398.8,0.10094248
1983-10-05,9491.9,40.7535,402.3,0.10130129
1983-10-06,9530,41.0051,400.5,0.10238482
1983-10-07,9562.5,41.4248,405.3,0.10220774
1983-10-11,9493.1,40.9115,403,0.10151732
1983-10-13,9472.3,40.6292,403.7,0.10064215
1983-10-14,9323.6,40.0515,403.7,0.09921117
1983-10-17,9420.9,40.4435,401.6,0.10070583
1983-10-18,9349,40.2436,400.3,0.10053370
1983-10-19,9230.8,39.6734,394.8,0.10048976
1983-10-20,9319.5,40.0839,397.5,0.10083993
1983-10-21,9370.2,40.3227,396.8,0.10161983
1983-10-24,9260.2,39.6582,401.8,0.09870145
1983-10-25,9232.7,39.7208,400.8,0.09910376
1983-10-26,9246.5,39.6931,389.3,0.10196010
1983-10-27,9323.1,40.0838,389,0.10304329
1983-10-28,9321.3,40.0606,389.8,0.10277219
1983-10-31,9356.8,39.9795,378.8,0.10554248
1983-11-01,9350.9,39.8283,380.8,0.10459126
1983-11-02,9344.1,39.8537,385.5,0.10338186
1983-11-04,9341.7,39.4748,382.3,0.10325596
1983-11-07,9316.2,39.3089,383.4,0.10252702
1983-11-08,9319.3,39.3219,383,0.10266825
1983-11-09,9297.1,39.4949,383.5,0.10298540
1983-11-10,9244.2,39.4293,383.4,0.10284116
1983-11-11,9305.6,39.6912,385.7,0.10290690
1983-11-14,9348.5,39.8436,384.1,0.10373232
1983-11-15,9379.3,40.0038,384.2,0.10412243
1983-11-16,9430.8,40.0612,376.3,0.10646072
1983-11-17,9416.9,39.8599,378.2,0.10539369
1983-11-18,9386.7,39.7843,376.3,0.10572487
1983-11-21,9409.8,40.0077,376.7,0.10620561
1983-11-22,9416.5,40.1557,376.2,0.10674017
1983-11-25,9340.8,39.7329,377.2,0.10533634
1983-11-28,9294.7,39.5772,401.7,0.09852421
1983-11-29,9256.3,39.4574,403.8,0.09771508
1983-11-30,9320.2,40.0886,409,0.09801615
1983-12-01,9336.6,40.1557,406.9,0.09868688
1983-12-02,9379.8,40.1877,404.1,0.09944979
1983-12-05,9445.1,40.1594,404.5,0.09928169
1983-12-06,9438.8,40.2868,404.4,0.09962123
1983-12-07,9405,40.1820,408.8,0.09829257
1983-12-08,9461,40.3799,394,0.10248694
1983-12-09,9448.9,39.8856,393.4,0.10138690
1983-12-12,9442,39.8969,395.5,0.10087711
1983-12-13,9385.5,39.7303,395.3,0.10050682
1983-12-14,9401.1,39.9928,393.4,0.10165930
1983-12-15,9462.4,40.2792,385.1,0.10459425
1983-12-16,9530.6,40.4714,377,0.10735108
1983-12-19,9484.2,40.1703,377.3,0.10646771
1983-12-20,9627.9,41.0064,383.4,0.10695470
1983-12-21,9717.6,41.4043,381.7,0.10847353
1983-12-22,9709.4,41.4843,385.7,0.10755587
1983-12-27,9883.9,42.2714,382.9,0.11039803
1983-12-28,9893.8,42.3899,381.6,0.11108461
1984-01-04,9927,42.5248,379.7,0.11199591
1984-01-05,9947,42.7479,377.7,0.11317941
1984-01-06,9961,42.8080,370,0.11569737
1984-01-09,9954,42.6643,367.7,0.11603010
1984-01-10,10016,42.9024,370.2,0.11588986
1984-01-11,10073,42.9626,372.9,0.11521199
1984-01-12,10104,43.0214,371.8,0.11571107
1984-01-13,10151,43.4919,372.5,0.11675667
1984-01-17,10156,43.3480,370.8,0.11690396
1984-01-18,10100,43.2400,370.2,0.11680174
1984-01-19,10098,43.2741,375.3,0.11530523
1984-01-20,10104,43.0874,372.4,0.11570199
1984-01-23,10071,43.0661,366.3,0.11757048
1984-01-24,10023,42.7675,366.8,0.11659634
1984-01-25,10115,43.1859,367.5,0.11751264
1984-01-26,10180,43.4875,366.3,0.11872112
1984-01-27,10181,43.4603,375.4,0.11577053
1984-01-30,10236,43.6373,375.8,0.11611840
1984-01-31,10196,43.4464,379.2,0.11457383
1984-02-01,10201,43.5456,384.9,0.11313493
1984-02-02,10156,43.4779,391.8,0.11096960
1984-02-03,10134,43.5478,391.5,0.11123311
1984-02-06,10121,43.4191,387,0.11219414
1984-02-07,10061,42.9041,386.2,0.11109283
1984-02-08,10100,43.1347,387.3,0.11137295
1984-02-09,10002,42.7655,383.6,0.11148467
1984-02-10,9959,42.4510,382.5,0.11098296
1984-02-13,9963,42.4680,381.8,0.11123109
1984-02-14,9830,42.0157,387.8,0.10834381
1984-02-15,9892,42.4185,385.7,0.10997803
1984-02-16,9897,42.5019,387.4,0.10971072
1984-02-17,9925,42.5582,388.7,0.10948858
1984-02-20,9938,42.6140,388.7,0.10963199
1984-02-21,9971,42.5911,392.4,0.10853998
1984-02-22,9948,42.6568,403.5,0.10571706
1984-02-23,9940,42.5514,402.8,0.10563895
1984-02-24,9963,42.7248,399.5,0.10694572
1984-02-27,10071,43.1694,405,0.10659122
1984-02-28,10074,43.1435,398.3,0.10831903
1984-02-29,10031,42.9722,398.9,0.10772674
1984-03-01,9920,42.4949,397.8,0.10682468
1984-03-02,9948,43.5933,403.7,0.10798449
1984-03-05,10089,45.1692,407.3,0.11089917
1984-03-06,10059,45.0369,407,0.11065587
1984-03-07,10021,44.8869,401.2,0.11188160
1984-03-08,9959,44.3529,405.3,0.10943227
1984-03-09,9997,44.4706,402.8,0.11040377
1984-03-12,10087,44.8630,398.3,0.11263624
1984-03-13,10195,45.6888,400.4,0.11410791
1984-03-14,10324,46.1490,395.8,0.11659685
1984-03-15,10347,46.1693,394.7,0.11697312
1984-03-16,10458,46.3051,395.3,0.11713906
1984-03-19,10479,46.4104,395.5,0.11734610
1984-03-21,10414,45.9171,394,0.11654088
1984-03-22,10456,46.1695,387.8,0.11905485
1984-03-23,10506,46.5609,386.8,0.12037460
1984-03-26,10484,46.6619,388.5,0.12010790
1984-03-27,10528,46.9079,387.3,0.12111505
1984-03-28,10701,47.6256,397.2,0.11990337
1984-03-29,10802,48.2103,396.7,0.12152836
1984-03-30,10929,48.6274,394.3,0.12332580
1984-04-02,11050,49.1854,385.7,0.12752252
1984-04-03,10934,48.5740,387.5,0.12535217
1984-04-04,11002,48.8197,388.2,0.12575906
1984-04-05,10993,48.7278,385.4,0.12643445
1984-04-06,10915,48.4358,387.1,0.12512469
1984-04-09,10890,48.2905,388,0.12446016
1984-04-10,10915,48.4745,387.9,0.12496645
1984-04-11,10939,49.1221,388.7,0.12637535
1984-04-12,10987,49.0294,384.7,0.12744842
1984-04-13,11015,49.0166,387,0.12665776
1984-04-16,11020,48.8865,384.5,0.12714310
1984-04-17,10906,48.4603,385.6,0.12567516
1984-04-18,10933,48.6300,392,0.12405616
1984-04-19,10783,47.9053,388.8,0.12321317
1984-04-20,10803,47.9899,388.8,0.12343074
1984-04-23,10801,48.0578,390.6,0.12303595
1984-04-24,10762,47.6532,386.1,0.12342193
1984-04-25,10866,48.1628,385.9,0.12480632
1984-04-26,10902,48.2902,381.2,0.12667949
1984-04-27,10981,48.4684,381.5,0.12704691
1984-05-01,11013,48.5261,380.3,0.12759955
1984-05-02,11105,48.9099,381.3,0.12827152
1984-05-04,11130,49.0654,378.5,0.12963123
1984-05-07,11159,48.7314,374.5,0.13012386
1984-05-08,11052,48.2325,375.9,0.12831211
1984-05-09,11060,48.3223,373.3,0.12944620
1984-05-10,10880,47.4674,375,0.12657970
1984-05-11,10833,47.0386,373.3,0.12600762
1984-05-14,10563,45.6857,375.5,0.12166642
1984-05-15,10605,45.7605,376.4,0.12157417
1984-05-16,10620,45.9541,378.1,0.12153963
1984-05-17,10341,44.5100,376.4,0.11825176
1984-05-18,10126,43.3922,379.6,0.11431028
1984-05-21,10165,43.6247,380.2,0.11474155
1984-05-22,10062,43.1364,380.4,0.11339751
1984-05-23,10023,43.1338,377.2,0.11435259
1984-05-24,10251,44.2177,379,0.11666951
1984-05-25,10142,43.7702,390,0.11223136
1984-05-28,10116,43.6580,390,0.11194364
1984-05-29,10164,43.8500,392.3,0.11177679
1984-05-30,10141,43.8113,391.6,0.11187766
1984-05-31,9940,42.9207,393.6,0.10904644
1984-06-01,9913,43.0719,397,0.10849348
1984-06-04,10132,44.1078,402.2,0.10966631
1984-06-05,10258,44.5110,401.1,0.11097227
1984-06-06,10254,44.4840,398.9,0.11151660
1984-06-07,10316,44.5924,396.4,0.11249338
1984-06-08,10350,44.6660,389.5,0.11467516
1984-06-11,10377,44.7439,378.9,0.11808888
1984-06-12,10325,44.3781,379.5,0.11693824
1984-06-13,10276,44.2150,379.2,0.11660065
1984-06-14,10149,43.8099,379.9,0.11531954
1984-06-15,10057,43.1612,375.3,0.11500463
1984-06-18,10123,43.3645,375.7,0.11542311
1984-06-19,10197,43.7715,375.8,0.11647542
1984-06-20,10237,43.6434,376.6,0.11588799
1984-06-21,10171,43.3085,377.6,0.11469411
1984-06-22,10153,43.0321,376.6,0.11426481
1984-06-25,10146,42.6374,372.5,0.11446287
1984-06-26,10245,43.2151,374.5,0.11539408
1984-06-27,10311,43.3235,373.7,0.11593131
1984-06-28,10372,43.7102,376.9,0.11597301
1984-06-29,10378,43.7300,376.1,0.11627223
1984-07-02,10411,43.6538,373.6,0.11684642
1984-07-03,10349,43.1856,372.4,0.11596566
1984-07-04,10376,43.2983,372.4,0.11626821
1984-07-05,10421,43.3594,362,0.11977737
1984-07-06,10462,43.3676,347.2,0.12490668
1984-07-09,10373,42.7506,349.8,0.12221434
1984-07-10,10387,43.0193,345.3,0.12458517
1984-07-11,10355,42.7698,343.3,0.12458437
1984-07-12,10270,42.3208,339.5,0.12465640
1984-07-13,10154,42.0543,345.8,0.12161439
1984-07-16,10178,42.2850,349.8,0.12088337
1984-07-17,10242,42.2612,347.3,0.12168498
1984-07-18,10208,41.8618,350.3,0.11950271
1984-07-19,10089,41.4912,348.3,0.11912489
1984-07-20,9945,40.5571,340,0.11928551
1984-07-23,9703,39.2929,337.8,0.11632015
1984-07-24,9739,39.5621,337.8,0.11711691
1984-07-25,9800,39.9023,343.7,0.11609625
1984-07-26,9932,40.7634,333.8,0.12211920
1984-07-27,10036,40.8982,342,0.11958527
1984-07-30,10014,40.6990,355.1,0.11461291
1984-07-31,9999,40.7623,350.3,0.11636406
1984-08-01,9948,40.4802,358,0.11307308
1984-08-02,10087,41.1010,357.1,0.11509653
1984-08-03,10234,42.3225,363,0.11659087
1984-08-06,10431,42.9030,361.5,0.11868043
1984-08-07,10314,42.1823,356.3,0.11838991
1984-08-08,10247,42.1496,356.7,0.11816553
1984-08-09,10290,42.2883,361.3,0.11704470
1984-08-10,10376,42.7894,354.8,0.12060145
1984-08-13,10390,42.5698,362.7,0.11736905
1984-08-14,10361,42.8690,366.8,0.11687286
1984-08-15,10442,43.1684,365.7,0.11804316
1984-08-16,10418,43.2659,362.2,0.11945311
1984-08-17,10449,43.3407,362.3,0.11962645
1984-08-20,10533,43.6981,354.8,0.12316274
1984-08-21,10486,43.3037,357.1,0.12126502
1984-08-22,10538,43.6718,365,0.11964871
1984-08-23,10546,43.8339,360.4,0.12162572
1984-08-24,10554,43.7598,362.3,0.12078346
1984-08-27,10569,43.7441,358.9,0.12188367
1984-08-28,10575,43.8396,358.7,0.12221814
1984-08-29,10580,43.9752,360,0.12215341
1984-08-30,10586,43.8816,358.2,0.12250590
1984-08-31,10584,43.7554,358,0.12222186
1984-09-03,10630,43.9456,358,0.12275306
1984-09-04,10610,43.5264,347.3,0.12532801
1984-09-05,10546,43.0941,348.8,0.12354974
1984-09-06,10458,42.8431,352.7,0.12147178
1984-09-07,10501,42.7235,344.3,0.12408790
1984-09-10,10472,42.6384,347.2,0.12280656
1984-09-11,10493,42.7309,347.7,0.12289589
1984-09-12,10534,43.0065,346.8,0.12400937
1984-09-13,10579,43.0391,346.2,0.12431848
1984-09-14,10604,43.1654,348.1,0.12400273
1984-09-17,10636,43.0224,343.5,0.12524719
1984-09-18,10559,42.8914,348.3,0.12314493
1984-09-19,10552,42.9362,348,0.12337988
1984-09-20,10521,42.6107,349.3,0.12198874
1984-09-21,10505,42.9811,354.3,0.12131261
1984-09-25,10605,43.1080,352.4,0.12232691
1984-09-26,10620,43.3186,348.7,0.12422899
1984-09-27,10644,43.4272,350.3,0.12397137
1984-09-28,10649,43.1326,351.3,0.12277987
1984-10-01,10654,43.2404,350.9,0.12322711
1984-10-02,10540,42.8455,353.4,0.12123805
1984-10-03,10587,43.0839,351.9,0.12243215
1984-10-04,10642,43.2285,352.8,0.12252985
1984-10-05,10738,43.4807,347,0.12530468
1984-10-08,10677,43.2337,347.8,0.12430627
1984-10-09,10669,43.0914,342,0.12599825
1984-10-11,10697,43.1365,341.3,0.12638893
1984-10-12,10685,43.0690,346.3,0.12436918
1984-10-15,10780,43.3297,345.2,0.12552061
1984-10-16,10758,43.2066,343.2,0.12589322
1984-10-17,10743,43.1290,340.7,0.12658934
1984-10-18,10760,43.2302,344.3,0.12555972
1984-10-19,10845,43.8643,342.4,0.12810824
1984-10-22,11078,44.7940,342,0.13097656
1984-10-23,11030,45.0922,343.4,0.13131097
1984-10-24,11179,45.7968,342.9,0.13355732
1984-10-25,11152,45.6937,340.4,0.13423526
1984-10-26,11155,45.4360,340.3,0.13351758
1984-10-29,11177,45.3152,338,0.13406871
1984-10-30,11172,45.4867,336.5,0.13517607
1984-10-31,11253,45.8035,336,0.13631989
1984-11-01,11170,45.7243,338,0.13527912
1984-11-02,11250,46.4876,345.4,0.13459063
1984-11-05,11374,46.9903,349.8,0.13433474
1984-11-06,11298,46.6763,347.2,0.13443637
1984-11-07,11179,46.4263,352.5,0.13170595
1984-11-08,11167,46.3476,349.7,0.13253543
1984-11-09,11239,46.6349,347.5,0.13420102
1984-11-12,11235,46.6183,349.2,0.13350016
1984-11-13,11265,46.8516,347.7,0.13474721
1984-11-14,11321,46.6922,347.8,0.13425025
1984-11-15,11302,46.6100,345.8,0.13478898
1984-11-16,11271,46.4209,345,0.13455340
1984-11-19,11284,46.3123,343.3,0.13490339
1984-11-20,11257,45.9864,343.8,0.13375903
1984-11-21,11250,45.8211,342.9,0.13362821
1984-11-22,11208,45.6500,342.9,0.13312933
1984-11-26,11163,45.3504,331.5,0.13680361
1984-11-27,11184,45.5727,327.4,0.13919583
1984-11-28,11248,45.8260,335.6,0.13654956
1984-11-29,11367,46.2468,335.4,0.13788550
1984-11-30,11429,46.1778,333.5,0.13846410
1984-12-03,11514,46.3919,336.1,0.13802998
1984-12-04,11557,46.8920,334.1,0.14035316
1984-12-05,11543,46.7745,334.3,0.13991760
1984-12-06,11560,46.8851,334.7,0.14008109
1984-12-07,11466,46.3423,330.8,0.14009145
1984-12-10,11317,45.8494,329.4,0.13919056
1984-12-11,11251,45.5543,329.3,0.13833676
1984-12-12,11382,46.0307,329.5,0.13969850
1984-12-13,11340,45.8108,327.8,0.13975222
1984-12-14,11419,46.0927,325.4,0.14164929
1984-12-17,11456,46.2794,316.9,0.14603783
1984-12-18,11460,46.4475,311.5,0.14910926
1984-12-19,11558,46.6500,311.1,0.14995173
1984-12-20,11514,46.4106,309.6,0.14990496
1984-12-21,11474,46.2755,313.2,0.14775051
1984-12-24,11492,46.3163,313.2,0.14788090
1984-12-27,11514,46.0173,309.2,0.14882712
1984-12-28,11543,46.0909,310,0.14868026
1985-01-02,11543,45.8401,304.2,0.15069072
1985-01-04,11558,45.6495,299.7,0.15231736
1985-01-07,11575,45.2237,303.7,0.14890904
1985-01-08,11680,46.0332,298,0.15447377
1985-01-09,11764,46.1171,305.5,0.15095600
1985-01-10,11824,46.6081,304.3,0.15316485
1985-01-11,11812,46.5369,300.3,0.15496808
1985-01-14,11824,46.2942,303.9,0.15233364
1985-01-16,11933,46.8034,304.5,0.15370581
1985-01-17,11887,46.7018,308.5,0.15138335
1985-01-18,11910,46.7829,307.2,0.15228821
1985-01-21,11976,47.0422,308.4,0.15253627
1985-01-22,11868,46.7262,303.9,0.15375534
1985-01-23,11859,46.6119,301.7,0.15449752
1985-01-24,11856,46.7305,299.7,0.15592432
1985-01-25,11737,46.2214,300.4,0.15386618
1985-01-28,11799,46.4162,306.3,0.15153839
1985-01-29,11843,46.5618,305.3,0.15251171
1985-01-30,11961,46.9962,307.9,0.15263459
1985-01-31,11993,47.0720,307.4,0.15312942
1985-02-01,11947,46.5335,306.5,0.15182205
1985-02-04,11891,45.8351,305.4,0.15008219
1985-02-05,11823,45.5291,305.5,0.14903147
1985-02-06,11867,45.7285,305.3,0.14978214
1985-02-07,11941,45.8106,302.7,0.15134005
1985-02-08,12009,46.0662,303.4,0.15183325
1985-02-12,12028,45.9716,304.7,0.15087484
1985-02-13,12026,45.7593,305.7,0.14968693
1985-02-14,12082,46.3818,305.9,0.15162412
1985-02-15,12148,47.1145,306.9,0.15351740
1985-02-18,12149,47.1184,306.9,0.15353004
1985-02-19,12157,46.6286,306.4,0.15218201
1985-02-20,12152,46.5024,306,0.15196854
1985-02-21,12128,46.3272,301.1,0.15385988
1985-02-22,12147,46.2197,296.5,0.15588433
1985-02-25,12201,46.4535,284.1,0.16351093
1985-02-27,12287,47.3853,289.8,0.16351024
1985-02-28,12322,47.4928,288.7,0.16450562
1985-03-01,12412,47.6761,291.6,0.16349834
1985-03-04,12509,48.0912,291.9,0.16475229
1985-03-05,12476,47.8008,287.9,0.16603253
1985-03-06,12499,47.8522,292.9,0.16337392
1985-03-07,12415,47.5652,291,0.16345439
1985-03-08,12348,47.1964,288.5,0.16359245
1985-03-11,12264,47.3057,290.1,0.16306684
1985-03-12,12297,47.2762,292.3,0.16173846
1985-03-13,12419,47.7195,291.9,0.16347893
1985-03-14,12405,47.6127,291.8,0.16316878
1985-03-15,12469,47.8565,295.2,0.16211537
1985-03-18,12507,48.1242,303.8,0.15840753
1985-03-19,12478,48.6889,328.8,0.14808070
1985-03-20,12541,48.9080,324.3,0.15081111
1985-03-22,12543,49.0670,316.8,0.15488324
1985-03-25,12493,48.6810,320.9,0.15170140
1985-03-26,12486,48.8861,324.4,0.15069699
1985-03-27,12551,49.8154,332.4,0.14986594
1985-03-28,12604,49.8221,331.4,0.15033832
1985-03-29,12590,50.1614,334.1,0.15013876
1985-04-01,12677,50.2159,322.7,0.15561167
1985-04-02,12630,49.6677,326.2,0.15226150
1985-04-03,12683,50.1047,320.7,0.15623539
1985-04-04,12627,49.6188,324,0.15314454
1985-04-05,12570,49.3212,324,0.15222591
1985-04-08,12636,49.4560,329,0.15032209
1985-04-09,12630,49.5508,327.9,0.15111554
1985-04-10,12602,49.5634,330,0.15019224
1985-04-11,12574,49.9583,336.4,0.14850857
1985-04-12,12588,50.0836,331.6,0.15103604
1985-04-15,12553,50.2241,333.2,0.15073245
1985-04-16,12207,48.9180,330.8,0.14787790
1985-04-17,12302,49.2928,327.9,0.15032871
1985-04-18,12053,48.6813,330.8,0.14716230
1985-04-19,12232,49.4382,331.3,0.14922488
1985-04-22,12180,48.9550,330.1,0.14830350
1985-04-23,12124,48.4979,325.6,0.14894945
1985-04-24,12218,48.6172,325.3,0.14945357
1985-04-25,12334,48.8746,326.2,0.14983024
1985-04-26,12466,49.2844,325.2,0.15155109
1985-04-30,12426,49.4056,316.5,0.15609981
1985-05-01,12457,49.2878,315.3,0.15632035
1985-05-02,12452,49.2310,316.3,0.15564658
1985-05-07,12415,49.0905,316.5,0.15510442
1985-05-08,12521,49.3458,314.2,0.15705215
1985-05-09,12475,49.5945,314.3,0.15779350
1985-05-10,12527,49.6315,317.5,0.15631980
1985-05-13,12542,49.9005,326.3,0.15292839
1985-05-14,12504,50.0941,325.8,0.15375736
1985-05-15,12358,49.2390,323.9,0.15201909
1985-05-16,12369,49.1790,321.5,0.15296721
1985-05-17,12420,49.5393,321,0.15432806
1985-05-20,12559,50.3105,314,0.16022439
1985-05-21,12650,50.5474,317.9,0.15900419
1985-05-22,12697,50.6361,316.1,0.16019010
1985-05-23,12649,50.3343,316.1,0.15923525
1985-05-27,12643,50.3505,314.8,0.15994428
1985-05-28,12695,50.4551,310.3,0.16260093
1985-05-29,12767,50.7170,315.5,0.16075131
1985-05-30,12790,50.8387,316.6,0.16057707
1985-06-03,12473,50.1730,320.3,0.15664367
1985-06-04,12583,50.5138,319.1,0.15830100
1985-06-05,12693,50.8860,318.4,0.15981779
1985-06-06,12716,51.3384,318.9,0.16098578
1985-06-07,12717,50.9618,317.7,0.16040847
1985-06-10,12683,50.7300,317.2,0.15993055
1985-06-11,12759,51.0523,316.9,0.16109920
1985-06-12,12748,51.0226,316.7,0.16110708
1985-06-13,12717,50.9128,317.4,0.16040581
1985-06-14,12685,50.9950,322,0.15836949
1985-06-17,12769,51.3430,321.8,0.15954936
1985-06-18,12741,51.4663,330.5,0.15572258
1985-06-19,12774,51.5725,324.8,0.15878242
1985-06-20,12678,51.0510,316,0.16155373
1985-06-21,12635,50.9188,316.6,0.16083018
1985-06-24,12766,51.3082,317.9,0.16139738
1985-06-25,12857,51.6345,318.3,0.16221972
1985-06-26,12911,51.9662,317.8,0.16351853
1985-06-27,12842,51.5722,319,0.16166842
1985-06-28,12882,51.8599,317.7,0.16323545
1985-07-01,12919,52.1011,310.8,0.16763560
1985-07-02,12914,51.9950,311.4,0.16697176
1985-07-03,12924,52.1003,311.4,0.16730989
1985-07-05,12970,52.5080,311.4,0.16861913
1985-07-08,13030,52.9546,316.6,0.16726015
1985-07-09,13021,53.3080,314.5,0.16950064
1985-07-10,13012,53.4505,316.2,0.16904030
1985-07-11,12858,52.9114,315.1,0.16791940
1985-07-12,12840,53.2913,319.2,0.16695262
1985-07-15,12599,53.0172,318.4,0.16651121
1985-07-16,12698,53.3776,321,0.16628539
1985-07-17,12848,54.3233,324,0.16766446
1985-07-18,12853,53.9611,318.8,0.16926325
1985-07-19,12789,53.5687,318.8,0.16803242
1985-07-22,12772,53.2078,322.3,0.16508780
1985-07-23,12763,53.6238,318.3,0.16846936
1985-07-24,12777,53.2930,319.3,0.16690577
1985-07-25,12647,52.9385,319.6,0.16563976
1985-07-26,12648,52.8630,322,0.16417079
1985-07-29,12591,53.0907,324.2,0.16375922
1985-07-30,12270,51.6827,332,0.15567091
1985-07-31,12263,51.8674,335.2,0.15473556
1985-08-01,12538,52.7605,328,0.16085512
1985-08-02,12526,52.7544,329.7,0.16000722
1985-08-05,12451,52.4231,330.6,0.15856944
1985-08-06,12438,52.1641,328.6,0.15874640
1985-08-07,12421,52.1015,330.2,0.15778773
1985-08-08,12386,51.9351,329.6,0.15757006
1985-08-09,12401,51.9871,336.3,0.15458545
1985-08-12,12373,52.1386,334.7,0.15577697
1985-08-13,12327,51.9381,334.3,0.15536389
1985-08-14,12420,52.1893,334.2,0.15616176
1985-08-15,12484,52.6440,340.4,0.15465337
1985-08-16,12583,53.1265,345.6,0.15372237
1985-08-19,12640,53.3694,345.8,0.15433593
1985-08-20,12664,53.3446,343,0.15552352
1985-08-21,12705,53.6053,346.2,0.15483921
1985-08-22,12734,53.9942,345.2,0.15641435
1985-08-23,12691,53.6640,342.7,0.15659178
1985-08-26,12652,53.4088,342.9,0.15575607
1985-08-27,12631,53.2100,344,0.15468036
1985-08-28,12685,53.5209,347.3,0.15410581
1985-08-29,12729,53.6862,341.6,0.15716103
1985-08-30,12713,53.1902,339.8,0.15653397
1985-09-03,12531,52.3193,331,0.15806441
1985-09-04,12530,52.2999,331.1,0.15795789
1985-09-05,12492,52.0587,326.3,0.15954237
1985-09-06,12454,51.1248,326.6,0.15653642
1985-09-09,12456,51.1603,325.2,0.15731952
1985-09-10,12520,51.5778,327.6,0.15744145
1985-09-11,12625,51.8331,326.7,0.15865671
1985-09-12,12603,51.8194,326.3,0.15880912
1985-09-13,12586,52.0040,324,0.16050607
1985-09-17,12592,52.0976,321.5,0.16204554
1985-09-18,12530,51.7213,319.8,0.16173012
1985-09-19,12565,51.9086,324.6,0.15991564
1985-09-20,12667,52.7594,323.8,0.16293818
1985-09-24,12756,55.5116,334.8,0.16580512
1985-09-25,12705,55.9914,334.3,0.16748837
1985-09-26,12690,57.6033,332.2,0.17339936
1985-09-27,12639,57.4239,332.9,0.17249594
1985-09-30,12700,58.6632,327.1,0.17934337
1985-10-01,12685,59.0055,327.1,0.18038976
1985-10-02,12721,59.4189,328.3,0.18098975
1985-10-03,12701,59.6880,333.9,0.17875997
1985-10-04,12714,59.5671,332.2,0.17931093
1985-10-07,12792,59.3762,330.5,0.17965555
1985-10-08,12835,59.4185,328.6,0.18082333
1985-10-09,12857,59.8529,329,0.18192369
1985-10-11,12850,59.8621,330.7,0.18101635
1985-10-14,13017,60.6401,329.8,0.18386926
1985-10-15,13056,60.6016,329.1,0.18414330
1985-10-16,13037,59.9954,326.8,0.18358445
1985-10-17,13021,60.5234,328.4,0.18429775
1985-10-18,12973,60.2919,329.7,0.18286886
1985-10-21,13026,60.3922,329.4,0.18334010
1985-10-22,13002,60.1666,330.1,0.18226777
1985-10-23,12947,59.9648,329,0.18226383
1985-10-24,12969,59.8505,328.2,0.18235977
1985-10-25,12855,59.8185,329.4,0.18159842
1985-10-28,12957,60.6885,328.9,0.18451969
1985-10-29,12914,60.7889,329.3,0.18460045
1985-10-30,12909,61.0355,327.8,0.18619726
1985-10-31,12939,61.1600,326.7,0.18720525
1985-11-01,12808,61.2794,328.1,0.18677039
1985-11-05,12821,61.6365,326.2,0.18895297
1985-11-06,12882,62.7655,325.5,0.19282809
1985-11-07,12851,62.5018,323.1,0.19344421
1985-11-08,12851,62.4320,325.6,0.19174443
1985-11-11,12821,62.2862,324.5,0.19194528
1985-11-12,12735,61.8714,325.8,0.18990622
1985-11-13,12716,62.3272,326.2,0.19107058
1985-11-14,12590,61.9130,325.8,0.19003363
1985-11-15,12857,62.9320,324.7,0.19381572
1985-11-18,12701,62.4281,324.7,0.19226398
1985-11-19,12607,62.1096,324.7,0.19128293
1985-11-20,12643,62.1461,326.8,0.19016551
1985-11-21,12697,62.8284,327.4,0.19190117
1985-11-22,12758,63.3592,327.4,0.19352217
1985-11-25,12783,63.6604,332.7,0.19134463
1985-11-26,12778,63.5753,335.6,0.18943773
1985-11-27,12741,63.3691,330.2,0.19191140
1985-11-29,12763,63.1457,327.3,0.19292898
1985-12-02,12797,62.7212,326.5,0.19210159
1985-12-03,12775,62.3901,326.7,0.19097066
1985-12-04,12811,63.2111,325.7,0.19407778
1985-12-05,12864,63.3695,326.9,0.19384967
1985-12-06,12794,62.9038,326.2,0.19283808
1985-12-09,12798,62.8956,319.8,0.19667172
1985-12-10,12851,63.1158,321.2,0.19649988
1985-12-11,12972,63.6194,320.1,0.19874858
1985-12-12,13050,64.5912,320.4,0.20159541
1985-12-13,13108,64.6383,322.2,0.20061544
1985-12-16,13118,64.7515,324.9,0.19929661
1985-12-17,13129,65.0111,323.9,0.20071362
1985-12-18,13102,64.4974,327.3,0.19705894
1985-12-19,13115,64.6123,327.2,0.19747028
1985-12-20,13011,64.1853,328.7,0.19527012
1985-12-23,13043,64.4321,328.3,0.19625997
1985-12-24,13101,64.6197,328.2,0.19689126
1985-12-26,13085,64.5249,327.7,0.19690228
1985-12-27,13083,64.7033,329,0.19666646
1986-01-06,13054,64.6526,330.7,0.19550217
1986-01-07,12991,64.4043,332.8,0.19352266
1986-01-08,13056,64.6017,336.1,0.19220971
1986-01-09,13034,64.4928,339.9,0.18974059
1986-01-10,12898,63.7379,343.3,0.18566237
1986-01-13,12977,64.0176,341.5,0.18745992
1986-01-14,12929,63.8217,341,0.18716041
1986-01-16,13027,64.3182,357.6,0.17986062
1986-01-17,13010,64.2406,358,0.17944293
1986-01-20,12952,63.9542,355.1,0.18010188
1986-01-21,12882,63.6620,352.8,0.18044777
1986-01-22,12923,64.0672,351.5,0.18226807
1986-01-23,12889,63.7911,351.9,0.18127633
1986-01-24,12904,65.8233,358.4,0.18365876
1986-01-27,12983,66.3278,354.3,0.18720796
1986-01-28,12994,66.4145,357.1,0.18598296
1986-01-29,12937,66.6478,360.2,0.18502992
1986-01-30,12949,67.0759,359.4,0.18663296
1986-01-31,13024,67.7275,352.9,0.19191700
1986-02-03,13087,68.3216,347.4,0.19666548
1986-02-04,13138,68.4093,337.4,0.20275420
1986-02-05,13186,69.1634,339.3,0.20384140
1986-02-06,13187,69.2267,340.4,0.20336878
1986-02-07,13212,69.0426,342.5,0.20158436
1986-02-10,13226,70.2912,340.8,0.20625364
1986-02-12,13301,71.2350,340.8,0.20902290
1986-02-13,13296,72.9347,335.3,0.21752080
1986-02-14,13343,73.3092,336.2,0.21805223
1986-02-17,13448,73.8861,336.2,0.21976814
1986-02-18,13436,74.2156,339.7,0.21847407
1986-02-19,13467,75.0669,339,0.22143625
1986-02-20,13355,73.7479,341.4,0.21601599
1986-02-21,13394,73.2033,343.3,0.21323407
1986-02-24,13506,74.1518,351,0.21125855
1986-02-25,13576,75.0221,350,0.21434887
1986-02-26,13622,75.1974,338.5,0.22214875
1986-02-27,13642,75.7216,339.2,0.22323579
1986-02-28,13641,75.5483,341,0.22154925
1986-03-03,13768,76.6422,340.5,0.22508715
1986-03-04,13785,77.0069,346,0.22256321
1986-03-05,13807,76.0884,344.5,0.22086617
1986-03-06,13902,77.5349,344.3,0.22519564
1986-03-07,13995,77.9883,345.7,0.22559531
1986-03-10,14057,77.7876,343.3,0.22658787
1986-03-11,14066,78.1792,344.9,0.22667205
1986-03-12,14238,79.0122,353,0.22383062
1986-03-13,14415,80.1278,349.2,0.22946119
1986-03-14,14517,81.9521,348.9,0.23488715
1986-03-17,14656,83.4007,350.8,0.23774422
1986-03-18,14639,83.6466,350.3,0.23878575
1986-03-19,14477,81.7402,350.8,0.23301072
1986-03-20,14753,83.6433,352.7,0.23715132
1986-03-21,15014,85.4039,357.4,0.23895878
1986-03-24,14975,83.7060,351.3,0.23827492
1986-03-25,14827,82.2808,344,0.23918837
1986-03-27,15337,85.4334,347.2,0.24606388
1986-03-31,15860,89.2968,334.8,0.26671677
1986-04-01,15746,88.3862,337,0.26227357
1986-04-02,15556,86.6630,339.5,0.25526643
1986-04-03,15272,84.8916,338.4,0.25086172
1986-04-04,15020,83.2871,338.4,0.24612034
1986-04-07,15062,82.3690,342.5,0.24049351
1986-04-08,15014,83.3833,342.9,0.24317094
1986-04-09,15110,83.9165,342.2,0.24522639
1986-04-10,15204,85.0336,341.7,0.24885443
1986-04-11,15326,85.9273,347.5,0.24727292
1986-04-14,15397,85.9639,344.2,0.24974995
1986-04-15,15352,86.1166,343.4,0.25077625
1986-04-16,15358,87.0092,341.9,0.25448738
1986-04-17,15487,88.4214,341.5,0.25892051
1986-04-18,15759,90.6732,346.7,0.26153212
1986-04-21,15827,92.0174,345.7,0.26617715
1986-04-22,15713,92.3534,349,0.26462280
1986-04-23,15748,92.9854,348.1,0.26712254
1986-04-24,15682,92.7874,347.1,0.26732184
1986-04-25,15690,93.3317,346.2,0.26958910
1986-04-28,15758,94.2746,345.8,0.27262754
1986-04-30,15826,94.4216,348.1,0.27124842
1986-05-01,15783,93.0382,342.8,0.27140665
1986-05-06,15900,95.6391,344,0.27802063
1986-05-07,15954,96.6265,345.8,0.27942884
1986-05-08,16078,98.2703,345.5,0.28442917
1986-05-09,16105,99.1993,345.5,0.28711798
1986-05-12,16195,100.4902,345.5,0.29085440
1986-05-13,15982,98.0551,345.1,0.28413531
1986-05-14,15944,97.6363,343.1,0.28457083
1986-05-15,15925,97.3411,343.4,0.28346266
1986-05-16,15739,95.1514,343.8,0.27676394
1986-05-19,15698,93.3571,340.7,0.27401562
1986-05-20,15690,93.0550,339.8,0.27385220
1986-05-21,15808,93.6604,339.8,0.27563386
1986-05-22,15917,94.0110,342.6,0.27440451
1986-05-23,16205,95.5483,342.4,0.27905476
1986-05-26,16410,96.7571,342.4,0.28258492
1986-05-27,16467,97.3169,341.8,0.28471897
1986-05-28,16553,97.9467,342.5,0.28597590
1986-05-29,16611,96.8063,347,0.27898081
1986-05-30,16739,95.9255,347.1,0.27636272
1986-06-02,16739,95.7061,345.1,0.27732865
1986-06-03,16670,97.1445,345.3,0.28133369
1986-06-04,16803,97.9595,344.8,0.28410540
1986-06-05,16811,99.5323,344.6,0.28883421
1986-06-06,16818,100.2862,344.8,0.29085332
1986-06-09,17008,101.3105,354.2,0.28602614
1986-06-10,16968,101.6596,351.2,0.28946349
1986-06-11,17096,102.7651,351.7,0.29219530
1986-06-12,17131,103.2921,349.8,0.29528911
1986-06-13,17206,104.1147,348.8,0.29849406
1986-06-16,17186,103.8429,337.5,0.30768267
1986-06-17,17076,101.7640,339.3,0.29992339
1986-06-18,17177,102.4575,340.5,0.30090309
1986-06-19,17278,103.5355,340.9,0.30371216
1986-06-20,17403,103.7746,342.7,0.30281470
1986-06-23,17458,103.9786,343.3,0.30287958
1986-06-24,17342,104.0624,345.2,0.30145541
1986-06-25,17517,105.4606,347.1,0.30383338
1986-06-26,17601,105.9663,346.6,0.30573077
1986-06-27,17500,105.7721,346.9,0.30490671
1986-06-30,17654,107.7778,347.7,0.30997348
1986-07-01,17623,108.3093,345.8,0.31321360
1986-07-02,17670,108.1660,344.9,0.31361558
1986-07-03,17692,109.6159,344.9,0.31781926
1986-07-04,17598,109.0335,344.9,0.31613064
1986-07-07,17714,110.2234,345.9,0.31865679
1986-07-08,17734,110.1422,351.2,0.31361682
1986-07-09,17506,108.6722,349.6,0.31084717
1986-07-10,17470,108.8406,348.6,0.31222195
1986-07-11,17670,109.5203,347.8,0.31489439
1986-07-14,17821,111.2144,346.4,0.32105782
1986-07-15,17883,112.1121,349.1,0.32114607
1986-07-16,17701,111.7417,348.7,0.32045220
1986-07-17,17726,112.6533,348.7,0.32306659
1986-07-18,17839,114.0164,356.5,0.31982149
1986-07-21,17522,113.0014,355.6,0.31777677
1986-07-22,17639,112.5008,353.7,0.31806841
1986-07-23,17860,113.4256,349,0.32500181
1986-07-24,18026,115.0278,349.3,0.32930936
1986-07-25,18051,114.4714,348.2,0.32875196
1986-07-28,18039,115.6717,355.1,0.32574399
1986-07-29,17729,113.8591,358.6,0.31751003
1986-07-30,17799,114.0231,358.6,0.31796727
1986-07-31,17510,113.8048,369.7,0.30783002
1986-08-01,17322,112.5902,367.5,0.30636785
1986-08-04,17263,112.1047,367,0.30546235
1986-08-05,17415,112.3911,366.1,0.30699561
1986-08-06,17353,112.3899,367.5,0.30582285
1986-08-07,17422,113.2917,369.3,0.30677421
1986-08-08,17436,113.1106,382.5,0.29571400
1986-08-11,17479,113.6698,398.5,0.28524408
1986-08-12,17795,115.0291,392.4,0.29314243
1986-08-13,18001,116.6623,391.7,0.29783596
1986-08-14,18265,118.8122,393.7,0.30178360
1986-08-15,18376,119.1622,390.2,0.30538745
1986-08-18,18597,120.6031,382.8,0.31505515
1986-08-19,18793,122.4220,381,0.32131756
1986-08-20,18936,123.4420,385.1,0.32054527
1986-08-21,18951,123.6607,390.6,0.31659162
1986-08-25,18566,120.6917,386.5,0.31226823
1986-08-26,18641,120.3033,385.6,0.31198995
1986-08-27,18503,119.6289,386.3,0.30967871
1986-08-28,18370,117.7187,392,0.30030275
1986-08-29,18821,121.7794,393.3,0.30963478
1986-09-02,18695,121.1915,411.5,0.29451153
1986-09-03,18505,119.6109,410.3,0.29152056
1986-09-04,18560,119.8115,415.5,0.28835500
1986-09-05,18775,120.8095,428.3,0.28206741
1986-09-06,18764,120.7387,428.3,0.28190215
1986-09-08,18552,118.8088,416.4,0.28532382
1986-09-09,18474,118.6665,414.4,0.28635737
1986-09-10,18619,120.2700,409.8,0.29348465
1986-09-11,18561,118.6765,413,0.28735223
1986-09-12,18101,116.5175,421.5,0.27643545
1986-09-16,17463,111.6989,420.2,0.26582309
1986-09-17,17337,112.0034,418.8,0.26743878
1986-09-18,17478,113.7446,422.6,0.26915436
1986-09-19,17523,115.2905,441,0.26142966
1986-09-22,17706,115.2809,445.2,0.25894192
1986-09-24,17956,116.1749,436,0.26645630
1986-09-25,17988,116.3820,438.8,0.26522787
1986-09-26,17961,116.3579,431.5,0.26965901
1986-09-27,18181,117.7831,431.5,0.27296200
1986-09-29,18106,117.8469,427.1,0.27592347
1986-09-30,17853,115.6582,429.8,0.26909772
1986-10-01,17564,113.9484,429.2,0.26549012
1986-10-02,17019,110.5776,441.1,0.25068604
1986-10-03,17240,111.8246,437.5,0.25559911
1986-10-04,17606,114.1986,437.5,0.26102540
1986-10-06,17435,113.1775,442.8,0.25559517
1986-10-07,17604,114.2672,444.8,0.25689561
1986-10-08,17515,113.4685,442.4,0.25648399
1986-10-09,17650,113.9077,433,0.26306631
1986-10-13,17339,112.2629,437.2,0.25677692
1986-10-14,17318,112.4838,430.5,0.26128632
1986-10-15,16970,110.0519,428.7,0.25671071
1986-10-16,16872,109.4163,427.4,0.25600454
1986-10-17,16700,108.2869,422.2,0.25648238
1986-10-20,16523,106.7722,428.9,0.24894431
1986-10-21,16206,104.4403,427.9,0.24407640
1986-10-22,15820,101.5404,428.7,0.23685663
1986-10-23,16308,103.1303,417.5,0.24701877
1986-10-24,16284,100.9235,409.7,0.24633502
1986-10-25,16164,100.1797,409.7,0.24451973
1986-10-27,16158,100.5539,410.3,0.24507400
1986-10-28,16398,102.4299,413.9,0.24747495
1986-10-29,16505,102.8285,407.3,0.25246375
1986-10-30,17011,105.1555,409.9,0.25653932
1986-10-31,16911,103.5008,405.5,0.25524248
1986-11-01,16837,103.0479,405.5,0.25412558
1986-11-04,16787,102.4097,411.1,0.24911144
1986-11-05,16714,101.6049,408.5,0.24872672
1986-11-06,16758,102.6209,412.4,0.24883837
1986-11-07,16974,104.0074,410.6,0.25330578
1986-11-10,17053,104.7096,407.5,0.25695599
1986-11-11,17301,106.2323,409.3,0.25954641
1986-11-12,17448,108.6291,409.4,0.26533723
1986-11-13,17438,108.3779,409.5,0.26465903
1986-11-14,17391,107.7176,398.8,0.27010421
1986-11-17,17208,105.6873,389.3,0.27148025
1986-11-18,17274,106.1122,394.5,0.26897888
1986-11-19,17284,106.4417,388.5,0.27398116
1986-11-20,17305,106.3287,391.7,0.27145449
1986-11-21,17490,106.6138,379.3,0.28108051
1986-11-22,17648,107.5770,379.3,0.28361972
1986-11-25,17748,109.1781,385.6,0.28313835
1986-11-26,17728,108.7941,387.1,0.28104911
1986-11-27,17884,109.7515,387.1,0.28352224
1986-11-28,18083,111.5821,394.8,0.28262951
1986-11-29,18326,113.0816,394.8,0.28642749
1986-12-01,18308,112.8313,397.5,0.28385222
1986-12-02,18191,112.2971,392.9,0.28581587
1986-12-03,18455,113.7512,395.8,0.28739574
1986-12-04,18624,114.4261,391.7,0.29212701
1986-12-05,18637,114.7528,392.9,0.29206614
1986-12-06,18605,114.5558,392.9,0.29156466
1986-12-08,18711,115.2297,393.7,0.29268404
1986-12-09,18603,114.4166,390.4,0.29307539
1986-12-10,18776,115.3742,393.1,0.29349839
1986-12-11,18731,115.1331,393.7,0.29243860
1986-12-12,18831,115.4922,395.8,0.29179429
1986-12-15,18789,115.0934,398.4,0.28888909
1986-12-16,18933,115.4874,396.3,0.29141401
1986-12-17,18848,115.1797,395.3,0.29137279
1986-12-18,18724,114.8712,397.8,0.28876613
1986-12-19,18930,116.7150,395.8,0.29488369
1986-12-22,18825,115.6682,396.3,0.29187031
1986-12-23,18809,115.6125,391.5,0.29530655
1986-12-24,18903,117.0827,393,0.29792033
1986-12-25,18774,116.2837,393,0.29588722
1986-12-26,18821,117.8227,393,0.29980334
1986-12-27,18701,117.0715,393,0.29789184
1987-01-05,18821,118.0666,405,0.29152252
1987-01-06,18937,119.2657,402.2,0.29653319
1987-01-07,18842,119.2230,404.3,0.29488741
1987-01-08,18779,118.6817,403.9,0.29383923
1987-01-09,18810,118.8926,407.5,0.29176101
1987-01-12,18669,119.0929,410.2,0.29032882
1987-01-13,18544,119.0626,412.3,0.28877662
1987-01-14,18784,122.9319,419.2,0.29325367
1987-01-16,19150,124.8370,417.3,0.29915415
1987-01-19,19189,125.0913,423.3,0.29551445
1987-01-20,19216,125.8580,408.2,0.30832436
1987-01-21,19429,126.1951,408.8,0.30869647
1987-01-22,19381,127.5989,408.9,0.31205410
1987-01-23,19457,127.0952,405.3,0.31358296
1987-01-24,19539,127.6308,405.3,0.31490453
1987-01-26,19555,128.1035,411.3,0.31146002
1987-01-27,19687,129.8187,419.8,0.30923931
1987-01-28,19790,130.4119,414.7,0.31447278
1987-01-29,19921,130.9817,416.6,0.31440628
1987-01-30,20048,130.4699,408.9,0.31907525
1987-01-31,20024,130.3137,408.9,0.31869327
1987-02-02,20072,131.5593,404.8,0.32499823
1987-02-03,19956,130.8676,407.2,0.32138408
1987-02-04,19974,130.7199,406.2,0.32181166
1987-02-05,19795,128.8401,412,0.31271880
1987-02-06,19669,127.3569,407.4,0.31260899
1987-02-07,19550,126.5864,407.4,0.31071766
1987-02-09,19679,129.0003,407.2,0.31679845
1987-02-10,19814,130.0131,406.2,0.32007170
1987-02-12,19875,128.9747,398.3,0.32381293
1987-02-13,19629,127.7098,400.7,0.31871681
1987-02-16,19532,127.0787,400.7,0.31714181
1987-02-17,19638,128.1770,394.9,0.32458094
1987-02-18,19882,129.2214,395.3,0.32689443
1987-02-19,20228,131.2484,402.7,0.32592098
1987-02-20,20080,130.6866,408.7,0.31976175
1987-02-23,19941,129.7566,404.6,0.32070350
1987-02-24,20076,130.5416,404.6,0.32264372
1987-02-25,20186,131.4107,405.2,0.32431075
1987-02-26,20454,133.5553,408.5,0.32694085
1987-02-27,20422,133.2507,407.4,0.32707581
1987-02-28,20767,135.5018,407.4,0.33260128
1987-03-02,20934,136.3867,405.6,0.33625921
1987-03-03,20971,136.4944,409.1,0.33364557
1987-03-04,21032,136.8291,412.2,0.33194831
1987-03-05,21176,138.2155,408.8,0.33810059
1987-03-06,21106,137.5252,407.8,0.33723700
1987-03-07,21123,137.6360,407.8,0.33750863
1987-03-09,21166,137.6292,406.5,0.33857130
1987-03-10,21214,138.0760,408.3,0.33817297
1987-03-11,21313,138.5581,408.3,0.33935355
1987-03-12,21470,139.7423,409.9,0.34091792
1987-03-13,21498,140.8227,405,0.34771048
1987-03-16,21415,141.2133,406.6,0.34730280
1987-03-17,21515,141.5926,406.8,0.34806448
1987-03-18,21705,142.8336,406,0.35180700
1987-03-19,21644,142.8930,406.1,0.35186649
1987-03-20,21658,142.7780,406.3,0.35141037
1987-03-23,21588,143.6710,410.8,0.34973459
1987-03-24,21435,143.5412,414.1,0.34663403
1987-03-25,21473,143.9692,413.3,0.34834057
1987-03-26,21559,144.4973,416.3,0.34709901
1987-03-27,22027,149.1031,427.5,0.34877917
1987-03-28,22178,150.1252,427.5,0.35117013
1987-03-30,21628,147.7222,425.9,0.34684703
1987-03-31,21567,148.0335,422.7,0.35020936
1987-04-01,22040,150.1158,422.5,0.35530364
1987-04-02,22368,152.6826,422.2,0.36163570
1987-04-03,22411,153.2900,423.9,0.36161834
1987-04-04,22739,155.5335,423.9,0.36691087
1987-04-06,22586,154.5927,422.6,0.36581340
1987-04-07,22785,156.7595,426.2,0.36780748
1987-04-08,22913,156.2854,424.1,0.36851069
1987-04-09,22922,158.4105,436.5,0.36291066
1987-04-10,23217,162.8806,436.7,0.37298052
1987-04-13,22920,160.6842,440.8,0.36452868
1987-04-14,23524,166.6832,454.6,0.36665904
1987-04-15,23511,165.8624,446.5,0.37147242
1987-04-16,23868,166.8974,447.3,0.37312189
1987-04-17,23938,167.1765,447.3,0.37374576
1987-04-20,23895,167.8138,456.8,0.36736811
1987-04-21,23886,167.7859,451,0.37203081
1987-04-22,24098,169.2870,452.5,0.37411485
1987-04-23,24025,170.1487,463.4,0.36717463
1987-04-24,24006,171.7659,465.5,0.36899223
1987-04-25,23904,171.0361,465.5,0.36742441
1987-04-27,23072,166.7052,446,0.37377848
1987-04-28,22890,163.6169,454.7,0.35983477
1987-04-30,23275,165.4582,456.5,0.36244943
1987-05-01,23681,168.7282,459.5,0.36719952
1987-05-02,24009,171.0652,459.5,0.37228552
1987-05-06,23919,171.8196,460.8,0.37287229
1987-05-07,24208,173.6585,459.6,0.37784712
1987-05-08,24589,176.1390,456.7,0.38567762
1987-05-11,24608,176.4141,457.7,0.38543605
1987-05-12,24536,175.7467,461.5,0.38081630
1987-05-13,24363,174.3327,460,0.37898421
1987-05-14,24651,176.7223,465.6,0.37955830
1987-05-15,24729,176.8758,476.2,0.37143167
1987-05-18,24299,173.6263,472.8,0.36722990
1987-05-19,24078,171.9734,478.3,0.35955139
1987-05-20,23420,167.5370,473.3,0.35397638
1987-05-21,23754,169.1158,470.3,0.35959124
1987-05-22,24157,171.8014,464.6,0.36978355
1987-05-23,24533,174.4755,464.6,0.37553917
1987-05-25,24583,174.8311,464.6,0.37630455
1987-05-26,24581,171.5472,451.8,0.37969724
1987-05-27,24540,170.9985,448.5,0.38126764
1987-05-28,24434,170.3786,459.5,0.37079137
1987-05-29,24772,171.9084,456,0.37699210
1987-05-30,24902,172.8105,456,0.37897050
1987-06-01,24993,171.8322,451.6,0.38049656
1987-06-02,24903,175.0527,461.8,0.37906609
1987-06-03,25049,175.4009,455.5,0.38507329
1987-06-04,25366,175.7987,458.2,0.38367250
1987-06-05,25271,175.7249,458.8,0.38300984
1987-06-06,25364,176.3716,458.8,0.38441936
1987-06-08,25524,177.9172,454.3,0.39162930
1987-06-09,25380,178.1178,462.8,0.38486984
1987-06-10,25739,180.6880,461.3,0.39169296
1987-06-11,25891,181.6275,468.3,0.38784433
1987-06-12,25894,180.0070,458.9,0.39225747
1987-06-15,25756,177.8729,456.7,0.38947433
1987-06-16,25739,178.1862,451.9,0.39430454
1987-06-17,25929,179.2658,451.8,0.39678124
1987-06-18,25751,178.0721,454.6,0.39171152
1987-06-19,25288,174.3519,448.7,0.38857121
1987-06-22,24640,168.8944,440.8,0.38315420
1987-06-23,24795,169.7823,443.8,0.38256478
1987-06-24,24893,171.5812,446.4,0.38436648
1987-06-25,25031,171.0586,443.8,0.38544066
1987-06-26,25050,171.2235,450.1,0.38041216
1987-06-27,24903,170.2187,450.1,0.37817980
1987-06-29,24509,167.0802,449.4,0.37178513
1987-06-30,24176,164.6866,452.2,0.36418985
1987-07-01,24252,165.1481,449.4,0.36748578
1987-07-02,24636,167.2392,448.8,0.37263626
1987-07-03,24465,164.4043,448.8,0.36631968
1987-07-04,24159,162.3480,448.8,0.36173788
1987-07-06,23871,160.0684,450.3,0.35547057
1987-07-07,23816,159.0915,446.1,0.35662747
1987-07-08,23472,155.8876,446.8,0.34889800
1987-07-09,23756,158.4050,446.8,0.35453226
1987-07-10,24103,159.9934,446,0.35872951
1987-07-13,24118,159.7324,448.6,0.35606873
1987-07-14,23932,158.4061,449.5,0.35240521
1987-07-15,23970,161.2404,455.3,0.35414104
1987-07-16,24004,159.4315,455.4,0.35009103
1987-07-17,23983,157.0082,449.3,0.34945066
1987-07-20,23329,152.6268,452.3,0.33744585
1987-07-21,23078,151.1626,453.7,0.33317751
1987-07-22,22703,149.0383,455.7,0.32705348
1987-07-23,23037,152.7754,455.7,0.33525430
1987-07-24,23943,159.6732,454.5,0.35131623
1987-07-25,23965,159.8199,454.5,0.35163903
1987-07-27,24105,160.2300,454.2,0.35277409
1987-07-28,24386,162.1733,457,0.35486500
1987-07-29,24427,162.0042,468.8,0.34557219
1987-07-30,24510,163.7822,473.3,0.34604301
1987-07-31,24488,163.3513,475.1,0.34382518
1987-08-01,24756,165.1391,475.1,0.34758805
1987-08-03,24484,162.6844,488.3,0.33316483
1987-08-04,24173,158.9388,488.9,0.32509467
1987-08-05,24297,161.1848,477.6,0.33748916
1987-08-06,24658,162.8021,478.6,0.34016310
1987-08-07,24801,163.6166,464.8,0.35201500
1987-08-10,25120,166.2145,470.6,0.35319702
1987-08-11,25283,166.5876,474.2,0.35130240
1987-08-12,25560,168.9917,473,0.35727640
1987-08-13,25576,168.8742,467.8,0.36099661
1987-08-14,25494,169.9600,461.2,0.36851691
1987-08-17,25379,169.2949,463.1,0.36556880
1987-08-18,25344,173.4940,467.7,0.37095141
1987-08-19,25232,173.8939,467.3,0.37212469
1987-08-20,25397,176.1845,462.2,0.38118678
1987-08-21,25559,179.0347,465.7,0.38444222
1987-08-22,25765,180.4777,465.7,0.38754074
1987-08-24,25754,181.3534,469.3,0.38643389
1987-08-25,25643,179.0587,465.8,0.38441117
1987-08-26,25876,180.9004,465.8,0.38836507
1987-08-27,25969,182.8159,463.7,0.39425471
1987-08-28,25975,182.9354,461.3,0.39656496
1987-08-29,26048,183.4495,461.3,0.39767947
1987-08-31,26029,183.6261,458.7,0.40031851
1987-09-01,26118,184.1371,462.8,0.39787609
1987-09-02,25947,183.9821,473.4,0.38863991
1987-09-03,25650,181.8762,471.7,0.38557599
1987-09-04,25744,181.6155,470.8,0.38575939
1987-09-05,25355,178.8713,470.8,0.37993044
1987-09-07,25004,176.3951,470.8,0.37467090
1987-09-08,25204,177.8060,465.5,0.38196777
1987-09-09,24938,176.1034,464.5,0.37912461
1987-09-10,24795,173.9146,470.6,0.36955922
1987-09-11,24828,173.8777,464.3,0.37449434
1987-09-14,24954,172.6920,463.8,0.37234162
1987-09-16,24968,172.9445,465.1,0.37184373
1987-09-17,24855,173.3264,466.9,0.37122801
1987-09-18,24845,174.1553,465.3,0.37428613
1987-09-21,24912,173.5544,469.3,0.36981549
1987-09-22,24866,172.4889,468.9,0.36785861
1987-09-24,24945,173.5546,468.7,0.37028927
1987-09-25,25096,174.6781,466.6,0.37436366
1987-09-26,25513,177.5806,466.6,0.38058415
1987-09-28,25837,179.3240,466.4,0.38448539
1987-09-29,25998,177.8371,464.4,0.38293941
1987-09-30,26011,177.5737,458.8,0.38703952
1987-10-01,25722,175.0987,459.7,0.38089777
1987-10-02,25862,176.6530,460.3,0.38377798
1987-10-03,26007,177.6434,460.3,0.38592970
1987-10-05,26018,177.1740,462.8,0.38283057
1987-10-06,26089,177.8149,462.7,0.38429843
1987-10-07,25952,178.1928,463.4,0.38453346
1987-10-08,26287,181.4398,466.5,0.38893850
1987-10-09,26339,183.1005,466.9,0.39216203
1987-10-12,26285,182.7251,466.7,0.39152574
1987-10-13,26401,183.6591,464,0.39581709
1987-10-14,26646,186.6620,465.8,0.40073421
1987-10-15,26428,185.9163,467.8,0.39742686
1987-10-16,26367,184.7075,476.3,0.38779662
1987-10-19,25747,181.5214,486.8,0.37288708
1987-10-20,21910,152.2479,467.5,0.32566403
1987-10-22,24404,168.6874,473.2,0.35648216
1987-10-23,23201,162.4151,476.7,0.34070720
1987-10-24,23299,163.1012,476.7,0.34214633
1987-10-26,22203,156.1392,479.4,0.32569721
1987-10-27,22835,161.2869,478.8,0.33685653
1987-10-28,22578,162.2099,480.5,0.33758570
1987-10-29,22034,159.3779,468.7,0.34004254
1987-10-30,22765,164.4989,471.2,0.34910628
1987-10-31,23329,168.5743,471.2,0.35775535
1987-11-02,23359,170.4912,472.5,0.36082795
1987-11-04,23061,167.9729,468.2,0.35876314
1987-11-05,22630,168.0030,459.2,0.36586013
1987-11-06,22795,168.3530,462.1,0.36432164
1987-11-07,22637,167.1861,462.1,0.36179640
1987-11-09,22418,166.9124,463.3,0.36026844
1987-11-10,21686,161.1863,462.4,0.34858621
1987-11-11,21037,156.3624,463.1,0.33764289
1987-11-12,21547,157.8998,464.7,0.33978858
1987-11-13,22448,165.2654,465.6,0.35495147
1987-11-16,22615,165.5443,464.3,0.35654588
1987-11-17,22344,164.6331,465.8,0.35344154
1987-11-18,22734,167.7291,464.8,0.36086292
1987-11-19,22669,167.7446,465.8,0.36012143
1987-11-20,22706,167.6214,470.3,0.35641386
1987-11-24,22856,168.6541,475.4,0.35476246
1987-11-25,23220,172.2680,476.9,0.36122452
1987-11-26,23282,172.7279,476.9,0.36218903
1987-11-27,23269,174.0389,492.3,0.35352203
1987-11-28,23052,172.4159,492.3,0.35022518
1987-11-30,22687,171.3390,497.2,0.34460785
1987-12-01,22833,171.6896,496.2,0.34600887
1987-12-02,22915,172.6827,493.7,0.34977262
1987-12-03,22808,171.6178,493.8,0.34754507
1987-12-04,22603,170.1393,487.8,0.34878896
1987-12-05,22673,170.6662,487.8,0.34986914
1987-12-07,22587,170.0956,486.5,0.34963133
1987-12-08,22948,172.8923,488.6,0.35385251
1987-12-09,22886,172.8550,489.4,0.35319776
1987-12-10,23281,179.9150,497.2,0.36185638
1987-12-11,23036,179.2685,502,0.35710853
1987-12-14,22926,179.0814,500.4,0.35787649
1987-12-15,22847,179.0517,487.2,0.36751175
1987-12-16,22819,179.2960,490.1,0.36583551
1987-12-17,22900,181.3861,489.7,0.37040257
1987-12-18,22827,179.5987,484,0.37107178
1987-12-21,22957,180.6500,483.7,0.37347526
1987-12-22,22741,179.6997,487.9,0.36831261
1987-12-23,22694,179.0454,486.5,0.36802747
1987-12-24,22543,178.7283,489.6,0.36504962
1987-12-26,21533,170.7207,489.6,0.34869421
1987-12-28,21564,175.0893,491.1,0.35652477
1988-01-04,21217,172.9036,480.5,0.35984099
1988-01-05,21575,170.0158,483.2,0.35185381
1988-01-06,22791,175.8022,485.3,0.36225473
1988-01-07,22792,177.2593,483.1,0.36692050
1988-01-08,22873,177.1179,485.5,0.36481536
1988-01-11,22578,176.1292,483.6,0.36420427
1988-01-12,22625,177.6182,482.3,0.36827317
1988-01-13,22325,176.2732,481.6,0.36601577
1988-01-14,22604,178.3494,488.2,0.36532031
1988-01-18,22910,175.5556,476.8,0.36819538
1988-01-19,22898,178.0560,478.2,0.37234627
1988-01-20,22843,178.8102,476.8,0.37502134
1988-01-21,22710,178.5237,478.8,0.37285652
1988-01-22,22877,178.9363,477.8,0.37450032
1988-01-23,23125,180.8760,477.8,0.37856012
1988-01-25,23318,182.4855,469.5,0.38868056
1988-01-26,23499,183.7438,474.8,0.38699209
1988-01-27,23336,182.8840,472.2,0.38730202
1988-01-28,23587,185.4761,471.5,0.39337462
1988-01-29,23622,184.9080,458.5,0.40328904
1988-01-30,23719,185.6673,458.5,0.40494508
1988-02-01,23732,183.4287,458.4,0.40014978
1988-02-02,23672,184.5338,458.3,0.40264855
1988-02-03,23595,184.4801,442.5,0.41690410
1988-02-04,23709,184.5058,448.2,0.41165961
1988-02-05,23651,183.2701,443.2,0.41351546
1988-02-06,23792,184.3627,443.2,0.41598071
1988-02-08,23772,184.8666,444,0.41636628
1988-02-09,23662,183.1566,444.9,0.41168036
1988-02-10,23772,184.2505,443.9,0.41507210
1988-02-12,23982,182.8593,448.7,0.40753136
1988-02-15,24207,184.5749,448.7,0.41135483
1988-02-16,24346,186.9175,447.6,0.41759934
1988-02-17,24430,187.4760,449.2,0.41735534
1988-02-18,24675,189.4725,445.8,0.42501676
1988-02-19,24773,190.4883,448,0.42519704
1988-02-22,24847,192.2101,447.6,0.42942382
1988-02-23,24949,193.7335,444.3,0.43604209
1988-02-24,24969,193.8587,434.1,0.44657612
1988-02-25,25101,194.8684,434.7,0.44828252
1988-02-26,25165,196.3102,431.1,0.45537037
1988-02-27,25285,197.2463,431.1,0.45754181
1988-02-29,25243,196.5200,431.9,0.45501284
1988-03-01,25436,198.3005,432.4,0.45860421
1988-03-02,25683,198.7848,432.2,0.45993713
1988-03-03,25596,198.0501,429.1,0.46154775
1988-03-04,25616,198.9438,438.8,0.45338143
1988-03-05,25628,199.0370,438.8,0.45359382
1988-03-07,25617,199.8674,438.6,0.45569394
1988-03-08,25466,198.8133,436.6,0.45536723
1988-03-09,25605,200.0234,437.5,0.45719642
1988-03-10,25618,199.9844,444.5,0.44990863
1988-03-11,25544,200.5496,442.6,0.45311699
1988-03-14,25434,200.3939,443.1,0.45225445
1988-03-15,25476,200.3775,447.5,0.44777103
1988-03-16,25704,201.7107,446.5,0.45175978
1988-03-17,25872,201.1038,444.9,0.45202016
1988-03-18,25966,202.3062,445.2,0.45441643
1988-03-22,25843,203.3121,449.6,0.45220661
1988-03-23,25895,204.2353,452,0.45184812
1988-03-24,25781,205.0179,454.3,0.45128306
1988-03-25,25627,204.4436,453.3,0.45101160
1988-03-26,25321,202.0024,453.3,0.44562628
1988-03-28,25623,206.3043,455.9,0.45252105
1988-03-29,25953,208.2237,459.8,0.45285708
1988-03-30,26320,210.8299,461.3,0.45703417
1988-03-31,26260,211.5865,457.9,0.46208014
1988-04-01,26104,210.4992,457.9,0.45970551
1988-04-02,26282,211.9345,457.9,0.46284019
1988-04-04,26335,211.6961,459.5,0.46070977
1988-04-05,26315,210.2341,456.2,0.46083753
1988-04-06,26511,211.2599,451.3,0.46811403
1988-04-07,26769,212.7563,452.7,0.46997199
1988-04-08,26749,213.0546,453.7,0.46959348
1988-04-11,26925,212.5434,454.7,0.46743659
1988-04-12,26931,212.7924,453.7,0.46901554
1988-04-13,26986,213.6151,449.6,0.47512263
1988-04-14,27111,219.2382,456.5,0.48025900
1988-04-15,26894,217.0972,458.5,0.47349442
1988-04-18,26671,214.9674,461.7,0.46559965
1988-04-19,26657,214.6815,460.4,0.46629341
1988-04-20,26864,216.6801,459,0.47206996
1988-04-21,26828,216.1108,457.2,0.47268338
1988-04-22,26837,215.1953,452.4,0.47567474
1988-04-23,27058,216.9674,452.4,0.47959188
1988-04-25,27213,218.0179,450.1,0.48437668
1988-04-26,27247,218.3428,451.3,0.48380859
1988-04-27,27192,217.3621,454.3,0.47845501
1988-04-28,27434,220.1589,452.6,0.48643150
1988-04-30,27510,220.2033,452.6,0.48652964
1988-05-02,27670,221.4486,447.2,0.49518913
1988-05-06,27534,220.4837,445.3,0.49513511
1988-05-07,27488,220.1153,445.3,0.49430791
1988-05-09,27264,218.4265,448.8,0.48669014
1988-05-10,27412,220.3006,451.6,0.48782234
1988-05-11,27161,218.5996,451.2,0.48448492
1988-05-12,27213,218.7716,453.3,0.48261991
1988-05-13,27468,220.3080,453.7,0.48558075
1988-05-16,27760,222.1689,456,0.48721243
1988-05-17,27820,221.2854,456.4,0.48484968
1988-05-18,27768,221.4354,458.1,0.48337788
1988-05-19,27373,219.1944,458.2,0.47838155
1988-05-20,27394,219.4505,458.7,0.47841825
1988-05-23,27250,218.7876,462.8,0.47274770
1988-05-24,27313,219.6462,461.1,0.47635255
1988-05-25,27444,220.6819,454.8,0.48522843
1988-05-26,27428,220.4114,458.7,0.48051328
1988-05-27,27290,218.3200,456,0.47877193
1988-05-28,26963,215.7040,456,0.47303509
1988-05-30,27223,217.7840,456,0.47759649
1988-05-31,27417,219.1432,459.8,0.47660538
1988-06-01,27704,221.2956,462.4,0.47858052
1988-06-02,27869,220.2039,471.5,0.46702833
1988-06-03,27822,220.8446,469.3,0.47058295
1988-06-04,27906,221.5114,469.3,0.47200373
1988-06-06,27996,221.8735,468.1,0.47398743
1988-06-07,27967,222.4547,464.8,0.47860297
1988-06-08,27913,222.8583,460.7,0.48373841
1988-06-09,28072,224.1993,461.7,0.48559529
1988-06-10,27920,223.4852,453.3,0.49301820
1988-06-13,28038,223.9457,453.8,0.49348983
1988-06-14,28062,221.9919,454.6,0.48832365
1988-06-15,28094,222.4915,455.8,0.48813402
1988-06-16,28147,223.7974,453.9,0.49305443
1988-06-17,28342,225.1688,458.3,0.49131317
1988-06-20,28139,222.8832,454.5,0.49039201
1988-06-21,27926,220.8113,455.4,0.48487321
1988-06-22,27861,216.5980,453,0.47814127
1988-06-23,27733,215.5359,450.9,0.47801257
1988-06-24,27750,212.4809,446,0.47641448
1988-06-25,27556,210.9954,446,0.47308387
1988-06-27,27435,209.6195,445.9,0.47010428
1988-06-28,27398,209.2249,440.5,0.47497138
1988-06-29,27607,206.4075,438.3,0.47092739
1988-06-30,27769,207.9608,437.7,0.47512168
1988-07-01,27504,205.1007,439.6,0.46656204
1988-07-02,27363,204.0492,439.6,0.46417019
1988-07-04,27360,204.0268,439.6,0.46411930
1988-07-05,27577,205.3694,440.3,0.46643056
1988-07-06,27767,207.8213,440.7,0.47157084
1988-07-07,27728,210.4273,441.1,0.47705114
1988-07-08,27917,209.5556,441,0.47518282
1988-07-11,27986,210.5952,436.4,0.48257385
1988-07-12,28100,211.8676,438.7,0.48294416
1988-07-13,28020,210.8352,441.8,0.47721868
1988-07-14,28084,210.9675,439.9,0.47958070
1988-07-15,27914,206.3271,441.3,0.46754396
1988-07-18,27662,205.2991,438.8,0.46786485
1988-07-19,27149,202.7709,447.5,0.45311940
1988-07-20,27554,206.8929,445.7,0.46419773
1988-07-21,27676,209.2703,442.7,0.47271362
1988-07-22,27285,208.7765,442.9,0.47138517
1988-07-23,27301,208.8989,442.9,0.47166160
1988-07-25,27184,205.7991,426.6,0.48241696
1988-07-26,27304,205.9747,431.7,0.47712451
1988-07-27,27739,210.6066,444.5,0.47380570
1988-07-28,27796,209.9396,443.8,0.47304997
1988-07-29,27912,209.7858,447.3,0.46900468
1988-07-30,28200,211.9504,447.3,0.47384394
1988-08-01,28326,213.2982,445.6,0.47867638
1988-08-02,28366,213.3905,442.5,0.48223843
1988-08-03,28348,213.3675,444.3,0.48023285
1988-08-04,28293,212.7133,443.8,0.47929998
1988-08-05,28423,212.6197,442.6,0.48038791
1988-08-06,28362,212.1634,442.6,0.47935693
1988-08-08,28253,211.2374,440.8,0.47921366
1988-08-09,28170,209.0538,437.8,0.47750983
1988-08-10,27555,204.9461,439.4,0.46642257
1988-08-11,27785,207.5831,439.2,0.47263915
1988-08-12,27834,209.0424,441.2,0.47380425
1988-08-15,27901,209.4041,442.9,0.47280217
1988-08-16,27897,209.8781,438.8,0.47830019
1988-08-17,28179,210.1656,440.9,0.47667401
1988-08-18,28129,210.9411,442.1,0.47713443
1988-08-19,28209,211.3984,441.4,0.47892701
1988-08-22,28079,209.3885,443.2,0.47244701
1988-08-23,27920,208.5917,441.8,0.47214058
1988-08-24,27800,207.0764,444.4,0.46596838
1988-08-25,27870,208.9832,442.2,0.47259883
1988-08-26,27565,206.2168,441.4,0.46718804
1988-08-27,27679,207.0696,441.4,0.46912018
1988-08-29,27379,204.1381,438.7,0.46532502
1988-08-30,27512,204.5806,437.7,0.46739915
1988-08-31,27366,200.4541,439.9,0.45568117
1988-09-01,26934,197.5213,438.7,0.45024223
1988-09-02,27117,199.2432,437.4,0.45551715
1988-09-03,27488,201.9691,437.4,0.46174929
1988-09-05,27342,200.8964,437.4,0.45929675
1988-09-06,27321,201.9290,434.8,0.46441823
1988-09-07,27504,205.7451,435.7,0.47221727
1988-09-08,27740,207.2005,436.3,0.47490369
1988-09-09,27647,206.9076,428.5,0.48286499
1988-09-12,27757,207.9176,428,0.48578879
1988-09-13,27794,208.4915,428.2,0.48690212
1988-09-14,27806,206.5978,428,0.48270518
1988-09-16,27866,207.4752,418.2,0.49611488
1988-09-19,27901,208.9180,415.4,0.50293213
1988-09-20,27549,205.7277,411.3,0.50018898
1988-09-21,27713,206.4283,404,0.51096115
1988-09-22,27428,203.7287,404.6,0.50353124
1988-09-24,27390,203.6886,399.3,0.51011409
1988-09-26,27334,203.0154,400.3,0.50715825
1988-09-27,27500,204.5370,402.5,0.50816647
1988-09-28,27752,206.7496,403.4,0.51251762
1988-09-29,27700,206.1625,401.6,0.51335296
1988-09-30,27924,208.5437,399.2,0.52240403
1988-10-01,27700,206.8708,399.2,0.51821342
1988-10-03,27546,206.1055,402.2,0.51244530
1988-10-04,27501,206.3710,402.7,0.51246835
1988-10-05,27405,205.2963,405.3,0.50652918
1988-10-06,27172,203.6729,408,0.49919826
1988-10-07,27258,204.4708,407.3,0.50201518
1988-10-11,27470,209.5827,408.4,0.51317989
1988-10-12,27409,212.5388,412.2,0.51562050
1988-10-13,27273,213.0204,410.4,0.51905552
1988-10-14,27307,214.7621,412.5,0.52063537
1988-10-17,27269,214.2274,415.5,0.51558930
1988-10-18,27142,214.2733,415.1,0.51619684
1988-10-19,27294,214.4069,414.7,0.51701691
1988-10-20,27391,215.3550,415.4,0.51842797
1988-10-21,27401,216.8487,411.5,0.52697129
1988-10-22,27339,216.3580,411.5,0.52577892
1988-10-24,27282,215.1238,408.8,0.52623238
1988-10-25,27421,216.4246,409.4,0.52863856
1988-10-26,27621,219.7375,411.1,0.53451100
1988-10-27,27723,220.1986,410.1,0.53693872
1988-10-28,27741,220.4116,414.9,0.53124022
1988-10-29,27961,222.1595,414.9,0.53545322
1988-10-31,27983,222.9899,415.1,0.53719557
1988-11-01,28014,223.5754,414,0.54003724
1988-11-02,27985,224.5987,424.2,0.52946421
1988-11-04,27953,223.0708,423.5,0.52673149
1988-11-05,28047,223.8209,423.5,0.52850277
1988-11-07,27866,223.4285,424.7,0.52608542
1988-11-08,28007,223.0389,421.2,0.52953215
1988-11-09,28213,227.0664,424.7,0.53465128
1988-11-10,28166,227.1818,420.5,0.54026588
1988-11-11,28490,229.7951,423.1,0.54312250
1988-11-14,28521,231.0515,425.2,0.54339493
1988-11-15,28829,233.5656,425.6,0.54879132
1988-11-16,28996,236.6055,425.6,0.55593390
1988-11-17,29077,236.8991,421.1,0.56257216
1988-11-18,29180,237.9128,418.1,0.56903315
1988-11-21,29284,240.1509,416.5,0.57659278
1988-11-22,29430,242.5016,418.1,0.58000873
1988-11-23,29430,242.6216,420.1,0.57753297
1988-11-24,29340,241.8796,420.1,0.57576681
1988-11-25,29407,242.8324,420.1,0.57803468
1988-11-26,29364,242.4773,420.1,0.57718946
1988-11-28,28983,237.1379,423.3,0.56021249
1988-11-29,29318,241.3203,427.1,0.56502054
1988-11-30,29579,242.6497,429.6,0.56482708
1988-12-01,29541,242.9159,428.6,0.56676593
1988-12-02,29532,243.1218,436.7,0.55672489
1988-12-03,29666,244.2249,436.7,0.55925100
1988-12-05,29615,243.7449,434.2,0.56136540
1988-12-06,29669,243.6679,432.6,0.56326369
1988-12-07,30051,243.3476,427.7,0.56896806
1988-12-08,29759,242.7919,426.7,0.56899900
1988-12-09,29793,243.5063,427.6,0.56947225
1988-12-12,29672,241.5500,424.6,0.56888833
1988-12-13,29598,240.3215,424.1,0.56666242
1988-12-14,29755,242.4823,425.7,0.56960835
1988-12-15,29706,240.8074,416.6,0.57803023
1988-12-16,29537,237.2450,417.6,0.56811537
1988-12-19,29470,237.4698,418,0.56810953
1988-12-20,29568,236.3549,417.5,0.56611956
1988-12-21,29698,238.8259,418.8,0.57026240
1988-12-22,29775,238.7731,421.3,0.56675304
1988-12-23,29686,237.7733,421.6,0.56397848
1988-12-24,29686,237.7733,421.6,0.56397848
1988-12-26,29868,239.2311,421.6,0.56743614
1988-12-27,30051,240.6968,420.9,0.57186229
1988-12-28,30159,240.1385,416.6,0.57642474
1989-01-04,30244,241.8746,411,0.58850268
1989-01-05,30184,240.3376,410.1,0.58604635
1989-01-06,30210,238.5879,408.1,0.58463097
1989-01-09,30678,242.6097,406.7,0.59653240
1989-01-10,31007,245.5028,405.6,0.60528297
1989-01-11,31143,246.9119,405.2,0.60935813
1989-01-12,31143,246.8336,405.8,0.60826426
1989-01-13,31298,247.0245,403.5,0.61220438
1989-01-17,31228,244.4271,404,0.60501745
1989-01-18,31355,244.0078,403.3,0.60502797
1989-01-19,31311,241.4109,404.5,0.59681322
1989-01-20,31170,243.0030,409.3,0.59370398
1989-01-23,31333,245.1721,408.5,0.60017661
1989-01-24,31558,247.2422,406.3,0.60852140
1989-01-25,31568,247.1463,406.4,0.60813564
1989-01-26,31512,245.8993,403.2,0.60986939
1989-01-27,31646,244.8623,400.2,0.61184975
1989-01-28,31679,245.1176,400.2,0.61248778
1989-01-30,31568,244.0322,399.6,0.61069109
1989-01-31,31581,242.0000,395.8,0.61141991
1989-02-01,31361,242.0017,397.2,0.60926913
1989-02-02,31498,243.9058,395.9,0.61607941
1989-02-03,31686,244.3776,396.3,0.61664800
1989-02-06,31829,245.4994,396.9,0.61854226
1989-02-07,31881,246.6043,395.5,0.62352533
1989-02-08,32065,247.4151,399.1,0.61993266
1989-02-09,32078,249.4789,398,0.62683147
1989-02-10,32132,250.0739,391.7,0.63843231
1989-02-13,31985,249.0850,389.7,0.63917106
1989-02-14,31983,252.3712,389,0.64876911
1989-02-15,32149,254.3434,388.2,0.65518638
1989-02-16,32084,253.9899,387.1,0.65613502
1989-02-17,32173,255.5441,384.3,0.66495988
1989-02-20,32177,255.5759,384.3,0.66504255
1989-02-21,31980,252.3077,389.4,0.64793963
1989-02-22,32312,255.2896,390.2,0.65425311
1989-02-23,32452,257.1474,394,0.65265834
1989-02-27,32286,255.1446,389.8,0.65455264
1989-02-28,31986,252.1163,390.4,0.64578980
1989-03-01,31964,249.5043,387.1,0.64454749
1989-03-02,32074,250.8133,386.6,0.64876685
1989-03-03,32000,250.5873,389.3,0.64368691
1989-03-06,31877,247.3962,390.5,0.63353700
1989-03-07,31938,248.0621,395.7,0.62689446
1989-03-08,31838,247.3815,395.4,0.62564873
1989-03-09,31656,245.3003,397.3,0.61741825
1989-03-10,31702,244.8220,396.5,0.61745774
1989-03-13,31553,242.9396,396.4,0.61286488
1989-03-14,31724,244.6518,398.1,0.61454863
1989-03-15,32100,245.7887,393.8,0.62414593
1989-03-16,32098,244.6121,391.3,0.62512676
1989-03-17,32021,243.3207,395,0.61600169
1989-03-20,31655,240.3569,397.4,0.60482353
1989-03-22,31443,239.7484,400.2,0.59907141
1989-03-23,31589,240.7698,393.4,0.61202292
1989-03-24,31493,239.4723,393.4,0.60872467
1989-03-27,31512,237.4680,396.4,0.59906149
1989-03-28,32306,242.7745,388,0.62570742
1989-03-29,32737,246.4393,387.5,0.63597245
1989-03-30,32826,246.9234,386.2,0.63936671
1989-03-31,32839,247.3561,390,0.63424649
1989-04-03,33042,250.2045,391.1,0.63974547
1989-04-04,33312,254.4843,390.9,0.65102159
1989-04-05,33361,253.0992,388.6,0.65131024
1989-04-06,32996,250.1213,388.7,0.64348157
1989-04-07,33185,250.5474,388,0.64574066
1989-04-10,32999,248.7862,390.3,0.63742298
1989-04-11,33250,250.4708,389.9,0.64239756
1989-04-12,33256,250.0827,392.1,0.63780342
1989-04-13,33064,250.1059,394.2,0.63446449
1989-04-14,33150,250.8513,389.8,0.64353849
1989-04-17,33308,252.4481,390.1,0.64713684
1989-04-18,33322,253.3607,387.4,0.65400285
1989-04-19,33364,252.1273,387.1,0.65132332
1989-04-20,33185,252.6264,389.3,0.64892466
1989-04-21,33030,251.2742,388.2,0.64728039
1989-04-24,32806,249.2668,391,0.63751093
1989-04-25,33245,253.0253,388.8,0.65078535
1989-04-26,33435,252.8166,388.2,0.65125357
1989-04-27,33501,253.4307,386.1,0.65638609
1989-04-28,33713,253.7674,380.5,0.66693142
1989-05-01,33793,252.0549,380.7,0.66208273
1989-05-02,33955,253.7743,380.1,0.66765138
1989-05-08,34135,253.2270,378.4,0.66920455
1989-05-09,34032,252.4255,380.3,0.66375350
1989-05-10,33992,252.8790,379,0.66722701
1989-05-11,34081,251.9107,382.1,0.65927954
1989-05-12,33866,249.1246,378.9,0.65749436
1989-05-15,33716,245.6718,376.5,0.65251478
1989-05-16,33926,247.0760,376.2,0.65676757
1989-05-17,33992,244.1253,373.9,0.65291589
1989-05-18,33856,244.1832,370.3,0.65941992
1989-05-19,34001,244.9816,366.6,0.66825321
1989-05-22,34068,239.8479,363.7,0.65946640
1989-05-23,33817,238.1479,364.3,0.65371366
1989-05-24,33852,237.0588,364.7,0.65001048
1989-05-25,34005,239.4718,367.2,0.65215640
1989-05-26,34192,241.7592,365.9,0.66072472
1989-05-29,34161,241.5400,365.9,0.66012567
1989-05-30,34077,237.5035,369.7,0.64242219
1989-05-31,34267,240.7405,366.5,0.65686352
1989-06-01,33981,238.0789,367.3,0.64818647
1989-06-02,33667,237.5097,371.9,0.63863861
1989-06-05,33457,235.9284,370.8,0.63626849
1989-06-06,33452,234.0119,383.2,0.61067822
1989-06-07,33627,235.9789,380.8,0.61969261
1989-06-08,33718,235.1325,378.1,0.62187912
1989-06-09,33640,230.1745,362,0.63584110
1989-06-12,33398,224.4640,365.8,0.61362496
1989-06-13,33214,222.5990,366.8,0.60686756
1989-06-14,33403,224.1060,367.5,0.60981226
1989-06-15,32913,219.9626,370.7,0.59337085
1989-06-16,33055,227.1197,368.8,0.61583431
1989-06-19,33013,228.5269,370.6,0.61664039
1989-06-20,33233,230.6886,369.6,0.62415747
1989-06-21,33345,231.7878,375.7,0.61694929
1989-06-22,33325,236.2135,374.2,0.63124932
1989-06-23,33531,242.1011,381.8,0.63410446
1989-06-26,33626,238.7871,378.3,0.63121095
1989-06-27,33469,237.2174,379.8,0.62458499
1989-06-28,33246,232.7988,379.2,0.61392095
1989-06-29,32956,229.8187,373.9,0.61465282
1989-06-30,32949,228.8125,377.3,0.60644712
1989-07-03,33236,235.3158,381.1,0.61746464
1989-07-04,33190,234.9901,381.1,0.61661004
1989-07-05,33310,239.8128,388.4,0.61743773
1989-07-06,33423,239.7633,388.6,0.61699246
1989-07-07,33704,241.0873,385.7,0.62506421
1989-07-10,33676,242.2734,386.6,0.62667714
1989-07-11,33747,240.5346,383.3,0.62753605
1989-07-12,33702,241.0040,380.4,0.63355417
1989-07-13,33631,241.1689,378.5,0.63717009
1989-07-14,33575,238.9680,372.2,0.64204184
1989-07-17,33456,236.3379,372.2,0.63497568
1989-07-18,33344,235.9969,373.8,0.63134533
1989-07-19,33557,236.3835,369.3,0.64008526
1989-07-20,33665,237.9825,372.2,0.63939406
1989-07-21,33899,238.8768,373,0.64042025
1989-07-24,34093,238.1129,373.9,0.63683569
1989-07-25,34539,242.3109,382.6,0.63332705
1989-07-26,34516,245.4209,375,0.65445582
1989-07-27,34785,250.3418,382,0.65534516
1989-07-28,34706,248.6459,375.4,0.66234933
1989-07-31,34954,255.2318,378.7,0.67396841
1989-08-01,34898,255.0837,378.8,0.67339940
1989-08-02,34899,256.3464,377.8,0.67852411
1989-08-03,34780,253.9613,381.4,0.66586602
1989-08-04,34742,249.1359,375.4,0.66365448
1989-08-07,34630,248.2615,373.4,0.66486750
1989-08-08,34759,250.4251,373.6,0.67030266
1989-08-09,34859,250.3519,373.9,0.66956916
1989-08-10,34720,249.6584,374.2,0.66717917
1989-08-11,34713,244.5439,371.4,0.65843795
1989-08-14,34672,244.6860,373.2,0.65564297
1989-08-15,34811,244.8203,377.5,0.64853062
1989-08-16,35084,246.8097,374.7,0.65868617
1989-08-17,35090,244.0195,374.6,0.65141343
1989-08-18,35063,240.4210,373.9,0.64300885
1989-08-21,35141,246.7420,374.5,0.65885722
1989-08-22,35114,246.2758,374.5,0.65761222
1989-08-23,34893,243.6152,371.9,0.65505556
1989-08-24,34787,242.7056,370.6,0.65489920
1989-08-25,34740,242.4454,366.7,0.66115460
1989-08-28,34607,239.9764,366,0.65567329
1989-08-29,34688,242.3531,369.3,0.65624995
1989-08-30,34472,239.8386,367.6,0.65244447
1989-08-31,34431,238.0956,365.4,0.65160254
1989-09-01,34348,235.5022,366.1,0.64327295
1989-09-04,34484,236.4347,366.1,0.64581998
1989-09-05,34442,234.2356,365.1,0.64156555
1989-09-06,34271,234.3476,367.4,0.63785424
1989-09-07,34153,232.4915,366,0.63522265
1989-09-08,34116,233.1921,365,0.63888239
1989-09-11,34114,232.3525,364.6,0.63728069
1989-09-12,34333,233.3039,364.8,0.63953916
1989-09-13,34287,233.3243,365,0.63924455
1989-09-14,34402,234.7458,365.5,0.64225943
1989-09-18,34473,236.3755,366.5,0.64495356
1989-09-19,34471,236.6701,366.2,0.64628645
1989-09-20,34471,237.6655,370.1,0.64216555
1989-09-21,34745,239.0272,370.3,0.64549620
1989-09-22,34772,238.8187,370.7,0.64423707
1989-09-25,34961,245.0137,374.6,0.65406745
1989-09-26,35445,249.8238,373.1,0.66958937
1989-09-27,35371,251.5539,372.3,0.67567538
1989-09-28,35690,253.9310,372.8,0.68114535
1989-09-29,35637,255.2611,372,0.68618571
1989-10-02,35623,255.4169,372.1,0.68642014
1989-10-03,35366,250.6094,371.4,0.67476955
1989-10-04,35383,250.8543,371.5,0.67524713
1989-10-05,35523,249.4418,367.9,0.67801509
1989-10-06,35209,246.5616,368.2,0.66964048
1989-10-09,35376,247.7311,367.4,0.67428169
1989-10-11,35240,243.3702,366.1,0.66476418
1989-10-12,34795,241.2968,367.4,0.65676867
1989-10-13,35116,245.2235,367.3,0.66763807
1989-10-16,34469,243.0647,371.2,0.65480782
1989-10-17,34996,247.3216,371.2,0.66627574
1989-10-18,35108,247.7629,372.4,0.66531385
1989-10-19,35374,249.2180,370.6,0.67247161
1989-10-20,35486,249.3921,370.6,0.67294141
1989-10-23,35586,249.9895,370.2,0.67528218
1989-10-24,35527,250.9678,373.4,0.67211512
1989-10-25,35442,250.2259,372.3,0.67210831
1989-10-26,35678,251.8743,375.4,0.67094922
1989-10-27,35527,250.1901,381.2,0.65632251
1989-10-30,35417,249.1523,380.8,0.65428651
1989-10-31,35549,249.0472,377.6,0.65955302
1989-11-01,35564,248.5081,376.9,0.65934768
1989-11-02,35495,246.9905,382.9,0.64505215
1989-11-06,35434,246.6003,383.8,0.64252298
1989-11-07,35270,245.9039,388.4,0.63312030
1989-11-08,35596,248.6796,390.8,0.63633473
1989-11-09,35657,249.5940,389,0.64162984
1989-11-10,35663,248.8695,388.6,0.64042590
1989-11-13,35750,248.4537,392.7,0.63268062
1989-11-14,35769,248.9491,394.9,0.63041037
1989-11-15,35852,249.4052,392.8,0.63494200
1989-11-16,35876,249.4680,392.7,0.63526368
1989-11-17,35964,249.0582,395.8,0.62925258
1989-11-20,35894,248.3842,399.3,0.62204907
1989-11-21,36060,250.8696,404.4,0.62035021
1989-11-22,36287,252.2383,411.6,0.61282383
1989-11-24,36484,254.2439,419.3,0.60635321
1989-11-27,36882,257.1787,414.1,0.62105462
1989-11-28,36985,257.3407,419.4,0.61359242
1989-11-29,37021,259.5233,415.5,0.62460483
1989-11-30,37269,260.7683,417.5,0.62459464
1989-12-01,37133,259.4717,419.3,0.61882121
1989-12-04,37304,259.8133,406.6,0.63899003
1989-12-05,37494,260.7371,408.9,0.63765501
1989-12-06,37654,261.7588,410.1,0.63828036
1989-12-07,37858,262.3380,415,0.63213981
1989-12-08,37724,261.4638,416.8,0.62731243
1989-12-11,37753,261.2845,421.8,0.61945120
1989-12-12,37804,262.6920,422.8,0.62131495
1989-12-13,38062,263.9895,412.9,0.63935446
1989-12-14,38181,264.9618,412.8,0.64186490
1989-12-15,38271,265.4943,418.3,0.63469825
1989-12-18,38586,267.7724,416.1,0.64352891
1989-12-19,38439,267.2158,416.1,0.64219142
1989-12-20,38512,267.4073,417.5,0.64049654
1989-12-21,38215,265.9360,415.5,0.64003845
1989-12-22,38040,266.2188,416.7,0.63887394
1989-12-25,38424,268.9062,416.7,0.64532314
1989-12-26,38681,272.1140,410.1,0.66353076
1989-12-27,38802,273.0612,403.8,0.67622889
1989-12-28,38877,271.2033,401.4,0.67564362
1989-12-29,38916,270.6447,405.2,0.66792865
1990-01-04,38713,270.0028,400.8,0.67365966
1990-01-05,38275,266.1498,408.5,0.65152945
1990-01-08,38295,265.7529,405,0.65618012
1990-01-09,37951,261.3705,406.2,0.64345279
1990-01-10,37697,259.5497,414.2,0.62662895
1990-01-11,38170,262.5172,415.6,0.63165831
1990-01-12,37517,258.0084,414.7,0.62215672
1990-01-16,36850,253.2994,412.2,0.61450612
1990-01-17,36821,253.0827,413.7,0.61175414
1990-01-18,36729,251.3791,411.2,0.61133049
1990-01-19,36837,252.9145,410.9,0.61551356
1990-01-22,37257,254.4356,408,0.62361658
1990-01-23,37378,255.8560,413.7,0.61845777
1990-01-24,36779,253.0897,417.7,0.60591270
1990-01-25,36969,255.9826,416.3,0.61489923
1990-01-26,36874,257.2306,420.3,0.61201655
1990-01-29,37174,259.7219,425.1,0.61096667
1990-01-30,37216,258.2651,423.9,0.60925948
1990-01-31,37189,257.2743,417.8,0.61578339
1990-02-01,37206,256.7879,423.3,0.60663338
1990-02-02,37650,258.9943,423.4,0.61170121
1990-02-05,37631,258.8102,427.5,0.60540393
1990-02-06,37667,259.5397,426.4,0.60867665
1990-02-07,37302,256.4240,423.1,0.60606004
1990-02-08,37516,258.0370,423.5,0.60929635
1990-02-09,37288,256.7867,420.6,0.61052478
1990-02-13,37107,256.9737,422,0.60894238
1990-02-14,37156,257.5270,420.7,0.61213936
1990-02-15,37472,259.5194,416.2,0.62354483
1990-02-16,37460,259.8502,420.8,0.61751465
1990-02-19,37223,258.2062,420.8,0.61360779
1990-02-20,36896,253.6505,423.6,0.59879719
1990-02-21,35734,245.8818,421.6,0.58321107
1990-02-22,35827,245.5923,419,0.58613906
1990-02-23,34891,237.4830,418.2,0.56786940
1990-02-26,33322,223.8479,411.8,0.54358405
1990-02-27,33898,228.0697,411,0.55491412
1990-02-28,34592,232.4263,408.9,0.56841834
1990-03-01,33830,226.0306,409,0.55264206
1990-03-02,34058,226.6303,405.6,0.55875318
1990-03-05,33845,225.9647,406.6,0.55574213
1990-03-06,33791,225.5892,406.1,0.55550150
1990-03-07,33362,220.6190,402.3,0.54839415
1990-03-08,33691,223.3559,401.9,0.55574987
1990-03-09,33993,224.6283,401.6,0.55933341
1990-03-12,33368,218.9789,401.1,0.54594582
1990-03-13,32621,213.8241,400.7,0.53362633
1990-03-14,32352,212.5066,399.5,0.53193134
1990-03-15,32672,214.1724,399.6,0.53596697
1990-03-16,32616,214.0438,400.9,0.53390830
1990-03-19,31263,203.6678,401.9,0.50676226
1990-03-20,30807,200.2145,393.3,0.50906297
1990-03-22,29843,192.3989,394.7,0.48745615
1990-03-23,30372,197.3618,389.4,0.50683552
1990-03-26,31840,203.4505,366.2,0.55557204
1990-03-27,31826,202.1982,369.1,0.54781420
1990-03-28,31264,196.9386,374.2,0.52629231
1990-03-29,31026,197.9456,376,0.52645118
1990-03-30,29980,189.9512,375,0.50653657
1990-04-02,28002,176.2351,374.5,0.47058780
1990-04-03,28760,180.7327,380.1,0.47548733
1990-04-04,28443,179.3380,381.8,0.46971702
1990-04-05,28249,179.1540,379.3,0.47232793
1990-04-06,29279,185.7215,385.2,0.48214313
1990-04-09,30398,193.0032,380.4,0.50736902
1990-04-10,29625,186.8260,379.3,0.49255473
1990-04-11,29440,185.9995,378.4,0.49154200
1990-04-12,29623,187.2622,379.7,0.49318450
1990-04-13,29214,184.0252,379.7,0.48465946
1990-04-16,28463,178.5970,378.9,0.47135649
1990-04-17,28462,177.9876,378.8,0.46987228
1990-04-18,29249,183.8519,379.7,0.48420308
1990-04-19,29945,191.3541,380.7,0.50263746
1990-04-20,29835,189.0086,379.9,0.49752185
1990-04-23,29679,188.1991,382.1,0.49253890
1990-04-24,29501,185.8682,379,0.49041740
1990-04-25,29564,186.2651,373.6,0.49856831
1990-04-26,29425,185.3543,373.3,0.49652915
1990-04-27,29585,186.1746,374,0.49779295
1990-05-01,29690,186.8941,372.7,0.50145994
1990-05-02,30174,190.6248,372,0.51243226
1990-05-07,30956,195.9241,374,0.52386110
1990-05-08,30971,196.1556,372,0.52729987
1990-05-09,30946,197.8139,373.7,0.52933866
1990-05-10,30980,197.3123,371.9,0.53055196
1990-05-11,31512,206.3114,370.5,0.55684583
1990-05-14,32043,209.7329,369.9,0.56699905
1990-05-15,31997,211.3269,372.3,0.56762520
1990-05-16,31968,211.1214,370.3,0.57013606
1990-05-17,32062,210.4496,370.6,0.56786191
1990-05-18,32014,209.4472,375.6,0.55763357
1990-05-21,31765,206.8842,374.1,0.55301844
1990-05-22,31938,210.6728,376.4,0.55970463
1990-05-23,32177,212.7827,364.6,0.58360587
1990-05-24,32312,213.1961,371.3,0.57418824
1990-05-25,32794,219.0648,368.4,0.59463843
1990-05-28,33192,221.7234,368.4,0.60185518
1990-05-29,32818,217.5250,367.4,0.59206593
1990-05-30,32926,217.5775,368.9,0.58980070
1990-05-31,33131,217.0532,368.6,0.58885838
1990-06-01,32891,217.2457,363.5,0.59764981
1990-06-04,32925,217.1691,362.4,0.59925235
1990-06-05,32922,215.6698,363.6,0.59315136
1990-06-06,32954,216.0351,361,0.59843529
1990-06-07,33193,217.6019,358.1,0.60765691
1990-06-08,32993,214.9101,359.2,0.59830209
1990-06-11,32540,210.6013,359.7,0.58549140
1990-06-12,32322,209.2852,359.1,0.58280468
1990-06-13,32372,209.1350,355.1,0.58894665
1990-06-14,32668,212.0197,349.8,0.60611701
1990-06-15,32538,210.9980,352.3,0.59891567
1990-06-18,32377,210.6369,352,0.59840032
1990-06-19,32040,208.5123,351.8,0.59270125
1990-06-20,32088,208.3772,353.1,0.59013641
1990-06-21,32087,207.2536,353.1,0.58695436
1990-06-22,31695,204.8142,352.8,0.58053916
1990-06-25,31124,200.3218,356.2,0.56238577
1990-06-26,31572,203.4934,352.9,0.57663189
1990-06-27,32313,209.3082,353.2,0.59260532
1990-06-28,32106,209.5966,354.1,0.59191345
1990-06-29,31940,209.6626,359.9,0.58255792
1990-07-02,32160,212.6140,360.8,0.58928504
1990-07-03,32415,214.3849,364.1,0.58880780
1990-07-04,32446,214.5899,364.1,0.58937091
1990-07-05,32352,214.5785,363.3,0.59063721
1990-07-06,32445,214.8249,362.9,0.59196712
1990-07-09,32538,215.3408,359.9,0.59833519
1990-07-10,32152,215.9447,357.1,0.60471761
1990-07-11,32294,217.2047,355.6,0.61081197
1990-07-12,32575,219.2127,359.5,0.60977094
1990-07-13,32644,221.3003,365.7,0.60514151
1990-07-16,33022,223.0463,364.5,0.61192392
1990-07-17,33172,223.5913,363,0.61595390
1990-07-18,33048,224.3585,362.5,0.61891987
1990-07-19,33056,223.2608,362.1,0.61657233
1990-07-20,32422,217.6557,362,0.60125897
1990-07-23,31895,214.8390,369.7,0.58111716
1990-07-24,31702,213.7117,368.4,0.58010788
1990-07-25,31701,212.9299,372.4,0.57177733
1990-07-26,31370,208.5217,369.6,0.56418201
1990-07-27,30863,206.3035,368,0.56060727
1990-07-30,30443,205.4184,376.8,0.54516548
1990-07-31,31036,212.3862,379.2,0.56009027
1990-08-01,30838,209.4261,382.4,0.54766252
1990-08-02,30245,202.1589,385.9,0.52386356
1990-08-03,29516,196.8915,386.4,0.50955349
1990-08-06,28600,190.9850,393.8,0.48497962
1990-08-07,27653,184.5871,393.7,0.46885228
1990-08-08,28509,189.8575,392.2,0.48408334
1990-08-09,27616,184.3156,394.8,0.46685805
1990-08-10,27330,182.0301,405.9,0.44846047
1990-08-13,26176,174.0889,405.9,0.42889592
1990-08-14,26673,178.4505,414,0.43103992
1990-08-15,28112,190.6415,411.3,0.46350968
1990-08-16,27549,185.6527,417.9,0.44425143
1990-08-17,26787,181.5083,418.3,0.43391904
1990-08-20,26490,180.3636,418.8,0.43066759
1990-08-21,26298,179.6311,416,0.43180564
1990-08-22,25211,172.9861,419.3,0.41255936
1990-08-23,23738,161.9236,420.3,0.38525720
1990-08-24,24166,164.8994,423.2,0.38964875
1990-08-27,25142,174.0654,396.2,0.43933709
1990-08-28,25711,179.1957,392.8,0.45620088
1990-08-29,24895,173.3394,392.7,0.44140404
1990-08-30,25670,177.8933,393.7,0.45184983
1990-08-31,25978,180.4905,389.2,0.46374747
1990-09-03,25420,176.6136,389.2,0.45378631
1990-09-04,24908,173.5265,390.5,0.44437015
1990-09-05,24078,169.9464,393,0.43243348
1990-09-06,23812,168.8076,396.2,0.42606663
1990-09-07,23962,171.0472,396,0.43193733
1990-09-10,25081,180.1796,384.8,0.46824220
1990-09-11,24605,175.9259,386.6,0.45505930
1990-09-12,25216,183.1227,388.1,0.47184419
1990-09-13,25075,182.5628,388.8,0.46955452
1990-09-14,24897,182.1821,391,0.46593877
1990-09-17,24366,177.8540,395.2,0.45003546
1990-09-18,23885,173.7091,393.3,0.44167071
1990-09-19,23726,172.5527,391.4,0.44086031
1990-09-20,23603,172.3602,394.2,0.43724038
1990-09-21,23778,173.7015,394.5,0.44030802
1990-09-25,23359,170.0320,407.6,0.41715414
1990-09-26,22251,162.0966,412.8,0.39267587
1990-09-27,21772,157.3462,410.8,0.38302397
1990-09-28,20984,151.7610,408.1,0.37187221
1990-10-01,20222,147.7245,391.6,0.37723302
1990-10-02,22898,167.1997,393.9,0.42447248
1990-10-03,22849,167.8469,398.5,0.42119677
1990-10-04,22278,166.3779,396.9,0.41919348
1990-10-05,22828,172.4299,398.1,0.43313223
1990-10-08,23630,178.4878,399.3,0.44700176
1990-10-09,23495,180.2732,394,0.45754607
1990-10-11,22586,173.8053,393.6,0.44157853
1990-10-12,22390,174.0381,391.3,0.44476894
1990-10-15,23109,180.3277,378.5,0.47642732
1990-10-16,23606,185.4943,365.1,0.50806427
1990-10-17,23859,190.4606,369.8,0.51503679
1990-10-18,24367,194.8581,373,0.52240766
1990-10-19,24481,194.6954,375.7,0.51822040
1990-10-22,25071,198.8973,372.4,0.53409577
1990-10-23,25298,198.4312,373.9,0.53070674
1990-10-24,24877,194.2757,376,0.51669062
1990-10-25,25353,199.1595,378.3,0.52645907
1990-10-26,25006,195.3594,373.2,0.52347099
1990-10-29,25329,197.2817,375.8,0.52496466
1990-10-30,25242,195.5229,381.7,0.51224221
1990-10-31,25194,193.8746,381.3,0.50845677
1990-11-01,24295,186.1971,383.1,0.48602746
1990-11-02,24195,188.1415,378,0.49772890
1990-11-05,24385,192.3107,381.1,0.50462011
1990-11-06,23966,188.2639,388.1,0.48509133
1990-11-07,23500,183.3789,387.9,0.47274775
1990-11-08,22970,176.8283,388.9,0.45468843
1990-11-09,22932,176.7671,386.3,0.45759030
1990-11-13,23974,184.9846,387,0.47799630
1990-11-14,23937,184.6563,378.5,0.48786349
1990-11-15,23487,181.6895,380,0.47813023
1990-11-16,23172,179.0311,379.8,0.47138267
1990-11-19,23518,182.3101,382.3,0.47687700
1990-11-20,23205,179.9674,378.5,0.47547537
1990-11-21,22817,178.7466,379.8,0.47063342
1990-11-22,23400,183.3137,379.8,0.48265863
1990-11-26,23698,184.0764,386.7,0.47601870
1990-11-27,23624,184.0879,385.8,0.47715889
1990-11-28,23054,177.5433,385.7,0.46031454
1990-11-29,22713,171.4836,391.7,0.43779315
1990-11-30,22455,168.7077,385.7,0.43740663
1990-12-03,22726,169.0797,378.5,0.44670986
1990-12-04,21863,163.1080,380.5,0.42866761
1990-12-05,22194,164.9744,375.8,0.43899509
1990-12-06,22553,170.4042,373.2,0.45660298
1990-12-07,23522,179.4887,372.1,0.48236696
1990-12-10,23785,180.3260,375.9,0.47971802
1990-12-11,23957,181.3550,373.6,0.48542568
1990-12-12,23999,182.0451,374.5,0.48610162
1990-12-13,24643,186.5057,376.1,0.49589395
1990-12-14,24350,183.1516,378.6,0.48376007
1990-12-17,24088,180.7594,379.3,0.47656055
1990-12-18,24424,183.3221,378.4,0.48446637
1990-12-19,24877,185.4417,388,0.47794245
1990-12-20,24525,181.8687,386.7,0.47030965
1990-12-21,24120,177.8761,384.3,0.46285742
1990-12-25,23768,174.7133,384.3,0.45462743
1990-12-26,23888,175.5954,387.4,0.45326643
1990-12-27,23941,175.4562,387.6,0.45267340
1990-12-28,23849,176.5154,396.2,0.44552103
1991-01-04,24069,178.0910,387.2,0.45994579
1991-01-07,23737,173.7701,396.2,0.43859195
1991-01-08,22898,167.8124,392.3,0.42776545
1991-01-09,22969,171.2826,393,0.43583365
1991-01-10,23047,171.2259,392.1,0.43668925
1991-01-11,23241,173.2593,393.3,0.44052703
1991-01-14,23213,171.9354,401.6,0.42812603
1991-01-16,22443,163.9851,404.5,0.40540196
1991-01-17,23447,176.2402,374.4,0.47072711
1991-01-18,23808,179.4934,375.1,0.47852137
1991-01-21,23352,176.8421,379.5,0.46598710
1991-01-22,23254,176.6350,380.1,0.46470670
1991-01-23,23050,174.3570,378.9,0.46016636
1991-01-24,23269,176.0802,373.5,0.47143296
1991-01-25,23573,178.2457,376.1,0.47393179
1991-01-28,23569,178.3639,377.1,0.47298822
1991-01-29,23460,178.3352,376.4,0.47379180
1991-01-30,23410,177.9416,371.5,0.47898149
1991-01-31,23293,177.2814,368.5,0.48108922
1991-02-01,23157,176.1658,368.7,0.47780266
1991-02-04,23287,177.7498,371.6,0.47833636
1991-02-05,23822,183.6842,368.9,0.49792402
1991-02-06,23952,186.6729,365.2,0.51115252
1991-02-07,24104,188.3861,370,0.50915159
1991-02-08,24296,190.1095,372.4,0.51049824
1991-02-12,24935,194.4250,370.3,0.52504713
1991-02-13,25139,194.8005,369.5,0.52720018
1991-02-14,25356,195.4973,370.2,0.52808563
1991-02-15,25344,194.2813,366.1,0.53067832
1991-02-18,26230,201.2275,366.1,0.54965164
1991-02-19,26167,198.9886,366.1,0.54353617
1991-02-20,26199,198.8539,366.1,0.54316823
1991-02-21,26024,198.1875,364.1,0.54432160
1991-02-22,25903,195.9528,358.3,0.54689588
1991-02-25,26463,198.4328,360.8,0.54998008
1991-02-26,26283,197.8993,360.2,0.54941492
1991-02-27,26094,197.3081,363.3,0.54309972
1991-02-28,26409,198.6386,369,0.53831595
1991-03-01,25882,192.4169,368.6,0.52202095
1991-03-04,25976,191.7048,369.5,0.51882218
1991-03-05,25913,191.3952,366.3,0.52250950
1991-03-06,26383,193.6936,367.5,0.52705731
1991-03-07,26398,194.4031,368.5,0.52755257
1991-03-08,26608,195.3741,371.2,0.52633111
1991-03-11,26669,193.1836,366.2,0.52753585
1991-03-12,26727,195.9601,366.1,0.53526390
1991-03-13,26418,193.6662,368.1,0.52612375
1991-03-14,26542,195.2479,366.3,0.53302731
1991-03-15,26843,195.7200,365.8,0.53504651
1991-03-18,27147,196.6319,363.7,0.54064311
1991-03-19,27007,195.4197,364.5,0.53613081
1991-03-20,26449,190.7609,363.6,0.52464496
1991-03-22,26613,194.0572,363.5,0.53385741
1991-03-25,26646,192.4733,359.4,0.53554055
1991-03-26,26339,190.3657,360.1,0.52864680
1991-03-27,26105,187.7922,358.4,0.52397390
1991-03-28,26207,185.6020,359.4,0.51642177
1991-03-29,26292,186.9853,359.4,0.52027067
1991-04-01,26007,185.4993,362.4,0.51186337
1991-04-02,26252,189.9566,360.5,0.52692534
1991-04-03,26780,194.9054,362.2,0.53811537
1991-04-04,26690,196.3222,361.7,0.54277627
1991-04-05,26767,195.5794,362.1,0.54012545
1991-04-08,26608,193.9217,364,0.53275199
1991-04-09,26317,194.7100,367.2,0.53025592
1991-04-10,26269,192.7151,366.3,0.52611284
1991-04-11,26425,194.5876,364.8,0.53340907
1991-04-12,26583,195.1046,362.7,0.53792277
1991-04-15,26696,198.4833,363.2,0.54648478
1991-04-16,26813,198.9981,363.1,0.54805307
1991-04-17,26980,197.8876,363.7,0.54409578
1991-04-18,26799,195.9707,360.2,0.54406094
1991-04-19,26542,191.8468,359,0.53439210
1991-04-22,26237,188.2138,359.7,0.52325208
1991-04-23,26492,192.1242,358.9,0.53531390
1991-04-24,26330,190.7971,358.1,0.53280397
1991-04-25,26039,188.7021,355.8,0.53035998
1991-04-26,26124,189.0988,355.5,0.53192350
1991-04-30,26111,191.5841,357.7,0.53560001
1991-05-01,26489,192.5213,357.7,0.53821990
1991-05-02,26478,191.8001,356.7,0.53770696
1991-05-07,26342,191.0225,358.1,0.53343334
1991-05-08,26310,190.2386,358.5,0.53065164
1991-05-09,26439,189.8126,359.3,0.52828450
1991-05-10,26274,189.3485,358.3,0.52846362
1991-05-13,26093,187.2479,359.8,0.52042228
1991-05-14,26030,188.3502,361.2,0.52145686
1991-05-15,25822,187.1159,360.9,0.51847033
1991-05-16,25520,185.5325,357.1,0.51955344
1991-05-17,25702,185.5740,356,0.52127530
1991-05-20,25523,184.6683,358.1,0.51568908
1991-05-21,25481,185.4647,357.9,0.51820267
1991-05-22,25399,183.9175,356.8,0.51546371
1991-05-23,25644,186.2445,355.5,0.52389441
1991-05-24,25529,184.4448,356.8,0.51694161
1991-05-27,25426,183.9265,356.8,0.51548908
1991-05-28,25391,184.2063,363.7,0.50647876
1991-05-29,25495,184.8133,364.2,0.50745013
1991-05-30,25647,186.1176,366.5,0.50782418
1991-05-31,25790,186.3574,364.8,0.51084812
1991-06-03,25913,186.4110,366.4,0.50876378
1991-06-04,25557,184.3274,365.8,0.50390225
1991-06-05,25290,181.8116,365.7,0.49716064
1991-06-06,24984,179.5473,368.1,0.48776759
1991-06-07,25035,178.4391,369.5,0.48292032
1991-06-10,24598,173.2986,376.6,0.46016616
1991-06-11,24663,174.7909,373.9,0.46748042
1991-06-12,24483,172.5370,373.1,0.46244170
1991-06-13,24808,175.5200,372.9,0.47068925
1991-06-14,25094,178.5414,369.8,0.48280542
1991-06-17,24943,176.9635,370.8,0.47724774
1991-06-18,24685,175.3196,370.9,0.47268698
1991-06-19,23997,171.3459,371.1,0.46172446
1991-06-20,24082,173.5014,370.4,0.46841642
1991-06-21,24275,174.7157,368.1,0.47464196
1991-06-24,23765,171.1559,365.2,0.46866354
1991-06-25,23907,172.2406,366.7,0.46970448
1991-06-26,23766,171.8438,367.9,0.46709382
1991-06-27,23543,170.5397,367.9,0.46354895
1991-06-28,23291,168.8243,370,0.45628188
1991-07-01,24109,174.2106,369.9,0.47096665
1991-07-02,23996,172.9441,369.4,0.46817581
1991-07-03,23373,167.5604,371.6,0.45091603
1991-07-04,23136,166.3264,371.6,0.44759522
1991-07-05,22898,165.5078,371.6,0.44539228
1991-07-08,22176,159.8385,372.1,0.42955804
1991-07-09,22609,163.1241,370.6,0.44016216
1991-07-10,23121,166.8904,371.2,0.44959706
1991-07-11,22938,165.5576,368.9,0.44878710
1991-07-12,23138,169.1374,369.6,0.45762291
1991-07-15,23459,171.7350,370.1,0.46402322
1991-07-16,23375,170.4338,369.8,0.46088110
1991-07-17,23061,168.6239,370.5,0.45512515
1991-07-18,22909,167.4635,370.9,0.45150566
1991-07-19,22866,167.5779,371.2,0.45144900
1991-07-22,22705,165.2475,368.1,0.44892000
1991-07-23,22759,166.1847,368.5,0.45097623
1991-07-24,23297,169.6301,364.7,0.46512233
1991-07-25,23333,168.0326,364.7,0.46074184
1991-07-26,23519,170.6749,366.3,0.46594292
1991-07-29,23444,169.6996,370.8,0.45765804
1991-07-30,23873,173.2313,369.8,0.46844581
1991-07-31,24121,175.5531,370.8,0.47344425
1991-08-01,24073,174.8856,370.3,0.47228080
1991-08-02,24028,175.7203,362.3,0.48501337
1991-08-05,23833,174.3708,362.7,0.48075763
1991-08-06,23465,172.9692,363.1,0.47636791
1991-08-07,23691,174.4679,362.8,0.48089286
1991-08-08,23482,171.9663,363.3,0.47334520
1991-08-09,23435,171.3210,364.4,0.47014545
1991-08-12,22986,168.4079,363.5,0.46329558
1991-08-13,22872,167.5727,362.2,0.46265245
1991-08-14,23393,171.3020,363.6,0.47112759
1991-08-15,23019,168.7486,362.7,0.46525676
1991-08-16,22814,166.2343,363.5,0.45731591
1991-08-19,21457,155.2717,364.1,0.42645352
1991-08-20,21687,157.8384,361.3,0.43686252
1991-08-21,22052,161.2578,362.1,0.44534043
1991-08-22,22516,165.0733,359.4,0.45930249
1991-08-23,22065,160.9409,358.6,0.44880346
1991-08-26,21592,157.6634,360.3,0.43758918
1991-08-27,21641,157.9750,359.5,0.43942986
1991-08-28,21622,158.2870,358.9,0.44103363
1991-08-29,22002,160.5985,355.7,0.45149997
1991-08-30,22336,163.2152,352.9,0.46249702
1991-09-02,22469,164.1871,352.9,0.46525097
1991-09-03,22470,165.2935,352.9,0.46838626
1991-09-04,22403,165.4457,353,0.46868466
1991-09-05,22500,165.6848,351.4,0.47149923
1991-09-06,22693,166.6765,353.4,0.47163684
1991-09-09,22574,167.3388,355.2,0.47111140
1991-09-10,22412,166.2735,354,0.46969905
1991-09-11,22505,166.8396,349.4,0.47750328
1991-09-12,22530,168.1218,348.2,0.48283108
1991-09-13,23134,172.7707,348.2,0.49618244
1991-09-17,23444,175.2298,350.4,0.50008515
1991-09-18,23318,173.8333,352.3,0.49342409
1991-09-19,23332,173.5366,352,0.49300179
1991-09-20,23193,172.4515,352.1,0.48977984
1991-09-24,23334,175.4436,357.2,0.49116352
1991-09-25,23577,176.8585,356.3,0.49637511
1991-09-26,23968,179.3341,354.1,0.50645039
1991-09-27,23969,179.7585,352.4,0.51009793
1991-09-30,23916,180.0226,357.3,0.50384154
1991-10-01,24377,182.9418,357.3,0.51201186
1991-10-02,24375,183.8374,358.6,0.51265308
1991-10-03,24711,188.9220,360.6,0.52391020
1991-10-04,24597,189.2805,361.7,0.52330797
1991-10-07,24331,188.1602,362,0.51977965
1991-10-08,24156,185.6726,360.2,0.51547074
1991-10-09,24485,188.1291,362.1,0.51955007
1991-10-11,24158,186.1888,362.4,0.51376607
1991-10-14,23861,183.8998,361.3,0.50899476
1991-10-15,24308,186.6831,360.1,0.51842002
1991-10-16,24335,187.2643,360.5,0.51945723
1991-10-17,24440,188.2897,362.3,0.51970653
1991-10-18,24895,191.8542,364.4,0.52649339
1991-10-21,25017,191.4078,365.9,0.52311507
1991-10-22,24955,190.2638,366,0.51984645
1991-10-23,24800,188.4642,364.3,0.51733233
1991-10-24,24949,190.3196,364,0.52285612
1991-10-25,24906,189.5434,362.7,0.52258996
1991-10-28,24902,188.4516,360.8,0.52231608
1991-10-29,25141,192.4154,361.1,0.53285912
1991-10-30,24981,190.6947,360.5,0.52897269
1991-10-31,25222,193.1832,359.5,0.53736637
1991-11-01,25044,192.2174,356.9,0.53857484
1991-11-05,24951,192.2265,355.4,0.54087367
1991-11-06,24750,190.6192,355.8,0.53574824
1991-11-07,24447,188.4888,354.7,0.53140350
1991-11-08,24486,187.9058,355.2,0.52901397
1991-11-11,24233,185.9642,356.2,0.52207816
1991-11-12,24668,190.3395,356.7,0.53361230
1991-11-13,24416,187.7287,357.3,0.52540929
1991-11-14,24177,186.1918,355.7,0.52345167
1991-11-15,24099,185.2202,360.1,0.51435767
1991-11-18,23400,180.8206,361.5,0.50019543
1991-11-19,23327,179.7149,364.4,0.49318042
1991-11-20,23200,178.8054,364.7,0.49028076
1991-11-21,23178,178.8426,368.6,0.48519423
1991-11-22,23117,178.5097,369.6,0.48298066
1991-11-25,22869,179.0137,368.3,0.48605403
1991-11-26,23112,180.3512,369.3,0.48835947
1991-11-27,22973,176.3627,371.2,0.47511492
1991-11-28,22780,175.4467,371.2,0.47264737
1991-11-29,22687,174.4483,371.1,0.47008431
1991-12-02,21992,169.2343,369.9,0.45751371
1991-12-03,22167,171.2399,366.4,0.46735770
1991-12-04,22669,175.0502,367.9,0.47580917
1991-12-05,22459,174.5066,370,0.47163947
1991-12-06,22445,175.2831,371.9,0.47131781
1991-12-09,22353,174.0888,371.6,0.46848435
1991-12-10,21953,170.6413,371.1,0.45982559
1991-12-11,21503,166.4319,368.6,0.45152439
1991-12-12,21713,168.0573,359.9,0.46695548
1991-12-13,22755,176.6555,361.3,0.48894420
1991-12-16,22837,177.8029,360.9,0.49266518
1991-12-17,22736,176.8788,359.1,0.49256138
1991-12-18,22630,176.2461,360.8,0.48848699
1991-12-19,21991,171.4030,359.1,0.47731262
1991-12-20,21777,170.7330,360.3,0.47386357
1991-12-24,21665,169.8550,360.7,0.47090368
1991-12-25,22461,176.0956,360.7,0.48820529
1991-12-26,22555,177.9066,355.9,0.49987808
1991-12-27,22437,178.7809,355,0.50360810
1991-12-30,22984,182.8481,353.9,0.51666587
1992-01-06,23801,191.8662,350.3,0.54771962
1992-01-07,23566,189.3612,350.5,0.54026017
1992-01-08,22715,181.8801,351.5,0.51743970
1992-01-09,23114,184.2487,357.5,0.51538099
1992-01-10,22382,176.0283,356.9,0.49321466
1992-01-13,21697,171.0985,354.5,0.48264737
1992-01-14,21775,171.6594,355.2,0.48327545
1992-01-16,21612,168.5146,357,0.47202975
1992-01-17,21321,167.3548,354.5,0.47208685
1992-01-20,20914,169.1387,358.2,0.47219067
1992-01-21,20858,169.3707,358.4,0.47257446
1992-01-22,21534,174.7890,358.3,0.48782853
1992-01-23,21581,174.2511,354.9,0.49098650
1992-01-24,21072,170.7618,354.7,0.48142585
1992-01-27,21007,167.5199,355,0.47188714
1992-01-28,21391,170.3648,357.9,0.47601220
1992-01-29,21362,170.3509,358.2,0.47557475
1992-01-30,21558,171.0952,355.6,0.48114521
1992-01-31,22023,175.3563,358.9,0.48859381
1992-02-03,22140,175.7840,358.4,0.49046887
1992-02-04,22000,174.4509,357.9,0.48742910
1992-02-05,21936,174.4552,357.3,0.48825980
1992-02-06,22105,175.8552,357.4,0.49204032
1992-02-07,22107,176.6440,356.5,0.49549517
1992-02-10,21820,172.2722,357.4,0.48201518
1992-02-12,21542,168.8906,359.6,0.46966249
1992-02-13,21391,167.4442,357.3,0.46863764
1992-02-14,20884,163.2838,355.1,0.45982488
1992-02-17,21325,167.9795,355.1,0.47304849
1992-02-18,20872,163.0498,354.7,0.45968357
1992-02-19,20618,160.6389,354.5,0.45314211
1992-02-20,20772,161.5995,354.7,0.45559487
1992-02-21,21292,165.4390,352.5,0.46933051
1992-02-24,20973,162.4555,351.1,0.46270425
1992-02-25,21026,162.4256,350.6,0.46327908
1992-02-26,21365,164.7898,350.8,0.46975433
1992-02-27,21334,164.8686,355,0.46441866
1992-02-28,21339,165.1625,354.1,0.46642908
1992-03-02,21488,165.8025,352.5,0.47036161
1992-03-03,21052,160.9480,351.4,0.45801939
1992-03-04,21105,159.7653,351.6,0.45439513
1992-03-05,20864,158.2404,352.3,0.44916385
1992-03-06,20993,159.3397,350.3,0.45486628
1992-03-09,20798,157.6323,349.7,0.45076425
1992-03-10,20855,156.9816,349.8,0.44877518
1992-03-11,20592,154.1894,351.4,0.43878612
1992-03-12,20562,153.2077,348,0.44025190
1992-03-13,20456,153.1596,347.3,0.44100095
1992-03-16,19837,148.1479,343.9,0.43078765
1992-03-17,19918,149.2544,340.6,0.43821022
1992-03-18,19764,149.6253,338.8,0.44163299
1992-03-19,20185,151.5390,339.1,0.44688599
1992-03-23,20240,151.3837,338.5,0.44721919
1992-03-24,19892,148.7809,339.8,0.43784830
1992-03-25,20227,151.6722,341.3,0.44439545
1992-03-26,19885,148.4509,343,0.43280150
1992-03-27,19637,147.5357,344.4,0.42838469
1992-03-30,19669,147.8428,343.8,0.43002546
1992-03-31,19346,145.5681,345.5,0.42132589
1992-04-01,18582,138.1561,344.6,0.40091739
1992-04-02,18286,136.6054,342.4,0.39896439
1992-04-03,18560,139.2871,342.7,0.40644019
1992-04-06,18436,138.9194,341.8,0.40643490
1992-04-07,17792,133.5134,340.1,0.39257110
1992-04-08,17176,129.6400,339.3,0.38208067
1992-04-09,16598,125.5047,340.9,0.36815701
1992-04-10,17851,134.3696,342.5,0.39231997
1992-04-13,17237,129.3583,340.6,0.37979550
1992-04-14,17440,131.4243,340.8,0.38563458
1992-04-15,17948,134.5326,337,0.39920666
1992-04-16,17960,134.1801,338.3,0.39663036
1992-04-17,17581,131.1917,338.3,0.38779693
1992-04-20,17071,127.0164,337.7,0.37612191
1992-04-21,16787,125.0801,341.7,0.36605238
1992-04-22,16839,125.5330,339.8,0.36943209
1992-04-23,17402,129.4406,339.3,0.38149320
1992-04-24,17542,130.3753,337.5,0.38629726
1992-04-27,17451,131.1119,337.1,0.38894081
1992-04-28,17527,131.4854,337.2,0.38993289
1992-04-30,17391,130.3673,337.9,0.38581627
1992-05-01,17303,130.3919,339.3,0.38429667
1992-05-06,17879,135.0480,337.5,0.40014212
1992-05-07,18411,138.7415,335.9,0.41304413
1992-05-08,18376,137.7924,336.3,0.40973072
1992-05-11,18608,139.7522,337,0.41469483
1992-05-12,18509,141.8749,335.8,0.42249823
1992-05-13,18769,144.0445,336.1,0.42857635
1992-05-14,18805,144.2654,338.4,0.42631631
1992-05-15,18074,138.8172,339.1,0.40936952
1992-05-18,18443,143.2021,339.3,0.42205161
1992-05-19,18754,145.2672,338.2,0.42953056
1992-05-20,18675,144.1083,338.4,0.42585207
1992-05-21,18691,143.5010,337.4,0.42531405
1992-05-22,18221,140.8114,338.1,0.41647867
1992-05-25,18555,143.5035,338.1,0.42444094
1992-05-26,18205,140.7422,338.4,0.41590476
1992-05-27,17823,137.1528,340,0.40339044
1992-05-28,17931,138.4099,339,0.40828873
1992-05-29,18348,143.6805,338.4,0.42458777
1992-06-01,18004,141.3187,339.6,0.41613275
1992-06-02,18126,142.1536,341.2,0.41662824
1992-06-03,18189,142.3685,340.6,0.41799326
1992-06-04,17964,140.8941,340.6,0.41366447
1992-06-05,17790,140.3550,340.7,0.41196076
1992-06-08,17655,138.9610,340.1,0.40858876
1992-06-09,17845,139.9059,340.2,0.41124609
1992-06-10,17743,139.1171,339.8,0.40940889
1992-06-11,17709,139.8263,342.3,0.40849048
1992-06-12,17384,137.2602,344.7,0.39820182
1992-06-15,16953,133.7409,344.9,0.38776726
1992-06-16,16954,133.7488,344,0.38880470
1992-06-17,16446,129.4961,342.9,0.37764964
1992-06-18,16046,126.6356,344.2,0.36791291
1992-06-19,16520,130.1812,342.4,0.38020223
1992-06-22,15921,125.3129,345.2,0.36301526
1992-06-23,16107,126.6772,346,0.36611894
1992-06-24,15854,125.0809,344.3,0.36329035
1992-06-25,16144,128.6887,344.6,0.37344376
1992-06-26,15813,125.6995,343.9,0.36551184
1992-06-29,15741,125.7771,345.1,0.36446557
1992-06-30,15952,126.7641,344.4,0.36807243
1992-07-01,16325,130.6941,345.6,0.37816580
1992-07-02,16758,134.5484,347.6,0.38707818
1992-07-03,16718,134.0550,347.6,0.38565883
1992-07-06,16657,133.7912,347.5,0.38501055
1992-07-07,16460,132.3151,347.1,0.38120171
1992-07-08,16600,133.0128,348.4,0.38178192
1992-07-09,16849,134.0414,349.4,0.38363299
1992-07-10,16784,133.8437,349,0.38350630
1992-07-13,17202,137.6711,349.8,0.39357081
1992-07-14,17065,136.5200,351.8,0.38806140
1992-07-15,17117,136.9360,354.7,0.38606146
1992-07-16,16988,135.5245,353.2,0.38370479
1992-07-17,16548,132.8090,358,0.37097483
1992-07-20,15884,126.8184,359.6,0.35266508
1992-07-21,16002,127.6586,358.1,0.35648857
1992-07-22,15542,122.4744,359.3,0.34086944
1992-07-23,16040,126.6983,358.9,0.35301828
1992-07-24,15498,121.4482,359.5,0.33782521
1992-07-27,15373,120.3837,358.1,0.33617345
1992-07-28,15427,120.9013,362.9,0.33315308
1992-07-29,15096,118.0297,360.4,0.32749642
1992-07-30,15556,121.9122,360.6,0.33808160
1992-07-31,15910,124.9313,361.4,0.34568703
1992-08-03,15709,123.4305,356.5,0.34622862
1992-08-04,15693,123.3145,356.5,0.34590315
1992-08-05,15984,125.5518,352.9,0.35577161
1992-08-06,15926,124.7142,352.7,0.35359845
1992-08-07,15518,121.7194,353.9,0.34393713
1992-08-10,15066,117.6572,354,0.33236487
1992-08-11,14823,115.8047,350.9,0.33002191
1992-08-12,14774,115.6477,342,0.33815131
1992-08-13,14768,116.1920,337.2,0.34457881
1992-08-14,14820,117.3861,337.8,0.34750189
1992-08-17,14930,118.7654,339.9,0.34941281
1992-08-18,14309,113.3386,338.7,0.33462833
1992-08-19,14651,116.0475,340.8,0.34051504
1992-08-20,15268,120.9251,340.2,0.35545290
1992-08-21,16217,128.6553,340,0.37839793
1992-08-24,16628,133.4510,344.3,0.38760106
1992-08-25,16381,131.2054,343.3,0.38218889
1992-08-26,16542,132.4420,340.9,0.38850676
1992-08-27,17555,140.6087,341.7,0.41149760
1992-08-28,17971,145.8093,342.4,0.42584501
1992-08-31,18061,146.8971,345.3,0.42541880
1992-09-01,17740,144.4037,343.4,0.42051178
1992-09-02,17588,143.0500,341.1,0.41937854
1992-09-03,18386,148.3460,343.4,0.43199177
1992-09-04,18555,150.6699,343.8,0.43824873
1992-09-07,18440,149.7361,343.8,0.43553256
1992-09-08,18282,149.0583,344.6,0.43255454
1992-09-09,18876,153.1521,344.2,0.44495099
1992-09-10,18908,153.7236,344.2,0.44661121
1992-09-11,18108,145.8088,342.9,0.42522263
1992-09-14,18471,148.7198,348.8,0.42637559
1992-09-16,17945,143.6749,351.7,0.40851561
1992-09-17,18117,145.6350,349.8,0.41633805
1992-09-18,18167,145.7441,353,0.41287276
1992-09-21,18066,146.0469,349.4,0.41799338
1992-09-22,18283,150.8747,350.7,0.43021024
1992-09-24,18610,154.2606,351,0.43948892
1992-09-25,18395,152.7951,351.1,0.43518964
1992-09-28,17973,150.3891,349.4,0.43042098
1992-09-29,17748,148.3574,349.9,0.42399953
1992-09-30,17399,144.9917,349.4,0.41497329
1992-10-01,17370,144.8586,349.1,0.41494885
1992-10-02,17324,145.1408,349.6,0.41516233
1992-10-05,17102,143.0412,352,0.40636691
1992-10-06,17268,144.1402,351.4,0.41018849
1992-10-07,17112,142.5525,352.2,0.40474867
1992-10-08,17336,143.3320,351,0.40835315
1992-10-09,17060,139.9967,351.4,0.39839703
1992-10-12,17302,141.9826,346.1,0.41023578
1992-10-13,17491,144.1724,344.9,0.41801228
1992-10-14,17344,143.3862,343.7,0.41718430
1992-10-15,17628,146.5824,341.9,0.42872888
1992-10-16,17370,145.0522,343.2,0.42264625
1992-10-19,16904,141.2079,343.4,0.41120536
1992-10-20,16988,139.4288,344.6,0.40461044
1992-10-21,17142,140.8430,344.8,0.40847734
1992-10-22,17013,140.7895,343.7,0.40962896
1992-10-23,17118,140.3115,344.2,0.40764519
1992-10-26,17011,139.4687,341.7,0.40816132
1992-10-27,17185,140.4462,338,0.41552137
1992-10-28,17068,139.3420,340.1,0.40970887
1992-10-29,16938,137.3166,340.2,0.40363486
1992-10-30,16767,136.0295,340.1,0.39996922
1992-11-02,16853,135.8894,340.6,0.39897056
1992-11-04,17065,139.0677,337.7,0.41180847
1992-11-05,17032,138.8214,336.8,0.41217761
1992-11-06,16870,136.9874,336.2,0.40745810
1992-11-09,16417,132.6090,333.1,0.39810581
1992-11-10,16437,132.0771,330.1,0.40011251
1992-11-11,16318,131.1209,332.1,0.39482364
1992-11-12,16377,131.9874,333.5,0.39576440
1992-11-13,16331,131.8398,335.4,0.39308239
1992-11-16,16163,129.5527,334,0.38788246
1992-11-17,15993,128.4682,334.4,0.38417509
1992-11-18,16779,134.8577,335.2,0.40232023
1992-11-19,16871,136.6737,335.4,0.40749460
1992-11-20,17034,137.1608,335.3,0.40906890
1992-11-24,17096,137.7044,335.3,0.41069010
1992-11-25,17302,139.7125,334.7,0.41742615
1992-11-26,17479,140.8121,334.7,0.42071124
1992-11-27,17471,140.4534,335.5,0.41863908
1992-11-30,17684,142.2115,335.5,0.42387928
1992-12-01,17313,139.1832,336.1,0.41411251
1992-12-02,17394,139.8344,336.9,0.41506201
1992-12-03,17260,138.4122,336.4,0.41145122
1992-12-04,17296,138.4566,336.6,0.41133872
1992-12-07,17207,138.2310,337,0.41018113
1992-12-08,17282,139.4947,336.3,0.41479249
1992-12-09,17406,140.3031,334.5,0.41944119
1992-12-10,17501,141.7315,335,0.42307897
1992-12-11,17441,140.8691,336,0.41925320
1992-12-14,17290,139.8867,335.4,0.41707433
1992-12-15,17481,140.8622,335.3,0.42010799
1992-12-16,17269,140.4897,338.7,0.41479111
1992-12-17,17438,141.6457,339.2,0.41758751
1992-12-18,17681,143.4797,337.7,0.42487318
1992-12-21,17645,143.3853,334.6,0.42852762
1992-12-22,17691,143.2238,332.8,0.43035988
1992-12-24,17649,142.4570,333.4,0.42728560
1992-12-25,17557,141.7144,333.4,0.42505826
1992-12-28,17189,137.7986,333.4,0.41331320
1992-12-29,17286,138.5985,332.8,0.41646172
1992-12-30,16925,135.8456,333.3,0.40757748
1993-01-04,16994,135.4967,328.4,0.41259662
1993-01-05,16843,134.7117,329,0.40945796
1993-01-06,16783,134.2103,330.1,0.40657472
1993-01-07,16781,134.0657,329,0.40749444
1993-01-08,16635,132.7614,329.5,0.40291767
1993-01-11,16590,132.6775,327.8,0.40475150
1993-01-12,16681,133.1604,328.8,0.40498897
1993-01-13,16518,131.0536,327.6,0.40004162
1993-01-14,16516,131.4131,327.3,0.40150661
1993-01-18,16617,132.1221,328,0.40281136
1993-01-19,16799,133.8033,328.6,0.40719192
1993-01-20,16510,132.0906,329.8,0.40051718
1993-01-21,16539,132.2591,329.3,0.40163710
1993-01-22,16337,130.8740,328.6,0.39827751
1993-01-25,16287,132.1032,328.8,0.40177364
1993-01-26,16493,133.4277,331.1,0.40298314
1993-01-27,16510,133.1452,330.4,0.40298172
1993-01-28,17063,137.4940,331.1,0.41526414
1993-01-29,17024,136.4540,330.7,0.41262169
1993-02-01,17134,137.0830,330.7,0.41452364
1993-02-02,17186,137.6422,330.6,0.41634047
1993-02-03,17222,138.5742,329.5,0.42055899
1993-02-04,17191,138.0249,329.2,0.41927366
1993-02-05,17333,139.3664,328.9,0.42373489
1993-02-08,17282,139.4497,329.1,0.42373044
1993-02-09,17022,140.2951,329.6,0.42565250
1993-02-10,17090,141.3682,333.7,0.42363856
1993-02-12,16852,139.4918,330,0.42270231
1993-02-15,17118,141.6115,330,0.42912580
1993-02-16,16916,141.3672,333.4,0.42401682
1993-02-17,17010,142.5339,331.5,0.42996663
1993-02-18,16982,141.9900,331.5,0.42832569
1993-02-19,17010,142.7852,331,0.43137520
1993-02-22,16821,144.6346,328.8,0.43988615
1993-02-23,16863,144.6102,331.6,0.43609843
1993-02-24,16799,143.7409,330.4,0.43505118
1993-02-25,16907,143.9016,330.6,0.43527407
1993-02-26,16953,143.6573,329.1,0.43651570
1993-03-01,16880,142.3872,329.3,0.43239350
1993-03-02,16864,143.2552,330.5,0.43344987
1993-03-03,16854,143.9774,329.7,0.43669229
1993-03-04,16760,143.5423,329.6,0.43550458
1993-03-05,16818,142.9130,330.4,0.43254535
1993-03-08,17686,151.7851,327.7,0.46318310
1993-03-09,17848,152.1050,327.2,0.46486856
1993-03-10,17859,151.3603,326.9,0.46301708
1993-03-11,17905,152.3441,327.6,0.46503078
1993-03-12,18038,153.2020,328.5,0.46636825
1993-03-15,18086,152.6502,329.8,0.46285699
1993-03-16,17968,153.7830,329.6,0.46657449
1993-03-17,18173,155.0730,329.7,0.47034564
1993-03-18,18728,160.2876,331.2,0.48396006
1993-03-19,18537,159.8293,332.3,0.48097888
1993-03-22,18784,162.4632,333.3,0.48743847
1993-03-23,18492,159.8962,332.3,0.48118038
1993-03-24,18451,157.9168,332.7,0.47465227
1993-03-25,18765,159.9063,334.4,0.47818859
1993-03-26,18789,161.5563,334.2,0.48341209
1993-03-29,19048,163.0822,333.9,0.48841627
1993-03-30,18963,162.6050,338.8,0.47994404
1993-03-31,18591,161.7734,339.3,0.47678576
1993-04-01,19099,167.4176,340.2,0.49211523
1993-04-02,19447,170.2591,342.3,0.49739746
1993-04-05,19759,174.0421,341,0.51038740
1993-04-06,19487,171.0136,339.3,0.50401887
1993-04-07,19829,174.5511,339.7,0.51383885
1993-04-08,19967,175.8587,338.9,0.51891038
1993-04-09,19892,175.7244,338.9,0.51851396
1993-04-12,19882,176.3840,338.2,0.52153743
1993-04-13,20740,182.8602,338.8,0.53972894
1993-04-14,20533,180.2880,340.8,0.52901408
1993-04-15,20676,182.6825,338.3,0.54000134
1993-04-16,20298,180.2824,340.2,0.52993075
1993-04-19,20112,181.2708,341.5,0.53080774
1993-04-20,19828,179.0662,341.1,0.52496686
1993-04-21,19773,178.1030,340.7,0.52275622
1993-04-22,19591,178.0676,341.2,0.52188635
1993-04-23,19704,178.1233,347.5,0.51258505
1993-04-26,19624,177.8342,353.8,0.50264037
1993-04-27,20207,181.7013,352.1,0.51605023
1993-04-28,20455,182.0164,354.4,0.51359022
1993-04-30,20919,188.1036,357.2,0.52660579
1993-05-06,20622,187.1325,358.3,0.52227878
1993-05-07,20811,188.6421,357.4,0.52781794
1993-05-10,21055,188.4285,357.2,0.52751538
1993-05-11,20940,188.4110,357.3,0.52731882
1993-05-12,20615,184.7388,361.8,0.51061022
1993-05-13,20533,183.9545,369.3,0.49811668
1993-05-14,20474,184.6834,368.3,0.50144823
1993-05-17,20566,184.6306,368,0.50171353
1993-05-18,20229,181.3609,376,0.48234294
1993-05-19,20381,184.4267,374.2,0.49285609
1993-05-20,20330,183.9986,374.7,0.49105565
1993-05-21,20557,186.3397,377.9,0.49309272
1993-05-24,20476,185.5551,374.2,0.49587133
1993-05-25,20632,188.3513,378.7,0.49736279
1993-05-26,20896,192.4302,377.4,0.50988405
1993-05-27,20853,193.6032,383.4,0.50496399
1993-05-28,20844,194.3859,380.3,0.51113831
1993-05-31,20552,192.0209,380.3,0.50491961
1993-06-01,20591,192.1519,371.3,0.51751124
1993-06-02,20692,192.2155,370.8,0.51838056
1993-06-03,21076,196.3298,376.2,0.52187603
1993-06-04,20882,193.8544,378.5,0.51216496
1993-06-07,20844,194.2410,375.7,0.51701087
1993-06-08,20575,193.6106,375.6,0.51547022
1993-06-10,20493,193.1116,371,0.52051637
1993-06-11,20501,193.2780,367.5,0.52592660
1993-06-14,20397,194.0169,366.6,0.52923331
1993-06-15,20046,189.9195,370.8,0.51218843
1993-06-16,19902,186.7330,371.5,0.50264595
1993-06-17,19926,186.8004,372.2,0.50188182
1993-06-18,19805,181.2981,372.5,0.48670620
1993-06-21,19212,173.0343,371.1,0.46627409
1993-06-22,19538,175.4963,369.7,0.47469914
1993-06-23,19493,178.4093,375.5,0.47512463
1993-06-24,19685,180.5135,376.1,0.47996152
1993-06-25,19660,185.2969,378.1,0.49007376
1993-06-28,19887,187.5071,376.1,0.49855643
1993-06-29,19543,182.4403,379.5,0.48073848
1993-06-30,19590,183.6333,379.2,0.48426502
1993-07-01,19925,184.7302,388.2,0.47586349
1993-07-02,19621,180.4562,386.7,0.46665678
1993-07-05,19623,179.8790,386.7,0.46516421
1993-07-06,19830,183.2378,393.1,0.46613546
1993-07-07,19721,183.1785,397.8,0.46047895
1993-07-08,19689,181.3484,395.6,0.45841365
1993-07-09,19877,181.3264,392.3,0.46221361
1993-07-12,19980,182.3658,394.9,0.46180255
1993-07-13,20180,186.3171,394.5,0.47228657
1993-07-14,20139,187.6013,391.4,0.47930839
1993-07-15,20158,186.3548,393.9,0.47310183
1993-07-16,20332,187.9982,392.9,0.47848855
1993-07-19,20151,185.7064,392.4,0.47325787
1993-07-20,20038,184.9718,392.2,0.47162633
1993-07-21,20081,185.0783,389.5,0.47516904
1993-07-22,20116,188.3521,391.3,0.48134950
1993-07-23,19735,184.8539,390,0.47398430
1993-07-26,19822,185.3563,393.1,0.47152448
1993-07-27,19891,187.0334,395.6,0.47278408
1993-07-28,19830,188.3370,397.8,0.47344639
1993-07-29,20457,192.6090,402.2,0.47888857
1993-07-30,20380,194.0952,411.3,0.47190673
1993-08-02,20344,194.9593,410.2,0.47527858
1993-08-03,20358,195.0934,407.6,0.47863944
1993-08-04,20498,195.6289,403.3,0.48507051
1993-08-05,20426,195.9329,380.7,0.51466471
1993-08-06,20358,194.9813,379.9,0.51324381
1993-08-09,20493,195.5252,386.8,0.50549441
1993-08-10,20494,195.9461,384.4,0.50974525
1993-08-11,20733,199.8939,378.7,0.52784247
1993-08-12,20765,201.3673,370.7,0.54320836
1993-08-13,20745,202.9248,372.6,0.54461830
1993-08-16,20901,206.7973,376.4,0.54940826
1993-08-17,20842,205.4006,374.9,0.54788106
1993-08-18,20773,204.6198,377.5,0.54203915
1993-08-19,20687,198.5317,374.4,0.53026621
1993-08-20,20607,196.3132,376.4,0.52155481
1993-08-23,20414,197.7143,375.5,0.52653605
1993-08-24,20432,197.0299,374.9,0.52555320
1993-08-25,20521,195.6431,375.5,0.52102012
1993-08-26,20592,197.3359,370.8,0.53218956
1993-08-27,20792,200.0770,372.1,0.53769681
1993-08-30,20913,201.3770,373.3,0.53945081
1993-08-31,21027,200.9077,375.7,0.53475566
1993-09-01,20953,198.3434,372.6,0.53232268
1993-09-02,20983,198.1585,366.3,0.54097315
1993-09-03,21116,201.0665,367.1,0.54771578
1993-09-06,21061,200.5428,367.1,0.54628917
1993-09-07,20962,201.4221,352.5,0.57141027
1993-09-08,20918,198.1434,353.6,0.56036033
1993-09-09,20826,198.5887,356.5,0.55705113
1993-09-10,20818,195.8972,352.4,0.55589456
1993-09-13,21148,198.9838,344.8,0.57709924
1993-09-14,20948,197.9775,346.9,0.57070483
1993-09-16,20502,196.4169,354.7,0.55375511
1993-09-17,20391,195.2413,352.8,0.55340501
1993-09-20,20266,194.3981,355.5,0.54683005
1993-09-21,20467,192.5038,365,0.52740757
1993-09-22,20175,189.5612,356,0.53247532
1993-09-24,20308,191.6572,359.4,0.53326998
1993-09-27,20094,189.7092,355.7,0.53334050
1993-09-28,20173,191.7403,357.3,0.53663680
1993-09-29,20077,190.8642,354.7,0.53810023
1993-09-30,20106,189.6435,357.1,0.53106543
1993-10-01,20283,191.3130,356.9,0.53604080
1993-10-04,20264,191.6036,354.6,0.54033737
1993-10-05,20322,192.5343,354.8,0.54265599
1993-10-06,20500,194.2023,358.2,0.54216178
1993-10-07,20266,192.8259,358.5,0.53786856
1993-10-08,20379,193.1110,361.5,0.53419354
1993-10-12,20137,190.0255,369.2,0.51469523
1993-10-13,20038,189.0199,367.6,0.51419996
1993-10-14,20083,186.9751,366.6,0.51002494
1993-10-15,20174,188.4892,366.2,0.51471657
1993-10-18,20072,186.7684,369.6,0.50532576
1993-10-19,20070,187.4475,370.3,0.50620433
1993-10-20,20173,188.0757,373.8,0.50314528
1993-10-21,20179,186.4455,372.8,0.50012214
1993-10-22,20265,187.3094,371.3,0.50446906
1993-10-25,20309,187.4562,370.5,0.50595454
1993-10-26,20024,185.2873,370.3,0.50037082
1993-10-27,19839,182.9660,370.7,0.49356884
1993-10-28,19479,179.4142,370.2,0.48464128
1993-10-29,19703,181.7452,369.6,0.49173492
1993-11-01,19438,179.5658,362.1,0.49590119
1993-11-02,19381,180.2548,363.6,0.49575037
1993-11-04,18950,175.1872,372.4,0.47042751
1993-11-05,18590,171.9227,377.8,0.45506269
1993-11-08,18625,172.4377,375.5,0.45922167
1993-11-09,18126,167.3839,376.6,0.44446064
1993-11-10,18122,169.1116,377.4,0.44809647
1993-11-11,18159,169.4569,376.4,0.45020427
1993-11-12,18494,174.3566,373.6,0.46669314
1993-11-15,18075,169.6227,375.7,0.45148456
1993-11-16,18246,171.2596,374.6,0.45717998
1993-11-17,18109,169.2430,377.2,0.44868237
1993-11-18,18166,169.6172,376.7,0.45027125
1993-11-19,17941,165.6755,378.3,0.43794740
1993-11-22,17385,160.7638,378.5,0.42473930
1993-11-24,17067,157.7503,379.2,0.41600805
1993-11-25,17223,159.0158,379.2,0.41934543
1993-11-26,16726,153.8447,379.2,0.40570870
1993-11-29,16079,147.1223,371.5,0.39602244
1993-11-30,16407,150.3574,371.9,0.40429525
1993-12-01,17125,157.5872,376.6,0.41844713
1993-12-02,17459,160.5721,375.6,0.42750814
1993-12-03,17459,161.0906,378.6,0.42549025
1993-12-06,16840,155.6521,377.8,0.41199601
1993-12-07,16903,157.0619,379.3,0.41408353
1993-12-08,16508,151.9934,385.7,0.39407148
1993-12-09,17062,157.0508,384.4,0.40856090
1993-12-10,17257,158.0601,384.9,0.41065234
1993-12-13,17327,159.0217,388.6,0.40921683
1993-12-14,17309,158.2320,386.7,0.40918545
1993-12-15,17489,159.5566,386.85,0.41245085
1993-12-16,17789,162.1604,385.5,0.42064964
1993-12-17,18052,163.9749,387,0.42370783
1993-12-20,17404,157.4880,389,0.40485350
1993-12-21,17315,156.0472,387.2,0.40301453
1993-12-22,17446,157.8538,386.2,0.40873584
1993-12-24,17141,154.5766,386.5,0.39993948
1993-12-27,16820,150.8114,387.7,0.38899005
1993-12-28,17131,153.8482,387.3,0.39723270
1993-12-29,17272,154.8086,390,0.39694523
1993-12-30,17417,155.4812,390.5,0.39815919
1994-01-04,17370,154.1397,393.35,0.39186393
1994-01-05,17783,157.1908,390.65,0.40238280
1994-01-06,17882,158.6409,388.75,0.40807943
1994-01-07,18124,162.0095,386.3,0.41938772
1994-01-10,18443,164.0836,384.6,0.42663450
1994-01-11,18485,164.6184,387.7,0.42460252
1994-01-12,18794,167.3404,386,0.43352434
1994-01-13,18577,166.0737,389.7,0.42615772
1994-01-14,18974,170.5528,389.3,0.43810123
1994-01-17,18725,168.2844,391.2,0.43017473
1994-01-18,18515,167.3143,392.5,0.42627846
1994-01-19,19039,171.8321,392.35,0.43795624
1994-01-20,19184,172.0384,387.3,0.44419928
1994-01-21,19307,173.6085,381.1,0.45554576
1994-01-24,18353,164.2180,381.1,0.43090519
1994-01-25,18648,167.9092,381.3,0.44035992
1994-01-26,19138,173.5873,384.35,0.45163861
1994-01-27,18892,172.4195,375.5,0.45917299
1994-01-28,18758,171.4155,376.8,0.45492441
1994-01-31,20229,186.0822,382,0.48712628
1994-02-01,20416,188.8971,384.2,0.49166349
1994-02-02,20250,187.4826,384.9,0.48709442
1994-02-03,20175,186.4947,387.2,0.48164962
1994-02-04,20301,186.0941,386.6,0.48136071
1994-02-07,20014,184.3929,378.75,0.48684581
1994-02-08,20251,186.3703,382,0.48788044
1994-02-09,19841,183.9003,383.25,0.47984415
1994-02-10,19990,184.3076,381.5,0.48311292
1994-02-14,19459,186.9081,383.5,0.48737439
1994-02-15,18975,182.4168,383,0.47628419
1994-02-16,19052,183.6514,383.3,0.47913237
1994-02-17,18931,181.7841,382.5,0.47525265
1994-02-18,18960,182.0276,379.75,0.47933548
1994-02-21,19394,182.3944,379.95,0.48004851
1994-02-22,19343,183.6419,377.6,0.48633974
1994-02-23,19342,182.9204,377.5,0.48455727
1994-02-24,19765,188.0948,376.25,0.49991969
1994-02-25,19803,189.1946,378.3,0.50011793
1994-02-28,19997,191.9835,381.25,0.50356324
1994-03-01,20217,192.8551,378.25,0.50986146
1994-03-02,19745,190.4417,377.6,0.50434784
1994-03-03,19606,189.1376,377.35,0.50122583
1994-03-04,19967,189.0277,376.7,0.50179915
1994-03-07,19812,187.4716,375.9,0.49872735
1994-03-08,19898,189.0187,376.5,0.50204174
1994-03-09,19839,187.4079,378.9,0.49461044
1994-03-10,20091,190.1656,386.35,0.49221080
1994-03-11,20115,191.4438,384.85,0.49745043
1994-03-14,20526,193.6781,386.3,0.50136695
1994-03-15,20509,193.5176,386.6,0.50056297
1994-03-16,20678,195.3335,384.8,0.50762333
1994-03-17,20592,194.6498,382.4,0.50902139
1994-03-18,20469,192.8491,386.8,0.49857567
1994-03-22,20254,191.0755,389,0.49119659
1994-03-23,19962,187.7540,386.6,0.48565429
1994-03-24,20038,190.0778,391,0.48613244
1994-03-25,19836,189.1304,390.6,0.48420490
1994-03-28,19942,191.6210,388,0.49386862
1994-03-29,19710,190.5084,385.8,0.49380096
1994-03-30,19560,189.7555,385.9,0.49172203
1994-03-31,19112,186.6042,391.6,0.47651731
1994-04-01,19277,185.8024,389.15,0.47745705
1994-04-04,19122,185.1472,387.1,0.47829288
1994-04-05,19563,188.3956,384.35,0.49016680
1994-04-06,19697,188.5783,384.8,0.49006826
1994-04-07,19891,189.8540,384.5,0.49376844
1994-04-08,19935,189.7307,384,0.49409025
1994-04-11,19898,192.3627,378.5,0.50822384
1994-04-12,19648,189.5976,378.75,0.50058774
1994-04-13,20060,193.6107,378.25,0.51185897
1994-04-14,19987,191.9796,378.3,0.50747988
1994-04-15,20165,194.6616,377.75,0.51531872
1994-04-18,20277,196.2734,377,0.52061897
1994-04-19,20192,195.6589,371.8,0.52624775
1994-04-20,19882,192.5617,372.5,0.51694428
1994-04-21,19799,190.9994,373.2,0.51178837
1994-04-22,19964,192.6469,370.8,0.51954400
1994-04-25,19709,190.9047,373.15,0.51160308
1994-04-26,19629,190.7024,374,0.50989952
1994-04-27,19729,192.8355,374,0.51560294
1994-04-28,19725,193.9147,375.75,0.51607363
1994-05-02,19570,192.3720,376.1,0.51149153
1994-05-06,19862,193.3982,383.3,0.50456104
1994-05-09,19787,192.6305,381.1,0.50545907
1994-05-10,19918,191.4824,378.7,0.50563086
1994-05-11,20150,193.0631,381.8,0.50566564
1994-05-12,20224,194.1069,380,0.51080768
1994-05-13,20271,193.2596,380.5,0.50790961
1994-05-16,20188,192.7071,382.4,0.50394127
1994-05-17,20134,193.0393,381,0.50666485
1994-05-18,20153,194.7150,381.5,0.51039312
1994-05-19,20221,194.1340,381.2,0.50927079
1994-05-20,20342,195.6526,385.45,0.50759526
1994-05-23,20569,197.1533,388.8,0.50708144
1994-05-24,20622,196.4561,386.85,0.50783542
1994-05-25,20664,197.8931,386.5,0.51201326
1994-05-26,20496,196.1152,384.2,0.51045082
1994-05-27,20777,199.2998,384.5,0.51833488
1994-05-30,20839,199.2828,385,0.51761760
1994-05-31,20974,200.2482,386.6,0.51797267
1994-06-01,21053,201.0025,383.4,0.52426313
1994-06-02,21009,200.2574,383.8,0.52177531
1994-06-03,20954,198.9556,380.5,0.52287927
1994-06-06,20727,196.9873,380.3,0.51797861
1994-06-07,21043,200.5050,381.1,0.52612176
1994-06-08,21262,204.3834,382,0.53503495
1994-06-09,21403,204.8526,382.85,0.53507275
1994-06-10,21395,206.2367,383.3,0.53805569
1994-06-13,21553,209.3134,383.15,0.54629621
1994-06-14,21354,208.0881,384.15,0.54168448
1994-06-15,21283,207.0129,386.6,0.53547061
1994-06-16,21367,206.9042,385.4,0.53685582
1994-06-17,21503,209.3157,391.5,0.53465053
1994-06-20,21152,207.5964,389.2,0.53339267
1994-06-21,20813,206.3553,393.4,0.52454332
1994-06-22,20581,203.4902,389.7,0.52217144
1994-06-23,21040,208.2756,389.6,0.53458827
1994-06-24,20767,206.6985,390.7,0.52904663
1994-06-27,20301,202.8477,384.95,0.52694563
1994-06-28,20639,206.6587,386.15,0.53517715
1994-06-29,20481,207.3605,384.9,0.53873872
1994-06-30,20644,209.8394,385.5,0.54433048
1994-07-01,20543,208.5372,386.7,0.53927387
1994-07-04,20632,208.5726,386.7,0.53936536
1994-07-05,20834,210.5933,385.8,0.54586145
1994-07-06,20629,210.0927,383.7,0.54754412
1994-07-07,20620,208.8313,384.4,0.54326554
1994-07-08,20526,209.1076,384.25,0.54419669
1994-07-11,20473,210.3679,387,0.54358620
1994-07-12,20400,210.5480,385.35,0.54638133
1994-07-13,20540,209.8059,383.35,0.54729601
1994-07-14,20718,210.5274,384,0.54824840
1994-07-15,20770,211.7659,385.8,0.54890074
1994-07-18,20718,210.3991,385.8,0.54535797
1994-07-19,20775,209.4465,386.45,0.54197572
1994-07-20,20781,210.9318,385.35,0.54737716
1994-07-21,20663,209.5852,384.25,0.54543956
1994-07-22,20463,207.6197,384.8,0.53955230
1994-07-25,20298,205.2791,384.85,0.53340035
1994-07-26,20345,207.4539,386.85,0.53626434
1994-07-27,20137,205.1029,387.4,0.52943436
1994-07-28,20248,204.3189,385.1,0.53056056
1994-07-29,20449,204.4491,383.2,0.53353108
1994-08-01,20271,204.0362,383.5,0.53203712
1994-08-02,20660,205.8384,379.4,0.54253663
1994-08-03,20633,205.5694,378,0.54383437
1994-08-04,20677,206.5222,377.6,0.54693372
1994-08-05,20522,204.3820,377.7,0.54112267
1994-08-08,20636,203.5711,376.8,0.54026294
1994-08-09,20590,203.4384,377.75,0.53855300
1994-08-10,20770,205.1561,377.4,0.54360378
1994-08-11,20821,206.5985,378.65,0.54561873
1994-08-12,20664,206.1041,376.6,0.54727597
1994-08-15,20626,206.1157,377.4,0.54614658
1994-08-16,20786,207.1970,377.25,0.54922987
1994-08-17,20825,207.7100,377.2,0.55066266
1994-08-18,20863,211.0572,381.15,0.55373779
1994-08-19,20513,208.2115,381.9,0.54519909
1994-08-22,20394,208.1870,381.5,0.54570646
1994-08-23,20381,207.1872,381.6,0.54294327
1994-08-24,20512,208.0536,383.8,0.54208847
1994-08-25,20443,204.9835,383.25,0.53485572
1994-08-26,20471,203.8335,383.3,0.53178585
1994-08-29,20600,205.8559,386.55,0.53254663
1994-08-30,20592,206.7885,386.1,0.53558278
1994-08-31,20629,206.2694,386,0.53437661
1994-09-01,20643,207.1758,386.8,0.53561487
1994-09-02,20658,208.3300,386.9,0.53845948
1994-09-05,20409,205.8189,386.95,0.53190045
1994-09-06,20394,206.4797,387.75,0.53250729
1994-09-07,20024,201.8142,389.55,0.51806995
1994-09-08,19918,200.2211,390.25,0.51305868
1994-09-09,19898,200.6858,391.75,0.51228036
1994-09-12,19917,201.5075,390.7,0.51576014
1994-09-13,20046,202.5258,390.5,0.51863191
1994-09-14,19919,200.9382,388.4,0.51734851
1994-09-16,19796,200.5471,389.6,0.51475117
1994-09-19,19554,198.2360,390.25,0.50797184
1994-09-20,19837,202.9776,393.5,0.51582615
1994-09-21,19885,203.0739,393.65,0.51587435
1994-09-22,19834,202.3258,396.2,0.51066587
1994-09-26,19814,200.9330,394,0.50998215
1994-09-27,19469,198.0570,397.35,0.49844462
1994-09-28,19508,197.5694,394.2,0.50119070
1994-09-29,19615,198.8947,395.25,0.50321252
1994-09-30,19564,197.5563,394.6,0.50064951
1994-10-03,19650,197.4279,394.55,0.50038756
1994-10-04,19569,196.3379,392.45,0.50028772
1994-10-05,19752,198.6723,391.65,0.50727001
1994-10-06,19655,197.2008,392.15,0.50287074
1994-10-07,19745,196.6829,391,0.50302541
1994-10-11,19821,197.3613,387.7,0.50905686
1994-10-12,20090,201.1615,387.8,0.51872488
1994-10-13,20149,202.0355,386.6,0.52259570
1994-10-14,19969,202.9782,387.4,0.52395005
1994-10-17,19958,204.3830,389.7,0.52446241
1994-10-18,19992,204.5217,388.75,0.52610094
1994-10-19,19869,204.3295,390.05,0.52385462
1994-10-20,19992,205.5733,390.8,0.52603190
1994-10-21,19899,204.4068,390.6,0.52331485
1994-10-24,19852,204.1757,389.4,0.52433402
1994-10-25,19732,203.7377,389.1,0.52361280
1994-10-26,19746,203.5880,388.85,0.52356435
1994-10-27,19796,204.3142,387.85,0.52678657
1994-10-28,19805,203.4830,386.9,0.52593175
1994-10-31,19990,206.3377,383.8,0.53761787
1994-11-01,19916,205.8927,384.2,0.53589977
1994-11-02,19751,203.5976,384.2,0.52992599
1994-11-04,19812,203.0334,383.3,0.52969843
1994-11-07,19619,201.9039,382.25,0.52819851
1994-11-08,19610,202.3109,383.9,0.52698866
1994-11-09,19424,198.6500,383.7,0.51772226
1994-11-10,19265,196.6820,384.85,0.51106140
1994-11-11,19284,196.8760,385,0.51136612
1994-11-14,19261,196.2005,384.65,0.51007531
1994-11-15,19392,197.4745,386.3,0.51119478
1994-11-16,19307,196.3291,386.1,0.50849278
1994-11-17,19337,197.1554,385.25,0.51175959
1994-11-18,19303,196.0890,384.1,0.51051546
1994-11-21,19122,194.4874,383.15,0.50760117
1994-11-22,18963,193.2437,383.45,0.50396051
1994-11-24,18701,189.9543,384.35,0.49422217
1994-11-25,18667,189.0138,384.8,0.49120003
1994-11-28,18811,190.7616,383.1,0.49794202
1994-11-29,18926,191.2683,382.95,0.49946029
1994-11-30,19076,192.8232,381.05,0.50603125
1994-12-01,19014,191.3647,379.4,0.50438781
1994-12-02,18998,189.3363,376.55,0.50281837
1994-12-05,19306,192.5209,375.85,0.51222813
1994-12-06,19340,192.8408,376.35,0.51239740
1994-12-07,19174,191.5102,376.5,0.50865920
1994-12-08,19180,191.0739,377.1,0.50669297
1994-12-09,18978,189.4201,377.1,0.50230735
1994-12-12,18975,189.7500,377.75,0.50231635
1994-12-13,18875,188.2042,377.8,0.49815831
1994-12-14,18931,188.7438,378.8,0.49826760
1994-12-15,19121,190.7903,380.3,0.50168357
1994-12-16,19163,191.1903,379,0.50445980
1994-12-19,19271,192.4406,379.8,0.50668927
1994-12-20,19407,193.6053,381.6,0.50735154
1994-12-21,19341,193.0818,381.6,0.50597946
1994-12-22,19634,195.5772,380.7,0.51373062
1994-12-26,19727,197.0139,380.5,0.51777630
1994-12-27,19711,196.2074,381.4,0.51444008
1994-12-28,19666,195.9350,383.6,0.51077956
1994-12-29,19753,198.3233,382.35,0.51869568
1994-12-30,19723,198.1016,382.6,0.51777744
1995-01-04,19684,194.2947,374.3,0.51908827
1995-01-05,19616,194.4103,375.35,0.51794407
1995-01-06,19519,192.6851,371.7,0.51838874
1995-01-09,19445,194.6057,373.1,0.52159122
1995-01-10,19501,194.8931,374.5,0.52040872
1995-01-11,19548,195.4995,376.3,0.51953109
1995-01-12,19410,196.8161,380,0.51793700
1995-01-13,19331,196.1542,378.4,0.51837800
1995-01-17,19241,194.1378,380.1,0.51075461
1995-01-18,19223,192.8278,382.05,0.50471867
1995-01-19,19076,192.5702,383,0.50279415
1995-01-20,18840,189.5944,384.7,0.49283713
1995-01-23,17785,178.3315,380.9,0.46818455
1995-01-24,18061,181.0990,381.35,0.47488912
1995-01-25,18159,182.5025,380.6,0.47951264
1995-01-26,18071,181.8374,381.4,0.47676296
1995-01-27,18104,182.1878,376.75,0.48357739
1995-01-30,18753,190.5793,376.6,0.50605223
1995-01-31,18650,187.3430,374.85,0.49978136
1995-02-01,18739,188.9203,375.9,0.50258115
1995-02-02,18604,187.1630,376.25,0.49744313
1995-02-03,18539,185.7615,375.7,0.49444110
1995-02-06,18667,187.9480,375.4,0.50066075
1995-02-07,18501,186.0145,374.25,0.49703267
1995-02-08,18290,184.9156,375.4,0.49258279
1995-02-09,18100,183.0502,375.8,0.48709463
1995-02-10,18291,184.9257,375.75,0.49215087
1995-02-13,18314,185.5522,375.2,0.49454205
1995-02-14,18138,184.1048,375.9,0.48977055
1995-02-15,17991,183.0214,376.1,0.48662952
1995-02-16,17781,182.5565,376.2,0.48526440
1995-02-17,18021,185.2678,378.2,0.48986730
1995-02-20,17956,184.5427,379.2,0.48666311
1995-02-21,18096,186.4606,378.1,0.49315151
1995-02-22,18107,186.7471,379.35,0.49228183
1995-02-23,17830,184.3847,379,0.48650315
1995-02-24,17473,180.2269,376.4,0.47881754
1995-02-27,16809,173.1994,376.1,0.46051418
1995-02-28,17053,176.3131,376.6,0.46817065
1995-03-01,16619,171.8614,374.7,0.45866407
1995-03-02,16963,178.0892,376.4,0.47313825
1995-03-03,17040,181.0840,376.4,0.48109446
1995-03-06,17041,183.5721,378.65,0.48480687
1995-03-07,16955,188.0754,383.7,0.49016270
1995-03-08,16621,182.0881,379.65,0.47962092
1995-03-09,16763,184.8181,381.15,0.48489592
1995-03-10,16358,179.9560,381.6,0.47158280
1995-03-13,16478,181.6558,384.8,0.47207855
1995-03-14,16246,178.8222,385.5,0.46387091
1995-03-15,16667,186.3692,386.2,0.48257180
1995-03-16,16356,181.3505,384.15,0.47208247
1995-03-17,16251,182.3906,383.15,0.47602916
1995-03-20,16130,180.5664,382.55,0.47200742
1995-03-22,15905,178.6677,382.35,0.46728839
1995-03-23,15813,179.4281,383.65,0.46768700
1995-03-24,15750,177.0658,381.7,0.46388726
1995-03-27,16096,180.1253,381.65,0.47196472
1995-03-28,16682,187.6490,382.4,0.49071403
1995-03-29,16461,186.3580,381.9,0.48797585
1995-03-30,16512,184.3269,385.5,0.47815009
1995-03-31,16140,186.3741,390.5,0.47727051
1995-04-03,15381,179.3703,391.85,0.45775236
1995-04-04,15631,181.5447,391.6,0.46359733
1995-04-05,15882,184.3529,394.45,0.46736690
1995-04-06,15816,186.3995,393.1,0.47417840
1995-04-07,15720,187.3659,392.4,0.47748703
1995-04-10,16163,192.6460,389.3,0.49485232
1995-04-11,16269,194.8617,390.1,0.49951720
1995-04-12,16345,195.2808,389.7,0.50110537
1995-04-13,16439,196.5212,389.7,0.50428848
1995-04-14,16048,192.6762,391,0.49277798
1995-04-17,16304,199.0720,393.4,0.50602959
1995-04-18,16225,201.2528,396,0.50821412
1995-04-19,16376,201.3773,394.2,0.51085052
1995-04-20,16643,199.9159,391.65,0.51044534
1995-04-21,16968,205.6229,389.8,0.52750867
1995-04-24,16804,202.4578,390.1,0.51898957
1995-04-25,16910,206.5974,389.85,0.52994083
1995-04-26,16826,201.3643,386,0.52166914
1995-04-27,16884,201.7204,389,0.51856152
1995-04-28,16807,199.4896,386.5,0.51614389
1995-05-01,16811,201.4258,387.7,0.51954045
1995-05-02,17089,204.5362,388.9,0.52593522
1995-05-08,17104,205.7005,389.35,0.52831781
1995-05-09,16958,203.5530,383.3,0.53105399
1995-05-10,16826,200.8595,383.6,0.52361704
1995-05-11,16462,192.0887,383,0.50153703
1995-05-12,16421,189.4002,383.3,0.49413053
1995-05-15,16610,192.2231,384.4,0.50006015
1995-05-16,16389,189.2494,384.3,0.49245231
1995-05-17,16471,189.6488,383,0.49516663
1995-05-18,16313,188.0244,383.05,0.49086134
1995-05-19,16141,185.8278,382,0.48646013
1995-05-22,15789,180.8591,381.7,0.47382527
1995-05-23,15916,182.6905,382.85,0.47718569
1995-05-24,15971,183.3008,383.8,0.47759462
1995-05-25,15579,183.7146,385.15,0.47699500
1995-05-26,15694,189.5869,385.5,0.49179470
1995-05-29,15574,188.0464,386.75,0.48622202
1995-05-30,15763,190.1448,384,0.49516863
1995-05-31,15437,182.6000,383.85,0.47570653
1995-06-01,15595,184.1422,384.2,0.47928726
1995-06-02,15849,188.0071,383.3,0.49049600
1995-06-05,15897,187.2438,384.1,0.48748716
1995-06-06,15661,184.8560,384.3,0.48102003
1995-06-07,15680,184.7096,385.85,0.47870837
1995-06-08,15442,182.6591,386.25,0.47290381
1995-06-09,15044,178.4791,387.7,0.46035352
1995-06-12,14813,176.2823,387,0.45550977
1995-06-13,14600,172.5360,386.2,0.44675309
1995-06-14,14660,173.8615,387.65,0.44850117
1995-06-15,14867,175.8368,390.7,0.45005575
1995-06-16,14703,173.6506,389.6,0.44571520
1995-06-19,14700,173.8000,391.05,0.44444432
1995-06-20,14666,173.5621,390.4,0.44457513
1995-06-21,14951,178.0941,390.1,0.45653449
1995-06-22,14926,176.7227,389.6,0.45360038
1995-06-23,15265,181.0795,389.65,0.46472341
1995-06-26,15145,179.7413,389.25,0.46176308
1995-06-27,14759,175.3059,389.05,0.45059981
1995-06-28,14618,170.9108,386.85,0.44180119
1995-06-29,14507,171.9858,387.8,0.44349091
1995-06-30,14517,171.5957,384.15,0.44668943
1995-07-03,14485,171.0557,384.5,0.44487839
1995-07-04,14756,174.0916,384.4,0.45289166
1995-07-05,14830,174.7790,383.8,0.45539089
1995-07-06,15257,179.5998,384.3,0.46734261
1995-07-07,16213,187.0012,385.45,0.48515022
1995-07-10,16243,186.9590,385.5,0.48497801
1995-07-11,16588,189.4689,385.6,0.49136119
1995-07-12,16606,190.3266,388.5,0.48990128
1995-07-13,16506,189.0938,388.2,0.48710413
1995-07-14,16518,188.1321,388.6,0.48412794
1995-07-17,16842,189.1297,389,0.48619461
1995-07-18,16574,187.6585,389.1,0.48228865
1995-07-19,16422,188.1531,388,0.48493059
1995-07-20,16453,186.7749,385.6,0.48437471
1995-07-21,16589,187.5099,386.1,0.48565110
1995-07-24,16592,189.3632,386.8,0.48956349
1995-07-25,16148,183.5626,385.7,0.47592061
1995-07-26,16387,186.4278,386.3,0.48259839
1995-07-27,16625,188.6846,383.2,0.49239196
1995-07-28,16649,188.9784,383,0.49341628
1995-07-31,16678,188.6012,382.45,0.49313937
1995-08-01,16359,185.7500,382.9,0.48511353
1995-08-02,16721,183.4851,382.8,0.47932375
1995-08-03,16894,187.0668,384.1,0.48702622
1995-08-04,16741,183.2622,383.5,0.47786748
1995-08-07,16615,181.8232,383.65,0.47392977
1995-08-08,16839,184.0529,384.4,0.47880568
1995-08-09,16789,183.3261,384.45,0.47685279
1995-08-10,16729,180.4249,384.2,0.46961201
1995-08-11,16792,178.7334,383.35,0.46624069
1995-08-14,16917,180.7372,384.15,0.47048595
1995-08-15,17453,179.5576,384.95,0.46644399
1995-08-16,18159,185.2014,382.45,0.48425004
1995-08-17,18150,186.8245,384.2,0.48626887
1995-08-18,18032,185.1335,384.65,0.48130371
1995-08-21,17871,183.9337,384.45,0.47843339
1995-08-22,17878,184.5376,383,0.48182134
1995-08-23,17732,183.8084,383.15,0.47972971
1995-08-24,17922,185.4320,383.1,0.48403020
1995-08-25,17771,183.8696,382.8,0.48032819
1995-08-28,17847,184.5033,383,0.48173174
1995-08-29,18135,184.7118,381.85,0.48372857
1995-08-30,17984,181.5649,381.3,0.47617327
1995-08-31,18117,185.9107,382.2,0.48642261
1995-09-01,18121,186.1428,380.6,0.48907720
1995-09-04,17749,181.8545,379.6,0.47906878
1995-09-05,17794,182.2409,379.8,0.47983382
1995-09-06,17620,178.2499,379.9,0.46920209
1995-09-07,17621,177.9001,382.25,0.46540236
1995-09-08,18280,183.3501,381.4,0.48072903
1995-09-11,18486,184.9155,382.35,0.48362881
1995-09-12,18472,182.8006,384.7,0.47517700
1995-09-13,18614,181.3170,384.1,0.47205667
1995-09-14,18759,183.3724,385.1,0.47616836
1995-09-18,18319,177.6991,385.5,0.46095745
1995-09-19,18474,176.8693,385,0.45940082
1995-09-20,18199,177.5512,383.85,0.46255365
1995-09-21,18035,182.1717,383.95,0.47446729
1995-09-22,17714,177.0515,382.5,0.46287967
1995-09-25,17566,174.7861,382.75,0.45665858
1995-09-26,17922,177.5686,383.5,0.46302115
1995-09-27,18262,181.8924,383,0.47491496
1995-09-28,18023,181.7934,383.1,0.47453256
1995-09-29,17913,179.4890,383.35,0.46821176
1995-10-02,17740,176.8694,381.7,0.46337278
1995-10-03,18143,178.6608,382.25,0.46739243
1995-10-04,18145,179.9742,382.6,0.47039783
1995-10-05,18220,182.8583,382.4,0.47818590
1995-10-06,18506,184.3227,383.2,0.48100916
1995-10-09,18176,181.0359,385,0.47022300
1995-10-11,17891,177.0510,384.45,0.46053054
1995-10-12,17971,179.4767,384.3,0.46702233
1995-10-13,17881,177.1448,383.85,0.46149496
1995-10-16,18016,178.9965,383.5,0.46674452
1995-10-17,17917,178.6341,383.5,0.46579947
1995-10-18,17896,177.6631,383.55,0.46320704
1995-10-19,17955,179.0130,381.75,0.46892721
1995-10-20,18157,181.1172,382.1,0.47400473
1995-10-23,18156,181.7054,382.2,0.47541958
1995-10-24,18014,179.3330,382.2,0.46921246
1995-10-25,17971,177.7547,382.55,0.46465743
1995-10-26,17727,174.9087,382.4,0.45739731
1995-10-27,17337,170.2878,382.05,0.44572122
1995-10-30,17509,171.7747,382,0.44967211
1995-10-31,17655,173.0882,382.4,0.45263660
1995-11-01,17474,169.3217,382.15,0.44307655
1995-11-02,18029,173.3558,382.6,0.45309924
1995-11-06,18037,174.6079,382.3,0.45673015
1995-11-07,18021,175.0461,384.7,0.45501986
1995-11-08,17863,174.1542,384.9,0.45246619
1995-11-09,17821,177.5531,385.5,0.46057861
1995-11-10,17844,176.9711,388.99,0.45495036
1995-11-13,17789,174.7446,387.05,0.45147810
1995-11-14,17803,175.1402,385.35,0.45449640
1995-11-15,17683,174.2854,384.8,0.45292472
1995-11-16,17940,175.8134,385.5,0.45606591
1995-11-17,18151,177.7767,386.7,0.45972767
1995-11-20,18384,181.7499,386.3,0.47048894
1995-11-21,18384,181.1232,384.9,0.47057197
1995-11-22,18240,180.8627,382.6,0.47271999
1995-11-24,18215,179.5466,383.4,0.46830093
1995-11-27,18543,182.3125,385,0.47353885
1995-11-28,18688,184.6640,388.5,0.47532569
1995-11-29,18534,182.6010,388.6,0.46989446
1995-11-30,18744,183.5308,387.05,0.47417851
1995-12-01,18833,186.2809,385.95,0.48265555
1995-12-04,18897,186.5633,385.9,0.48344994
1995-12-05,18880,186.4691,386.9,0.48195693
1995-12-06,19068,187.7881,388.5,0.48336696
1995-12-07,19412,191.4398,388.8,0.49238643
1995-12-08,19287,190.5830,389.5,0.48930168
1995-12-11,19227,190.1780,388.1,0.49002330
1995-12-12,19313,189.7338,388,0.48900455
1995-12-13,19283,189.7000,386.2,0.49119614
1995-12-14,19499,192.1084,386,0.49769009
1995-12-15,19347,189.6765,386,0.49138982
1995-12-18,19311,190.3875,387.4,0.49144930
1995-12-19,19140,187.7391,387.2,0.48486335
1995-12-20,19449,191.2389,388.5,0.49224952
1995-12-21,19653,193.0929,387.6,0.49817581
1995-12-22,19744,193.0576,387,0.49885683
1995-12-25,19775,193.3985,387,0.49973781
1995-12-26,19905,194.6319,387.45,0.50234058
1995-12-27,20012,194.5746,386.6,0.50329701
1995-12-28,19873,193.5996,386.6,0.50077499
1995-12-29,19868,192.2400,386.85,0.49693670
1996-01-04,20618,196.0259,394.25,0.49721207
1996-01-05,20669,196.1750,395.3,0.49626870
1996-01-08,20564,195.5682,396.4,0.49336084
1996-01-09,20652,197.8161,396.1,0.49940947
1996-01-10,20612,196.7357,399.55,0.49239321
1996-01-11,20378,194.4466,398.75,0.48764029
1996-01-12,20287,192.8422,398.8,0.48355618
1996-01-16,20567,194.1015,398.35,0.48726383
1996-01-17,20570,194.6074,399.55,0.48706640
1996-01-18,20370,192.9891,397.25,0.48581272
1996-01-19,20366,193.3726,399.55,0.48397592
1996-01-22,20197,191.0243,403.35,0.47359441
1996-01-23,20081,189.7298,403.25,0.47050163
1996-01-24,20313,189.9299,403.4,0.47082269
1996-01-25,20415,191.0086,406.6,0.46977031
1996-01-26,20664,193.8462,405.95,0.47751239
1996-01-29,20589,192.8712,406.05,0.47499371
1996-01-30,20722,193.2662,405.15,0.47702377
1996-01-31,20813,194.4232,406.05,0.47881583
1996-02-01,20935,196.2043,411.35,0.47697657
1996-02-02,20904,196.4662,415.25,0.47312743
1996-02-05,20653,196.3400,413.7,0.47459501
1996-02-06,20751,197.4405,412.15,0.47905018
1996-02-07,20943,197.4451,408.95,0.48280984
1996-02-08,21118,197.2723,409.05,0.48226941
1996-02-09,20935,195.6908,405.55,0.48253183
1996-02-13,20784,194.6979,403.9,0.48204479
1996-02-14,20944,197.1386,404.15,0.48778561
1996-02-15,20886,197.9716,403.35,0.49081831
1996-02-16,20803,197.8412,405.25,0.48819538
1996-02-19,20721,199.2212,405.6,0.49117660
1996-02-20,20656,195.5690,399.15,0.48996373
1996-02-21,20372,194.2966,402.25,0.48302452
1996-02-22,20341,193.7238,399.9,0.48443063
1996-02-23,20300,193.7023,399.25,0.48516541
1996-02-26,20480,196.3378,398.85,0.49225984
1996-02-27,20000,191.7362,398.25,0.48144676
1996-02-28,19920,190.5308,397.25,0.47962453
1996-02-29,20125,191.2114,399.55,0.47856689
1996-03-01,20169,191.5021,398.95,0.48001526
1996-03-04,20064,190.6137,394,0.48379116
1996-03-05,20184,191.8631,393.25,0.48789095
1996-03-06,20241,192.0398,393.25,0.48834036
1996-03-07,19957,189.5252,393.25,0.48194575
1996-03-08,20156,190.6546,397.25,0.47993596
1996-03-11,19796,187.8000,395.8,0.47448211
1996-03-12,19950,189.4947,396.55,0.47785823
1996-03-13,19735,187.7378,397,0.47289124
1996-03-14,19924,188.8173,395.65,0.47723312
1996-03-15,20191,190.9134,395.35,0.48289715
1996-03-18,20285,191.2416,395.75,0.48323849
1996-03-19,20443,192.6223,395.45,0.48709636
1996-03-21,20728,194.0824,398.15,0.48746050
1996-03-22,20701,193.8296,398.45,0.48645900
1996-03-25,20915,197.0511,398,0.49510318
1996-03-26,21015,197.4908,400.15,0.49354202
1996-03-27,21330,200.1689,400.05,0.50035975
1996-03-28,21296,200.4707,396.55,0.50553695
1996-03-29,21407,199.7481,395.35,0.50524362
1996-04-01,21560,200.3531,394.95,0.50728732
1996-04-02,21600,200.8368,394.05,0.50967344
1996-04-03,21465,200.6825,394.35,0.50889438
1996-04-04,21471,200.6261,395.05,0.50784977
1996-04-05,21696,201.5795,393.55,0.51220807
1996-04-08,21424,198.9045,397.95,0.49982276
1996-04-09,21744,200.7942,394.65,0.50879048
1996-04-10,21792,201.1631,395.05,0.50920925
1996-04-11,21694,199.8158,395.75,0.50490407
1996-04-12,21660,199.4108,394.55,0.50541323
1996-04-15,21883,201.6866,393.25,0.51287129
1996-04-16,21868,202.2942,391.25,0.51704581
1996-04-17,21816,201.7198,391.05,0.51584154
1996-04-18,21813,204.4330,391.15,0.52264602
1996-04-19,21884,203.9515,390.75,0.52194891
1996-04-22,22124,207.3671,391.65,0.52947054
1996-04-23,22120,207.2519,391.45,0.52944679
1996-04-24,22282,209.2207,390.75,0.53543354
1996-04-25,22230,208.3021,393.45,0.52942457
1996-04-26,22235,210.9583,390.6,0.54008770
1996-04-30,22041,209.9143,391.65,0.53597418
1996-05-01,21815,207.1110,392.95,0.52706702
1996-05-02,21662,207.6694,393.85,0.52728056
1996-05-07,21495,204.3251,393.6,0.51911864
1996-05-08,21729,206.7066,393.05,0.52590414
1996-05-09,21412,204.8995,392.95,0.52143917
1996-05-10,21420,203.1294,390.35,0.52037773
1996-05-13,21172,201.6381,391.45,0.51510562
1996-05-14,21301,201.3327,391.85,0.51380044
1996-05-15,22056,206.4202,392.45,0.52597838
1996-05-16,22147,207.9140,392.65,0.52951485
1996-05-17,21917,205.2730,392.25,0.52332190
1996-05-20,21979,205.3153,390.85,0.52530452
1996-05-21,22092,206.1783,391.05,0.52724269
1996-05-22,21958,205.0425,391.75,0.52340137
1996-05-23,21724,203.2750,391.75,0.51888962
1996-05-24,21798,202.1140,391,0.51691572
1996-05-27,21700,201.2427,391,0.51468720
1996-05-28,21945,201.6633,391.35,0.51530164
1996-05-29,22022,203.7188,391.25,0.52068697
1996-05-30,21886,203.1749,391.25,0.51929686
1996-05-31,21956,203.2210,390.75,0.52007941
1996-06-03,21589,199.1421,390.95,0.50938009
1996-06-04,21858,200.9007,388.05,0.51771868
1996-06-05,21881,200.6879,386.25,0.51958028
1996-06-06,21804,199.9083,385.85,0.51809852
1996-06-07,21752,199.0665,385.35,0.51658630
1996-06-10,21719,199.1655,386.25,0.51563889
1996-06-11,21818,199.2693,384.5,0.51825576
1996-06-12,22105,202.9471,384.45,0.52788950
1996-06-13,22082,203.2398,384.45,0.52865070
1996-06-14,22289,204.1491,384.25,0.53129242
1996-06-17,22245,204.0826,385.35,0.52960314
1996-06-18,22332,207.2575,385.75,0.53728462
1996-06-19,22367,207.1786,384.55,0.53875591
1996-06-20,22437,207.4427,384.35,0.53972337
1996-06-21,22531,206.4791,384.95,0.53637902
1996-06-24,22603,207.5765,385.05,0.53908961
1996-06-25,22597,207.5404,383.95,0.54054020
1996-06-26,22667,206.9857,383.15,0.54022097
1996-06-27,22502,206.3457,382.25,0.53981874
1996-06-28,22531,205.3874,380.45,0.53985391
1996-07-01,22456,204.7971,382,0.53611801
1996-07-02,22348,202.5927,381.85,0.53055570
1996-07-03,22379,202.9841,382.1,0.53123299
1996-07-04,22293,201.9842,381,0.53014235
1996-07-05,22232,200.7042,381.75,0.52574764
1996-07-08,21925,197.8969,381.25,0.51907389
1996-07-09,21920,198.5507,382.85,0.51861231
1996-07-10,21779,197.3629,382.45,0.51604899
1996-07-11,21893,198.5760,383.5,0.51779912
1996-07-12,21656,195.3279,383.75,0.50899768
1996-07-15,21753,197.3419,383,0.51525306
1996-07-16,21406,195.8105,385,0.50859861
1996-07-17,21413,197.1731,383.75,0.51380616
1996-07-18,21566,199.0401,383.95,0.51840122
1996-07-19,21476,199.2393,384.95,0.51757179
1996-07-22,21006,195.5866,384.75,0.50834722
1996-07-23,21164,196.3265,384.75,0.51027038
1996-07-24,20631,190.3229,385.75,0.49338400
1996-07-25,20884,192.9951,384.95,0.50135109
1996-07-26,21125,195.0600,385.25,0.50632062
1996-07-29,20968,193.8609,384.55,0.50412416
1996-07-30,20880,193.4587,384.75,0.50281669
1996-07-31,20693,193.7547,387.35,0.50020571
1996-08-01,20985,196.0116,386.35,0.50734200
1996-08-02,20940,196.1041,386.45,0.50745022
1996-08-05,21077,197.8504,389.15,0.50841673
1996-08-06,20745,194.2780,388.65,0.49987895
1996-08-07,20478,189.6287,388.35,0.48829321
1996-08-08,20731,191.5458,388.65,0.49284905
1996-08-09,20551,189.9529,387.75,0.48988488
1996-08-12,20667,191.9833,387.75,0.49512129
1996-08-13,20865,193.8586,387.65,0.50008665
1996-08-14,20981,194.1247,386.5,0.50226319
1996-08-15,20968,194.5083,386.4,0.50338600
1996-08-16,20834,193.4627,386.25,0.50087435
1996-08-19,21106,195.7885,387.35,0.50545630
1996-08-20,21127,195.0965,387.85,0.50302050
1996-08-21,21275,196.1734,386.85,0.50710444
1996-08-22,21363,197.3487,387.5,0.50928704
1996-08-23,21229,196.4011,387.7,0.50658021
1996-08-26,20884,193.9270,389.65,0.49769540
1996-08-27,20910,194.2406,389.15,0.49914068
1996-08-28,20710,191.0164,388.15,0.49212010
1996-08-29,20553,189.6908,387.85,0.48908294
1996-08-30,20167,185.1542,386.5,0.47905367
1996-09-02,20107,184.2988,387,0.47622431
1996-09-03,20198,184.9126,386.15,0.47886202
1996-09-04,20202,185.7143,385.55,0.48168664
1996-09-05,20380,186.6300,385.75,0.48381085
1996-09-06,20153,184.5513,385.05,0.47929173
1996-09-09,20202,184.9492,383.55,0.48220360
1996-09-10,20560,187.3861,383.25,0.48893953
1996-09-11,20571,186.6189,383.15,0.48706483
1996-09-12,20444,185.6183,382.55,0.48521319
1996-09-13,20843,188.8466,383.05,0.49300772
1996-09-17,21311,193.2971,383.4,0.50416550
1996-09-18,21157,193.8519,383.25,0.50581065
1996-09-19,21323,194.8908,382.75,0.50918557
1996-09-20,21112,191.9622,381.85,0.50271618
1996-09-24,21172,193.9005,383.05,0.50620165
1996-09-25,21351,193.4318,382.25,0.50603474
1996-09-26,21461,193.9539,381.15,0.50886504
1996-09-27,21547,194.4500,381,0.51036735
1996-09-30,21556,193.5704,378.25,0.51175255
1996-10-01,21463,192.5969,378.75,0.50850670
1996-10-02,21499,192.2128,380.15,0.50562353
1996-10-03,21332,191.4558,380.15,0.50363213
1996-10-04,21148,189.1085,380.45,0.49706523
1996-10-07,21161,190.4852,380.35,0.50081554
1996-10-08,21039,188.4371,380.95,0.49465043
1996-10-09,20871,187.1000,381.25,0.49075398
1996-10-11,20968,188.0201,381.25,0.49316744
1996-10-14,21029,188.3644,381.6,0.49361736
1996-10-15,21430,190.9642,381.25,0.50088965
1996-10-16,21397,190.6192,381.75,0.49932981
1996-10-17,21424,190.9447,380.55,0.50175993
1996-10-18,21612,192.2776,380.25,0.50566096
1996-10-21,21303,189.0240,382,0.49482711
1996-10-22,21124,188.0363,384.15,0.48948671
1996-10-23,21082,186.7316,383.75,0.48659706
1996-10-24,21003,186.1308,383,0.48598121
1996-10-25,20740,182.8924,382.6,0.47802513
1996-10-28,20885,182.8809,383,0.47749585
1996-10-29,20958,183.3596,380.65,0.48170125
1996-10-30,20682,181.2144,380.25,0.47656648
1996-10-31,20467,179.5351,378.3,0.47458390
1996-11-01,20633,182.0612,377.85,0.48183469
1996-11-05,20592,180.2837,379.4,0.47518098
1996-11-06,20992,184.1404,378.6,0.48637177
1996-11-07,20771,185.2073,380.55,0.48668325
1996-11-08,21201,189.7521,379.05,0.50059908
1996-11-11,21065,189.6210,380.75,0.49801977
1996-11-12,21206,190.2737,381.75,0.49842479
1996-11-13,20979,187.8156,383.55,0.48967691
1996-11-14,21031,188.6188,382.5,0.49312113
1996-11-15,20930,188.5925,379.75,0.49662288
1996-11-18,20796,186.5447,379,0.49220230
1996-11-19,20956,187.7778,378.5,0.49611038
1996-11-20,21190,190.0278,379.25,0.50106210
1996-11-21,21143,190.0494,376.4,0.50491349
1996-11-22,21216,190.4317,377.25,0.50478923
1996-11-25,21294,189.0280,375.5,0.50340336
1996-11-26,21418,190.3822,373.85,0.50924762
1996-11-27,21345,188.5601,373.75,0.50450855
1996-11-28,21036,185.0457,372.75,0.49643392
1996-11-29,21020,184.6289,371.65,0.49678164
1996-12-02,20675,180.4889,371.05,0.48642735
1996-12-03,20631,182.1722,367.85,0.49523497
1996-12-04,20660,182.6218,369.9,0.49370577
1996-12-05,20944,186.4174,370.25,0.50349074
1996-12-06,20277,179.6651,368.26,0.48787561
1996-12-09,20604,181.6130,368.85,0.49237643
1996-12-10,20822,183.5993,368.45,0.49830189
1996-12-11,20568,182.1305,368.65,0.49404726
1996-12-12,20501,181.1843,368.75,0.49134717
1996-12-13,20341,178.5865,368.7,0.48436799
1996-12-16,20422,179.4079,368.1,0.48738899
1996-12-17,20413,179.2973,368.55,0.48649388
1996-12-18,20093,176.7816,369.3,0.47869382
1996-12-19,19571,171.7056,369.1,0.46520066
1996-12-20,19690,172.3414,369.25,0.46673353
1996-12-24,19162,167.5586,368.85,0.45427298
1996-12-25,19549,170.5846,369.05,0.46222637
1996-12-26,19292,167.9025,368.85,0.45520543
1996-12-27,19369,168.0607,369.6,0.45470979
1996-12-30,19361,166.7901,369.35,0.45157749
1997-01-06,19446,168.0000,357.85,0.46947045
1997-01-07,18896,163.9566,358.85,0.45689457
1997-01-08,18680,161.4102,355.75,0.45371800
1997-01-09,18074,155.3283,357.25,0.43478878
1997-01-10,17304,149.1081,359.05,0.41528518
1997-01-13,18119,155.5947,358.75,0.43371338
1997-01-14,18093,154.8263,353.55,0.43791907
1997-01-16,18144,155.7692,354.05,0.43996393
1997-01-17,18090,154.2199,355.45,0.43387241
1997-01-20,17480,148.1607,353.85,0.41871049
1997-01-21,17358,147.2265,352.95,0.41713122
1997-01-22,18014,151.4291,351,0.43142180
1997-01-23,17909,150.1048,351.75,0.42673708
1997-01-24,17689,148.7721,352.55,0.42198859
1997-01-27,17335,145.0628,356.5,0.40690817
1997-01-28,17797,147.0219,353.25,0.41619785
1997-01-29,18335,150.0900,351.25,0.42730262
1997-01-30,17864,146.6908,345.65,0.42439101
1997-01-31,18330,150.9885,344.1,0.43879241
1997-02-03,18086,148.6846,346.65,0.42891863
1997-02-04,18314,149.5875,344.35,0.43440546
1997-02-05,18186,147.4341,344.25,0.42827634
1997-02-06,18038,145.7852,342.95,0.42509164
1997-02-07,17867,145.3784,340.65,0.42676752
1997-02-10,18181,148.1141,341.4,0.43384315
1997-02-11,18314,148.5320,340,0.43685893
1997-02-12,18410,148.2048,343.05,0.43202098
1997-02-13,18688,150.2855,343.7,0.43725774
1997-02-14,18722,150.6195,342.7,0.43950823
1997-02-17,18751,150.8528,344,0.43852551
1997-02-18,18471,149.1401,345.35,0.43185200
1997-02-19,18599,149.4736,345.85,0.43219199
1997-02-20,19052,155.6282,351,0.44338509
1997-02-21,19035,154.4422,352.25,0.43844483
1997-02-24,18897,154.6652,353.1,0.43802109
1997-02-25,19070,156.8257,354.25,0.44269769
1997-02-26,18991,155.6384,354.25,0.43934628
1997-02-27,19022,157.7019,359.25,0.43897529
1997-02-28,18557,154.5129,363.25,0.42536244
1997-03-03,18429,152.0043,362.1,0.41978539
1997-03-04,18565,151.9977,358.95,0.42345092
1997-03-05,18274,150.9001,352.75,0.42778195
1997-03-06,18041,148.9515,352.04,0.42310946
1997-03-07,18199,149.2945,349,0.42777795
1997-03-10,18114,148.9638,351.75,0.42349344
1997-03-11,18268,149.9836,353.75,0.42398185
1997-03-12,18183,148.9189,351.25,0.42396845
1997-03-13,17900,145.0567,353.35,0.41051854
1997-03-14,17924,145.2512,352.95,0.41153482
1997-03-17,18054,145.9499,347.45,0.42006009
1997-03-18,18445,150.6329,348.35,0.43241829
1997-03-19,18494,150.6640,352.25,0.42771881
1997-03-21,18633,151.7963,352.55,0.43056682
1997-03-24,18044,146.7708,350.15,0.41916545
1997-03-25,18440,149.0221,348.64,0.42743846
1997-03-26,18472,148.9077,350.45,0.42490426
1997-03-27,18210,147.3182,348.15,0.42314571
1997-03-28,18190,146.5990,348.85,0.42023497
1997-03-31,18003,145.4788,351.05,0.41441045
1997-04-01,17870,146.8003,351.95,0.41710554
1997-04-02,18037,146.3448,349.05,0.41926609
1997-04-03,18129,147.9073,348.75,0.42410701
1997-04-04,17861,143.7274,349,0.41182627
1997-04-07,17716,140.9500,348.3,0.40467975
1997-04-08,18022,142.7033,348.55,0.40941989
1997-04-09,17703,139.6136,348.05,0.40113077
1997-04-10,17486,139.1643,348,0.39989754
1997-04-11,17847,141.5305,346.95,0.40792775
1997-04-14,17692,139.8024,346.45,0.40352850
1997-04-15,17934,142.3333,341.75,0.41648378
1997-04-16,18031,143.3307,341.35,0.41989361
1997-04-17,18093,143.7093,342.55,0.41952793
1997-04-18,18352,145.8824,341.35,0.42736884
1997-04-21,18552,147.9898,343.04,0.43140680
1997-04-22,18544,146.8250,341.7,0.42968984
1997-04-23,18735,148.6315,340.85,0.43606130
1997-04-24,18698,148.2791,340.75,0.43515523
1997-04-25,18613,147.4297,342.25,0.43076612
1997-04-28,18670,147.1817,339.5,0.43352492
1997-04-30,19151,150.7003,339.25,0.44421620
1997-05-01,19275,152.3715,340.25,0.44782231
1997-05-02,19515,154.0861,340.25,0.45286132
1997-05-06,20181,160.9715,340.25,0.47309779
1997-05-07,20049,160.2638,341.25,0.46963748
1997-05-08,20062,162.2483,343.5,0.47233852
1997-05-09,19803,165.0250,348,0.47420977
1997-05-12,20144,168.7809,347.75,0.48535125
1997-05-13,20129,169.9510,349.5,0.48626904
1997-05-14,20210,172.8828,347.55,0.49743290
1997-05-15,20056,173.2700,347.2,0.49904948
1997-05-16,20325,175.5940,344.15,0.51022505
1997-05-19,20490,177.2185,341.65,0.51871352
1997-05-20,20333,180.4971,342.95,0.52630738
1997-05-21,19842,173.6718,342.54,0.50701166
1997-05-22,19877,171.2796,342.85,0.49957597
1997-05-23,20009,173.2381,342.6,0.50565702
1997-05-26,20044,172.4512,343.1,0.50262656
1997-05-27,19890,170.5539,343.65,0.49630128
1997-05-28,20351,175.9706,344.5,0.51080000
1997-05-29,20312,174.6518,344.35,0.50719257
1997-05-30,20069,172.7852,344.75,0.50118982
1997-06-02,20452,175.4031,343.95,0.50996682
1997-06-03,20563,177.2672,343.45,0.51613697
1997-06-04,20612,177.1551,341.64,0.51854331
1997-06-05,20488,177.2318,342.45,0.51754076
1997-06-06,20486,179.3870,342.45,0.52383425
1997-06-09,20224,179.0527,344,0.52050197
1997-06-10,20533,182.9220,343.95,0.53182744
1997-06-11,20290,182.3001,344.14,0.52972654
1997-06-12,20564,179.9912,342.25,0.52590576
1997-06-13,20528,178.7530,341.54,0.52337368
1997-06-16,20681,182.7266,342,0.53428839
1997-06-17,20594,181.9258,341.75,0.53233590
1997-06-18,20498,180.5991,340.15,0.53093964
1997-06-19,20508,179.5797,339.14,0.52951490
1997-06-20,20386,177.4238,337.55,0.52562242
1997-06-23,20436,178.1225,339.05,0.52535776
1997-06-24,20342,177.1951,337.85,0.52447868
1997-06-25,20679,181.7934,337.45,0.53872694
1997-06-26,20625,182.2802,338.25,0.53889182
1997-06-27,20524,179.1707,334.75,0.53523725
1997-06-30,20605,179.8778,334,0.53855624
1997-07-01,20176,175.6726,334.05,0.52588719
1997-07-02,20196,176.5385,331.55,0.53246407
1997-07-03,20121,177.1059,324.75,0.54536070
1997-07-04,19968,174.8511,324.5,0.53883248
1997-07-07,19705,174.8447,318.65,0.54870460
1997-07-08,19854,175.3422,320.25,0.54751670
1997-07-09,19697,174.7582,318.25,0.54912248
1997-07-10,19755,174.6684,319.65,0.54643652
1997-07-11,19875,174.0368,321.55,0.54124328
1997-07-14,20229,177.7905,319.75,0.55602963
1997-07-15,20069,173.6073,318.05,0.54584897
1997-07-16,20359,176.1921,318,0.55406328
1997-07-17,20519,177.1934,324,0.54689332
1997-07-18,20249,175.3919,326.25,0.53759983
1997-07-22,20157,175.1260,325.6,0.53785620
1997-07-23,20131,174.1436,322,0.54081863
1997-07-24,20286,174.8492,324,0.53965791
1997-07-25,20390,174.4524,325.75,0.53554084
1997-07-28,20575,174.6604,327.4,0.53347722
1997-07-29,20403,172.3954,325.85,0.52906379
1997-07-30,20213,171.0791,326.45,0.52405923
1997-07-31,20331,171.5696,324.55,0.52863848
1997-08-01,19804,167.2635,324.75,0.51505316
1997-08-04,19668,166.5368,323.95,0.51408191
1997-08-05,19514,163.7081,319.25,0.51278952
1997-08-06,19702,166.2195,319.75,0.51984213
1997-08-07,19476,164.5210,321.85,0.51117301
1997-08-08,19604,171.1392,325.85,0.52520866
1997-08-11,18824,162.1361,328.65,0.49333969
1997-08-12,19099,164.2218,326.95,0.50228426
1997-08-13,19009,164.2956,328.25,0.50051970
1997-08-14,19222,163.1749,325,0.50207653
1997-08-15,19326,164.6868,324.5,0.50750950
1997-08-18,19041,161.4328,321.45,0.50220193
1997-08-19,18961,160.4146,323.35,0.49610191
1997-08-20,19252,163.6379,321.25,0.50937871
1997-08-21,19157,163.5394,323.35,0.50576575
1997-08-22,18650,157.5435,323.35,0.48722284
1997-08-25,18656,157.1693,324.7,0.48404476
1997-08-26,18815,159.4492,325.75,0.48948320
1997-08-27,18442,155.3403,325.45,0.47730925
1997-08-28,18451,155.2200,323.95,0.47914798
1997-08-29,18229,150.8399,324.15,0.46533976
1997-09-01,17974,148.7298,324.65,0.45812361
1997-09-02,18233,150.1029,322.75,0.46507484
1997-09-03,18735,155.0911,322.05,0.48157447
1997-09-04,18615,153.7794,321.35,0.47854187
1997-09-05,18650,153.9414,322.25,0.47770798
1997-09-08,18634,153.8728,321.95,0.47794015
1997-09-09,18696,157.4533,321.5,0.48974575
1997-09-10,18705,157.0925,321.45,0.48869954
1997-09-11,18282,152.8979,324.05,0.47183424
1997-09-12,17966,148.5407,323.75,0.45881303
1997-09-16,17975,148.2841,320.75,0.46230432
1997-09-17,17683,146.2614,320.25,0.45670999
1997-09-18,17930,147.2085,320.65,0.45909415
1997-09-19,18058,147.8588,320.85,0.46083478
1997-09-22,18201,149.4212,320.95,0.46555921
1997-09-24,18420,153.1809,323.65,0.47329174
1997-09-25,18342,151.4866,327.15,0.46304943
1997-09-26,17995,148.5349,326.75,0.45458263
1997-09-29,17987,148.8744,328.25,0.45353955
1997-09-30,17888,148.4481,334.45,0.44385748
1997-10-01,17842,147.6009,334,0.44191894
1997-10-02,17455,143.4265,331.45,0.43272427
1997-10-03,17647,144.6001,334.85,0.43183554
1997-10-06,17825,146.2264,332.55,0.43971257
1997-10-07,17511,143.0637,331.25,0.43189049
1997-10-08,17619,145.4913,333.25,0.43658313
1997-10-09,17377,143.4338,327.25,0.43830026
1997-10-13,17205,142.1901,328.45,0.43291241
1997-10-14,17306,142.2489,327.95,0.43375176
1997-10-15,17331,143.2314,326.95,0.43808351
1997-10-16,17707,147.9652,325.85,0.45409003
1997-10-17,17478,144.7693,325.05,0.44537554
1997-10-20,17295,142.8159,323.65,0.44126635
1997-10-21,17210,142.4079,322.9,0.44102801
1997-10-22,17688,146.4845,322.45,0.45428585
1997-10-23,17152,140.7863,323.65,0.43499565
1997-10-24,17364,142.2346,310.35,0.45830385
1997-10-27,17039,140.1810,311.85,0.44951418
1997-10-28,16313,135.3439,315.75,0.42864259
1997-10-29,16857,139.5447,313.85,0.44462228
1997-10-30,16365,136.3864,316.45,0.43098867
1997-10-31,16459,136.7367,311.45,0.43903268
1997-11-04,16500,135.2459,313.85,0.43092529
1997-11-05,16448,133.6584,313.55,0.42627453
1997-11-06,16534,134.1719,312.45,0.42941870
1997-11-07,15836,127.4014,310.25,0.41064125
1997-11-10,15697,126.2121,310.15,0.40693893
1997-11-11,15867,127.1394,309.75,0.41045819
1997-11-12,15434,122.0079,307.45,0.39683820
1997-11-13,15427,122.6702,307.85,0.39847382
1997-11-14,15083,120.3271,303.35,0.39666090
1997-11-17,16283,129.6933,303.85,0.42683347
1997-11-18,16727,132.6487,306.75,0.43243257
1997-11-19,15842,124.7303,303.95,0.41036465
1997-11-20,16308,129.5520,302.85,0.42777598
1997-11-21,16722,132.2211,304.95,0.43358282
1997-11-25,15868,124.6896,300.55,0.41487144
1997-11-26,16046,126.3564,296.55,0.42608803
1997-11-27,16603,130.8353,296.25,0.44163815
1997-11-28,16633,130.0978,297,0.43803963
1997-12-01,17008,132.3065,293.85,0.45025181
1997-12-02,16910,131.5135,293.65,0.44785784
1997-12-03,16586,128.8133,292.35,0.44061329
1997-12-04,16307,126.0981,286.25,0.44051721
1997-12-05,16424,126.1250,288.25,0.43755427
1997-12-08,16132,123.7591,287.85,0.42994306
1997-12-09,16687,128.6485,282.75,0.45499036
1997-12-10,16478,127.3416,286.65,0.44424063
1997-12-11,16050,123.6613,284.05,0.43535046
1997-12-12,15904,122.0568,282.85,0.43152481
1997-12-15,15909,121.6006,284.35,0.42764393
1997-12-16,15985,122.2562,283.75,0.43085890
1997-12-17,16541,130.2441,289.15,0.45043782
1997-12-18,16162,125.6081,287.35,0.43712596
1997-12-19,15315,118.5096,289.05,0.40999700
1997-12-22,14799,113.7335,291.1,0.39070243
1997-12-24,14925,115.0732,296.2,0.38849847
1997-12-25,15300,117.6923,296.25,0.39727361
1997-12-26,14803,113.5199,295.25,0.38448751
1997-12-29,14775,114.2515,291,0.39261673
1997-12-30,15259,117.3047,290.3,0.40408107
1998-01-05,14957,111.9955,281.85,0.39735855
1998-01-06,14896,111.4386,281.45,0.39594463
1998-01-07,15028,114.2640,283.85,0.40255061
1998-01-08,15019,113.2655,280.95,0.40315166
1998-01-09,14995,113.6157,278.5,0.40795583
1998-01-12,14664,110.5382,278.15,0.39740506
1998-01-13,14756,112.2983,282.75,0.39716472
1998-01-14,15122,115.4968,281.45,0.41036358
1998-01-16,16046,124.1662,290.15,0.42793802
1998-01-19,16262,126.0620,287.45,0.43855285
1998-01-20,16367,127.4688,290.45,0.43886675
1998-01-21,16684,131.3804,292.55,0.44908707
1998-01-22,16406,129.0287,290.45,0.44423724
1998-01-23,16789,133.7236,299.62,0.44631071
1998-01-26,17073,134.9858,296.75,0.45488043
1998-01-27,16982,135.4983,300.55,0.45083442
1998-01-28,16974,135.7594,305.95,0.44373073
1998-01-29,17015,135.2544,302.85,0.44660516
1998-01-30,16628,130.9291,302.75,0.43246617
1998-02-02,16777,132.7294,302.95,0.43812322
1998-02-03,17023,135.3395,295.25,0.45838944
1998-02-04,16883,136.5055,299.25,0.45615872
1998-02-05,17003,137.6204,298.4,0.46119436
1998-02-06,17040,137.5858,298.75,0.46053821
1998-02-09,17205,138.6605,300,0.46220181
1998-02-10,17205,139.6283,300.45,0.46473059
1998-02-12,17175,137.7747,298.75,0.46117070
1998-02-13,16791,134.1777,299.85,0.44748281
1998-02-16,16776,133.2804,298.35,0.44672488
1998-02-17,16791,132.7352,298,0.44542006
1998-02-18,16614,131.4399,297.55,0.44174046
1998-02-19,16616,131.9568,298.95,0.44140090
1998-02-20,16756,131.1316,297.25,0.44114931
1998-02-23,16610,129.9789,293.45,0.44293362
1998-02-24,16198,126.6161,291.45,0.43443513
1998-02-25,16361,127.3428,292.25,0.43573234
1998-02-26,16502,129.7633,293.55,0.44204840
1998-02-27,16832,133.4814,299.15,0.44620212
1998-03-02,17264,137.5837,299.7,0.45907133
1998-03-03,17168,136.0596,297.85,0.45680577
1998-03-04,17096,134.9329,296.05,0.45577744
1998-03-05,16849,131.7769,293.45,0.44906098
1998-03-06,17132,134.2002,294.45,0.45576573
1998-03-09,16977,132.8612,294.45,0.45121809
1998-03-10,16983,133.3046,296,0.45035322
1998-03-11,16756,129.4900,294.6,0.43954499
1998-03-12,16575,128.4087,294.55,0.43594887
1998-03-13,17060,133.4898,295.35,0.45197165
1998-03-16,16861,130.1304,294.15,0.44239480
1998-03-17,16997,131.9643,292.1,0.45177777
1998-03-18,16620,127.8265,291.15,0.43903997
1998-03-19,16679,127.5250,291.75,0.43710382
1998-03-20,16830,129.0644,291.95,0.44207713
1998-03-23,16869,129.3139,298.95,0.43256034
1998-03-24,16606,127.4737,299.55,0.42555069
1998-03-25,16658,129.3122,297.95,0.43400644
1998-03-26,16981,132.2405,301.55,0.43853583
1998-03-27,16739,128.4651,302.25,0.42502922
1998-03-30,16263,123.2793,301.85,0.40841232
1998-03-31,16527,124.1698,300.95,0.41259278
1998-04-01,16242,121.5719,299.75,0.40557750
1998-04-02,15703,117.4759,302.25,0.38867121
1998-04-03,15518,114.8206,307.75,0.37309690
1998-04-06,15706,116.5999,309.15,0.37716271
1998-04-07,15979,119.7557,309.85,0.38649565
1998-04-08,16377,124.6821,309.15,0.40330631
1998-04-09,16537,125.9482,308.45,0.40832618
1998-04-10,16481,128.1371,307.75,0.41636766
1998-04-13,16318,125.9688,310.85,0.40523987
1998-04-14,16277,125.7202,310.85,0.40444023
1998-04-15,16299,125.0691,307.25,0.40705960
1998-04-16,15884,120.5800,308.15,0.39130285
1998-04-17,15704,119.2407,307.75,0.38745962
1998-04-20,15697,118.8266,307.95,0.38586344
1998-04-21,15826,120.5699,307.75,0.39177859
1998-04-22,15762,120.8650,313.25,0.38584187
1998-04-23,15762,121.2928,314.05,0.38622132
1998-04-24,16011,122.1002,312.65,0.39053320
1998-04-27,15650,118.3365,309.65,0.38216207
1998-04-28,15395.4,116.4554,307.95,0.37816324
1998-04-30,15641.3,117.8519,306.65,0.38432046
1998-05-01,15601.1,116.9498,306.25,0.38187682
1998-05-06,15243.8,114.5117,300.75,0.38075384
1998-05-07,15143,113.6265,298.45,0.38072197
1998-05-08,15149,114.0309,299.85,0.38029302
1998-05-11,15381.9,115.7840,300.35,0.38549681
1998-05-12,15322.5,114.3897,298.15,0.38366493
1998-05-13,15343.8,114.4633,298.45,0.38352575
1998-05-14,15307.7,114.5529,299.05,0.38305591
1998-05-15,15242.9,113.3976,301.35,0.37629852
1998-05-18,15384.5,113.0382,299.55,0.37736006
1998-05-19,15551.6,114.0314,298.75,0.38169501
1998-05-20,15653,115.1379,299.75,0.38411316
1998-05-21,15845.2,117.3979,299.75,0.39165284
1998-05-22,15801.6,116.3594,300.05,0.38779987
1998-05-25,15783.1,115.2640,299.75,0.38453379
1998-05-26,15884.8,115.2743,295.55,0.39003319
1998-05-27,15664.3,113.9636,293.85,0.38782924
1998-05-28,15796.5,113.8486,293.2,0.38829689
1998-05-29,15670.8,112.9427,292.95,0.38553577
1998-06-01,15321,109.7336,288.65,0.38016131
1998-06-02,15554.5,112.1045,291.15,0.38504037
1998-06-03,15347,110.6888,291.15,0.38017786
1998-06-04,15426.5,111.4148,293.55,0.37954300
1998-06-05,15323.4,109.5703,291.65,0.37569091
1998-06-08,15294.7,108.6812,295.95,0.36722812
1998-06-09,15530.2,110.8113,293.65,0.37735833
1998-06-10,15339.3,108.3743,293.25,0.36956287
1998-06-11,15014,104.3001,287.05,0.36335170
1998-06-12,15022.3,104.2130,286,0.36438102
1998-06-15,14825.2,101.4382,284.85,0.35611111
1998-06-16,14720.4,102.7674,288.65,0.35602766
1998-06-17,14715.4,107.6789,293.45,0.36694125
1998-06-18,15361.5,111.5983,293.25,0.38055671
1998-06-19,15268,111.3802,299.25,0.37219788
1998-06-22,15309.1,111.0562,295.75,0.37550709
1998-06-23,15054.6,108.1120,295.05,0.36641935
1998-06-24,15123.2,107.0821,292.85,0.36565499
1998-06-25,15132.2,106.4374,293.85,0.36221665
1998-06-26,15210,107.0373,293.85,0.36425829
1998-06-29,15365.7,108.3389,293.65,0.36893872
1998-06-30,15830.3,114.1334,296.95,0.38435219
1998-07-01,16362.9,118.5288,296.45,0.39982727
1998-07-02,16471.6,117.0689,293.85,0.39839694
1998-07-03,16511.2,118.4278,294.49,0.40214531
1998-07-06,16350.5,116.7309,293.25,0.39805940
1998-07-07,16416.3,118.3583,294.95,0.40128268
1998-07-08,16531,118.5868,293.25,0.40438807
1998-07-09,16447,116.6040,291.65,0.39980813
1998-07-10,16090.1,113.8316,290.85,0.39137570
1998-07-13,16360.4,115.9490,291.65,0.39756205
1998-07-14,16488.9,117.8368,293.35,0.40169346
1998-07-15,16614.1,118.3762,293.95,0.40270863
1998-07-16,16731.9,119.4453,293.25,0.40731566
1998-07-17,16570.8,118.7020,294.5,0.40306284
1998-07-21,16556.7,118.0345,294.9,0.40025264
1998-07-22,16293.1,115.4147,294.15,0.39236698
1998-07-23,16188,114.5810,293.15,0.39086124
1998-07-24,16361.9,115.5094,291.15,0.39673486
1998-07-27,15944.4,111.9298,290.35,0.38549957
1998-07-28,16114.5,114.2062,291.75,0.39145240
1998-07-29,16158.1,113.5017,290.05,0.39131766
1998-07-30,16201.6,112.7460,288.85,0.39032715
1998-07-31,16379,113.1537,286.45,0.39502082
1998-08-03,16165.1,111.0240,283.75,0.39127414
1998-08-04,16023.6,110.6297,288.45,0.38353150
1998-08-05,15992.2,111.1573,287.95,0.38602985
1998-08-06,15876.2,109.9841,287.35,0.38275297
1998-08-07,15829.2,108.2709,286.65,0.37771101
1998-08-10,15626.4,106.8253,287.45,0.37163078
1998-08-11,15407,104.6387,283.95,0.36851095
1998-08-12,15379,105.2275,282.75,0.37215740
1998-08-13,15382,106.1120,285.35,0.37186624
1998-08-14,15123.9,103.3053,284.05,0.36368713
1998-08-17,14794.7,101.2711,285.05,0.35527498
1998-08-18,15063.8,103.9600,284.95,0.36483584
1998-08-19,15406.3,107.1966,283.35,0.37831880
1998-08-20,15391.4,107.7376,285.15,0.37782797
1998-08-21,15298.2,105.8113,283.55,0.37316634
1998-08-24,14988.4,104.3179,284.65,0.36647788
1998-08-25,15072.9,104.5930,283.05,0.36952135
1998-08-26,14866,103.1430,282.25,0.36543134
1998-08-27,14413.8,101.5629,276.55,0.36724951
1998-08-28,13915.6,98.1700,274.35,0.35782766
1998-08-31,14107.9,101.3135,275.55,0.36767725
1998-09-01,14369.6,105.1562,278.85,0.37710683
1998-09-02,14376.6,104.3295,278.85,0.37414188
1998-09-03,14261.2,106.1891,285.35,0.37213642
1998-09-04,14042.9,105.0329,286.85,0.36615970
1998-09-07,14790.1,112.1737,288.45,0.38888432
1998-09-08,14913.5,112.9126,286.05,0.39473039
1998-09-09,14755.5,108.6161,284.25,0.38211476
1998-09-10,14666,109.0004,290.45,0.37528102
1998-09-11,13917,106.3178,293.75,0.36193294
1998-09-14,14227.4,107.7425,290.35,0.37107808
1998-09-16,14197.7,105.7399,287.65,0.36759926
1998-09-17,13859.1,105.0728,291.45,0.36051735
1998-09-18,13983.1,105.4135,291.45,0.36168638
1998-09-21,13597.3,101.0651,288.95,0.34976678
1998-09-22,13789.8,101.7923,287.65,0.35387547
1998-09-24,14205.8,105.3843,293.85,0.35863288
1998-09-25,13723.8,100.8065,293.95,0.34293765
1998-09-28,13909.4,102.3653,295.85,0.34600413
1998-09-29,13821.4,102.8608,294.65,0.34909471
1998-09-30,13406.4,98.2658,296.95,0.33091691
1998-10-01,13197.1,97.0946,300.2,0.32343309
1998-10-02,13223.7,97.5919,300.55,0.32471097
1998-10-05,12948.1,96.4477,297.55,0.32413938
1998-10-06,13021.6,100.1816,296.55,0.33782353
1998-10-07,13825.6,114.0256,301,0.37882248
1998-10-08,13026.1,109.6473,299.65,0.36591793
1998-10-09,12880,110.4631,296.75,0.37224304
1998-10-12,13555,115.4108,296.25,0.38957236
1998-10-13,13242.8,111.4714,296.55,0.37589405
1998-10-14,13070.7,110.1618,296.05,0.37210546
1998-10-15,12995.4,112.4170,297.35,0.37806274
1998-10-16,13280.5,115.2621,299.95,0.38427107
1998-10-19,13567.2,118.6670,296.15,0.40069903
1998-10-20,13808,118.5440,296.25,0.40014837
1998-10-21,14216.3,121.4549,295.25,0.41136303
1998-10-22,14295.6,121.8721,292.25,0.41701325
1998-10-23,14144.7,119.8500,292.85,0.40925397
1998-10-26,13843.5,116.0589,292.45,0.39685024
1998-10-27,13820.7,117.2040,293.75,0.39899247
1998-10-28,13516.1,114.5141,293.05,0.39076644
1998-10-29,13668.7,117.1369,293.65,0.39889957
1998-10-30,13564.5,117.1373,292.55,0.40040098
1998-11-02,13952.8,121.5401,289.95,0.41917596
1998-11-04,14527.8,124.5311,290.95,0.42801552
1998-11-05,14341.4,121.6610,294.05,0.41374260
1998-11-06,14122,118.6224,293.2,0.40457854
1998-11-09,14194.5,116.5394,292.7,0.39815309
1998-11-10,14108.1,115.4037,293.6,0.39306431
1998-11-11,14428,118.3787,293.35,0.40354093
1998-11-12,14075.1,115.5781,296.95,0.38921735
1998-11-13,14268.2,116.2095,295.85,0.39279865
1998-11-16,14428.3,120.0358,295.85,0.40573187
1998-11-17,14413,119.0763,294.1,0.40488384
1998-11-18,14599.2,120.0395,297.55,0.40342620
1998-11-19,14354.5,120.0209,295.75,0.40581878
1998-11-20,14779.9,122.8076,296.25,0.41454057
1998-11-24,15164.6,125.2238,296.25,0.42269631
1998-11-25,15073.5,123.8884,296.6,0.41769517
1998-11-26,15207.8,124.7564,296.55,0.42069249
1998-11-27,15069.4,122.5254,296.2,0.41365769
1998-11-30,14883.7,121.0155,293.25,0.41267018
1998-12-01,14835.4,121.5319,293.75,0.41372564
1998-12-02,14986.6,124.7843,293.05,0.42581248
1998-12-03,14697.1,124.2358,291.85,0.42568388
1998-12-04,14640,123.3569,292.15,0.42223832
1998-12-07,14723.5,123.0547,295.05,0.41706403
1998-12-08,14808.2,124.3237,293.85,0.42308570
1998-12-09,14931.9,126.7026,294.05,0.43088790
1998-12-10,14807.8,126.5299,294.25,0.43000832
1998-12-11,14405.6,123.6002,290.85,0.42496191
1998-12-14,14111.6,122.1255,291.35,0.41917105
1998-12-15,14011.2,120.1338,292.85,0.41022283
1998-12-16,14096.3,120.6152,295.05,0.40879584
1998-12-17,14127,121.6063,291.55,0.41710261
1998-12-18,14194.3,122.2803,291.55,0.41941459
1998-12-21,14153,121.8720,288.95,0.42177553
1998-12-22,13779.5,118.2282,287.65,0.41101418
1998-12-24,13706.7,118.0188,286.25,0.41229265
1998-12-25,13798,118.3870,286.25,0.41357889
1998-12-28,13709.1,118.2635,286.65,0.41257093
1998-12-29,13846.9,119.9489,286.25,0.41903543
1998-12-30,13842.2,120.3670,287.05,0.41932401
1999-01-04,13415.9,119.9455,287.35,0.41741939
1999-01-05,13232.7,118.7855,286.95,0.41395873
1999-01-06,13468.5,119.2747,287.65,0.41465221
1999-01-07,13536.6,121.8526,291.6,0.41787569
1999-01-08,13391.8,120.6686,291.35,0.41417055
1999-01-11,13368.5,123.0872,292.95,0.42016451
1999-01-12,13361,118.9230,288.55,0.41214004
1999-01-13,13403.6,118.5215,286.75,0.41332705
1999-01-14,13738.9,120.8878,286.95,0.42128529
1999-01-18,13805.1,120.8324,287.25,0.42065234
1999-01-19,13770.4,121.4321,286.5,0.42384677
1999-01-20,14028,124.3397,287.15,0.43301291
1999-01-21,14245.4,125.3996,287.65,0.43594524
1999-01-22,14154.4,123.7056,286.45,0.43185773
1999-01-25,14208.8,124.5840,287.8,0.43288379
1999-01-26,14382,126.4352,286,0.44208100
1999-01-27,14450.1,124.9468,283.15,0.44127432
1999-01-28,14342.3,123.2686,284.25,0.43366257
1999-01-29,14499.2,124.7780,286.05,0.43621034
1999-02-01,14465.2,125.7843,288.85,0.43546598
1999-02-02,14349.8,128.0089,288.55,0.44362821
1999-02-03,14161.3,125.4545,287.65,0.43613581
1999-02-04,14086.9,125.7198,290.05,0.43344171
1999-02-05,13898.1,122.7747,288.55,0.42548860
1999-02-08,13992.5,122.1519,289.55,0.42186807
1999-02-09,13902.7,121.8680,287.55,0.42381494
1999-02-10,13952.4,121.9402,287.15,0.42465687
1999-02-12,13973.7,122.5226,289.55,0.42314826
1999-02-15,14054.7,121.7068,289.5,0.42040342
1999-02-16,14232.6,119.9646,284.95,0.42100228
1999-02-17,14158.7,119.0607,284.75,0.41812366
1999-02-18,14146.8,118.1756,286.45,0.41255225
1999-02-19,14098,116.4835,288.25,0.40410587
1999-02-22,14256.7,117.8434,287.25,0.41024698
1999-02-23,14500.6,120.0182,287.45,0.41752725
1999-02-24,14355.5,118.1717,286.4,0.41261074
1999-02-25,14470.5,120.8695,287.95,0.41975874
1999-02-26,14367.5,120.7860,287.05,0.42078399
1999-03-01,14221.8,118.6633,286.65,0.41396591
1999-03-02,13921.1,115.9126,286.75,0.40422868
1999-03-03,14170.4,116.2938,287.15,0.40499322
1999-03-04,14183.5,115.1071,288.05,0.39960814
1999-03-05,14894,121.3360,288.45,0.42064846
1999-03-08,14779,121.5079,291.55,0.41676505
1999-03-09,15096.7,124.7661,292.05,0.42720807
1999-03-10,15480,129.2693,292.95,0.44126749
1999-03-11,15502.1,130.1494,294.35,0.44215880
1999-03-12,15488.9,130.4878,292.25,0.44649370
1999-03-15,15779.6,134.0435,286.65,0.46762077
1999-03-16,16072.8,136.6967,284.05,0.48124174
1999-03-17,16268.1,137.7135,284,0.48490682
1999-03-18,15717.9,133.8149,283.3,0.47234351
1999-03-19,16378.8,139.8702,284.25,0.49206753
1999-03-23,16019.1,135.4681,284.55,0.47607829
1999-03-24,15515.5,131.5653,283.95,0.46333980
1999-03-25,15986,135.2797,283.45,0.47726118
1999-03-26,16017,133.2529,279.75,0.47632855
1999-03-29,16008.8,133.1847,280.35,0.47506578
1999-03-30,15859.1,131.7967,279.35,0.47179784
1999-03-31,15836.6,133.3047,280.05,0.47600326
1999-04-01,16327.6,135.3079,280.45,0.48246698
1999-04-02,16290.2,134.9085,280.45,0.48104293
1999-04-05,16334.8,134.2108,278.45,0.48199256
1999-04-06,16479.7,136.6136,279.85,0.48816727
1999-04-07,16554.5,136.4757,280.55,0.48645760
1999-04-08,16846.69,139.0909,280.85,0.49524978
1999-04-09,16855.63,139.4756,281.55,0.49538494
1999-04-12,16507.4,137.1730,282.85,0.48496733
1999-04-13,16715.16,139.6304,283.95,0.49174305
1999-04-14,16764.68,141.2119,281.45,0.50173007
1999-04-15,16727.08,140.4221,283.55,0.49522869
1999-04-16,16851.58,143.1497,284.25,0.50360485
1999-04-19,16674.21,141.8478,284.55,0.49849872
1999-04-20,16697.11,140.3944,284.45,0.49356454
1999-04-21,16495.02,137.7455,283.85,0.48527557
1999-04-22,16665.88,139.5335,283.75,0.49174798
1999-04-23,16923.25,141.9736,283.55,0.50070031
1999-04-26,16918.51,141.8862,281.15,0.50466369
1999-04-27,16957.27,141.0051,282.25,0.49957510
1999-04-28,16942.24,142.2881,282.85,0.50305132
1999-04-30,16701.53,139.8203,286.05,0.48879657
1999-05-06,17300.61,143.5378,289.55,0.49572713
1999-05-07,16946.52,140.3090,282.75,0.49622986
1999-05-10,16977.01,140.8530,278.65,0.50548352
1999-05-11,16743.18,138.4649,278.35,0.49744902
1999-05-12,16947.36,140.1767,277.05,0.50596165
1999-05-13,16851.25,138.4427,277.65,0.49862322
1999-05-14,16810.39,136.8590,275.95,0.49595576
1999-05-17,16421.02,132.9099,274.45,0.48427734
1999-05-18,16378.62,132.9002,274.25,0.48459506
1999-05-19,16128.18,129.7834,272.95,0.47548406
1999-05-20,16199.99,130.2564,274.45,0.47460890
1999-05-21,16292.98,131.4798,272.85,0.48187585
1999-05-24,16390.49,133.0937,272.65,0.48814857
1999-05-25,16214.23,132.5992,270.65,0.48992868
1999-05-26,16230.52,132.6673,269.15,0.49291221
1999-05-27,16177.19,134.4179,270.45,0.49701558
1999-05-28,15972.68,131.5057,270.25,0.48660751
1999-05-31,16111.65,132.6171,270.35,0.49053852
1999-06-01,16408.5,135.9445,267.65,0.50791889
1999-06-02,16417.99,135.1831,265.65,0.50887680
1999-06-03,16227.5,133.6147,265.65,0.50297254
1999-06-04,16300.75,133.4486,264.8,0.50396008
1999-06-07,16475.89,136.4237,265.55,0.51374015
1999-06-08,16562.92,139.0090,262.25,0.53006284
1999-06-09,16622.5,139.5793,259.55,0.53777426
1999-06-10,17102.62,143.9009,258.45,0.55678423
1999-06-11,17198.55,145.8493,260.65,0.55955996
1999-06-14,17188.82,142.5748,260.55,0.54720713
1999-06-15,17282,143.5621,259.45,0.55333225
1999-06-16,17210.18,142.9536,258.35,0.55333295
1999-06-17,17470.45,146.3187,258.45,0.56613920
1999-06-18,17431.26,144.7779,259.55,0.55780353
1999-06-21,17738.85,144.9845,258.95,0.55989369
1999-06-22,17777.62,146.1374,258.35,0.56565684
1999-06-23,17586.75,144.2246,260.5,0.55364537
1999-06-24,17628.32,144.5892,260.55,0.55493855
1999-06-25,17436.52,143.6642,259.45,0.55372583
1999-06-28,17610.58,145.0027,260.8,0.55599201
1999-06-29,17782.79,147.0260,260.75,0.56385795
1999-06-30,17529.74,144.7543,261.2,0.55418933
1999-07-01,17860.75,147.8661,262.75,0.56276358
1999-07-02,17932.47,148.3003,263.3,0.56323692
1999-07-05,18135.06,148.1623,262.1,0.56528903
1999-07-06,18050.73,147.8962,256.85,0.57580763
1999-07-07,17958.9,146.8790,257.35,0.57073650
1999-07-08,17967.65,146.6747,256.95,0.57082971
1999-07-09,17937.73,146.6459,257.15,0.57027388
1999-07-12,18274.18,149.6412,255.65,0.58533609
1999-07-13,18181.09,149.9719,255.85,0.58617108
1999-07-14,18357.86,152.1075,254.25,0.59825978
1999-07-15,18431.86,152.3672,254.05,0.59975280
1999-07-16,18248.3,150.8872,253.9,0.59427813
1999-07-19,18532.58,156.8564,253.25,0.61937362
1999-07-21,18257.52,154.4368,255.25,0.60504138
1999-07-22,17730.34,151.7879,255.95,0.59303716
1999-07-23,17534.44,150.5490,254.75,0.59096755
1999-07-26,17491.34,149.7546,253.95,0.58970121
1999-07-27,17462.72,149.9718,253.85,0.59078917
1999-07-28,17579.91,151.4857,254.05,0.59628283
1999-07-29,17869.92,154.8520,257.05,0.60241974
1999-07-30,17861.86,155.9988,255.95,0.60948926
1999-08-02,17825.7,155.8599,255.25,0.61061676
1999-08-03,17969.93,155.8267,256.15,0.60834143
1999-08-04,17685.38,154.7277,256.15,0.60405127
1999-08-05,17358.19,151.7059,255.45,0.59387711
1999-08-06,17084.24,148.8304,256.05,0.58125517
1999-08-09,17190.45,149.3653,257.15,0.58084884
1999-08-10,17202.09,149.8570,257.35,0.58230831
1999-08-11,17211.16,149.2081,258.95,0.57620448
1999-08-12,17422.97,151.1754,261.05,0.57910532
1999-08-13,17435.17,150.6799,260.85,0.57764957
1999-08-16,17826.03,155.6315,260.15,0.59823749
1999-08-17,17860.09,156.8601,261.45,0.59996210
1999-08-18,17892.26,159.8951,259.65,0.61581007
1999-08-19,17879.74,160.1697,258.75,0.61901321
1999-08-20,18098.11,162.7089,257.35,0.63224749
1999-08-23,18233.55,163.3245,254.35,0.64212512
1999-08-24,18095.41,163.1246,252.85,0.64514369
1999-08-25,17855.16,160.8283,252.35,0.63732245
1999-08-26,17666.29,158.4421,252.95,0.62637700
1999-08-27,17599.37,157.9836,252.95,0.62456443
1999-08-30,17918.97,162.0453,252.95,0.64062189
1999-08-31,17436.56,158.9477,255.75,0.62149629
1999-09-01,17802.48,163.0562,253.95,0.64208008
1999-09-02,17631.25,161.5767,253.95,0.63625400
1999-09-03,17629.99,160.4915,254.25,0.63123496
1999-09-06,17756.51,161.9676,254.9,0.63541631
1999-09-07,17707.5,159.8871,255.95,0.62468112
1999-09-08,17641.38,158.7740,256.45,0.61912267
1999-09-09,17677.56,163.6811,257.25,0.63627254
1999-09-10,17711.02,162.7851,256.55,0.63451612
1999-09-13,17909.29,167.9731,256.65,0.65448308
1999-09-14,17777.22,167.9473,257.25,0.65285630
1999-09-16,17291.59,164.3375,256.45,0.64081686
1999-09-17,17342.27,161.8504,255.3,0.63396160
1999-09-20,17575.26,165.7262,255.05,0.64977913
1999-09-21,17932.79,171.1144,261.05,0.65548519
1999-09-22,17325.76,166.2741,264.55,0.62851668
1999-09-24,16871.73,162.3843,268.75,0.60422070
1999-09-27,16821.06,158.9291,282.45,0.56268061
1999-09-28,17325.7,162.7132,309.15,0.52632439
1999-09-29,17282.28,161.4563,304,0.53110618
1999-09-30,17605.46,165.5894,299.2,0.55344035
1999-10-01,17712.56,168.7553,305.5,0.55239062
1999-10-04,17763.71,167.3138,318.8,0.52482383
1999-10-05,17784.15,167.2858,325.5,0.51393477
1999-10-06,17896.42,166.6333,325.5,0.51193036
1999-10-07,18136.55,169.1842,323.8,0.52249609
1999-10-08,18062.18,168.2080,321.2,0.52368632
1999-10-12,18090.81,170.5072,317.7,0.53669236
1999-10-13,17754.49,166.6619,321.3,0.51871111
1999-10-14,17780.26,165.6135,312.5,0.52996304
1999-10-15,17601.57,167.1564,315.4,0.52998228
1999-10-18,17275.33,163.9492,310.7,0.52767694
1999-10-19,17254.17,163.7640,308.6,0.53066738
1999-10-20,17534.71,164.7535,306.3,0.53788264
1999-10-21,17448.27,164.7151,304.7,0.54058121
1999-10-22,17438.8,164.6723,302.1,0.54509213
1999-10-25,17648.79,167.5730,299.7,0.55913585
1999-10-26,17671.79,168.6079,289.35,0.58271250
1999-10-27,17382.36,166.6573,293.5,0.56782738
1999-10-28,17413.71,165.8923,299.45,0.55398983
1999-10-29,17942.08,172.3543,299.2,0.57605038
1999-11-01,17996.92,172.8479,290.55,0.59489887
1999-11-02,17991.96,172.6841,291.45,0.59250003
1999-11-04,18348.13,174.9274,292.6,0.59783784
1999-11-05,18354.9,173.1431,290.55,0.59591499
1999-11-08,18240.98,173.3439,289.7,0.59835662
1999-11-09,18292.16,174.4270,292.1,0.59714825
1999-11-10,18567.87,177.4622,298,0.59551074
1999-11-11,18327.28,174.8119,294,0.59459831
1999-11-12,18258.55,173.4944,291.3,0.59558666
1999-11-15,18198.09,173.7288,291.5,0.59598210
1999-11-16,18155.14,171.4852,294.6,0.58209510
1999-11-17,18274.82,173.2210,295.1,0.58699100
1999-11-18,18532.81,175.0029,294.25,0.59474232
1999-11-19,18570.84,174.7022,295,0.59221072
1999-11-22,18822.12,179.8234,295,0.60957100
1999-11-24,18896.21,180.5485,298.2,0.60546123
1999-11-25,18721.78,179.5510,298.38,0.60175271
1999-11-26,18914.5,185.8919,297.12,0.62564584
1999-11-29,18850.27,184.2106,291.2,0.63259132
1999-11-30,18558.23,181.7296,290.7,0.62514493
1999-12-01,18495.95,180.1144,289.7,0.62172738
1999-12-02,18514.41,180.2064,285,0.63230331
1999-12-03,18368.14,178.9046,280.1,0.63871705
1999-12-06,18507.2,179.6292,276.1,0.65059484
1999-12-07,18593.96,181.6349,283.25,0.64125279
1999-12-08,18401.2,178.8608,281.95,0.63437066
1999-12-09,18260.72,178.3448,278.6,0.64014630
1999-12-10,18271.85,178.8202,278.95,0.64104757
1999-12-13,18205.08,176.4400,280.5,0.62901964
1999-12-14,18165.55,175.5634,280.3,0.62634124
1999-12-15,18138.36,174.8950,282.75,0.61854994
1999-12-16,18111.31,175.5312,281.95,0.62256147
1999-12-17,18095.12,175.5955,283.65,0.61905706
1999-12-20,18175.49,177.4430,284.15,0.62446959
1999-12-21,18080.38,177.0330,287.73,0.61527473
1999-12-22,18461.93,181.5689,286.85,0.63297522
1999-12-24,18584.95,180.6293,287.75,0.62773002
1999-12-27,18546.9,181.5120,288,0.63025013
1999-12-28,18783.52,183.5224,289.8,0.63327268
1999-12-29,18810.58,184.1466,290.7,0.63345940
1999-12-30,18934.34,184.9599,288.3,0.64155342
2000-01-04,19002.86,184.0471,282.38,0.65177091
2000-01-05,18542.55,177.8321,280.85,0.63319235
2000-01-06,18168.27,172.5218,281.45,0.61297493
2000-01-07,18193.41,172.6949,281.75,0.61293672
2000-01-11,18850.92,177.7215,283.3,0.62732617
2000-01-12,18677.42,176.3685,282.55,0.62420266
2000-01-13,18833.29,177.6055,284.2,0.62493148
2000-01-14,18956.55,179.2073,284.2,0.63056762
2000-01-17,19437.23,185.4698,285.5,0.64963136
2000-01-18,19196.57,181.6997,288.8,0.62915398
2000-01-19,18897.75,179.4658,289.65,0.61959542
2000-01-20,19008.01,180.4615,288.45,0.62562490
2000-01-21,18878.09,180.3409,289.1,0.62380126
2000-01-24,19056.71,180.3759,287.6,0.62717616
2000-01-25,18895.53,178.3102,286.12,0.62320069
2000-01-26,19111.19,180.8231,286.05,0.63213797
2000-01-27,19209.72,182.6887,287.05,0.63643522
2000-01-28,19434.78,181.4978,283.35,0.64054265
2000-01-31,19539.7,182.0017,283.5,0.64198122
2000-02-01,19423.38,180.1965,282.65,0.63752518
2000-02-02,19578.91,181.1017,284.95,0.63555623
2000-02-03,19786.42,183.9570,287.5,0.63985060
2000-02-04,19763.13,184.4264,311.3,0.59243936
2000-02-07,19945.43,183.5413,305,0.60177466
2000-02-08,19868.88,181.4675,299.1,0.60671191
2000-02-09,20007.77,184.0303,307.2,0.59905684
2000-02-10,19710.02,180.4947,316.25,0.57073419
2000-02-14,19556.46,179.6148,308.2,0.58278652
2000-02-15,19367.83,177.4261,301.75,0.58799030
2000-02-16,19599.18,179.2335,302.5,0.59250734
2000-02-17,19791.4,178.9134,300.75,0.59489076
2000-02-18,19789.03,178.4081,304.8,0.58532852
2000-02-21,19587.36,176.0503,305.5,0.57626950
2000-02-22,19390.58,174.9737,305.2,0.57330816
2000-02-23,19519.55,175.5513,300.3,0.58458644
2000-02-24,19571.44,175.8914,298.5,0.58925104
2000-02-25,19817.88,179.6725,292.6,0.61405512
2000-02-28,19720.1,180.1251,292.2,0.61644469
2000-02-29,19959.52,181.1373,292.2,0.61990865
2000-03-01,20081.67,187.4514,289.25,0.64806020
2000-03-02,20065.11,186.2537,288.2,0.64626541
2000-03-03,19927.54,184.9939,288.5,0.64122660
2000-03-06,19796.35,184.3407,287.9,0.64029427
2000-03-07,19942.75,188.0150,293.2,0.64125167
2000-03-08,19766.8,184.3746,288.5,0.63908004
2000-03-09,19662.33,184.4496,291.2,0.63341217
2000-03-10,19750.4,185.9211,289,0.64332566
2000-03-13,19189.93,181.7056,290.4,0.62570804
2000-03-14,19141.84,181.9567,288.9,0.62982573
2000-03-15,19078.6,180.6002,289,0.62491402
2000-03-16,19253.23,182.4951,286.5,0.63698105
2000-03-17,19566.32,183.3769,284.6,0.64433220
2000-03-21,19602.36,183.4568,289.7,0.63326479
2000-03-22,19733.59,184.3916,288,0.64024864
2000-03-23,19704.6,183.6060,285.6,0.64287828
2000-03-24,19958.08,186.8034,285,0.65545068
2000-03-27,20281.03,190.0931,280.3,0.67817722
2000-03-28,20374.34,192.5923,280,0.68782966
2000-03-29,20706.65,195.9187,276.4,0.70882317
2000-03-30,20441.5,194.0342,276.65,0.70137058
2000-03-31,20337.32,197.9301,278.9,0.70968133
2000-04-03,20726.99,197.6823,278.2,0.71057623
2000-04-04,20594.93,195.7693,283.9,0.68957132
2000-04-05,20462.77,195.0693,281.5,0.69296378
2000-04-06,20223.61,193.1208,280.5,0.68848769
2000-04-07,20252.81,192.2248,280.2,0.68602730
2000-04-10,20619.06,193.7699,282,0.68712747
2000-04-11,20522.52,192.0146,281.6,0.68187001
2000-04-12,20833.21,197.0230,282.2,0.69816790
2000-04-13,20526.42,193.9382,281.9,0.68796810
2000-04-14,20434.68,195.0805,282.6,0.69030601
2000-04-17,19008.64,181.9009,281.6,0.64595476
2000-04-18,18969.52,181.2144,281.3,0.64420323
2000-04-19,19086.62,182.1938,280.7,0.64906938
2000-04-20,18959.32,179.4371,279.8,0.64130473
2000-04-21,18252.68,172.6348,280,0.61655294
2000-04-24,18480.15,174.7367,279.8,0.62450560
2000-04-25,18272.33,171.8940,278.4,0.61743527
2000-04-26,18134.31,170.6759,275.7,0.61906369
2000-04-27,18019.17,169.4009,277.05,0.61144510
2000-04-28,17973.7,166.1770,273.35,0.60792742
2000-05-01,18403.08,169.2704,273.65,0.61856539
2000-05-02,18439.36,170.1048,274.95,0.61867538
2000-05-08,18199.96,167.0181,276.55,0.60393447
2000-05-09,17844.54,163.4115,277.25,0.58940140
2000-05-10,17701.47,161.6130,277.75,0.58186492
2000-05-11,16882.46,155.6704,276.15,0.56371699
2000-05-12,17357.86,160.2165,276.15,0.58017940
2000-05-15,17313.69,158.4777,275.45,0.57534112
2000-05-16,17551.25,160.1391,275.65,0.58095100
2000-05-17,17404.03,159.2900,273.05,0.58337316
2000-05-18,17031.63,156.7568,273.35,0.57346564
2000-05-19,16858.17,157.5824,274.25,0.57459415
2000-05-22,16386.01,153.0116,275.8,0.55479180
2000-05-23,16318.73,153.3571,274.35,0.55898345
2000-05-24,16044.44,148.8491,273.5,0.54423787
2000-05-25,16247.82,151.4242,270.3,0.56020803
2000-05-26,16008.14,149.4551,272.4,0.54866057
2000-05-29,16245.44,151.8265,272.1,0.55798068
2000-05-30,16228.9,152.3840,273.2,0.55777466
2000-05-31,16332.45,151.7745,272.1,0.55778928
2000-06-01,16694.3,153.8787,272.8,0.56407148
2000-06-02,16800.06,155.5561,281.15,0.55328512
2000-06-05,17201.79,160.2850,285.45,0.56151703
2000-06-06,17170.08,162.3341,289.5,0.56073962
2000-06-07,17144.96,162.7892,287.3,0.56661752
2000-06-08,17004.34,160.3729,284.45,0.56380001
2000-06-09,16861.91,157.8092,283.85,0.55595974
2000-06-12,16980.61,158.9647,286.75,0.55436689
2000-06-13,16914.95,158.2611,285.75,0.55384474
2000-06-14,16654.42,156.2622,291.75,0.53560292
2000-06-15,16338.7,153.5159,289.85,0.52963921
2000-06-16,16318.31,153.4108,289.25,0.53037452
2000-06-19,16591.35,156.6996,286.25,0.54742206
2000-06-20,16907.55,160.2156,286.15,0.55990068
2000-06-21,17210.08,163.0514,286.15,0.56981109
2000-06-22,17106.01,163.6469,285.65,0.57289304
2000-06-23,16963.21,161.9554,283.15,0.57197744
2000-06-26,16925.4,160.2329,283.95,0.56429966
2000-06-27,17279.06,164.0936,286.15,0.57345321
2000-06-28,17370.17,164.4747,292.8,0.56173043
2000-06-29,17475.9,166.0734,289.15,0.57435021
2000-06-30,17411.05,164.2862,290.1,0.56630881
2000-07-03,17614.66,166.7108,287.85,0.57915849
2000-07-04,17470.15,164.7040,286.85,0.57418152
2000-07-05,17435.95,163.0747,284.15,0.57390367
2000-07-06,17282.37,160.8560,283.55,0.56729329
2000-07-07,17398.24,161.3338,283.65,0.56877782
2000-07-10,17572.68,164.2153,284.05,0.57812113
2000-07-11,17504.36,163.5157,282.55,0.57871435
2000-07-12,17342.13,160.4861,280.65,0.57183723
2000-07-13,17036.9,157.6031,280.25,0.56236626
2000-07-14,17142.9,159.0250,281.4,0.56512099
2000-07-17,17286.83,160.0188,283.55,0.56434065
2000-07-18,16945.07,156.7827,282.65,0.55468835
2000-07-19,16983.57,156.8631,279.15,0.56193129
2000-07-21,16811.49,154.4038,280.35,0.55075384
2000-07-24,16547.12,152.1714,279.25,0.54492898
2000-07-25,16573.59,151.9537,279.15,0.54434426
2000-07-26,16502.61,151.2197,279.75,0.54055313
2000-07-27,16182.01,148.2955,278.55,0.53238394
2000-07-28,15838.57,144.6841,278.4,0.51969869
2000-07-31,15727.49,143.7745,277.25,0.51857341
2000-08-01,16099.67,147.3789,277.35,0.53138233
2000-08-02,16206.19,148.8855,277.55,0.53642778
2000-08-03,15814.44,146.0244,273.95,0.53303295
2000-08-04,15667.36,144.3065,273.25,0.52811173
2000-08-07,16002.71,146.7196,273.75,0.53596212
2000-08-08,15820.11,145.6464,273.05,0.53340554
2000-08-09,16034.6,148.7854,272.55,0.54590122
2000-08-10,15975.65,147.0242,272.75,0.53904383
2000-08-11,16117.5,148.5621,275.15,0.53993124
2000-08-14,16153.91,147.6861,274.75,0.53752917
2000-08-15,16298.29,149.4982,274.65,0.54432247
2000-08-16,16356.03,150.6774,277.2,0.54356921
2000-08-17,16161.03,148.8261,277.65,0.53602066
2000-08-18,16280.49,150.2306,276.65,0.54303488
2000-08-21,16040.18,147.6181,275.2,0.53640289
2000-08-22,16454.74,151.9647,273.75,0.55512227
2000-08-23,16436.65,153.7285,271.25,0.56674097
2000-08-24,16670.82,156.0500,272.95,0.57171638
2000-08-25,16911.33,158.3310,274.25,0.57732347
2000-08-28,17181.12,161.4008,274.25,0.58851721
2000-08-29,17141.75,161.6689,273.25,0.59165185
2000-08-30,16901.67,158.7011,274.15,0.57888429
2000-08-31,16861.26,158.1287,277.85,0.56911524
2000-09-01,16739.78,157.9821,276.75,0.57084758
2000-09-04,16688.21,157.7932,277,0.56965058
2000-09-05,16452.27,155.5182,275.6,0.56428954
2000-09-06,16399.87,154.9057,274.65,0.56401141
2000-09-07,16300.46,155.1243,273.85,0.56645713
2000-09-08,16501.55,155.5136,273.05,0.56954264
2000-09-11,16130.9,152.1927,273.15,0.55717613
2000-09-12,16040.23,150.2035,273.05,0.55009516
2000-09-13,16190.52,151.1720,272.75,0.55425110
2000-09-14,16213.28,150.6810,272.45,0.55305943
2000-09-18,16061.16,150.2588,271.8,0.55282844
2000-09-19,16124.19,150.7356,272.15,0.55386966
2000-09-20,16458.31,154.4801,269.45,0.57331639
2000-09-21,16311.05,153.0979,270.65,0.56566746
2000-09-22,15818.25,146.6010,272.15,0.53867727
2000-09-25,15992.9,148.4398,274.35,0.54105982
2000-09-26,15928.62,148.1043,274.35,0.53983716
2000-09-27,15639.95,145.7455,278.7,0.52294763
2000-09-28,15626.96,145.2725,274.85,0.52855184
2000-09-29,15747.26,145.7405,274.25,0.53141473
2000-10-02,15902.51,146.1628,273.55,0.53431832
2000-10-03,15912.09,146.2508,272.25,0.53719312
2000-10-04,16149.08,147.8177,270.85,0.54575472
2000-10-05,16099.26,147.5913,269.25,0.54815714
2000-10-06,15994.24,147.0059,269.65,0.54517294
2000-10-10,15827.72,146.9475,272.75,0.53876277
2000-10-11,15513.57,144.0042,270.95,0.53147879
2000-10-12,15550.64,144.4287,276.55,0.52225174
2000-10-13,15330.31,142.2371,272.65,0.52168369
2000-10-16,15512.32,143.6060,272.05,0.52786620
2000-10-17,15340.22,142.0522,271.3,0.52359833
2000-10-18,14872.48,138.1430,270.75,0.51022361
2000-10-19,14811.08,136.7219,270.85,0.50478814
2000-10-20,15198.73,139.6557,271.55,0.51429093
2000-10-23,15097.96,139.5117,270.35,0.51604119
2000-10-24,15148.19,140.6778,270.15,0.52073974
2000-10-25,14840.47,137.1451,266.75,0.51413341
2000-10-26,14858.43,137.1716,265.35,0.51694600
2000-10-27,14582.2,134.2497,265.35,0.50593434
2000-10-30,14464.56,132.7389,264.35,0.50213323
2000-10-31,14539.6,133.4398,264.6,0.50430761
2000-11-01,14872.39,137.5545,264.8,0.51946555
2000-11-02,14837.78,137.2725,264.75,0.51849843
2000-11-06,15371.44,143.1499,264.95,0.54029037
2000-11-07,15340.33,143.4480,264.5,0.54233652
2000-11-08,15399.64,143.5998,265.05,0.54178372
2000-11-09,15060.05,140.2892,265.95,0.52750232
2000-11-10,14988.54,138.8985,264.75,0.52464033
2000-11-13,14664.64,136.3265,264.45,0.51550949
2000-11-14,14660.04,135.5528,264.55,0.51239026
2000-11-15,14799.14,135.9840,264.95,0.51324405
2000-11-16,14587.03,133.8505,266.35,0.50253622
2000-11-17,14544.3,133.6792,265.8,0.50293163
2000-11-20,14531.65,132.3224,266.4,0.49670584
2000-11-21,14408.46,130.7601,265.85,0.49185684
2000-11-22,14301.31,129.7642,266.65,0.48664608
2000-11-24,14315.35,128.6195,265.95,0.48362285
2000-11-27,14720.39,133.0476,270,0.49276901
2000-11-28,14658.87,133.1656,269.6,0.49393771
2000-11-29,14485.32,130.2402,266.95,0.48788254
2000-11-30,14648.51,132.7579,270.45,0.49087791
2000-12-01,14835.33,133.3513,269.8,0.49425975
2000-12-04,14954.73,134.8366,270.5,0.49847181
2000-12-05,14695.05,132.2687,270.6,0.48879777
2000-12-06,14889.37,135.0020,274.75,0.49136304
2000-12-07,14720.36,133.1918,273.75,0.48654546
2000-12-08,14696.51,132.4487,272.75,0.48560484
2000-12-11,15015.7,135.5208,270.55,0.50090836
2000-12-12,15114.64,135.6668,271.35,0.49996984
2000-12-13,15168.68,135.0608,269.35,0.50143239
2000-12-14,14927.19,133.1477,269.85,0.49341379
2000-12-15,14552.29,129.3077,270.95,0.47723828
2000-12-18,14483.9,129.2052,270.15,0.47827197
2000-12-19,14132.37,125.7888,270.25,0.46545341
2000-12-20,13914.43,123.4205,273.45,0.45134586
2000-12-21,13423.21,119.5619,274.15,0.43611840
2000-12-22,13427.08,118.9711,273.95,0.43428040
2000-12-25,13931.61,123.6058,273.8,0.45144559
2000-12-26,14007.85,123.3303,274.45,0.44937239
2000-12-27,13981.49,122.3656,275.5,0.44415815
2000-12-28,13946.96,121.8501,272.25,0.44756686
2000-12-29,13785.69,120.6414,272.25,0.44312718
2001-01-04,13691.49,118.3566,267.55,0.44237185
2001-01-05,13867.61,118.9944,268.15,0.44376067
2001-01-09,13610.51,116.5483,267.75,0.43528775
2001-01-10,13432.65,115.3611,264.95,0.43540717
2001-01-11,13201.07,112.1682,264.4,0.42423659
2001-01-12,13347.74,112.6867,264.32,0.42632681
2001-01-15,13506.23,113.5932,263.68,0.43079941
2001-01-16,13584.45,115.4649,263.75,0.43778176
2001-01-17,13667.63,114.9796,263.8,0.43585914
2001-01-18,13873.92,117.6653,265.05,0.44393638
2001-01-19,13989.12,119.4630,264.75,0.45122955
2001-01-22,14032.42,120.6675,267,0.45193809
2001-01-23,13984.66,119.5577,266.75,0.44820118
2001-01-24,13893.58,117.9721,264.75,0.44559830
2001-01-25,13803.38,118.2201,264.95,0.44619781
2001-01-26,13696.06,116.7908,263.05,0.44398717
2001-01-29,13845.28,118.6196,263.05,0.45093937
2001-01-30,13826.65,119.3393,265.85,0.44889708
2001-01-31,13843.55,119.0024,266.05,0.44729339
2001-02-01,13779.55,119.2209,268.55,0.44394298
2001-02-02,13703.63,118.5435,267.55,0.44307050
2001-02-05,13385.52,116.6291,265.25,0.43969495
2001-02-06,13269.85,115.6817,263.75,0.43860367
2001-02-07,13366.01,114.9270,263.35,0.43640402
2001-02-08,13138.23,112.6681,260.85,0.43192687
2001-02-09,13422.83,114.2174,260.65,0.43820222
2001-02-13,13274.7,113.7799,261.45,0.43518796
2001-02-14,13284.06,114.3403,259.85,0.44002438
2001-02-15,13327.39,115.4987,255.85,0.45143114
2001-02-16,13175.49,113.8862,258.95,0.43979981
2001-02-19,13119.59,113.1097,259.65,0.43562359
2001-02-20,13248.36,114.5655,256.65,0.44638827
2001-02-21,13100.08,112.4470,258.65,0.43474594
2001-02-22,13073.36,111.6808,259.05,0.43111696
2001-02-23,13246,114.3671,261.55,0.43726676
2001-02-26,13201.14,113.3242,266.55,0.42515188
2001-02-27,13059.86,112.4783,267.75,0.42008717
2001-02-28,12883.54,109.8341,267.15,0.41113270
2001-03-01,12653.23,107.7788,265.65,0.40571726
2001-03-02,12261.8,103.0057,262.85,0.39188021
2001-03-05,12322.16,103.4693,263.05,0.39334465
2001-03-06,12687.74,106.7452,260.75,0.40937774
2001-03-07,12723.89,106.0413,262.45,0.40404364
2001-03-08,12650.56,105.6944,267.05,0.39578497
2001-03-09,12627.9,105.6551,272.38,0.38789603
2001-03-12,12171.37,101.1499,272.55,0.37112427
2001-03-13,11819.7,98.7526,268.15,0.36827377
2001-03-14,11843.59,97.8082,263.15,0.37168216
2001-03-15,12152.83,99.3365,260.65,0.38111077
2001-03-16,12232.98,99.5199,258.75,0.38461778
2001-03-19,12190.97,99.1539,260.85,0.38011840
2001-03-21,13103.94,106.2510,263.05,0.40391954
2001-03-22,12853.97,104.0976,262.05,0.39724322
2001-03-23,13214.54,107.6716,262.45,0.41025581
2001-03-26,13862.31,113.0141,262.65,0.43028404
2001-03-27,13638.33,111.8629,261.55,0.42769238
2001-03-28,13765.51,112.5185,260.05,0.43268015
2001-03-29,13072.36,105.6523,258.95,0.40800273
2001-03-30,12999.7,103.0169,257.95,0.39936763
2001-04-02,12937.86,101.9853,255.55,0.39908174
2001-04-03,13124.47,104.4859,257.25,0.40616470
2001-04-04,13242.78,105.5538,258.45,0.40841092
2001-04-05,13381.38,107.8187,258.55,0.41701299
2001-04-06,13383.76,108.1166,260.05,0.41575331
2001-04-09,12841.76,102.7176,258.55,0.39728349
2001-04-10,12620.27,101.4002,257.5,0.39378722
2001-04-11,13174.93,105.5599,258.8,0.40788211
2001-04-12,13352.44,108.0469,260.15,0.41532552
2001-04-13,13385.72,107.7408,259.25,0.41558659
2001-04-16,13254.89,106.4735,263.35,0.40430428
2001-04-17,13067.09,105.9007,261.05,0.40567218
2001-04-18,13641.79,111.6441,261.25,0.42734576
2001-04-19,13868.28,114.5760,265.45,0.43162934
2001-04-20,13765.67,112.4279,264.65,0.42481724
2001-04-23,13715.6,113.0904,263.45,0.42926692
2001-04-24,13743.18,112.5199,264.15,0.42596970
2001-04-25,13827.5,113.2103,262.25,0.43168828
2001-04-26,13973.03,113.4175,264.15,0.42936760
2001-04-27,13934.32,112.3283,263.65,0.42605065
2001-05-01,14425.46,118.1543,264.55,0.44662375
2001-05-02,14421.64,118.6869,265.5,0.44703148
2001-05-07,14529.41,119.8895,266.25,0.45028925
2001-05-08,14289.05,117.8673,265.25,0.44436297
2001-05-09,14084.85,115.2795,270.05,0.42688208
2001-05-10,14017.79,114.1979,269.25,0.42413327
2001-05-11,14043.92,114.5601,268.05,0.42738324
2001-05-14,13873.02,112.4779,268.4,0.41906806
2001-05-15,14054.03,113.8347,268.45,0.42404427
2001-05-16,13694.27,110.7771,272.05,0.40719404
2001-05-17,13910.67,113.4916,273.75,0.41458132
2001-05-18,13877.77,112.3070,287.55,0.39056495
2001-05-21,14176.83,115.4653,285.55,0.40436107
2001-05-22,14091.19,114.8052,285.15,0.40261335
2001-05-23,14067.7,117.2993,283.75,0.41338946
2001-05-24,13895.79,115.8948,279.15,0.41517044
2001-05-25,13765.92,114.0507,277.65,0.41077149
2001-05-28,13737.77,113.3760,277.65,0.40834144
2001-05-29,13773.89,114.7346,273.85,0.41896882
2001-05-30,13493.35,112.0896,266.05,0.42131040
2001-05-31,13262.14,111.2969,265.85,0.41864552
2001-06-01,13261.84,111.2477,267.05,0.41658009
2001-06-04,13312.35,111.6059,265.75,0.41996570
2001-06-05,13191.01,109.5963,266.25,0.41162927
2001-06-06,13174.84,109.4529,266.25,0.41109053
2001-06-07,13277.51,110.4894,266.55,0.41451656
2001-06-08,13430.22,111.2141,273.75,0.40626171
2001-06-11,13226.48,108.4138,268.15,0.40430271
2001-06-12,12840.1,105.4802,271.75,0.38815147
2001-06-13,12823.45,105.0930,272.6,0.38552097
2001-06-14,12846.66,105.8558,275.75,0.38388323
2001-06-15,12790.38,103.8939,271.55,0.38259590
2001-06-18,12697.79,102.9161,272.75,0.37732764
2001-06-19,12574.26,102.2630,273.65,0.37370003
2001-06-20,12674.64,102.3634,272.75,0.37530130
2001-06-21,12962.43,104.0240,272.95,0.38111007
2001-06-22,13044.61,104.7844,272.65,0.38431836
2001-06-25,12896.47,104.1466,273.95,0.38016635
2001-06-26,12978.82,104.7439,276.15,0.37930084
2001-06-27,12828.98,103.1186,272.35,0.37862515
2001-06-28,12679.88,101.6912,269.25,0.37768332
2001-06-29,12969.05,103.9770,270.85,0.38389142
2001-07-02,12751.18,102.5344,269.55,0.38039108
2001-07-03,12817.41,103.0090,267.75,0.38472083
2001-07-04,12629.02,101.4216,267.95,0.37850949
2001-07-05,12607.3,100.2648,265.35,0.37785880
2001-07-06,12306.08,97.6518,266.25,0.36676733
2001-07-09,12239.68,97.6129,266.65,0.36607121
2001-07-10,12300.41,98.0425,266.35,0.36809643
2001-07-11,12005.11,96.4886,268.45,0.35942852
2001-07-12,12407.95,100.1126,266.85,0.37516415
2001-07-13,12355.15,98.8412,267.35,0.36970713
2001-07-16,12343.37,98.3379,267.15,0.36809985
2001-07-17,12128.57,97.0286,268.35,0.36157466
2001-07-18,11892.58,95.9543,270.75,0.35440197
2001-07-19,11908.39,96.5102,269.25,0.35844075
2001-07-23,11609.63,93.2725,268.85,0.34693143
2001-07-24,11883.25,95.7400,269.75,0.35492126
2001-07-25,11891.61,96.1560,267.95,0.35885792
2001-07-26,11858.56,95.8577,266.45,0.35975880
2001-07-27,11798.08,95.5078,267.55,0.35697183
2001-07-30,11572.23,92.4817,265.25,0.34865847
2001-07-31,11860.77,94.8786,266.65,0.35581687
2001-08-01,11959.33,95.9818,267.55,0.35874334
2001-08-02,12399.2,100.2604,268.05,0.37403608
2001-08-03,12241.97,99.0050,268.55,0.36866511
2001-08-06,12243.9,98.8448,267.75,0.36916809
2001-08-07,12319.46,99.7123,267.65,0.37254752
2001-08-08,12163.67,98.4195,268.35,0.36675809
2001-08-09,11754.56,96.5467,274.15,0.35216740
2001-08-10,11735.06,96.1969,274.55,0.35038026
2001-08-13,11477.56,93.7326,275.95,0.33967250
2001-08-14,11917.95,97.9128,276.75,0.35379524
2001-08-15,11755.4,98.3963,275.85,0.35670201
2001-08-16,11515.02,95.6715,275.35,0.34745410
2001-08-17,11445.54,95.1970,279.25,0.34090256
2001-08-20,11257.94,93.2798,276.05,0.33790910
2001-08-21,11280.38,94.3728,275.05,0.34311141
2001-08-22,11396.43,94.6862,274.45,0.34500343
2001-08-23,11126.92,92.8559,275.35,0.33722854
2001-08-24,11166.31,93.0448,272.85,0.34101092
2001-08-27,11275.01,94.0839,272.85,0.34481899
2001-08-28,11189.4,93.1441,272.25,0.34212707
2001-08-29,10979.76,91.3610,273.65,0.33386062
2001-08-30,10938.45,91.6118,275.3,0.33277083
2001-08-31,10713.51,90.1507,274.45,0.32847771
2001-09-03,10409.68,87.6605,273.5,0.32051358
2001-09-04,10772.59,90.3362,272.15,0.33193527
2001-09-05,10598.79,87.7601,272.05,0.32258821
2001-09-06,10650.33,88.0120,272.9,0.32250635
2001-09-07,10516.79,87.4723,273.15,0.32023526
2001-09-10,10195.69,84.2898,271.75,0.31017393
2001-09-11,10292.95,86.3937,286.75,0.30128592
2001-09-12,9610.1,80.4125,278.25,0.28899377
2001-09-13,9613.09,80.8910,281.25,0.28761255
2001-09-14,10008.89,85.3855,285.55,0.29902124
2001-09-17,9504.41,80.6347,290,0.27805063
2001-09-18,9679.88,82.5435,287.75,0.28685850
2001-09-19,9939.6,84.5060,290.5,0.29089858
2001-09-20,9785.16,84.1879,288.65,0.29166085
2001-09-21,9554.99,81.7854,291.45,0.28061559
2001-09-25,9693.97,82.3547,289.75,0.28422670
2001-09-26,9641.7,81.8550,293.05,0.27932092
2001-09-27,9696.53,81.0069,291.95,0.27746852
2001-09-28,9774.68,81.7554,293.2,0.27883846
2001-10-01,9972.28,82.8813,291.7,0.28413204
2001-10-02,10136.56,83.8911,289.45,0.28982929
2001-10-03,9924.23,82.2291,289.45,0.28408740
2001-10-04,10205.48,84.6998,289.85,0.29221946
2001-10-05,10205.87,84.6820,290.95,0.29105331
2001-10-09,10011.77,83.2857,288,0.28918634
2001-10-10,9964.88,82.7579,284.85,0.29053154
2001-10-11,10347.01,85.1676,281.25,0.30281808
2001-10-12,10632.35,87.7691,284.45,0.30855725
2001-10-15,10452.54,86.4275,281.45,0.30707936
2001-10-16,10637.82,87.7201,281.35,0.31178293
2001-10-17,10755.45,88.7047,282.45,0.31405467
2001-10-18,10474.85,86.4618,279.45,0.30939998
2001-10-19,10538.79,86.9394,279.65,0.31088635
2001-10-22,10565.41,86.2201,275.55,0.31290180
2001-10-23,10861.56,88.6152,275.95,0.32112759
2001-10-24,10802.15,87.8724,275.35,0.31912971
2001-10-25,10880.1,88.4849,277.25,0.31915193
2001-10-26,10795.16,87.9371,277.35,0.31706188
2001-10-29,10612.31,86.9861,278.85,0.31194602
2001-10-30,10512.82,86.1636,280.75,0.30690505
2001-10-31,10366.34,84.6439,279.5,0.30284048
2001-11-01,10347.28,84.8068,279.65,0.30326057
2001-11-02,10383.78,85.3017,279.95,0.30470346
2001-11-05,10447.54,85.7832,279.05,0.30741169
2001-11-06,10633.72,87.7370,280.65,0.31262057
2001-11-07,10284.98,85.0279,280.75,0.30285999
2001-11-08,10431.79,86.8014,277.05,0.31330583
2001-11-09,10215.71,84.8199,277.45,0.30571242
2001-11-12,10081.56,83.6991,278.67,0.30035213
2001-11-13,10030.56,82.4068,277.55,0.29690807
2001-11-14,10086.76,82.9367,277.75,0.29860194
2001-11-15,10489.89,85.6527,275.35,0.31106857
2001-11-16,10649.09,86.5991,274.85,0.31507764
2001-11-19,10727.94,87.0139,272.75,0.31902427
2001-11-20,10575.62,86.2471,273.25,0.31563442
2001-11-21,10661.08,86.5628,273.15,0.31690589
2001-11-22,10696.82,86.2716,272.85,0.31618704
2001-11-26,11064.3,89.1635,272.95,0.32666609
2001-11-27,10948.89,88.3402,273.75,0.32270409
2001-11-28,10624.81,86.2613,274.55,0.31419175
2001-11-29,10655.96,86.5142,274,0.31574543
2001-11-30,10697.44,86.6049,274.4,0.31561561
2001-12-03,10370.62,83.5263,277.35,0.30115831
2001-12-04,10452.65,84.1260,275.75,0.30508053
2001-12-05,10713.81,86.2140,274.45,0.31413361
2001-12-06,10857.28,87.0463,274.55,0.31705066
2001-12-07,10796.89,85.9967,274.55,0.31322795
2001-12-10,10571.01,83.8370,272.75,0.30737680
2001-12-11,10473.91,83.0538,272.85,0.30439349
2001-12-12,10801.52,85.6991,274.55,0.31214403
2001-12-13,10433.45,82.7526,274.5,0.30146673
2001-12-14,10511.65,82.5285,278.45,0.29638521
2001-12-17,10323.35,80.8850,278.35,0.29058732
2001-12-18,10432.17,81.6416,280.45,0.29110947
2001-12-19,10471.93,81.7992,276.15,0.29621283
2001-12-20,10434.52,81.1583,276.35,0.29367932
2001-12-21,10335.45,79.7119,278.15,0.28657896
2001-12-25,10254.81,78.3049,278.75,0.28091445
2001-12-26,10192.57,77.8891,279.25,0.27892254
2001-12-27,10457.61,79.3988,277.05,0.28658637
2001-12-28,10542.62,80.3982,276.55,0.29071861
2002-01-04,10871.49,83.0265,278.95,0.29763936
2002-01-07,10942.36,83.4849,278.75,0.29949724
2002-01-08,10695.6,80.7093,279.05,0.28922891
2002-01-09,10663.98,80.2346,283.75,0.28276509
2002-01-10,10538.43,79.4334,286.4,0.27735128
2002-01-11,10441.59,79.0311,287.55,0.27484301
2002-01-15,10208.05,77.7519,284.65,0.27314921
2002-01-16,10177.58,77.1438,287.55,0.26827956
2002-01-17,10128.18,76.4853,284.05,0.26926694
2002-01-18,10293.32,77.6268,283.55,0.27376776
2002-01-21,10280.25,77.5224,282.55,0.27436714
2002-01-22,10050.98,75.0633,281.85,0.26632369
2002-01-23,10040.91,74.6481,279.25,0.26731623
2002-01-24,10074.05,74.7222,278.85,0.26796565
2002-01-25,10144.14,75.4660,279.45,0.27005190
2002-01-28,10220.85,76.5320,278.75,0.27455430
2002-01-29,10026.03,75.1520,281.95,0.26654376
2002-01-30,9919.48,74.6106,281.95,0.26462353
2002-01-31,9997.8,74.1292,282.95,0.26198679
2002-02-01,9791.43,73.5976,286.25,0.25710966
2002-02-04,9631.93,72.7597,289.65,0.25119871
2002-02-05,9475.6,70.7345,297.55,0.23772323
2002-02-06,9420.85,70.4310,296.75,0.23734118
2002-02-07,9583.27,71.6560,301.05,0.23802018
2002-02-08,9686.06,71.8657,303.75,0.23659492
2002-02-12,9877.99,74.4161,300.25,0.24784705
2002-02-13,9968.35,74.6637,299.5,0.24929448
2002-02-14,10081.09,76.3199,299.95,0.25444193
2002-02-15,10048.1,75.7375,297.85,0.25428083
2002-02-18,10093.25,75.9977,297.75,0.25523985
2002-02-19,9847.16,73.6732,293.1,0.25135858
2002-02-20,9834.13,73.5042,291.45,0.25220183
2002-02-21,10295.42,76.6713,292.75,0.26190020
2002-02-22,10356.78,77.2203,292.75,0.26377541
2002-02-25,10296.47,76.8910,292.55,0.26283019
2002-02-26,10202.63,75.7715,297.75,0.25448021
2002-02-27,10573.09,78.7274,296.6,0.26543291
2002-02-28,10587.83,79.2028,296.55,0.26708075
2002-03-01,10812,81.0130,298.15,0.27171906
2002-03-04,11450.22,86.5539,296.85,0.29157465
2002-03-05,11348.45,85.8236,293.95,0.29196654
2002-03-06,11358.53,86.9253,293.5,0.29616800
2002-03-07,11648.34,91.5390,289.55,0.31614235
2002-03-08,11885.79,92.4533,289.75,0.31907938
2002-03-11,11919.3,92.8222,290.7,0.31930585
2002-03-12,11607.33,90.0072,293.85,0.30630326
2002-03-13,11415.31,88.0675,293.35,0.30021307
2002-03-14,11568.82,89.5558,291.25,0.30748777
2002-03-15,11648.01,90.1619,290.05,0.31084935
2002-03-18,11498.38,87.5400,292.55,0.29923093
2002-03-19,11792.82,89.3192,293.2,0.30463590
2002-03-20,11526.78,87.6828,292.45,0.29982148
2002-03-22,11345.08,85.3977,297.75,0.28680996
2002-03-25,11261.09,84.3843,298.35,0.28283673
2002-03-26,11207.92,84.2257,296.75,0.28382728
2002-03-27,11323.68,85.2944,302.25,0.28219807
2002-03-28,11333.11,85.3654,302.65,0.28205979
2002-03-29,11024.94,83.0066,302.5,0.27440207
2002-04-01,11028.7,82.6491,303.35,0.27245469
2002-04-02,11204.49,83.9854,305.85,0.27459664
2002-04-03,11400.71,85.8617,302.55,0.28379326
2002-04-04,11379.2,85.9197,301,0.28544738
2002-04-05,11335.49,86.0967,300.05,0.28694114
2002-04-08,11352.89,86.2485,300.5,0.28701664
2002-04-09,11114.49,84.8888,298.55,0.28433695
2002-04-10,11218.58,85.7886,301.25,0.28477556
2002-04-11,11147.27,84.7379,302.6,0.28003270
2002-04-12,10962.98,83.0089,302.15,0.27472732
2002-04-15,11137.3,84.3415,299.85,0.28127910
2002-04-16,11346.66,86.4507,299,0.28913292
2002-04-17,11543.71,88.2952,302.05,0.29231970
2002-04-18,11575.73,89.0441,303.65,0.29324577
2002-04-19,11512.01,88.3297,302.35,0.29214388
2002-04-22,11721.64,90.1803,302.9,0.29772313
2002-04-23,11736.83,90.1931,303.65,0.29702985
2002-04-24,11672.88,90.0199,304.05,0.29606939
2002-04-25,11648.72,90.4966,307.65,0.29415434
2002-04-26,11541.39,90.2306,311.35,0.28980425
2002-04-30,11492.54,89.3457,308.45,0.28966030
2002-05-01,11552.79,90.5533,308.85,0.29319508
2002-05-02,11551.01,90.2916,307.85,0.29329753
2002-05-07,11316.04,88.4066,311.55,0.28376364
2002-05-08,11520.75,89.4121,308.25,0.29006361
2002-05-09,11633.3,90.6373,309.55,0.29280349
2002-05-10,11531.11,90.3975,311.05,0.29062060
2002-05-13,11336.95,88.6808,310.95,0.28519303
2002-05-14,11356.19,88.3269,307.65,0.28710191
2002-05-15,11642.97,91.1673,309.05,0.29499192
2002-05-16,11738.69,91.5226,309.85,0.29537715
2002-05-17,11847.32,94.1459,311.05,0.30267127
2002-05-20,11856.54,94.5498,311.75,0.30328712
2002-05-21,11801.16,95.0633,316.15,0.30069054
2002-05-22,11961.98,96.3278,317.65,0.30325122
2002-05-23,11979.85,95.8235,322.05,0.29754221
2002-05-24,11976.28,95.9869,320.55,0.29944425
2002-05-27,11976.35,95.9874,320.25,0.29972652
2002-05-28,11936.08,95.7798,324.35,0.29529771
2002-05-29,11853,95.2584,325.05,0.29305762
2002-05-30,11770.03,95.4585,325.05,0.29367320
2002-05-31,11763.7,94.6472,326.55,0.28983983
2002-06-03,11901.39,96.2351,327.15,0.29416189
2002-06-04,11653.07,93.9309,324.8,0.28919618
2002-06-05,11663.87,93.6255,321.45,0.29126005
2002-06-06,11574.94,93.1660,325.65,0.28609234
2002-06-07,11438.53,91.9348,323.95,0.28379323
2002-06-10,11370.21,91.1513,319.05,0.28569589
2002-06-11,11449.44,91.3908,321.05,0.28466222
2002-06-12,11327.06,90.0760,319.25,0.28214886
2002-06-13,11144.84,89.2158,318.15,0.28042061
2002-06-14,10920.63,87.8641,322.1,0.27278519
2002-06-17,10664.11,85.6761,317.8,0.26959140
2002-06-18,10839.93,87.1307,318.35,0.27369467
2002-06-19,10476.18,84.5467,320.65,0.26367281
2002-06-20,10612.98,85.9699,322.35,0.26669727
2002-06-21,10354.35,85.2491,322.7,0.26417432
2002-06-24,10471.32,86.0562,326.4,0.26365261
2002-06-25,10496.67,86.4137,321.7,0.26861574
2002-06-26,10074.56,83.9407,324.6,0.25859728
2002-06-27,10261.6,85.7922,318.45,0.26940543
2002-06-28,10621.84,88.7817,318.5,0.27874938
2002-07-01,10595.44,88.3469,312.3,0.28289103
2002-07-02,10622.32,88.5858,314.45,0.28171656
2002-07-03,10812.3,90.0575,310.85,0.28971360
2002-07-04,10632.81,88.5625,310.6,0.28513351
2002-07-05,10826.09,89.8729,311.3,0.28870191
2002-07-08,10769.2,90.7568,311.7,0.29116710
2002-07-09,10960.25,92.7656,321.45,0.28858470
2002-07-10,10752.66,91.3487,314.8,0.29018024
2002-07-11,10485.74,89.7060,314.15,0.28555164
2002-07-12,10601.45,90.6804,316.7,0.28632914
2002-07-15,10375.15,89.1719,319,0.27953572
2002-07-16,10250.42,88.5030,318.25,0.27809276
2002-07-17,10296.02,88.5451,316.15,0.28007295
2002-07-18,10498.26,89.9286,317.65,0.28310581
2002-07-19,10202.36,88.1718,322.9,0.27306228
2002-07-22,10189.01,87.6097,324,0.27040036
2002-07-23,10215.63,86.8233,319.7,0.27157743
2002-07-24,9947.72,85.1834,311.25,0.27368168
2002-07-25,9929.91,85.2865,309.45,0.27560680
2002-07-26,9591.03,80.6782,304.95,0.26456221
2002-07-29,9666.67,80.7170,303,0.26639280
2002-07-30,10003.72,83.1703,305.4,0.27233225
2002-07-31,9877.94,82.3505,304.65,0.27031177
2002-08-01,9793.51,82.0158,302.25,0.27135096
2002-08-02,9709.66,81.6830,305.55,0.26733109
2002-08-05,9704.93,81.1110,309.5,0.26207105
2002-08-06,9501.02,78.5988,306.75,0.25623073
2002-08-07,9834.4,81.7490,312.2,0.26184805
2002-08-08,9799.57,80.9882,312.15,0.25945277
2002-08-09,9999.79,83.2553,312.95,0.26603376
2002-08-12,9747.82,81.8663,316.7,0.25849794
2002-08-13,9688.61,81.5471,313.8,0.25986964
2002-08-14,9638.41,82.0989,315.65,0.26009470
2002-08-15,9795.57,83.5087,312.65,0.26709962
2002-08-16,9788.13,83.1193,314.2,0.26454268
2002-08-19,9599.1,80.9982,310.1,0.26120035
2002-08-20,9620.69,80.9618,308,0.26286297
2002-08-21,9642.61,81.2694,306.55,0.26510965
2002-08-22,9814.02,81.7631,305.4,0.26772449
2002-08-23,9867.45,82.4348,305.95,0.26943892
2002-08-26,10067.74,84.0169,305.95,0.27460976
2002-08-27,9907.3,83.8465,310.5,0.27003697
2002-08-28,9766.73,82.2600,311.1,0.26441659
2002-08-29,9620.14,81.3267,312.1,0.26057911
2002-08-30,9619.3,81.2235,312.8,0.25966594
2002-09-02,9521.63,80.5689,312,0.25823358
2002-09-03,9217.04,78.7377,313.5,0.25115707
2002-09-04,9075.09,76.8815,313,0.24562773
2002-09-05,9222.12,77.9224,317.55,0.24538634
2002-09-06,9129.07,77.0126,319.25,0.24122966
2002-09-09,9306.26,78.2565,322.5,0.24265574
2002-09-10,9309.31,77.6164,319.1,0.24323532
2002-09-11,9400.08,78.0997,315.5,0.24754263
2002-09-12,9415.23,78.3753,318.85,0.24580631
2002-09-13,9241.93,75.8592,318.85,0.23791510
2002-09-17,9543.94,78.1649,315.9,0.24743573
2002-09-18,9472.06,77.8888,318.7,0.24439543
2002-09-19,9669.62,79.6837,322.25,0.24727300
2002-09-20,9481.08,76.7761,322.3,0.23821314
2002-09-24,9321.64,75.4728,326.3,0.23129867
2002-09-25,9165.41,74.6308,325.15,0.22952733
2002-09-26,9320.92,76.3634,319.6,0.23893438
2002-09-27,9530.44,77.6917,320.05,0.24274861
2002-09-30,9383.29,77.0512,323.7,0.23803262
2002-10-01,9162.26,74.7390,321.75,0.23228920
2002-10-02,9049.33,73.6257,322.2,0.22850919
2002-10-03,8936.43,72.8494,322.1,0.22616998
2002-10-04,9027.55,73.2043,320.3,0.22854906
2002-10-07,8688,69.9179,321.75,0.21730509
2002-10-08,8708.9,70.0918,319,0.21972336
2002-10-09,8539.34,69.2454,319.35,0.21683225
2002-10-10,8439.62,68.2431,318.95,0.21396164
2002-10-11,8529.61,68.7539,316.85,0.21699198
2002-10-15,8836.73,70.8696,316.2,0.22412902
2002-10-16,8884.87,71.3702,314.05,0.22725728
2002-10-17,8959.88,71.7135,310.75,0.23077542
2002-10-18,9086.13,72.3821,312.75,0.23143770
2002-10-21,8978.41,71.8560,312.6,0.22986571
2002-10-22,8689.39,69.4207,311.65,0.22275215
2002-10-23,8714.52,69.9287,312.1,0.22405877
2002-10-24,8614.3,69.2023,311.1,0.22244385
2002-10-25,8726.29,70.2148,311.75,0.22522777
2002-10-28,8757.51,70.8307,314.45,0.22525272
2002-10-29,8708.76,70.6593,317.15,0.22279461
2002-10-30,8756.59,71.2034,316.55,0.22493561
2002-10-31,8640.48,70.5058,316.35,0.22287262
2002-11-01,8685.72,71.0837,319.85,0.22224081
2002-11-05,8937.56,73.3308,318.5,0.23023804
2002-11-06,8953.29,73.4478,317.3,0.23147755
2002-11-07,8920.44,73.5949,319.25,0.23052441
2002-11-08,8690.77,72.5319,321.7,0.22546435
2002-11-11,8460.37,70.7507,320.7,0.22061338
2002-11-12,8464.77,70.7224,321.75,0.21980559
2002-11-13,8438.52,70.1982,324,0.21666097
2002-11-14,8303.39,68.8906,318.6,0.21622928
2002-11-15,8503.59,70.5282,318.5,0.22143875
2002-11-18,8346.01,68.9411,318.75,0.21628582
2002-11-19,8365.26,68.4443,319.7,0.21408909
2002-11-20,8459.62,68.9568,318.85,0.21626720
2002-11-21,8668.06,70.6616,318.4,0.22192717
2002-11-22,8772.56,71.4087,317.7,0.22476774
2002-11-25,8944.44,73.2670,317.45,0.23079867
2002-11-26,8823.99,72.5538,317.5,0.22851582
2002-11-27,8875.88,72.5569,317.85,0.22827389
2002-11-28,9176.78,75.0473,317.6,0.23629493
2002-11-29,9215.56,75.1984,319.05,0.23569462
2002-12-02,9174.47,73.6432,316.45,0.23271670
2002-12-03,9205.11,73.8654,319.7,0.23104608
2002-12-04,9006.73,72.3084,322.1,0.22449042
2002-12-05,8917.57,71.4549,322.45,0.22159990
2002-12-06,8863.26,71.7731,325.75,0.22033185
2002-12-09,8828.05,71.5691,325.1,0.22014492
2002-12-10,8804.52,71.1534,323.1,0.22022094
2002-12-11,8727.66,70.5950,324.25,0.21771781
2002-12-12,8708.69,70.9813,326.4,0.21746708
2002-12-13,8516.07,70.7021,332.2,0.21282997
2002-12-16,8450.94,69.6583,332.9,0.20924680
2002-12-17,8510.73,70.2032,339,0.20708899
2002-12-18,8344.01,68.9132,338,0.20388520
2002-12-19,8387.57,69.6700,345,0.20194200
2002-12-20,8406.88,69.8594,341.6,0.20450644
2002-12-24,8512.37,70.7419,343.95,0.20567488
2002-12-25,8501.14,70.6662,343.95,0.20545477
2002-12-26,8700.1,72.5432,343.95,0.21091191
2002-12-27,8714.05,72.6837,349.3,0.20808391
2002-12-30,8578.95,72.3840,347.2,0.20847922
2003-01-06,8713.33,73.1291,351.75,0.20790073
2003-01-07,8656.5,71.8919,349,0.20599390
2003-01-08,8517.8,71.5601,349.75,0.20460361
2003-01-09,8497.93,71.2435,352.4,0.20216670
2003-01-10,8470.45,71.0370,353,0.20123792
2003-01-14,8553.06,72.4099,353.1,0.20506916
2003-01-15,8611.75,72.9130,351,0.20772924
2003-01-16,8609.17,73.0519,352.3,0.20735717
2003-01-17,8690.25,73.8151,357,0.20676494
2003-01-20,8558.82,72.5324,355.85,0.20382850
2003-01-21,8708.58,73.6954,353.8,0.20829665
2003-01-22,8611.04,72.7776,358.5,0.20300572
2003-01-23,8790.92,74.4804,364.7,0.20422371
2003-01-24,8731.65,74.1353,366,0.20255533
2003-01-27,8609.47,72.7458,368.5,0.19741069
2003-01-28,8525.39,71.8472,368.4,0.19502500
2003-01-29,8331.08,70.3223,370.6,0.18975250
2003-01-30,8316.81,69.8833,367.6,0.19010687
2003-01-31,8339.94,69.5691,367.5,0.18930359
2003-02-03,8500.79,70.6926,369.5,0.19131973
2003-02-04,8484.9,70.8670,376.55,0.18820064
2003-02-05,8549.85,71.2369,382.1,0.18643517
2003-02-06,8484.19,70.7960,375.8,0.18838738
2003-02-07,8448.16,70.2491,373.25,0.18820932
2003-02-10,8484.93,70.0134,370.5,0.18897018
2003-02-12,8664.17,71.4807,356.3,0.20061929
2003-02-13,8599.66,71.2955,352.8,0.20208468
2003-02-14,8701.92,72.3352,354.25,0.20419241
2003-02-17,8771.89,73.0200,347,0.21043221
2003-02-18,8692.97,73.0747,344,0.21242654
2003-02-19,8678.44,73.1124,346,0.21130747
2003-02-20,8650.92,73.1270,351.55,0.20801299
2003-02-21,8513.54,71.7292,352.3,0.20360264
2003-02-24,8564.95,72.6644,355.2,0.20457313
2003-02-25,8360.49,71.2866,357.6,0.19934726
2003-02-26,8356.81,71.4013,351.9,0.20290229
2003-02-27,8359.38,71.0892,351.25,0.20238921
2003-02-28,8363.04,70.8132,347.65,0.20369109
2003-03-03,8490.4,72.2403,345.5,0.20908909
2003-03-04,8480.22,71.9455,353.4,0.20358102
2003-03-05,8472.62,72.2488,353.95,0.20412156
2003-03-06,8369.15,71.3057,354.7,0.20103101
2003-03-07,8144.12,69.5722,350.75,0.19835263
2003-03-10,8042.26,68.8373,354.45,0.19420873
2003-03-11,7862.43,67.1429,353.15,0.19012564
2003-03-12,7943.04,67.7387,346.1,0.19572002
2003-03-13,7868.56,66.3174,334.5,0.19825831
2003-03-14,8002.69,67.6760,335.5,0.20171692
2003-03-17,7871.64,66.4049,340.75,0.19487873
2003-03-18,7954.46,66.9455,338.8,0.19759582
2003-03-19,8051.04,66.8358,335.8,0.19903453
2003-03-20,8195.05,68.1558,335.5,0.20314686
2003-03-24,8435.07,69.8441,329.45,0.21200208
2003-03-25,8238.76,68.5763,331.9,0.20661744
2003-03-26,8351.92,69.6051,329.95,0.21095661
2003-03-27,8368.67,69.7680,332.75,0.20967088
2003-03-28,8280.16,69.1281,330.75,0.20900399
2003-03-31,7972.71,67.5253,334.85,0.20165830
2003-04-01,7986.72,67.5638,334.35,0.20207515
2003-04-02,8069.85,67.8709,329.3,0.20610659
2003-04-03,8017.75,67.0717,323.7,0.20720325
2003-04-04,8074.12,67.3180,323.8,0.20789991
2003-04-07,8249.98,68.8014,319.9,0.21507169
2003-04-08,8131.41,67.9202,323.4,0.21001927
2003-04-09,8057.61,67.1132,321.35,0.20884765
2003-04-10,7980.12,66.6677,324.6,0.20538407
2003-04-11,7816.49,64.8995,324.8,0.19981358
2003-04-14,7752.1,64.4237,325.95,0.19764893
2003-04-15,7838.83,65.1661,325.45,0.20023383
2003-04-16,7879.49,65.9206,324.1,0.20339588
2003-04-17,7821.9,65.4060,327,0.20001826
2003-04-18,7874.51,65.7414,327,0.20104417
2003-04-21,7969.08,66.0950,327,0.20212553
2003-04-22,7790.46,64.9692,334.9,0.19399590
2003-04-23,7793.38,64.7076,333.3,0.19414213
2003-04-24,7854.57,65.4820,333.7,0.19623025
2003-04-25,7699.5,64.0611,333.25,0.19223127
2003-04-28,7607.88,63.1412,332.6,0.18984117
2003-04-30,7831.42,65.8490,336.75,0.19554265
2003-05-01,7863.29,66.3121,341.2,0.19434968
2003-05-02,7907.19,66.4246,340.5,0.19507973
2003-05-06,8083.56,68.7728,342.85,0.20059164
2003-05-07,8109.77,69.6357,341.85,0.20370241
2003-05-08,8031.55,68.5695,346.45,0.19792044
2003-05-09,8152.16,69.4451,347.9,0.19961224
2003-05-12,8221.12,70.2840,351.1,0.20018230
2003-05-13,8190.26,70.1401,350.4,0.20017153
2003-05-14,8244.91,70.9118,353.55,0.20057066
2003-05-15,8123.4,69.7048,354.25,0.19676732
2003-05-16,8117.29,69.9405,355,0.19701539
2003-05-19,8039.13,68.6577,359,0.19124707
2003-05-20,8059.48,69.0911,366.3,0.18861897
2003-05-21,8018.51,68.1498,367.8,0.18529048
2003-05-22,8051.66,68.6826,369.6,0.18582952
2003-05-23,8184.76,70.0270,370.5,0.18900685
2003-05-26,8227.32,70.3972,370.5,0.19000592
2003-05-27,8120.24,69.2499,371.4,0.18645631
2003-05-28,8234.18,69.3931,371.4,0.18684183
2003-05-29,8375.36,70.9295,363.1,0.19534437
2003-05-30,8424.51,70.6576,361.4,0.19551089
2003-06-02,8547.17,72.0854,361.3,0.19951684
2003-06-03,8564.49,71.8920,365,0.19696429
2003-06-04,8557.86,71.9934,364.2,0.19767556
2003-06-05,8657.23,73.5971,366.75,0.20067383
2003-06-06,8785.87,74.0237,363,0.20392197
2003-06-09,8822.73,74.6550,362.75,0.20580294
2003-06-10,8789.09,74.6103,354.25,0.21061474
2003-06-11,8890.3,75.4951,354.15,0.21317260
2003-06-12,8918.6,75.7869,352.25,0.21515083
2003-06-13,8980.64,76.5613,353.05,0.21685681
2003-06-16,8839.83,75.1239,359,0.20925879
2003-06-17,9033,76.4796,362.75,0.21083268
2003-06-18,9092.97,77.0917,359.75,0.21429252
2003-06-19,9110.51,76.9404,357.65,0.21512757
2003-06-20,9120,77.0400,358,0.21519564
2003-06-23,9137.14,77.5451,356.05,0.21779275
2003-06-24,8919.26,75.7089,348.25,0.21739800
2003-06-25,8932.26,75.7164,348.1,0.21751327
2003-06-26,8923.41,74.7229,343.85,0.21731252
2003-06-27,9104.06,76.0573,345.5,0.22013693
2003-06-30,9083.11,75.8886,346,0.21933130
2003-07-01,9278.49,77.7353,350.2,0.22197412
2003-07-02,9592.24,81.1526,351.2,0.23107239
2003-07-03,9624.8,81.4419,349.4,0.23309064
2003-07-04,9547.73,80.9198,351.3,0.23034393
2003-07-07,9795.16,82.9466,350.15,0.23688867
2003-07-08,9898.72,83.7384,347.2,0.24118212
2003-07-09,9990.95,84.7840,345.45,0.24543068
2003-07-10,9955.62,84.6350,343.4,0.24646197
2003-07-11,9635.35,81.7317,343.7,0.23779953
2003-07-14,9755.63,82.8644,344.5,0.24053537
2003-07-15,9751,82.6776,348.5,0.23723854
2003-07-16,9735.97,82.4663,343.2,0.24028639
2003-07-17,9498.86,80.0106,342.5,0.23360763
2003-07-18,9527.73,80.4367,344.35,0.23359002
2003-07-22,9485.97,79.6672,352.25,0.22616656
2003-07-23,9615.34,80.9508,354.75,0.22819121
2003-07-24,9671,81.2689,357.3,0.22745286
2003-07-25,9648.01,81.2875,363,0.22393243
2003-07-28,9839.91,82.3975,361.95,0.22764886
2003-07-29,9834.31,82.0141,363.5,0.22562337
2003-07-30,9632.66,80.1119,357.75,0.22393275
2003-07-31,9563.21,79.3298,354.75,0.22362177
2003-08-01,9611.67,79.9640,352.35,0.22694473
2003-08-04,9452.79,78.5637,347.5,0.22608272
2003-08-05,9382.58,78.2534,348.4,0.22460786
2003-08-06,9323.91,77.5248,352,0.22024096
2003-08-07,9265.56,77.8161,351.6,0.22131989
2003-08-08,9327.53,78.3431,353.95,0.22133947
2003-08-11,9487.8,80.0321,359.15,0.22283740
2003-08-12,9564.81,80.6069,360.1,0.22384576
2003-08-13,9752.75,81.8664,358.65,0.22826279
2003-08-14,9913.47,83.2505,363.6,0.22896178
2003-08-15,9863.47,82.7820,364.5,0.22711099
2003-08-18,10032.97,83.9790,360.25,0.23311309
2003-08-19,10174.1,85.8864,360.4,0.23830848
2003-08-20,10292.06,87.1765,362.2,0.24068614
2003-08-21,10362.69,87.9760,363.3,0.24215793
2003-08-22,10281.17,87.5291,358.75,0.24398360
2003-08-25,10276.64,87.5950,358.75,0.24416712
2003-08-26,10332.57,88.0417,360.5,0.24422099
2003-08-27,10308.99,87.7361,371.25,0.23632616
2003-08-28,10225.22,87.1195,370.9,0.23488686
2003-08-29,10343.55,88.5199,375.6,0.23567598
2003-09-01,10670.18,91.4953,376.25,0.24317683
2003-09-02,10690.08,91.7919,376.25,0.24396508
2003-09-03,10715.69,92.4324,372.2,0.24834072
2003-09-04,10646.95,91.1008,370.75,0.24572029
2003-09-05,10650.77,91.2115,376.35,0.24235825
2003-09-08,10683.76,91.4392,374.65,0.24406575
2003-09-09,10922.04,93.4706,382.25,0.24452741
2003-09-10,10856.32,92.7098,382.25,0.24253714
2003-09-11,10546.33,90.0242,376.3,0.23923507
2003-09-12,10712.81,91.3361,378.25,0.24147017
2003-09-16,10887.03,93.6519,374.6,0.25000499
2003-09-17,10990.11,94.6689,378.2,0.25031432
2003-09-18,11033.32,95.7172,378.3,0.25301926
2003-09-19,10938.42,96.0184,379.75,0.25284644
2003-09-22,10475.1,93.2778,385.5,0.24196583
2003-09-24,10502.29,93.8459,385,0.24375548
2003-09-25,10310.04,91.9308,391.85,0.23460714
2003-09-26,10318.44,92.3433,391.85,0.23565981
2003-09-29,10229.57,92.3496,381.95,0.24178464
2003-09-30,10219.05,91.6589,388,0.23623426
2003-10-01,10361.24,93.6906,383.5,0.24430396
2003-10-02,10593.53,95.6440,382.2,0.25024596
2003-10-03,10709.29,96.5845,383.95,0.25155490
2003-10-06,10740.14,96.8191,372.75,0.25974266
2003-10-07,10820.33,98.4561,376.2,0.26171223
2003-10-08,10542.2,96.2406,375.25,0.25647073
2003-10-09,10531.44,96.5479,376.45,0.25646926
2003-10-10,10786.04,99.2093,370.35,0.26787997
2003-10-14,10966.43,100.7759,373.95,0.26949022
2003-10-15,10899.95,99.4249,373.5,0.26619781
2003-10-16,11025.15,100.3655,373.4,0.26878816
2003-10-17,11037.89,100.9686,370.5,0.27251990
2003-10-20,11161.71,101.0841,373.8,0.27042304
2003-10-21,11031.52,100.7169,374.8,0.26872167
2003-10-22,10889.62,99.9414,381.55,0.26193539
2003-10-23,10335.16,94.3936,384.5,0.24549712
2003-10-24,10335.7,94.6146,384.6,0.24600783
2003-10-27,10454.12,96.3869,386.75,0.24922268
2003-10-28,10561.01,97.5974,386.55,0.25248314
2003-10-29,10739.22,99.2442,382.7,0.25932649
2003-10-30,10695.56,98.3590,391,0.25155760
2003-10-31,10559.59,95.9701,384.6,0.24953224
2003-11-04,10847.97,98.9327,378.3,0.26151915
2003-11-05,10837.54,98.6576,382.15,0.25816466
2003-11-06,10552.3,95.7907,380.25,0.25191497
2003-11-07,10628.98,97.2015,381,0.25512195
2003-11-10,10504.54,96.4959,382.85,0.25204614
2003-11-11,10207.04,93.8924,386.4,0.24299269
2003-11-12,10226.22,93.9996,388.05,0.24223588
2003-11-13,10337.67,95.6041,395.5,0.24172968
2003-11-14,10167.06,94.0698,395.35,0.23794047
2003-11-17,9786.83,89.8451,398,0.22574153
2003-11-18,9897.05,91.6139,392.4,0.23347070
2003-11-19,9614.6,88.1023,397.15,0.22183624
2003-11-20,9865.7,90.5276,395.75,0.22874951
2003-11-21,9852.83,90.6925,393.85,0.23027160
2003-11-25,9960.2,91.0106,391.5,0.23246641
2003-11-26,10144.83,92.9780,392,0.23718879
2003-11-27,10163.38,93.1053,396.25,0.23496618
2003-11-28,10100.57,92.1501,398.1,0.23147470
2003-12-01,10403.27,95.1113,398.75,0.23852354
2003-12-02,10410.15,95.7872,401.05,0.23884098
2003-12-03,10326.39,95.4380,403.3,0.23664266
2003-12-04,10429.99,96.3866,403.3,0.23899470
2003-12-05,10373.46,96.6411,402,0.24040085
2003-12-08,10045.34,93.5407,408.75,0.22884585
2003-12-09,10124.28,94.4782,408.25,0.23142232
2003-12-10,9910.56,91.4427,407.3,0.22450946
2003-12-11,10075.14,93.2538,404,0.23082622
2003-12-12,10169.66,94.3120,406.6,0.23195271
2003-12-15,10490.77,97.4616,404.5,0.24094346
2003-12-16,10271.6,95.4787,409.7,0.23304543
2003-12-17,10092.64,93.9287,407.5,0.23049990
2003-12-18,10104,93.8772,410.75,0.22855063
2003-12-19,10284.54,95.4039,408.75,0.23340403
2003-12-22,10372.51,96.4436,410.8,0.23477022
2003-12-24,10371.27,96.5488,409.6,0.23571480
2003-12-25,10365.35,96.4937,409.6,0.23558025
2003-12-26,10417.41,96.9603,409.6,0.23671938
2003-12-29,10500.62,98.1183,413.5,0.23728729
2003-12-30,10676.64,99.7910,415.6,0.24011311
2004-01-05,10825.17,101.8935,417.75,0.24391034
2004-01-06,10813.99,101.8458,428,0.23795754
2004-01-07,10757.82,101.2596,420.65,0.24072174
2004-01-08,10837.65,102.0590,418.1,0.24410200
2004-01-09,10965.05,102.6498,422.8,0.24278568
2004-01-13,10849.68,102.1050,424.5,0.24053010
2004-01-14,10863,102.2304,421,0.24282750
2004-01-15,10665.15,100.3401,415.5,0.24149244
2004-01-16,10857.2,101.6592,410.3,0.24776792
2004-01-19,11036.33,102.9220,407.1,0.25281758
2004-01-20,11103.1,103.9519,408.3,0.25459681
2004-01-21,11002.39,102.9319,411.25,0.25029032
2004-01-22,11000.7,103.7410,412,0.25179864
2004-01-23,11069.01,103.7590,411.4,0.25220953
2004-01-26,10972.6,103.2230,406.2,0.25411855
2004-01-27,10928.03,103.4166,404,0.25598163
2004-01-28,10852.47,102.1890,410.7,0.24881661
2004-01-29,10779.44,101.7504,410.15,0.24808101
2004-01-30,10783.61,102.1853,401.3,0.25463557
2004-02-02,10776.73,102.0717,401.85,0.25400448
2004-02-03,10641.92,100.8713,401.75,0.25107973
2004-02-04,10447.25,99.0636,399.6,0.24790697
2004-02-05,10464.6,98.9280,399.3,0.24775348
2004-02-06,10460.92,99.1650,396.4,0.25016408
2004-02-09,10402.61,98.3884,406.7,0.24191896
2004-02-10,10365.4,98.1572,408.35,0.24037516
2004-02-12,10459.26,99.2716,411.4,0.24130199
2004-02-13,10557.69,100.1964,412.1,0.24313602
2004-02-16,10548.72,100.0353,410.7,0.24357263
2004-02-17,10701.13,101.3077,413.7,0.24488199
2004-02-18,10676.81,100.1295,413.7,0.24203411
2004-02-19,10753.8,100.5310,410.2,0.24507799
2004-02-20,10720.69,98.2918,408.25,0.24076382
2004-02-23,10868.96,100.3875,399.85,0.25106302
2004-02-24,10644.13,98.3837,401.45,0.24507081
2004-02-25,10658.73,97.8134,403.4,0.24247257
2004-02-26,10815.29,98.7698,395.05,0.25001841
2004-02-27,11041.92,101.1535,395.05,0.25605249
2004-03-01,11271.12,103.4048,400,0.25851193
2004-03-02,11361.51,103.1926,395.75,0.26075210
2004-03-03,11351.92,103.0868,390.5,0.26398672
2004-03-04,11401.79,102.6541,392,0.26187268
2004-03-05,11537.29,102.8829,399.25,0.25769046
2004-03-08,11502.86,103.3593,399.85,0.25849526
2004-03-09,11532.04,103.4821,401.5,0.25773861
2004-03-10,11433.24,103.1043,400.25,0.25759984
2004-03-11,11297.04,101.9129,402.3,0.25332552
2004-03-12,11162.75,100.7650,400.75,0.25144112
2004-03-15,11317.9,102.5451,399,0.25700520
2004-03-16,11242.29,103.3394,402.5,0.25674377
2004-03-17,11436.86,105.7109,402.75,0.26247270
2004-03-18,11484.28,107.4804,410.75,0.26166864
2004-03-19,11418.51,107.0051,412,0.25972102
2004-03-22,11318.51,106.0282,417.65,0.25386854
2004-03-23,11281.09,105.7173,415.2,0.25461770
2004-03-24,11364.99,106.8640,417.6,0.25590046
2004-03-25,11530.91,108.6592,416.1,0.26113713
2004-03-26,11770.65,111.0124,421.5,0.26337473
2004-03-29,11718.24,111.0523,421.25,0.26362567
2004-03-30,11693.68,110.5681,420,0.26325733
2004-03-31,11715.39,112.3671,423.7,0.26520430
2004-04-01,11683.42,112.7308,427.25,0.26385207
2004-04-02,11815.95,113.0821,426.1,0.26538867
2004-04-05,11958.32,113.7479,417.7,0.27231968
2004-04-06,12079.7,114.2829,418.5,0.27307736
2004-04-07,12019.62,114.1681,419,0.27247762
2004-04-08,12092.59,113.7912,419.5,0.27125433
2004-04-09,11897.51,111.9134,419.5,0.26677799
2004-04-12,12042.7,114.2246,419.5,0.27228749
2004-04-13,12127.82,113.7054,407.9,0.27875808
2004-04-14,12098.18,111.3295,397.75,0.27989825
2004-04-15,11800.4,109.1417,398.25,0.27405322
2004-04-16,11824.56,109.6491,400.85,0.27354150
2004-04-19,11764.21,108.5159,403.1,0.26920345
2004-04-20,11952.26,109.8250,398.8,0.27538879
2004-04-21,11944.3,109.2000,392.75,0.27803956
2004-04-22,11980.1,109.4973,392.3,0.27911625
2004-04-23,12120.66,111.3213,394.5,0.28218320
2004-04-26,12163.89,111.9136,397,0.28189826
2004-04-27,12044.88,110.0090,396.25,0.27762511
2004-04-28,12004.29,109.0704,392.25,0.27806352
2004-04-30,11761.79,106.4608,388.5,0.27403039
2004-05-06,11571.34,105.3281,387.5,0.27181433
2004-05-07,11438.82,101.8595,386.85,0.26330486
2004-05-10,10884.7,95.5553,375,0.25481403
2004-05-11,10907.18,96.5579,375.25,0.25731618
2004-05-12,11153.58,98.8004,382.2,0.25850451
2004-05-13,10825.1,94.4187,375.15,0.25168244
2004-05-14,10849.63,94.9556,376.5,0.25220618
2004-05-17,10505.05,91.8755,382.95,0.23991525
2004-05-18,10711.09,93.7677,377.7,0.24825986
2004-05-19,10967.74,97.1456,380.75,0.25514279
2004-05-20,10862.04,96.4486,379.5,0.25414648
2004-05-21,11070.25,98.5687,385.3,0.25582324
2004-05-24,11101.64,98.3055,384,0.25600390
2004-05-25,10962.93,98.0847,388.9,0.25221066
2004-05-26,11152.09,99.8397,389.65,0.25622908
2004-05-27,11166.03,100.6674,393.6,0.25576072
2004-05-28,11309.57,102.5997,393.6,0.26067009
2004-05-31,11236.37,102.6340,393.6,0.26075711
2004-06-01,11296.76,102.2424,397.2,0.25740779
2004-06-02,11242.34,102.1938,394.85,0.25881677
2004-06-03,11027.05,99.3070,390.35,0.25440504
2004-06-04,11128.05,100.1264,388.3,0.25785840
2004-06-07,11439.92,104.3693,393.45,0.26526702
2004-06-08,11521.93,105.0504,392.35,0.26774670
2004-06-09,11449.74,103.7960,386.85,0.26831079
2004-06-10,11575.97,105.9973,384.95,0.27535354
2004-06-11,11526.82,104.6751,384.85,0.27198930
2004-06-14,11491.66,103.4912,385.1,0.26873844
2004-06-15,11387.7,104.0543,386.5,0.26922193
2004-06-16,11641.72,105.8627,385.25,0.27478959
2004-06-17,11607.9,105.9889,386,0.27458254
2004-06-18,11382.08,104.6147,395.1,0.26478032
2004-06-21,11600.16,106.4919,395.25,0.26942916
2004-06-22,11581.27,106.2015,395.75,0.26835494
2004-06-23,11580.56,106.7431,393.9,0.27099038
2004-06-24,11744.15,109.6764,400,0.27419103
2004-06-25,11780.4,109.5240,401.5,0.27278702
2004-06-28,11884.06,110.1294,404.25,0.27242886
2004-06-29,11860.81,109.5991,394.4,0.27788808
2004-06-30,11858.87,108.9769,395.8,0.27533334
2004-07-01,11896.01,109.7418,394.5,0.27817944
2004-07-02,11721.49,108.2317,397.75,0.27210980
2004-07-05,11541.71,105.7611,398.25,0.26556462
2004-07-06,11475.27,104.8449,394.5,0.26576644
2004-07-07,11384.86,104.7944,397.35,0.26373315
2004-07-08,11322.23,103.9595,405.35,0.25646850
2004-07-09,11423.53,105.6170,406.5,0.25982031
2004-07-12,11582.28,107.0154,406.35,0.26335777
2004-07-13,11608.62,106.9229,400.9,0.26670718
2004-07-14,11356.65,104.0558,403.8,0.25769143
2004-07-15,11409.14,103.9084,403.15,0.25774123
2004-07-16,11436,105.2360,403.15,0.26103444
2004-07-20,11258.37,103.7925,400,0.25948119
2004-07-21,11433.86,104.1715,398.5,0.26140895
2004-07-22,11285.04,102.8437,397.75,0.25856369
2004-07-23,11187.33,101.5553,392.85,0.25850906
2004-07-26,11159.55,101.5335,390.75,0.25984268
2004-07-27,11031.54,99.4818,389.85,0.25517976
2004-07-28,11204.37,100.3167,386.2,0.25975319
2004-07-29,11116.84,99.2398,387.3,0.25623490
2004-07-30,11325.78,101.7316,387.3,0.26266875
2004-08-02,11222.24,101.2838,391.5,0.25870691
2004-08-03,11140.57,100.6739,390.6,0.25774159
2004-08-04,11010.02,99.1358,390.5,0.25386884
2004-08-05,11060.89,99.0055,390.85,0.25330807
2004-08-06,10972.57,99.3262,399,0.24893795
2004-08-09,10908.7,98.5518,399,0.24699702
2004-08-10,10953.55,98.3881,399.5,0.24627816
2004-08-11,11049.46,99.6884,393.85,0.25311255
2004-08-12,11028.07,99.5313,394.85,0.25207374
2004-08-13,10757.2,97.1831,396.75,0.24494801
2004-08-16,10687.81,96.7748,401.65,0.24094313
2004-08-17,10725.97,97.6509,401.3,0.24333630
2004-08-18,10774.26,98.5120,402.45,0.24478078
2004-08-19,10903.53,99.6849,402.45,0.24769502
2004-08-20,10889.14,99.8088,402.45,0.24800298
2004-08-23,10960.97,99.8085,402.45,0.24800225
2004-08-24,10985.33,100.2494,402.45,0.24909779
2004-08-25,11130.02,101.1177,405.5,0.24936536
2004-08-26,11129.33,101.5172,402.45,0.25224797
2004-08-27,11209.59,102.2213,405.1,0.25233602
2004-08-30,11184.53,101.7701,405.1,0.25122208
2004-08-31,11081.79,101.5653,407.25,0.24939300
2004-09-01,11127.35,101.7125,407.65,0.24950944
2004-09-02,11152.75,101.8702,406.1,0.25085005
2004-09-03,11022.49,99.7872,401.15,0.24875274
2004-09-06,11244.37,102.0731,401.6,0.25416602
2004-09-07,11298.94,103.3188,398.1,0.25952968
2004-09-08,11279.19,103.1382,396.3,0.26025276
2004-09-09,11170.96,102.0086,399.25,0.25550052
2004-09-10,11083.23,101.0967,401.35,0.25189159
2004-09-13,11253.11,102.2824,399.3,0.25615428
2004-09-14,11295.58,103.0055,403.5,0.25527998
2004-09-15,11158.58,101.4416,404.8,0.25059693
2004-09-16,11139.36,101.6458,404.4,0.25134958
2004-09-17,11082.49,100.9426,405.7,0.24881099
2004-09-21,11080.87,100.9646,408.5,0.24715948
2004-09-22,11019.41,99.5970,405.35,0.24570613
2004-09-24,10895.16,98.5185,409.45,0.24061178
2004-09-27,10859.32,97.6119,409.2,0.23854317
2004-09-28,10815.57,97.1313,411.7,0.23592737
2004-09-29,10786.1,97.2685,411.55,0.23634665
2004-09-30,10823.57,98.3246,415.65,0.23655619
2004-10-01,10985.17,99.4043,418.1,0.23775247
2004-10-04,11279.63,101.7742,412.55,0.24669533
2004-10-05,11281.83,101.4371,414.25,0.24486919
2004-10-06,11385.38,102.3221,418.45,0.24452647
2004-10-07,11354.59,102.1739,418.1,0.24437680
2004-10-08,11349.35,103.6470,421.75,0.24575467
2004-10-12,11201.81,102.0108,414.7,0.24598707
2004-10-13,11195.99,101.9857,414.7,0.24592645
2004-10-14,11034.29,100.6595,414.7,0.24272838
2004-10-15,10982.95,100.4844,420.4,0.23902104
2004-10-18,10965.62,100.3718,419.1,0.23949370
2004-10-19,11064.86,102.1403,419.35,0.24356817
2004-10-20,10882.18,100.4633,423.6,0.23716538
2004-10-21,10789.23,100.3183,422.5,0.23743969
2004-10-22,10857.13,101.2509,424.1,0.23874290
2004-10-25,10659.15,99.8796,428.4,0.23314564
2004-10-26,10672.46,99.8079,426.2,0.23418093
2004-10-27,10691.95,100.3562,424.3,0.23652181
2004-10-28,10853.12,102.1470,423.6,0.24114025
2004-10-29,10771.42,101.8189,428.1,0.23783902
2004-11-01,10734.71,100.8617,426.9,0.23626539
2004-11-02,10887.81,102.6861,419.7,0.24466554
2004-11-04,10946.27,103.2375,429.6,0.24031071
2004-11-05,11061.77,104.8509,433.2,0.24203809
2004-11-08,10983.83,104.1023,432.3,0.24081024
2004-11-09,10964.87,103.7849,435.2,0.23847623
2004-11-10,10994.96,102.7470,433.6,0.23696271
2004-11-11,10846.92,101.8012,434.4,0.23434903
2004-11-12,11019.98,104.3361,437.4,0.23853706
2004-11-15,11227.57,106.6854,436.5,0.24441096
2004-11-16,11161.75,105.9392,439.7,0.24093509
2004-11-17,11131.29,106.9802,444.4,0.24072953
2004-11-18,11082.42,106.3368,442.6,0.24025483
2004-11-19,11082.84,107.3919,446.6,0.24046543
2004-11-22,10849.39,105.2011,448.6,0.23450982
2004-11-24,10872.33,105.7311,449.3,0.23532408
2004-11-25,10900.34,106.4590,451.3,0.23589415
2004-11-26,10833.75,105.6230,451.5,0.23393796
2004-11-29,10977.89,106.7369,453.5,0.23536251
2004-11-30,10899.25,105.8180,450.9,0.23468166
2004-12-01,10784.25,105.0482,453.7,0.23153674
2004-12-02,10973.07,106.3488,449.7,0.23648834
2004-12-03,11074.89,108.6306,455.6,0.23843416
2004-12-06,10981.96,106.5072,453.7,0.23475254
2004-12-07,10873.63,105.7129,450.8,0.23450069
2004-12-08,10941.37,105.3473,436.9,0.24112450
2004-12-09,10776.63,102.9975,437.1,0.23563833
2004-12-10,10756.8,102.3872,433.4,0.23624183
2004-12-13,10789.25,103.0590,438.7,0.23491915
2004-12-14,10915.58,103.4162,435.3,0.23757455
2004-12-15,10956.46,105.1181,440.3,0.23874200
2004-12-16,10924.37,104.4295,436.4,0.23929766
2004-12-17,11078.32,106.3689,440.5,0.24147308
2004-12-20,11103.42,106.6099,441.8,0.24130803
2004-12-21,11125.92,106.5803,441.2,0.24156918
2004-12-22,11209.44,107.5556,439.7,0.24461122
2004-12-24,11365.48,109.7372,442.1,0.24821801
2004-12-27,11362.35,110.2820,444.5,0.24810339
2004-12-28,11424.13,110.8708,443.7,0.24987791
2004-12-29,11381.56,109.7124,435.7,0.25180711
2004-12-30,11488.76,111.4224,436.9,0.25502944
2005-01-04,11517.75,110.2810,427.1,0.25820890
2005-01-05,11437.52,109.8600,425.9,0.25794777
2005-01-06,11492.26,109.5335,421.4,0.25992774
2005-01-07,11433.24,109.0022,418.5,0.26045924
2005-01-11,11539.99,111.6377,421.7,0.26473253
2005-01-12,11453.39,111.8604,425.7,0.26276823
2005-01-13,11358.22,110.8876,424.3,0.26134252
2005-01-14,11438.39,112.1631,422.5,0.26547472
2005-01-17,11487.1,112.3872,422,0.26632048
2005-01-18,11423.26,111.7626,422.9,0.26427677
2005-01-19,11405.34,110.9685,422.7,0.26252301
2005-01-20,11284.77,109.1687,422.2,0.25857109
2005-01-21,11238.37,109.5464,426.3,0.25697032
2005-01-24,11289.49,109.9911,426.8,0.25771119
2005-01-25,11276.91,108.4318,421.8,0.25706929
2005-01-26,11376.57,110.3129,426.7,0.25852568
2005-01-27,11341.31,110.2811,426,0.25887586
2005-01-28,11320.58,109.6106,425.9,0.25736223
2005-01-31,11387.59,109.9188,421.9,0.26053288
2005-02-01,11384.4,109.8562,420.5,0.26125141
2005-02-02,11407.14,110.0226,420.7,0.26152263
2005-02-03,11389.35,109.0099,416.6,0.26166553
2005-02-04,11360.4,109.1926,414,0.26375029
2005-02-07,11499.86,109.7106,413.6,0.26525762
2005-02-08,11490.43,108.5949,412.4,0.26332428
2005-02-09,11473.35,108.7109,412.8,0.26335009
2005-02-10,11553.56,109.1709,417.2,0.26167530
2005-02-14,11632.2,110.7091,425.8,0.26000247
2005-02-15,11646.49,111.5030,424.8,0.26248356
2005-02-16,11601.68,110.1251,425.2,0.25899602
2005-02-17,11582.72,109.7680,427,0.25706793
2005-02-18,11660.12,110.3551,426.8,0.25856397
2005-02-21,11651.02,110.5200,426.9,0.25888971
2005-02-22,11597.71,111.3665,434.2,0.25648670
2005-02-23,11500.18,109.5881,434.5,0.25221668
2005-02-24,11531.15,109.4452,434.1,0.25211987
2005-02-25,11658.25,110.7988,434.5,0.25500300
2005-02-28,11740.6,112.2750,435.9,0.25757062
2005-03-01,11780.53,112.8836,432.3,0.26112324
2005-03-02,11813.71,112.7800,432.2,0.26094412
2005-03-03,11856.46,112.6505,429.3,0.26240496
2005-03-04,11873.05,113.3033,433.7,0.26124804
2005-03-07,11925.36,113.4560,434.4,0.26117863
2005-03-08,11886.91,113.7068,439.7,0.25860089
2005-03-09,11966.69,115.0643,441.5,0.26062135
2005-03-10,11864.91,114.0089,442.2,0.25782211
2005-03-11,11923.89,114.5647,445.5,0.25715973
2005-03-14,11850.25,112.9887,440.5,0.25650092
2005-03-15,11821.09,113.0880,440,0.25701821
2005-03-16,11873,113.9772,443.1,0.25722670
2005-03-17,11775.5,112.6626,438.3,0.25704460
2005-03-18,11879.81,113.4327,438.9,0.25844778
2005-03-22,11841.97,112.2143,431,0.26035789
2005-03-23,11739.12,110.7987,424.5,0.26100984
2005-03-24,11745.97,110.4152,424.3,0.26022911
2005-03-25,11761.1,110.5782,424.3,0.26061330
2005-03-28,11792.3,110.0644,425.6,0.25860997
2005-03-29,11599.82,107.9153,425.9,0.25338188
2005-03-30,11565.88,107.5596,427.6,0.25154248
2005-03-31,11668.95,109.0047,427.9,0.25474333
2005-04-01,11723.63,109.0063,428,0.25468767
2005-04-04,11667.54,107.7733,423.2,0.25466286
2005-04-05,11774.31,108.7797,424,0.25655579
2005-04-06,11827.16,108.8857,426.8,0.25512103
2005-04-07,11810.99,108.7268,425.9,0.25528711
2005-04-08,11874.75,109.6266,426.4,0.25709796
2005-04-11,11745.64,108.9375,428,0.25452684
2005-04-12,11670.3,108.3593,427,0.25376893
2005-04-13,11637.52,108.4477,428.8,0.25290969
2005-04-14,11563.17,106.8093,422.9,0.25256386
2005-04-15,11370.69,105.5382,424.4,0.24867634
2005-04-18,10938.44,101.9046,427,0.23865246
2005-04-19,11065.86,103.5935,432.4,0.23957799
2005-04-20,11088.58,103.7285,434.7,0.23862096
2005-04-21,10984.39,102.7154,432.5,0.23749237
2005-04-22,11045.95,104.1874,433.7,0.24022923
2005-04-25,11073.77,104.7066,434,0.24125945
2005-04-26,11035.83,104.0429,437.1,0.23802996
2005-04-27,11005.42,103.9129,432.3,0.24037230
2005-04-28,11008.9,103.7303,430.6,0.24089719
2005-05-02,11002.11,104.6425,429.4,0.24369464
2005-05-06,11192.17,106.5819,425.8,0.25030987
2005-05-09,11171.32,105.7389,425.8,0.24833008
2005-05-10,11159.46,105.7468,426.9,0.24770860
2005-05-11,11120.7,105.0907,427.1,0.24605647
2005-05-12,11077.94,103.7066,421.2,0.24621702
2005-05-13,11049.11,102.9644,419.9,0.24521172
2005-05-16,10947.22,102.3870,418.7,0.24453551
2005-05-17,10825.39,100.7763,419.5,0.24022956
2005-05-18,10835.41,101.2182,421.1,0.24036622
2005-05-19,11077.16,102.9285,420.4,0.24483457
2005-05-20,11037.29,102.0554,417.3,0.24456119
2005-05-23,11158.65,103.6375,416.8,0.24865044
2005-05-24,11133.65,103.4341,417.3,0.24786516
2005-05-25,11014.43,102.3741,418.5,0.24462152
2005-05-26,11027.94,102.1768,417.5,0.24473481
2005-05-27,11192.33,103.6519,420,0.24679019
2005-05-30,11266.33,104.3469,418.1,0.24957392
2005-05-31,11276.59,103.9509,416.4,0.24964185
2005-06-01,11329.67,104.3440,415.2,0.25131018
2005-06-02,11280.05,104.2422,422.4,0.24678555
2005-06-03,11300.05,104.9995,423.4,0.24799134
2005-06-06,11270.62,105.4314,425.9,0.24754973
2005-06-07,11217.45,105.2294,424.3,0.24800698
2005-06-08,11281.03,105.2139,424.3,0.24797044
2005-06-09,11160.88,103.9285,423.4,0.24546170
2005-06-10,11304.23,104.0139,427,0.24359226
2005-06-13,11311.51,103.3015,428.8,0.24090826
2005-06-14,11335.92,103.6285,427,0.24268966
2005-06-15,11415.88,104.5985,428.5,0.24410384
2005-06-16,11416.38,104.8336,435.6,0.24066485
2005-06-17,11514.03,106.0908,437.7,0.24238236
2005-06-20,11483.35,105.0531,437.7,0.24001156
2005-06-21,11488.74,106.0923,438.2,0.24210941
2005-06-22,11547.28,106.1233,437.5,0.24256762
2005-06-23,11576.75,106.2770,441.2,0.24088161
2005-06-24,11537.03,105.8735,440,0.24062148
2005-06-27,11414.28,104.4403,439.7,0.23752626
2005-06-28,11513.83,104.8141,435.8,0.24050966
2005-06-29,11577.44,104.8681,436.7,0.24013766
2005-06-30,11584.01,104.6055,434.7,0.24063831
2005-07-01,11630.13,104.0634,426.8,0.24382249
2005-07-04,11651.55,104.4233,427.2,0.24443653
2005-07-05,11616.7,104.0550,422.5,0.24628402
2005-07-06,11603.53,103.4459,423.1,0.24449523
2005-07-07,11590.14,103.4834,422.9,0.24469944
2005-07-08,11565.99,102.9644,422.6,0.24364503
2005-07-11,11674.79,104.5192,425.1,0.24586958
2005-07-12,11692.14,105.4676,426,0.24757657
2005-07-13,11659.84,104.1987,423.8,0.24586774
2005-07-14,11764.26,104.8134,419.5,0.24985324
2005-07-15,11758.68,104.7917,420.8,0.24902978
2005-07-19,11764.84,104.3352,419.7,0.24859477
2005-07-20,11789.35,104.5155,421.9,0.24772580
2005-07-21,11786.73,106.8413,425.1,0.25133211
2005-07-22,11695.05,105.0768,424.6,0.24747249
2005-07-25,11762.65,105.5609,425.7,0.24797014
2005-07-26,11737.96,104.3745,423.2,0.24663169
2005-07-27,11835.08,105.3037,424.5,0.24806519
2005-07-28,11858.31,105.7362,427.5,0.24733604
2005-07-29,11899.6,105.8307,429.7,0.24628966
2005-08-01,11946.92,106.3461,431.7,0.24634258
2005-08-02,11940.2,107.1927,431.9,0.24818881
2005-08-03,11981.8,107.8276,436.8,0.24685800
2005-08-04,11883.31,106.8547,437.8,0.24407193
2005-08-05,11766.48,105.1893,437,0.24070788
2005-08-08,11778.98,105.0194,434.5,0.24170181
2005-08-09,11900.32,106.4049,434,0.24517250
2005-08-10,12098.08,109.3958,436.3,0.25073524
2005-08-11,12263.32,111.7998,445.2,0.25112264
2005-08-12,12261.68,112.1222,446.4,0.25116973
2005-08-15,12256.55,112.1573,441.6,0.25397940
2005-08-16,12315.67,112.3795,446,0.25197199
2005-08-17,12273.12,111.8076,439.7,0.25428155
2005-08-18,12307.37,111.3688,439.4,0.25345661
2005-08-19,12291.73,111.2676,436.9,0.25467518
2005-08-22,12452.51,113.5039,437.9,0.25920044
2005-08-23,12472.93,113.4728,439,0.25848018
2005-08-24,12502.26,113.4300,437.3,0.25938726
2005-08-25,12405.16,112.7332,438.1,0.25732296
2005-08-26,12439.48,112.9219,437.1,0.25834347
2005-08-29,12309.83,111.2301,436.5,0.25482257
2005-08-30,12453.14,111.9585,430.9,0.25982470
2005-08-31,12413.6,112.2286,433.8,0.25871035
2005-09-01,12506.97,113.8653,442.1,0.25755564
2005-09-02,12600,114.7436,444.1,0.25837345
2005-09-05,12634.88,115.7464,444.9,0.26016279
2005-09-06,12599.43,114.9478,444.2,0.25877491
2005-09-07,12607.59,114.5728,444.7,0.25764064
2005-09-08,12533.89,113.4289,446.5,0.25404002
2005-09-09,12692.04,115.7505,448.7,0.25796853
2005-09-12,12896.43,116.8684,449.5,0.25999648
2005-09-13,12901.95,116.6014,445.9,0.26149685
2005-09-14,12834.25,116.3788,449.6,0.25884956
2005-09-15,12986.78,117.3363,455.2,0.25776864
2005-09-16,12958.68,116.4197,459.2,0.25352728
2005-09-20,13148.57,117.4504,465.9,0.25209354
2005-09-21,13196.57,118.5995,468.6,0.25309333
2005-09-22,13159.36,117.8837,466.5,0.25269823
2005-09-26,13392.63,119.4065,466.2,0.25612714
2005-09-27,13310.04,117.5591,462.5,0.25418181
2005-09-28,13435.91,118.9124,469.4,0.25332847
2005-09-29,13617.24,120.3681,472.2,0.25490909
2005-09-30,13574.3,119.6395,468.5,0.25536717
2005-10-03,13525.28,118.4869,465.8,0.25437291
2005-10-04,13738.84,120.2103,465.9,0.25801748
2005-10-05,13689.89,120.2872,465.9,0.25818251
2005-10-06,13359.51,117.9856,471.7,0.25012848
2005-10-07,13227.74,116.2367,474.4,0.24501840
2005-10-11,13556.71,118.4096,476.6,0.24844640
2005-10-12,13463.74,117.7724,473.5,0.24872734
2005-10-13,13449.24,117.5427,470.9,0.24961295
2005-10-14,13420.54,117.6621,468.8,0.25098572
2005-10-17,13400.29,116.5952,473.5,0.24624125
2005-10-18,13352.24,115.4439,471.9,0.24463634
2005-10-19,13129.49,113.8527,463.2,0.24579592
2005-10-20,13190.46,114.3913,461,0.24813730
2005-10-21,13199.95,113.9105,466.7,0.24407652
2005-10-24,13106.18,113.6111,464.55,0.24456168
2005-10-25,13280.62,115.4937,472.1,0.24463820
2005-10-26,13395.02,115.5939,470.88,0.24548482
2005-10-27,13417.08,116.2558,473.3,0.24562811
2005-10-28,13346.54,115.4046,472.7,0.24413916
2005-10-31,13606.5,116.7739,465.13,0.25105657
2005-11-01,13867.86,118.9047,458.7,0.25922115
2005-11-02,13894.78,118.8807,462.68,0.25693942
2005-11-04,14075.96,118.9853,455.85,0.26101852
2005-11-07,14061.6,119.4495,459,0.26023865
2005-11-08,14036.73,119.6448,461.13,0.25946006
2005-11-09,14072.2,119.7125,466.3,0.25672842
2005-11-10,14080.88,119.2688,466.5,0.25566741
2005-11-11,14155.06,119.9581,468.2,0.25621131
2005-11-14,14116.04,118.8719,467.9,0.25405411
2005-11-15,14091.77,118.5178,467.78,0.25336233
2005-11-16,14170.87,118.9131,478.23,0.24865246
2005-11-17,14411.79,121.3216,485.9,0.24968425
2005-11-18,14623.12,122.8008,485.3,0.25304102
2005-11-21,14680.43,123.3442,488.93,0.25227380
2005-11-22,14708.32,123.8804,492.2,0.25168712
2005-11-24,14742.58,123.9706,493.1,0.25141060
2005-11-25,14784.29,123.6248,495.5,0.24949506
2005-11-28,14986.94,126.0572,498.53,0.25285779
2005-11-29,14927.7,124.6780,499.1,0.24980570
2005-11-30,14872.15,124.1415,494.2,0.25119686
2005-12-01,15130.5,125.5643,502.3,0.24997873
2005-12-02,15421.6,127.8952,502.9,0.25431532
2005-12-05,15551.31,128.6189,508.5,0.25293784
2005-12-06,15423.38,127.7193,510.5,0.25018468
2005-12-07,15484.66,127.8984,513.8,0.24892644
2005-12-08,15183.36,126.2125,518.85,0.24325425
2005-12-09,15404.04,127.6860,525.7,0.24288759
2005-12-12,15738.7,131.3748,527.7,0.24895735
2005-12-13,15778.86,131.4467,520.5,0.25253926
2005-12-14,15464.58,131.5910,506,0.26006136
2005-12-15,15254.44,131.0519,503.1,0.26048875
2005-12-16,15173.07,131.1982,502.6,0.26103897
2005-12-19,15391.48,132.4796,503.7,0.26301291
2005-12-20,15641.25,133.5489,493.8,0.27045145
2005-12-21,15957.57,135.9943,492.4,0.27618662
2005-12-22,15941.37,136.6481,502.2,0.27209901
2005-12-26,16107.66,138.4295,502.4,0.27553648
2005-12-27,15969.4,136.0024,507.4,0.26803781
2005-12-28,16194.61,137.5105,513.6,0.26773849
2005-12-29,16344.2,138.7689,515,0.26945416
2005-12-30,16111.42,136.8390,516.5,0.26493508
2006-01-04,16361.54,140.8292,533.3,0.26407131
2006-01-05,16425.36,141.5247,525.6,0.26926318
2006-01-06,16428.21,143.5656,539.45,0.26613326
2006-01-10,16124.34,140.8855,543.95,0.25900442
2006-01-11,16363.58,143.2888,549.2,0.26090457
2006-01-12,16445.18,143.5633,547.4,0.26226404
2006-01-13,16454.94,144.1519,555.5,0.25949938
2006-01-16,16268.03,141.3259,561.6,0.25164877
2006-01-17,15805.95,136.9548,553.25,0.24754590
2006-01-18,15341.17,133.1468,543.4,0.24502533
2006-01-19,15696.28,135.8985,558.55,0.24330593
2006-01-20,15696.69,136.1732,553,0.24624457
2006-01-23,15360.65,134.1073,558,0.24033566
2006-01-24,15648.88,136.2312,558.1,0.24409822
2006-01-25,15651,135.1671,562.48,0.24030563
2006-01-26,15891.01,136.4387,559.1,0.24403265
2006-01-27,16460.67,140.3416,558.75,0.25117071
2006-01-30,16551.23,140.7418,566.3,0.24852861
2006-01-31,16649.82,142.0512,570.1,0.24916890
2006-02-01,16480.08,139.6144,569.1,0.24532484
2006-02-02,16710.55,140.9222,570.6,0.24697189
2006-02-03,16659.64,140.1029,566.8,0.24718231
2006-02-06,16747.75,140.7492,569.9,0.24697179
2006-02-07,16720.99,142.0162,550.4,0.25802366
2006-02-08,16272.67,137.3105,549.4,0.24992814
2006-02-09,16439.66,138.3460,565.7,0.24455726
2006-02-10,16257.83,137.9653,549.9,0.25089160
2006-02-13,15877.66,134.8650,538.3,0.25053879
2006-02-14,16184.87,137.8374,545.5,0.25268088
2006-02-15,15932.83,135.1958,539.3,0.25068764
2006-02-16,16043.66,136.3561,545.7,0.24987376
2006-02-17,15713.45,133.1423,551.6,0.24137466
2006-02-20,15437.92,130.4870,555.6,0.23485786
2006-02-21,15894.94,133.8071,553.7,0.24165984
2006-02-22,15781.78,133.2470,553.25,0.24084418
2006-02-23,16096.09,137.5147,549,0.25048206
2006-02-24,16101.91,137.7527,558.4,0.24669175
2006-02-27,16192.95,139.3301,554.3,0.25136235
2006-02-28,16205.42,140.0036,561.3,0.24942745
2006-03-01,15964.46,137.6484,563.3,0.24436071
2006-03-02,15909.75,137.2595,569.5,0.24101758
2006-03-03,15663.33,134.5878,565.9,0.23782968
2006-03-06,15901.16,135.1910,554.35,0.24387292
2006-03-07,15726.01,133.5089,552.4,0.24168876
2006-03-08,15627.49,132.7175,542.9,0.24446037
2006-03-09,16036.91,135.6990,545.5,0.24876080
2006-03-10,16115.62,135.4026,539.8,0.25083850
2006-03-13,16361.5,137.8043,546,0.25238876
2006-03-14,16238.36,138.0813,551.5,0.25037406
2006-03-15,16319.04,138.9919,552.7,0.25147803
2006-03-16,16096.21,137.7039,554.72,0.24824039
2006-03-17,16339.73,140.9691,554,0.25445688
2006-03-20,16624.8,142.8616,555.1,0.25736185
2006-03-22,16495.48,140.9147,550.8,0.25583650
2006-03-23,16489.36,139.8945,550.4,0.25416871
2006-03-24,16560.86,141.0035,559.85,0.25185941
2006-03-27,16650.09,142.6621,566.7,0.25174178
2006-03-28,16690.24,141.5147,566.6,0.24976115
2006-03-29,16938.41,143.7774,572.17,0.25128433
2006-03-30,17045.33,145.3140,585,0.24839997
2006-03-31,17059.66,144.9419,580.9,0.24951263
2006-04-03,17333.31,147.2168,588.8,0.25002859
2006-04-04,17292.91,147.1361,585.7,0.25121416
2006-04-05,17243.98,146.9449,587.4,0.25016150
2006-04-06,17489.33,148.4915,594.5,0.24977546
2006-04-07,17563.36,148.4897,587.8,0.25261940
2006-04-10,17456.58,147.5370,597.9,0.24675869
2006-04-11,17418.13,147.1872,594.8,0.24745658
2006-04-12,17162.55,144.8561,597.4,0.24247756
2006-04-13,17199.15,145.0915,595.9,0.24348302
2006-04-14,17233.82,145.2247,595.9,0.24370656
2006-04-17,17000.35,144.3644,614.6,0.23489161
2006-04-18,17232.85,147.2641,620.3,0.23740794
2006-04-19,17350.11,147.9501,634.8,0.23306571
2006-04-20,17317.52,147.4710,617.3,0.23889682
2006-04-21,17403.96,149.3261,635.23,0.23507411
2006-04-24,16914.4,147.4279,620.3,0.23767189
2006-04-25,16970.28,147.7604,630.6,0.23431713
2006-04-26,17055.92,148.5578,638.5,0.23266686
2006-04-27,17114.53,149.9039,633.6,0.23659078
2006-04-28,16906.23,148.5478,649.95,0.22855272
2006-05-01,16925.71,149.0202,658.2,0.22640559
2006-05-02,17153.76,151.2811,664.8,0.22755876
2006-05-08,17291.66,154.7352,677.5,0.22839146
2006-05-09,17190.91,154.8312,699.8,0.22125067
2006-05-10,16951.92,153.2723,702.5,0.21818126
2006-05-11,16862.14,152.3366,720.3,0.21149051
2006-05-12,16601.77,150.9252,709.9,0.21260062
2006-05-15,16486.91,149.2839,680.9,0.21924492
2006-05-16,16158.41,147.3501,692.6,0.21274918
2006-05-17,16307.66,146.6780,687.1,0.21347402
2006-05-18,16087.17,145.2304,679.5,0.21373125
2006-05-19,16155.45,144.6584,658.33,0.21973539
2006-05-22,15857.87,142.3252,656.2,0.21689297
2006-05-23,15599.2,139.1916,674,0.20651569
2006-05-24,15907.2,140.9588,638.3,0.22083471
2006-05-25,15693.75,140.5494,648.58,0.21670331
2006-05-26,15970.75,141.7984,651.8,0.21754889
2006-05-29,15915.67,141.6111,651.8,0.21726156
2006-05-30,15859.45,141.4255,654.25,0.21616423
2006-05-31,15467.33,137.4141,644,0.21337592
2006-06-01,15503.74,137.7498,627.7,0.21945165
2006-06-02,15789.3,141.3292,635.3,0.22246059
2006-06-05,15668.3,139.6835,643.2,0.21716965
2006-06-06,15384.86,135.8967,629.3,0.21594892
2006-06-07,15096,133.1569,627.6,0.21216845
2006-06-08,14633.03,128.2924,610.5,0.21014314
2006-06-09,14750.83,129.4500,606.95,0.21327955
2006-06-12,14833,129.6138,606.6,0.21367255
2006-06-13,14218.59,123.3182,562.75,0.21913499
2006-06-14,14309.55,124.4850,557.77,0.22318338
2006-06-15,14470.75,126.0189,567.9,0.22190332
2006-06-16,14879.33,129.1945,581,0.22236574
2006-06-19,14860.34,128.6944,568.6,0.22633552
2006-06-20,14648.41,127.5105,575.1,0.22171889
2006-06-21,14644.25,127.5632,588.2,0.21687037
2006-06-22,15135.69,130.3452,580.4,0.22457830
2006-06-23,15124.04,129.7644,582.8,0.22265682
2006-06-26,15152.4,130.3881,584.55,0.22305721
2006-06-27,15171.8,130.4989,581.29,0.22449876
2006-06-28,14886.11,127.8656,579.05,0.22081957
2006-06-29,15121.15,131.4540,586.4,0.22417116
2006-06-30,15505.17,135.4992,614.1,0.22064675
2006-07-03,15571.62,135.7240,623.4,0.21771583
2006-07-04,15638.5,136.1172,621.3,0.21908443
2006-07-05,15523.94,134.2089,627.2,0.21398098
2006-07-06,15321.4,133.1138,633.6,0.21009125
2006-07-07,15307.61,134.2655,632.7,0.21221037
2006-07-10,15552.8,136.1891,623.3,0.21849694
2006-07-11,15473.82,135.4145,641.1,0.21122219
2006-07-12,15249.32,132.0859,648.1,0.20380485
2006-07-13,15097.95,130.8541,654.4,0.19996047
2006-07-14,14845.24,127.8660,666.5,0.19184693
2006-07-18,14437.24,123.1006,628.8,0.19577070
2006-07-19,14500.25,124.0929,642.8,0.19305049
2006-07-20,14946.83,127.7179,632,0.20208534
2006-07-21,14821.25,127.5934,620,0.20579582
2006-07-24,14794.5,126.8716,611.4,0.20751002
2006-07-25,15005.24,128.0748,618,0.20724073
2006-07-26,14884.07,127.9360,621.8,0.20575099
2006-07-27,15179.78,131.1315,632.2,0.20742088
2006-07-28,15342.87,133.8235,634.4,0.21094507
2006-07-31,15456.8,134.8526,634.4,0.21256708
2006-08-01,15440.91,134.7022,646.6,0.20832380
2006-08-02,15464.29,134.8826,651.1,0.20716111
2006-08-03,15470.37,134.5835,644.7,0.20875364
2006-08-04,15499.17,135.4586,644.5,0.21017622
2006-08-07,15154.05,131.5342,646.3,0.20351873
2006-08-08,15464.66,134.0789,645.2,0.20780982
2006-08-09,15656.58,135.7546,650.84,0.20858370
2006-08-10,15630.91,135.6614,634.3,0.21387582
2006-08-11,15565.01,133.8465,632.61,0.21157823
2006-08-14,15790.82,135.4157,627.02,0.21596705
2006-08-15,15816.19,136.2642,622.28,0.21897576
2006-08-16,16071.36,138.7615,627.3,0.22120441
2006-08-17,16020.83,138.0987,614.3,0.22480661
2006-08-18,16105.98,139.0965,612,0.22728181
2006-08-21,15969.04,137.7354,626.4,0.21988407
2006-08-22,16181.16,138.8941,623.5,0.22276516
2006-08-23,16163.03,138.8815,623.4,0.22278073
2006-08-24,15960.62,137.0246,619.55,0.22116787
2006-08-25,15938.66,135.9026,622.75,0.21822983
2006-08-28,15762.58,134.4930,614.1,0.21900831
2006-08-29,15890.55,136.2475,611.7,0.22273588
2006-08-30,15872.01,135.4845,617.4,0.21944365
2006-08-31,16140.75,137.5320,625.1,0.22001592
2006-09-01,16134.25,137.7936,624.33,0.22070632
2006-09-04,16358.07,140.8842,625.9,0.22509067
2006-09-05,16385.96,141.1245,638.11,0.22116007
2006-09-06,16284.08,139.6097,634.1,0.22016991
2006-09-07,16012.41,137.5400,618,0.22255668
2006-09-08,16080.46,137.5339,610.1,0.22542840
2006-09-11,15794.37,134.2716,590.5,0.22738631
2006-09-12,15719.33,133.3729,586.15,0.22754056
2006-09-13,15750.04,134.1000,587.9,0.22809994
2006-09-14,15942.38,135.7029,577.88,0.23482891
2006-09-15,15866.92,135.0031,577.9,0.23360988
2006-09-19,15874.28,134.9395,573.9,0.23512716
2006-09-20,15718.66,133.9468,580.6,0.23070414
2006-09-21,15834.23,136.0563,584.3,0.23285347
2006-09-22,15634.66,134.1685,588.5,0.22798393
2006-09-25,15633.8,134.1496,590.2,0.22729524
2006-09-26,15557.45,132.8561,590.2,0.22510353
2006-09-27,15947.87,135.7843,600,0.22630722
2006-09-28,16024.84,136.0805,605,0.22492645
2006-09-29,16127.58,136.5009,598.6,0.22803356
2006-10-02,16254.29,138.0759,597.55,0.23106997
2006-10-03,16242.08,137.6681,576,0.23900708
2006-10-04,16082.54,136.5241,563.55,0.24225731
2006-10-05,16449.33,139.7089,571.75,0.24435319
2006-10-06,16436.06,138.1182,572.95,0.24106493
2006-10-10,16477.25,137.7006,573,0.24031513
2006-10-11,16400.57,137.0712,572.1,0.23959309
2006-10-12,16368.8,137.1955,576,0.23818670
2006-10-13,16536.53,138.2653,589.2,0.23466616
2006-10-16,16692.75,140.2399,595.4,0.23553889
2006-10-17,16611.58,140.2413,589.63,0.23784625
2006-10-18,16653,140.0824,587.1,0.23860064
2006-10-19,16551.35,140.0165,598.5,0.23394569
2006-10-20,16651.63,140.3306,592.2,0.23696489
2006-10-23,16788.82,140.6924,580.1,0.24253123
2006-10-24,16780.47,140.5282,584,0.24063045
2006-10-25,16699.3,140.2949,587.8,0.23867792
2006-10-26,16811.59,141.9898,594.9,0.23867840
2006-10-27,16669.07,141.7558,597.6,0.23720858
2006-10-30,16351.84,139.1172,604.2,0.23025031
2006-10-31,16399.39,140.2976,605.4,0.23174369
2006-11-01,16375.25,139.7563,618.68,0.22589438
2006-11-02,16350.01,139.5290,624.54,0.22341085
2006-11-06,16364.75,138.4497,623.4,0.22208800
2006-11-07,16393.41,139.3760,626.5,0.22246774
2006-11-08,16215.74,137.6315,614.9,0.22382741
2006-11-09,16198.57,137.5792,634.6,0.21679666
2006-11-10,16112.42,137.0920,627.7,0.21840366
2006-11-13,16022.49,135.6688,625.1,0.21703542
2006-11-14,16289.54,138.5047,622.7,0.22242608
2006-11-15,16243.46,137.7966,623,0.22118230
2006-11-16,16163.87,136.7733,621.2,0.22017597
2006-11-17,16091.73,136.6950,621.3,0.22001441
2006-11-20,15725.94,133.2142,620.8,0.21458478
2006-11-21,15734.13,133.5438,627.9,0.21268322
2006-11-22,15914.23,136.3687,629.35,0.21668185
2006-11-24,15734.59,135.7952,637.7,0.21294527
2006-11-27,15885.37,136.8131,641.4,0.21330388
2006-11-28,15855.25,136.4245,638.2,0.21376442
2006-11-29,16076.2,138.0998,635.7,0.21724055
2006-11-30,16274.33,140.5990,646.25,0.21756126
2006-12-01,16321.78,141.3753,645.75,0.21893196
2006-12-04,16303.58,141.3891,645.2,0.21914000
2006-12-05,16265.75,141.4905,643.3,0.21994484
2006-12-06,16371.28,141.9516,629.1,0.22564237
2006-12-07,16473.35,142.9606,631.2,0.22649018
2006-12-08,16417.82,141.1436,626.1,0.22543295
2006-12-11,16527.99,141.5068,629.25,0.22488163
2006-12-12,16637.77,142.5321,626.6,0.22746901
2006-12-13,16692.92,142.0795,627.75,0.22633134
2006-12-14,16829.19,142.9595,626.35,0.22824217
2006-12-15,16914.31,143.1475,615,0.23276018
2006-12-18,16962.1,143.6006,615.3,0.23338303
2006-12-19,16776.88,142.0927,621.8,0.22851826
2006-12-20,17011.03,143.6985,621.45,0.23123101
2006-12-21,17047.83,144.0946,618,0.23316275
2006-12-22,17104.96,143.9327,620.3,0.23203721
2006-12-25,17092.89,143.8311,620.3,0.23187348
2006-12-26,17169.18,144.1214,623.9,0.23100077
2006-12-27,17223.15,145.1960,627.35,0.23144338
2006-12-28,17224.81,144.8437,633.5,0.22864037
2006-12-29,17225.83,144.6941,635.7,0.22761378
2007-01-04,17353.66,145.9886,624.08,0.23392603
2007-01-05,17091.58,144.1233,606.3,0.23770952
2007-01-09,17237.76,144.3819,613,0.23553335
2007-01-10,16942.4,141.6944,611.8,0.23160249
2007-01-11,16838.16,139.7822,613.23,0.22794411
2007-01-12,17057,141.7518,625.9,0.22647683
2007-01-15,17209.91,142.8683,626.3,0.22811473
2007-01-16,17202.46,142.5933,623.6,0.22866154
2007-01-17,17261.34,143.0933,631.98,0.22642055
2007-01-18,17370.92,143.3362,627.1,0.22857000
2007-01-19,17310.43,142.7900,635,0.22486612
2007-01-22,17424.17,143.1967,632.9,0.22625480
2007-01-23,17408.57,143.0802,645.4,0.22169231
2007-01-24,17507.4,144.6175,647.6,0.22331307
2007-01-25,17458.3,143.9860,647.9,0.22223488
2007-01-26,17421.92,143.3549,644.4,0.22246259
2007-01-29,17470.46,143.5063,642,0.22353010
2007-01-30,17490.18,143.7155,644.73,0.22290809
2007-01-31,17383.41,143.8429,652.1,0.22058406
2007-02-01,17519.5,145.0650,657.6,0.22059763
2007-02-02,17547.1,144.8856,646.4,0.22414239
2007-02-05,17344.8,144.1796,650.15,0.22176352
2007-02-06,17406.85,145.0087,652.45,0.22225266
2007-02-07,17292.32,143.3738,651.75,0.21998289
2007-02-08,17292.48,142.7950,658.9,0.21671732
2007-02-09,17504.33,143.8436,667.3,0.21556065
2007-02-13,17621.44,145.3794,663.55,0.21909340
2007-02-14,17752.64,147.0807,667.7,0.22027961
2007-02-15,17897.23,150.1571,667.8,0.22485347
2007-02-16,17875.65,149.6998,667.8,0.22416857
2007-02-19,17940.08,149.9129,670.4,0.22361713
2007-02-20,17939.11,149.4428,657.4,0.22732396
2007-02-21,17913.21,148.2391,678,0.21864171
2007-02-22,18108.78,149.0312,677.93,0.21983271
2007-02-23,18188.41,150.2678,681.7,0.22043093
2007-02-26,18215.34,150.9142,685.5,0.22015196
2007-02-27,18119.91,153.2987,676.5,0.22660566
2007-02-28,17604.11,148.5579,669.3,0.22196009
2007-03-01,17453.5,148.4267,663.95,0.22355108
2007-03-02,17217.92,147.4768,642.63,0.22948949
2007-03-05,16642.25,144.4389,638.3,0.22628685
2007-03-06,16844.5,144.2660,645,0.22366824
2007-03-07,16764.61,144.7221,650.15,0.22259804
2007-03-08,17090.31,145.7720,651.7,0.22367962
2007-03-09,17164.03,145.0645,647.9,0.22389950
2007-03-12,17292.39,147.1693,649.5,0.22658857
2007-03-13,17178.83,147.9658,644,0.22976057
2007-03-14,16676.89,142.2457,642.8,0.22129081
2007-03-15,16860.39,143.7251,646,0.22248466
2007-03-16,16744.15,143.4557,652,0.22002409
2007-03-19,17009.55,144.8731,653.3,0.22175585
2007-03-20,17163.19,146.3936,657.9,0.22251655
2007-03-22,17419.19,147.4578,663.4,0.22227585
2007-03-23,17480.6,147.9777,657.1,0.22519807
2007-03-26,17521.96,148.3780,663,0.22379791
2007-03-27,17365.05,147.4113,662.1,0.22264203
2007-03-28,17254.73,147.5899,665.55,0.22175622
2007-03-29,17263.93,146.2797,660.75,0.22138433
2007-03-30,17287.65,146.7169,663.4,0.22115900
2007-04-02,17028.41,144.4922,664.65,0.21739598
2007-04-03,17244.05,145.0177,663.95,0.21841654
2007-04-04,17544.08,147.9140,672.6,0.21991377
2007-04-05,17491.41,147.3705,673.83,0.21870582
2007-04-06,17484.77,146.5982,673.83,0.21755966
2007-04-09,17743.75,148.7696,672,0.22138333
2007-04-10,17664.68,148.4053,676.2,0.21946950
2007-04-11,17670.07,148.0525,675.7,0.21910986
2007-04-12,17540.41,147.3117,674.9,0.21827197
2007-04-13,17363.94,145.6218,684.1,0.21286621
2007-04-16,17628.3,147.3445,689.65,0.21365118
2007-04-17,17527.44,147.3885,686.8,0.21460177
2007-04-18,17667.33,149.1669,687.7,0.21690697
2007-04-19,17371.97,146.6732,682.7,0.21484278
2007-04-20,17452.61,147.0560,692.3,0.21241663
2007-04-23,17455.36,147.2157,690.3,0.21326330
2007-04-24,17451.76,147.2598,683.2,0.21554422
2007-04-25,17236.16,145.3179,683.9,0.21248418
2007-04-26,17429.16,145.8629,674.2,0.21634963
2007-04-27,17400.41,145.5005,680.1,0.21393993
2007-05-01,17274.98,144.2587,674.25,0.21395433
2007-05-02,17394.91,144.7525,671.9,0.21543759
2007-05-07,17669.83,147.1505,688,0.21388152
2007-05-08,17656.83,147.1403,684.95,0.21481896
2007-05-09,17748.11,147.8763,680.1,0.21743313
2007-05-10,17736.96,148.0918,666.7,0.22212666
2007-05-11,17553.72,146.0862,670.5,0.21787654
2007-05-14,17677.93,146.8267,667.7,0.21989915
2007-05-15,17512.98,145.6865,672.6,0.21660206
2007-05-16,17529,145.1196,660.7,0.21964527
2007-05-17,17498.59,144.3302,657,0.21968063
2007-05-18,17399.58,143.6676,661.1,0.21731595
2007-05-21,17556.86,144.5247,662.68,0.21809123
2007-05-22,17680.05,145.4669,658.2,0.22100718
2007-05-23,17705.11,145.6252,660.9,0.22034375
2007-05-24,17696.97,145.7380,654.4,0.22270483
2007-05-25,17481.21,143.5593,654.7,0.21927486
2007-05-28,17587.58,144.5634,654.9,0.22074114
2007-05-29,17672.56,145.2619,656.3,0.22133457
2007-05-30,17588.25,144.6045,652.8,0.22151431
2007-05-31,17875.75,146.8837,660.5,0.22238264
2007-06-01,17958.88,147.1557,670.9,0.21934072
2007-06-04,17973.41,147.7105,670.5,0.22029899
2007-06-05,18053.81,148.7992,669.75,0.22217130
2007-06-06,18040.92,149.0616,668.5,0.22297914
2007-06-07,18053.38,149.2755,658.9,0.22655260
2007-06-08,17779.08,146.0774,647.2,0.22570673
2007-06-11,17834.48,146.5808,654.3,0.22402682
2007-06-12,17760.91,145.9641,649.95,0.22457741
2007-06-13,17732.76,144.6156,648.88,0.22286950
2007-06-14,17842.28,145.1064,651.6,0.22269241
2007-06-15,17971.49,145.6007,655.05,0.22227412
2007-06-18,18149.51,146.8169,656.2,0.22373810
2007-06-19,18163.6,147.2167,661.5,0.22254985
2007-06-20,18211.67,147.4868,656,0.22482744
2007-06-21,18240.3,147.4202,651.6,0.22624338
2007-06-22,18188.63,146.8483,653,0.22488254
2007-06-25,18087.48,146.2797,651.6,0.22449303
2007-06-26,18066.1,146.6523,643,0.22807516
2007-06-27,17849.27,145.3405,642.6,0.22617573
2007-06-28,17932.26,145.5777,648.4,0.22451834
2007-06-29,18138.35,147.2747,649.7,0.22668106
2007-07-02,18146.3,148.3268,656.9,0.22579813
2007-07-03,18149.9,148.2351,652.5,0.22718016
2007-07-04,18168.72,148.1951,653.6,0.22673670
2007-07-05,18221.48,148.2627,648.85,0.22850066
2007-07-06,18140.93,147.1045,653.5,0.22510256
2007-07-09,18261.98,148.0381,660.75,0.22404555
2007-07-10,18252.66,150.4010,662.8,0.22691756
2007-07-11,18049.5,147.5356,660.2,0.22347100
2007-07-12,17984.14,146.9413,667.1,0.22026871
2007-07-13,18238.94,149.6099,666.3,0.22453831
2007-07-17,18217.26,149.1018,665.18,0.22415259
2007-07-18,18015.58,147.8141,673.1,0.21960196
2007-07-19,18116.57,148.4356,676.85,0.21930360
2007-07-20,18157.92,149.7560,683.5,0.21910174
2007-07-23,17963.64,148.3985,680.65,0.21802470
2007-07-24,18002.02,149.7672,682.8,0.21934274
2007-07-25,17858.41,148.2764,672.1,0.22061658
2007-07-26,17702.08,149.8018,663.1,0.22591134
2007-07-27,17283.81,145.8057,660.15,0.22086756
2007-07-30,17289.3,145.0566,664.53,0.21828455
2007-07-31,17248.89,145.6586,665.95,0.21872301
2007-08-01,16870.98,141.9638,664.2,0.21373655
2007-08-02,16984.1,142.5798,665.2,0.21434118
2007-08-03,16979.85,143.8605,673.2,0.21369646
2007-08-06,16914.46,142.3057,671.1,0.21204848
2007-08-07,16921.76,142.4750,671.23,0.21225964
2007-08-08,17029.27,142.3733,674.33,0.21113297
2007-08-09,17170.59,145.3533,661.9,0.21960015
2007-08-10,16764.08,141.6124,671.5,0.21088970
2007-08-13,16800.05,142.1805,669.75,0.21228894
2007-08-14,16844.6,143.2608,667.9,0.21449432
2007-08-15,16475.6,141.7134,668.68,0.21193007
2007-08-16,16148.49,141.0841,648.6,0.21752102
2007-08-17,15273.67,133.5344,656.9,0.20327972
2007-08-20,15732.48,136.9948,656.2,0.20876985
2007-08-21,15901.33,139.1801,656.5,0.21200325
2007-08-22,15900.63,137.8349,659.4,0.20903073
2007-08-23,16316.32,140.2830,659.45,0.21272733
2007-08-24,16248.96,139.5479,667.7,0.20899794
2007-08-27,16301.38,140.9301,666.9,0.21132113
2007-08-28,16287.49,142.6975,664.63,0.21470213
2007-08-29,16012.83,137.9227,666.2,0.20702903
2007-08-30,16153.82,139.4494,664.5,0.20985615
2007-08-31,16569.08,143.1207,672.5,0.21281884
2007-09-03,16524.92,142.5176,672.3,0.21198518
2007-09-04,16420.47,141.3243,681.93,0.20724165
2007-09-05,16158.45,140.4228,681.5,0.20604958
2007-09-06,16257,140.8508,694.25,0.20288197
2007-09-07,16122.16,142.1958,700.7,0.20293393
2007-09-10,15764.96,138.7028,702.3,0.19749793
2007-09-11,15877.66,138.9000,712.2,0.19502950
2007-09-12,15797.59,138.3448,711.4,0.19446834
2007-09-13,15821.19,137.8393,708.5,0.19455082
2007-09-14,16127.41,139.8128,708.15,0.19743392
2007-09-18,15801.79,136.2106,715.88,0.19027014
2007-09-19,16381.54,141.3664,721.5,0.19593405
2007-09-20,16413.78,143.1518,733.4,0.19518919
2007-09-21,16312.61,141.2103,732.1,0.19288385
2007-09-25,16401.73,143.0966,730.3,0.19594219
2007-09-26,16435.74,142.3624,728.6,0.19539172
2007-09-27,16832.22,145.6578,733.5,0.19857920
2007-09-28,16785.68,146.2422,744.8,0.19635097
2007-10-01,16845.96,145.5878,746.85,0.19493575
2007-10-02,17046.77,147.4634,731.25,0.20165936
2007-10-03,17199.89,147.4234,729.75,0.20201907
2007-10-04,17092.49,146.9184,736.6,0.19945483
2007-10-05,17065.03,145.8799,741.5,0.19673620
2007-10-09,17159.9,146.5531,736.75,0.19891833
2007-10-10,17177.89,146.5940,739.15,0.19832787
2007-10-11,17458.98,148.8404,751.1,0.19816324
2007-10-12,17331.16,147.3863,748.3,0.19696157
2007-10-15,17358.15,147.8296,758.08,0.19500526
2007-10-16,17137.91,146.6533,757.7,0.19355067
2007-10-17,16955.31,145.4393,756,0.19237999
2007-10-18,17106.08,147.9765,764,0.19368648
2007-10-19,16814.36,146.8503,765.3,0.19188593
2007-10-22,16438.47,143.5549,753.9,0.19041635
2007-10-23,16450.58,143.4102,758.55,0.18905829
2007-10-24,16358.38,143.2683,761.2,0.18821380
2007-10-25,16284.16,142.6183,767.48,0.18582676
2007-10-26,16505.63,144.5453,784.05,0.18435727
2007-10-29,16698.08,145.5805,791,0.18404611
2007-10-30,16651,145.1953,781.7,0.18574303
2007-10-31,16737.63,145.1659,795.3,0.18252976
2007-11-01,16870.4,147.3526,790.43,0.18642082
2007-11-02,16517.48,143.7928,804.9,0.17864680
2007-11-05,16268.91,142.1238,808.5,0.17578700
2007-11-06,16249.62,141.7448,820.9,0.17266996
2007-11-07,16096.67,143.2598,831.6,0.17227007
2007-11-08,15771.57,139.9926,832.5,0.16815932
2007-11-09,15583.41,140.7970,832.6,0.16910519
2007-11-12,15197.08,138.7481,801.33,0.17314727
2007-11-13,15126.62,136.3496,796.5,0.17118589
2007-11-14,15499.55,139.4346,811.6,0.17180212
2007-11-15,15396.29,139.4591,786.1,0.17740637
2007-11-16,15154.61,136.4174,786.4,0.17347076
2007-11-19,15042.55,137.0495,778.2,0.17611086
2007-11-20,15211.51,138.4123,793.7,0.17438867
2007-11-21,14837.66,136.7022,799.9,0.17089915
2007-11-22,14888.76,137.1983,805.14,0.17040304
2007-11-26,15135.21,140.7796,824,0.17084897
2007-11-27,15222.84,139.8515,812.62,0.17209955
2007-11-28,15153.78,137.9372,803.36,0.17170035
2007-11-29,15513.74,141.2652,794.98,0.17769650
2007-11-30,15680.66,141.0131,784.46,0.17975822
2007-12-03,15628.96,141.5154,789.62,0.17921962
2007-12-04,15480.19,140.9468,802.4,0.17565656
2007-12-05,15608.87,140.8234,796.89,0.17671628
2007-12-06,15874.08,142.7397,802.93,0.17777351
2007-12-07,15956.37,142.9014,795.4,0.17965979
2007-12-10,15924.38,142.6021,807.7,0.17655334
2007-12-11,16044.71,144.9125,811.82,0.17850322
2007-12-12,15932.25,142.0113,813.71,0.17452326
2007-12-13,15536.51,138.3606,797.86,0.17341461
2007-12-14,15514.5,136.9813,792.72,0.17279907
2007-12-17,15249.79,135.1452,793.98,0.17021241
2007-12-18,15207.86,134.1909,802.64,0.16718697
2007-12-19,15030.5,132.6377,800.48,0.16569766
2007-12-20,15031.59,132.8231,797.44,0.16656187
2007-12-21,15257,133.8333,811.4,0.16494125
2007-12-25,15552.58,136.0681,812.32,0.16750550
2007-12-26,15653.54,137.0473,825.04,0.16610986
2007-12-27,15564.69,136.7483,827.26,0.16530267
2007-12-28,15307.78,136.3115,839.03,0.16246319
2008-01-04,14691.41,135.3299,861.2,0.15714104
2008-01-07,14500.54,132.7645,859.3,0.15450310
2008-01-08,14528.66,133.4006,878.22,0.15189885
2008-01-09,14599.16,132.7438,878.13,0.15116642
2008-01-10,14388.11,131.5064,890.7,0.14764382
2008-01-11,14110.79,129.6709,895.82,0.14475109
2008-01-15,13972.62,130.6952,900.03,0.14521201
2008-01-16,13504.5,125.6817,885.01,0.14201163
2008-01-17,13783.45,129.3128,878.94,0.14712357
2008-01-18,13861.29,129.7631,882.3,0.14707363
2008-01-21,13325.94,126.0732,863.7,0.14596877
2008-01-22,12573.04,117.8465,889.4,0.13250109
2008-01-23,12829.05,120.3476,880.4,0.13669646
2008-01-24,13092.78,122.2025,909.2,0.13440666
2008-01-25,13629.16,127.6856,909.88,0.14033234
2008-01-28,13087.91,122.2484,927,0.13187526
2008-01-29,13478.86,125.9236,922.8,0.13645815
2008-01-30,13345.03,125.6003,919.2,0.13664086
2008-01-31,13592.46,127.7727,925.7,0.13802820
2008-02-01,13497.16,126.6982,905.98,0.13984658
2008-02-04,13859.7,129.9428,903.9,0.14375795
2008-02-05,13745.5,128.7273,888.6,0.14486528
2008-02-06,13099.24,123.1247,901.5,0.13657763
2008-02-07,13207.15,123.0403,908.8,0.13538770
2008-02-08,13017.24,121.2824,918.58,0.13203249
2008-02-12,13021.96,121.3716,907.7,0.13371335
2008-02-13,13068.29,120.8349,906.98,0.13322770
2008-02-14,13626.45,126.3580,907.7,0.13920682
2008-02-15,13622.55,126.3922,904.2,0.13978344
2008-02-18,13635.4,126.1136,906.3,0.13915213
2008-02-19,13757.91,127.6007,926.9,0.13766396
2008-02-20,13310.37,123.1871,933.58,0.13195134
2008-02-21,13688.28,127.6178,945.2,0.13501666
2008-02-22,13500.46,126.0194,943.2,0.13360837
2008-02-25,13914.57,128.7432,937.64,0.13730562
2008-02-26,13824.71,128.8417,946.8,0.13608118
2008-02-27,14031.29,131.8978,956.6,0.13788189
2008-02-28,13925.5,132.2585,969.45,0.13642635
2008-02-29,13603.01,131.1513,970.4,0.13515176
2008-03-03,12992.17,125.6253,982.55,0.12785641
2008-03-04,12992.28,125.5778,959.73,0.13084702
2008-03-05,12972.05,124.8513,985.6,0.12667543
2008-03-06,13215.41,128.8428,978.1,0.13172768
2008-03-07,12782.79,124.5037,971.54,0.12815082
2008-03-10,12532.12,123.1900,972,0.12673870
2008-03-11,12658.28,122.4323,969,0.12634917
2008-03-12,12861.12,126.6482,981.4,0.12904845
2008-03-13,12433.44,123.5069,992.98,0.12438005
2008-03-14,12241.59,123.6524,998.9,0.12378859
2008-03-17,11787.5,121.0588,1004.2,0.12055253
2008-03-18,11964.16,119.6057,987.8,0.12108293
2008-03-19,12260.44,124.1689,943.81,0.13156136
2008-03-21,12482.57,125.3396,914.46,0.13706405
2008-03-24,12480.08,123.9456,912.21,0.13587395
2008-03-25,12745.21,127.5031,935.8,0.13625038
2008-03-26,12706.62,128.4016,950.14,0.13513964
2008-03-27,12604.58,126.6919,948.48,0.13357364
2008-03-28,12820.46,129.3428,931.53,0.13884987
2008-03-31,12525.54,125.3808,913.2,0.13729827
2008-04-01,12656.41,124.4118,882.89,0.14091424
2008-04-02,13189.36,128.9283,898.05,0.14356467
2008-04-03,13389.9,130.9526,904.69,0.14474855
2008-04-04,13293.21,131.0192,908.36,0.14423711
2008-04-07,13450.23,131.3756,923.67,0.14223214
2008-04-08,13250.42,129.2094,913.6,0.14142881
2008-04-09,13111.88,128.9144,934.6,0.13793534
2008-04-10,12945.29,127.2389,928,0.13711093
2008-04-11,13323.73,131.9181,924.93,0.14262498
2008-04-14,12917.5,127.7316,924.44,0.13817190
2008-04-15,12990.58,127.5587,928.52,0.13737854
2008-04-16,13146.12,129.1875,943.06,0.13698757
2008-04-17,13398.29,130.7023,939.14,0.13917230
2008-04-18,13476.45,130.0063,916.2,0.14189726
2008-04-21,13696.54,132.6927,914.78,0.14505422
2008-04-22,13547.82,131.7113,921.53,0.14292672
2008-04-23,13579.16,131.2884,905.83,0.14493714
2008-04-24,13540.87,129.8386,886.92,0.14639271
2008-04-25,13863.46,132.7409,888.9,0.14933165
2008-04-28,13894.37,133.3433,892.68,0.14937411
2008-04-30,13849.99,133.2499,866.18,0.15383622
2008-05-01,13766.86,131.9044,850,0.15518162
2008-05-02,14049.25,133.2946,856.65,0.15559983
2008-05-07,14102.48,134.7457,870.96,0.15470935
2008-05-08,13943.25,134.3928,881.42,0.15247302
2008-05-09,13655.33,132.8339,886.3,0.14987470
2008-05-12,13743.36,132.3641,884.5,0.14964845
2008-05-13,13953.73,133.3244,866.4,0.15388318
2008-05-14,14118.54,134.4623,865.68,0.15532562
2008-05-15,14251.74,136.1328,881.75,0.15438931
2008-05-16,14219.48,136.6207,900.6,0.15169962
2008-05-19,14269.61,136.8000,905.2,0.15112684
2008-05-20,14160.08,136.6539,919.33,0.14864513
2008-05-21,13926.29,135.2330,928.1,0.14570947
2008-05-22,13978.46,134.2792,918.8,0.14614623
2008-05-23,14012.2,135.5670,925.29,0.14651293
2008-05-26,13690.19,132.4387,927.7,0.14276028
2008-05-27,13893.3,133.2435,905.82,0.14709711
2008-05-28,13709.44,130.9903,900.65,0.14543969
2008-05-29,14124.46,133.8050,877.94,0.15240795
2008-05-30,14338.54,135.9232,886.96,0.15324616
2008-06-02,14440.13,138.3022,892.2,0.15501252
2008-06-03,14209.16,135.1451,882.75,0.15309560
2008-06-04,14435.57,137.1420,881.55,0.15556920
2008-06-05,14341.12,135.3702,873.3,0.15500997
2008-06-06,14489.44,138.0999,895.7,0.15418096
2008-06-09,14181.37,133.4340,895.83,0.14895018
2008-06-10,14021.16,130.6238,869.51,0.15022692
2008-06-11,14183.48,132.7793,881.2,0.15068004
2008-06-12,13888.59,128.7650,870.15,0.14798020
2008-06-13,13973.73,129.1711,870.4,0.14840430
2008-06-16,14354.37,132.6529,882.65,0.15028935
2008-06-17,14348.37,132.9045,883.7,0.15039550
2008-06-18,14452.82,134.0458,894.4,0.14987234
2008-06-19,14130.16,130.8954,902.8,0.14498827
2008-06-20,13942.08,129.9113,901.13,0.14416487
2008-06-23,13857.46,128.5002,882.56,0.14559938
2008-06-24,13849.55,128.4745,887.55,0.14475183
2008-06-25,13829.91,128.2328,880.14,0.14569594
2008-06-26,13822.32,129.3498,911.83,0.14185737
2008-06-27,13544.36,127.6084,929.69,0.13725913
2008-06-30,13481.37,127.0868,927.4,0.13703561
2008-07-01,13463.2,126.9754,940.88,0.13495386
2008-07-02,13286.37,125.5563,941.95,0.13329404
2008-07-03,13265.4,124.2195,932.36,0.13323126
2008-07-04,13237.88,123.9850,932.6,0.13294554
2008-07-07,13360.04,124.7203,927.7,0.13444035
2008-07-08,13033.09,121.3283,922.04,0.13158685
2008-07-09,13052.12,122.2109,926.4,0.13192019
2008-07-10,13067.21,122.0664,940.62,0.12977230
2008-07-11,13039.69,122.6226,961.96,0.12747165
2008-07-14,13010.16,122.5408,972.48,0.12600859
2008-07-15,12754.55,121.9131,975.76,0.12494170
2008-07-16,12760.79,121.4273,962.36,0.12617654
2008-07-17,12887.95,121.3326,964.58,0.12578802
2008-07-18,12803.7,119.7279,954,0.12550093
2008-07-22,13184.96,122.9252,948.6,0.12958595
2008-07-23,13312.92,123.3477,923.35,0.13358718
2008-07-24,13603.3,126.6955,922.65,0.13731701
2008-07-25,13334.75,123.6072,927.97,0.13320177
2008-07-28,13353.78,124.2790,928.85,0.13379880
2008-07-29,13159.45,121.7003,916.48,0.13279097
2008-07-30,13367.79,123.6613,906.09,0.13647798
2008-07-31,13376.8,124.0315,913.2,0.13582077
2008-08-01,13094.58,121.6403,909.64,0.13372358
2008-08-04,12933.17,119.5302,896.57,0.13331945
2008-08-05,12914.66,119.2600,877.65,0.13588555
2008-08-06,13254.88,120.9497,876.9,0.13792875
2008-08-07,13124.99,120.0493,870.78,0.13786410
2008-08-08,13168.41,119.5172,857.1,0.13944376
2008-08-11,13430.91,121.9772,820.15,0.14872548
2008-08-12,13303.59,121.7163,813.3,0.14965730
2008-08-13,13023.04,118.9427,827.45,0.14374613
2008-08-14,12956.79,118.0358,810.8,0.14557943
2008-08-15,13019.41,117.8334,785.28,0.15005269
2008-08-18,13165.45,119.5012,801.5,0.14909697
2008-08-19,12865.04,117.3175,810.14,0.14481142
2008-08-20,12851.69,116.9931,810.1,0.14441807
2008-08-21,12752.21,117.5644,834.2,0.14093071
2008-08-22,12666.04,115.0621,827.43,0.13905966
2008-08-25,12878.66,117.8285,820.78,0.14355679
2008-08-26,12778.71,116.5303,824.3,0.14136877
2008-08-27,12752.96,116.4441,826.1,0.14095645
2008-08-28,12768.25,116.6370,831.06,0.14034724
2008-08-29,13072.87,120.1661,830.25,0.14473484
2008-09-01,12834.17,118.6591,816.92,0.14525182
2008-09-02,12609.46,116.1092,807.75,0.14374399
2008-09-03,12689.58,117.2464,802,0.14619254
2008-09-04,12557.66,117.9455,800.18,0.14739874
2008-09-05,12212.23,113.3701,801,0.14153574
2008-09-08,12624.46,116.7202,800.49,0.14581098
2008-09-09,12400.65,116.1110,784.55,0.14799688
2008-09-10,12346.62,114.5645,761.2,0.15050517
2008-09-11,12102.5,112.9386,744.86,0.15162392
2008-09-12,12214.76,113.1835,760.22,0.14888252
2008-09-16,11609.72,109.9822,780.9,0.14084030
2008-09-17,11749.79,112.6106,863.46,0.13041785
2008-09-18,11489.3,108.8517,894.73,0.12165875
2008-09-19,11920.86,110.9536,858.5,0.12924129
2008-09-22,12090.59,114.6897,900.84,0.12731419
2008-09-24,12115.03,114.1205,887.2,0.12862994
2008-09-25,12006.53,112.7691,873.34,0.12912398
2008-09-26,11893.16,112.1996,884.2,0.12689394
2008-09-29,11743.61,112.9410,899.8,0.12551794
2008-09-30,11259.86,106.2451,872.02,0.12183796
2008-10-01,11368.26,107.4200,883.8,0.12154335
2008-10-02,11154.76,105.8929,840.35,0.12601049
2008-10-03,10938.14,103.8464,830.55,0.12503328
2008-10-06,10473.09,103.1628,865.15,0.11924270
2008-10-07,10155.9,100.0581,879.9,0.11371534
2008-10-08,9203.32,92.8878,897.2,0.10353073
2008-10-09,9157.49,91.9058,882.98,0.10408589
2008-10-10,8276.43,82.2461,840.28,0.09787946
2008-10-14,9447.57,92.5144,841.9,0.10988763
2008-10-15,9547.47,95.6086,840.03,0.11381564
2008-10-16,8458.45,83.2033,803.83,0.10350861
2008-10-17,8693.82,85.5354,788.45,0.10848553
2008-10-20,9005.59,88.2036,794.26,0.11105132
2008-10-21,9306.25,92.7379,771.83,0.12015329
2008-10-22,8674.69,88.5172,726.12,0.12190443
2008-10-23,8460.98,86.3542,714.65,0.12083419
2008-10-24,7649.08,81.1651,733.42,0.11066660
2008-10-27,7162.9,76.8634,734.42,0.10465864
2008-10-28,7621.92,77.6163,743.9,0.10433700
2008-10-29,8211.9,84.3267,752.38,0.11207990
2008-10-30,9029.76,91.5611,739.13,0.12387691
2008-10-31,8576.98,87.0759,724.93,0.12011634
2008-11-04,9114.6,91.3561,757.85,0.12054644
2008-11-05,9521.24,97.1952,743.17,0.13078459
2008-11-06,8899.14,91.3294,733.32,0.12454240
2008-11-07,8583,87.3944,733.64,0.11912431
2008-11-10,9081.43,92.6866,749.27,0.12370250
2008-11-11,8809.3,90.2685,735.6,0.12271407
2008-11-12,8695.51,91.8983,716.1,0.12833167
2008-11-13,8238.64,84.3345,715.35,0.11789268
2008-11-14,8462.39,87.1782,743.45,0.11726171
2008-11-17,8522.58,88.5555,741.58,0.11941461
2008-11-18,8328.41,85.9574,734.6,0.11701249
2008-11-19,8273.22,86.4134,738.83,0.11695980
2008-11-20,7703.04,81.8254,750.67,0.10900311
2008-11-21,7910.79,82.4900,795.3,0.10372185
2008-11-25,8323.93,87.3628,818.26,0.10676658
2008-11-26,8213.22,86.1015,811.79,0.10606373
2008-11-27,8373.39,87.8543,814.8,0.10782310
2008-11-28,8512.27,89.1337,817.9,0.10897875
2008-12-01,8397.22,90.2733,774.28,0.11658996
2008-12-02,7863.69,84.4106,781.35,0.10803172
2008-12-03,8004.1,85.7889,768.34,0.11165481
2008-12-04,7924.24,85.8903,768.35,0.11178540
2008-12-05,7917.51,85.2629,755.83,0.11280694
2008-12-08,8329.05,89.6368,771.4,0.11620014
2008-12-09,8395.87,90.9727,774.47,0.11746445
2008-12-10,8660.24,93.3618,806.48,0.11576455
2008-12-11,8720.55,95.3378,822.75,0.11587702
2008-12-12,8235.87,90.3849,818.84,0.11038161
2008-12-15,8664.66,95.6575,837.25,0.11425206
2008-12-16,8568.02,96.3132,841.4,0.11446776
2008-12-17,8612.52,98.6091,867.45,0.11367700
2008-12-18,8667.23,96.7757,856.25,0.11302269
2008-12-19,8588.52,96.1760,839.36,0.11458258
2008-12-22,8723.78,96.7160,843.98,0.11459509
2008-12-24,8517.1,94.1949,847.53,0.11114045
2008-12-25,8599.5,95.1062,847.53,0.11221570
2008-12-26,8739.52,96.2820,864.55,0.11136664
2008-12-29,8747.17,96.4726,875.38,0.11020653
2008-12-30,8859.56,98.2213,870.15,0.11287857
2009-01-05,9043.12,97.0396,859.91,0.11284855
2009-01-06,9080.84,97.2045,864.55,0.11243358
2009-01-07,9239.24,99.8297,840.95,0.11871064
2009-01-08,8876.42,97.3398,853.95,0.11398775
2009-01-09,8836.8,97.7738,856.52,0.11415244
2009-01-13,8413.91,94.1469,821.24,0.11463996
2009-01-14,8438.45,94.9207,810.06,0.11717737
2009-01-15,8023.31,89.2669,812.87,0.10981696
2009-01-16,8230.15,90.7904,839.28,0.10817654
2009-01-19,8256.85,91.1755,836,0.10906156
2009-01-20,8065.79,89.9196,852.53,0.10547385
2009-01-21,7901.64,88.4347,852.08,0.10378685
2009-01-22,8051.74,90.6115,860.32,0.10532305
2009-01-23,7745.25,87.3295,895.88,0.09747897
2009-01-26,7682.14,86.2580,906.7,0.09513403
2009-01-27,8061.07,90.4519,899.07,0.10060603
2009-01-28,8106.29,89.6614,890.05,0.10073752
2009-01-29,8251.24,91.6499,904.5,0.10132658
2009-01-30,7994.05,88.8722,928.08,0.09575915
2009-02-02,7873.98,88.1153,904.93,0.09737246
2009-02-03,7825.51,87.5729,892.93,0.09807359
2009-02-04,8038.94,90.0116,901.3,0.09986868
2009-02-05,7949.65,87.2437,913.9,0.09546312
2009-02-06,8076.62,87.9327,913.3,0.09628021
2009-02-09,7969.03,87.1313,894.15,0.09744597
2009-02-10,7945.94,87.9462,913.1,0.09631608
2009-02-12,7705.36,84.8234,951.3,0.08916580
2009-02-13,7779.4,84.6415,939.76,0.09006714
2009-02-16,7750.17,84.5442,943.24,0.08963173
2009-02-17,7645.51,82.7884,969.7,0.08537528
2009-02-18,7534.44,80.4790,980.11,0.08211217
2009-02-19,7557.65,80.3492,974.3,0.08246869
2009-02-20,7416.38,79.4811,997.37,0.07969067
2009-02-23,7376.16,78.1621,993.84,0.07864659
2009-02-24,7268.56,75.1350,967.23,0.07768059
2009-02-25,7461.22,76.5882,963.28,0.07950770
2009-02-26,7457.93,75.7073,938.99,0.08062635
2009-02-27,7568.42,77.5691,938.96,0.08261175
2009-03-02,7280.15,74.9990,937.42,0.08000573
2009-03-03,7229.72,73.6074,913.28,0.08059676
2009-03-04,7290.96,73.5421,905.04,0.08125836
2009-03-05,7433.49,75.8287,927.08,0.08179308
2009-03-06,7173.1,73.0087,940.1,0.07766052
2009-03-09,7086.03,71.6267,916.36,0.07816437
2009-03-10,7054.98,71.4935,897.09,0.07969492
2009-03-11,7376.12,75.7146,906.94,0.08348362
2009-03-12,7198.25,73.6997,923.36,0.07981687
2009-03-13,7569.28,77.2888,928.13,0.08327369
2009-03-16,7704.15,78.4217,922.62,0.08499894
2009-03-17,7949.13,80.5465,916.33,0.08790115
2009-03-18,7972.17,82.9053,932.7,0.08888738
2009-03-19,7945.96,84.0664,956.68,0.08787310
2009-03-23,8215.53,84.7486,950.66,0.08914713
2009-03-24,8488.3,86.5182,929.5,0.09308036
2009-03-25,8479.99,86.9653,935.54,0.09295737
2009-03-26,8636.33,87.4034,938.41,0.09313989
2009-03-27,8626.97,88.1923,922.8,0.09557032
2009-03-30,8236.08,84.5246,915.86,0.09228990
2009-03-31,8109.53,82.0139,922.58,0.08889620
2009-04-01,8351.91,84.6706,925,0.09153581
2009-04-02,8719.78,87.5568,906.56,0.09658134
2009-04-03,8749.84,87.2193,895.91,0.09735275
2009-04-06,8857.93,87.6502,869.9,0.10075895
2009-04-07,8832.85,87.8716,882.11,0.09961520
2009-04-08,8595.01,86.1742,883.84,0.09749972
2009-04-09,8916.06,88.7789,881.65,0.10069625
2009-04-10,8964.11,89.4354,881.65,0.10144093
2009-04-13,8924.43,89.1908,891.4,0.10005697
2009-04-14,8842.68,89.4918,890.6,0.10048479
2009-04-15,8742.96,87.9928,891.25,0.09872960
2009-04-16,8755.26,88.1165,878.05,0.10035482
2009-04-17,8907.58,89.8394,866.59,0.10367006
2009-04-20,8924.75,91.0782,884.35,0.10298883
2009-04-21,8711.33,88.3054,881.05,0.10022748
2009-04-22,8727.3,89.0904,891.3,0.09995562
2009-04-23,8847.01,90.2664,905.46,0.09969121
2009-04-24,8707.99,89.6345,911.8,0.09830498
2009-04-27,8726.34,90.2227,907.14,0.09945841
2009-04-28,8493.77,88.1096,891.05,0.09888294
2009-04-30,8828.26,89.5815,890.85,0.10055737
2009-05-01,8977.37,90.5799,885.5,0.10229233
2009-05-07,9385.7,94.5377,910.88,0.10378719
2009-05-08,9432.83,95.8037,914.65,0.10474354
2009-05-11,9451.98,97.0628,912.47,0.10637374
2009-05-12,9298.61,96.5287,922.93,0.10458941
2009-05-13,9340.49,98.0217,926.1,0.10584356
2009-05-14,9093.73,94.7658,927.3,0.10219545
2009-05-15,9265.02,97.3421,928.3,0.10486059
2009-05-18,9038.69,93.9182,920.17,0.10206617
2009-05-19,9290.29,96.7940,926.57,0.10446488
2009-05-20,9344.64,98.5306,938.68,0.10496716
2009-05-21,9264.15,98.1892,951.45,0.10319953
2009-05-22,9225.81,97.3598,957.95,0.10163344
2009-05-25,9347,98.5659,957.8,0.10290860
2009-05-26,9310.81,98.0808,952.9,0.10292874
2009-05-27,9438.77,99.0323,950.8,0.10415683
2009-05-28,9451.39,97.4772,959.44,0.10159802
2009-05-29,9522.5,99.9213,975.92,0.10238677
2009-06-01,9677.75,100.2356,979.62,0.10232093
2009-06-02,9704.31,101.4883,980.9,0.10346446
2009-06-03,9741.67,101.5815,963.36,0.10544505
2009-06-04,9668.96,99.9996,980.3,0.10200917
2009-06-05,9768.01,99.0168,960.82,0.10305450
2009-06-08,9865.63,100.2095,950.4,0.10543934
2009-06-09,9786.82,100.4910,953.87,0.10535085
2009-06-10,9991.49,101.6842,948.86,0.10716460
2009-06-11,9981.33,102.1317,959.3,0.10646481
2009-06-12,10135.82,103.0063,939.5,0.10963949
2009-06-15,10039.67,102.6341,927.06,0.11070926
2009-06-16,9752.88,101.1919,932.56,0.10850985
2009-06-17,9840.85,102.8732,936,0.10990726
2009-06-18,9703.72,100.4942,932.58,0.10775933
2009-06-19,9786.26,101.6754,934.1,0.10884855
2009-06-22,9826.27,102.4317,921.21,0.11119253
2009-06-23,9549.61,100.3005,924.25,0.10852096
2009-06-24,9590.32,100.1809,936.29,0.10699775
2009-06-25,9796.08,102.0638,938.4,0.10876360
2009-06-26,9877.39,103.7432,940.05,0.11035924
2009-06-29,9783.47,101.8263,940.05,0.10832008
2009-06-30,9958.44,103.4106,926.68,0.11159256
2009-07-01,9939.93,102.9724,941.26,0.10939851
2009-07-02,9876.15,102.9946,931.2,0.11060414
2009-07-03,9816.07,102.2294,932,0.10968823
2009-07-06,9680.87,101.5831,923.9,0.10995033
2009-07-07,9647.79,101.8344,927.65,0.10977674
2009-07-08,9420.75,101.6262,908.3,0.11188618
2009-07-09,9291.06,99.9469,915.5,0.10917188
2009-07-10,9287.28,100.3596,913,0.10992292
2009-07-13,9050.33,97.3049,919.4,0.10583523
2009-07-14,9261.81,98.9404,923.93,0.10708646
2009-07-15,9269.25,98.3684,940.36,0.10460712
2009-07-16,9344.16,99.6710,935.55,0.10653737
2009-07-17,9395.32,99.7380,938.28,0.10629876
2009-07-21,9652.02,103.0868,947.8,0.10876433
2009-07-22,9723.16,103.9021,952.9,0.10903780
2009-07-23,9792.94,103.0727,951.04,0.10837896
2009-07-24,9944.55,104.8671,952.25,0.11012563
2009-07-27,10088.66,105.9845,953.6,0.11114141
2009-07-28,10087.26,106.7548,937.7,0.11384749
2009-07-29,10113.24,106.3992,927.18,0.11475567
2009-07-30,10165.21,106.3863,935.22,0.11375536
2009-07-31,10356.83,109.4108,953.9,0.11469844
2009-08-03,10352.47,108.6988,956.99,0.11358401
2009-08-04,10375.01,108.9698,963.65,0.11308022
2009-08-05,10252.53,108.0351,965.92,0.11184683
2009-08-06,10388.09,108.9012,958.65,0.11359855
2009-08-07,10412.09,106.7797,954.9,0.11182293
2009-08-10,10524.26,108.4305,944.73,0.11477402
2009-08-11,10585.46,110.3342,946.11,0.11661875
2009-08-12,10435,108.5848,949.42,0.11436962
2009-08-13,10517.19,110.2893,955.17,0.11546565
2009-08-14,10597.33,111.6449,946.22,0.11799038
2009-08-17,10268.61,108.6970,935.78,0.11615663
2009-08-18,10284.96,108.5713,937.84,0.11576741
2009-08-19,10204,108.4955,944.34,0.11489027
2009-08-20,10383.41,110.2273,940.62,0.11718577
2009-08-21,10238.2,108.4785,953.08,0.11381887
2009-08-24,10581.05,111.9806,943.18,0.11872668
2009-08-25,10497.36,111.4488,943.6,0.11811019
2009-08-26,10639.71,112.9121,945.05,0.11947741
2009-08-27,10473.97,112.0810,947.39,0.11830503
2009-08-28,10534.14,112.5563,956.97,0.11761733
2009-08-31,10492.53,112.8715,951.92,0.11857241
2009-09-01,10530.06,113.3117,954.73,0.11868459
2009-09-02,10280.46,111.4655,975.82,0.11422749
2009-09-03,10214.64,110.3212,994.46,0.11093579
2009-09-04,10187.11,109.5388,991.78,0.11044669
2009-09-07,10320.94,110.9540,995.16,0.11149362
2009-09-08,10393.23,112.6271,998.32,0.11281665
2009-09-09,10312.14,112.1372,993.94,0.11282093
2009-09-10,10513.67,114.6029,996.9,0.11495927
2009-09-11,10444.33,115.1525,1003.9,0.11470513
2009-09-14,10202.06,112.2709,996.9,0.11262006
2009-09-15,10217.62,112.2692,1009,0.11126779
2009-09-16,10270.77,113.0146,1017.2,0.11110365
2009-09-17,10443.8,114.6914,1014,0.11310790
2009-09-18,10370.54,113.6124,1009.4,0.11255439
2009-09-24,10544.22,115.5658,992.52,0.11643671
2009-09-25,10265.98,114.5373,990.91,0.11558802
2009-09-28,10009.52,111.6013,992.05,0.11249563
2009-09-29,10100.2,112.0750,993.9,0.11276286
2009-09-30,10133.23,112.9554,1007.9,0.11207006
2009-10-01,9978.64,111.4061,999.55,0.11145621
2009-10-02,9731.87,108.3848,1002.4,0.10812529
2009-10-05,9674.49,108.0466,1017.1,0.10623004
2009-10-06,9691.8,109.1788,1037.5,0.10523256
2009-10-07,9799.6,110.6299,1042.1,0.10616058
2009-10-08,9832.47,111.2648,1056.3,0.10533447
2009-10-09,10016.39,111.6032,1046.8,0.10661371
2009-10-13,10076.56,112.3488,1063.6,0.10563065
2009-10-14,10060.21,112.6311,1064.6,0.10579664
2009-10-15,10238.65,113.0718,1049.3,0.10775925
2009-10-16,10257.56,112.8817,1052.35,0.10726631
2009-10-19,10236.51,112.9234,1057.7,0.10676320
2009-10-20,10336.84,114.0554,1055.6,0.10804793
2009-10-21,10333.39,113.5662,1059.7,0.10716827
2009-10-22,10267.17,112.4307,1059.1,0.10615682
2009-10-23,10282.99,111.7231,1055.9,0.10580837
2009-10-26,10362.62,112.3563,1038.6,0.10818052
2009-10-27,10212.46,111.2953,1038.6,0.10715900
2009-10-28,10075.05,111.0443,1028.2,0.10799874
2009-10-29,9891.1,108.0995,1046.7,0.10327644
2009-10-30,10034.74,111.3857,1041,0.10699878
2009-11-02,9802.95,108.4637,1053.6,0.10294581
2009-11-04,9844.31,108.3698,1087.2,0.09967786
2009-11-05,9717.44,107.0910,1088.8,0.09835693
2009-11-06,9789.35,108.9521,1093.8,0.09960883
2009-11-09,9808.99,109.0494,1101.6,0.09899179
2009-11-10,9870.73,109.9313,1102.7,0.09969283
2009-11-11,9871.68,109.8440,1115.5,0.09847064
2009-11-12,9804.49,108.4928,1107.9,0.09792648
2009-11-13,9770.31,108.9828,1115.5,0.09769863
2009-11-16,9791.18,109.8528,1139.9,0.09637056
2009-11-17,9729.93,108.9212,1140,0.09554490
2009-11-18,9676.8,108.3628,1142.3,0.09486372
2009-11-19,9549.47,107.3939,1142.5,0.09399908
2009-11-20,9497.68,106.8957,1148.3,0.09309037
2009-11-24,9401.58,106.2325,1164.7,0.09121022
2009-11-25,9441.64,108.1269,1186.6,0.09112328
2009-11-26,9383.24,108.6023,1191.9,0.09111697
2009-11-27,9081.52,105.0251,1176.6,0.08926151
2009-11-30,9345.55,108.2663,1178.5,0.09186791
2009-12-01,9572.2,110.3678,1197.5,0.09216518
2009-12-02,9608.94,109.6911,1213,0.09042959
2009-12-03,9977.67,112.8951,1216.5,0.09280322
2009-12-04,10022.59,110.7102,1159.5,0.09548094
2009-12-07,10167.6,113.7952,1157.9,0.09827722
2009-12-08,10140.47,114.7891,1137.9,0.10087803
2009-12-09,10004.72,113.7158,1121.7,0.10137813
2009-12-10,9862.82,111.6967,1124.9,0.09929480
2009-12-11,10107.87,113.5078,1116,0.10170950
2009-12-14,10105.68,113.9438,1123.2,0.10144573
2009-12-15,10083.48,112.4384,1123.5,0.10007873
2009-12-16,10177.41,113.3468,1136,0.09977712
2009-12-17,10163.8,113.0819,1100.8,0.10272700
2009-12-18,10142.05,112.0916,1108.5,0.10112009
2009-12-21,10183.47,111.7099,1095.1,0.10200881
2009-12-22,10378.03,113.0258,1087.5,0.10393178
2009-12-24,10536.92,115.1073,1104.6,0.10420720
2009-12-25,10494.71,114.6462,1104.6,0.10378976
2009-12-28,10634.23,116.0309,1105.9,0.10491986
2009-12-29,10638.06,115.6311,1098.6,0.10525313
2009-12-30,10546.44,114.1143,1092,0.10450024
2010-01-04,10654.79,115.3116,1116.1,0.10331653
2010-01-05,10681.83,116.4613,1117.1,0.10425324
2010-01-06,10731.45,116.2167,1137.45,0.10217302
2010-01-07,10681.66,114.1325,1130.45,0.10096200
2010-01-08,10798.32,116.5496,1137,0.10250624
2010-01-12,10879.14,119.3935,1127.55,0.10588759
2010-01-13,10735.03,117.4897,1136.45,0.10338304
2010-01-14,10907.68,119.5362,1140.95,0.10476903
2010-01-15,10982.1,121.0015,1130.25,0.10705733
2010-01-18,10855.08,119.7472,1132.93,0.10569687
2010-01-19,10764.9,118.1398,1137.5,0.10385918
2010-01-20,10737.52,117.6586,1111.15,0.10588900
2010-01-21,10868.41,120.2125,1093.45,0.10993870
2010-01-22,10590.55,117.9217,1092.3,0.10795727
2010-01-25,10512.69,116.4970,1097.5,0.10614762
2010-01-26,10325.28,115.2118,1097.25,0.10500049
2010-01-27,10252.08,113.9373,1087.95,0.10472661
2010-01-28,10414.29,115.8688,1085.3,0.10676202
2010-01-29,10198.04,112.9852,1080.05,0.10461104
2010-02-01,10205.02,112.5140,1105.95,0.10173516
2010-02-02,10371.09,114.7625,1113.8,0.10303693
2010-02-03,10404.33,114.3836,1109.85,0.10306219
2010-02-04,10355.98,116.2026,1064.2,0.10919249
2010-02-05,10057.09,112.7097,1065.3,0.10580094
2010-02-08,9951.82,111.4925,1061.8,0.10500329
2010-02-09,9932.9,110.5990,1077.65,0.10262984
2010-02-10,9963.99,110.7602,1070.9,0.10342724
2010-02-12,10092.19,112.2227,1092.55,0.10271633
2010-02-15,10013.3,111.2095,1100,0.10109951
2010-02-16,10034.25,111.2445,1118,0.09950309
2010-02-17,10306.83,113.0631,1108.25,0.10201947
2010-02-18,10335.69,112.3322,1108.63,0.10132528
2010-02-19,10123.58,110.6402,1118.45,0.09892281
2010-02-22,10400.47,114.0527,1112.95,0.10247787
2010-02-23,10352.1,114.7683,1102.3,0.10411711
2010-02-24,10198.83,113.0941,1095.38,0.10324649
2010-02-25,10101.96,113.3142,1106.05,0.10244943
2010-02-26,10126.03,113.8268,1116.85,0.10191769
2010-03-01,10172.06,114.0749,1116.3,0.10219019
2010-03-02,10221.84,115.1757,1133.18,0.10163934
2010-03-03,10253.14,115.8547,1139.3,0.10168936
2010-03-04,10145.72,113.8689,1131.25,0.10065760
2010-03-05,10368.96,114.8661,1133.9,0.10130176
2010-03-08,10585.92,117.2565,1123.63,0.10435511
2010-03-09,10567.65,117.5620,1120.5,0.10491925
2010-03-10,10563.92,116.7155,1107.55,0.10538170
2010-03-11,10664.95,117.7017,1108.68,0.10616381
2010-03-12,10751.26,118.7329,1100.85,0.10785562
2010-03-15,10751.98,118.9247,1108.2,0.10731337
2010-03-16,10721.71,118.7080,1126.65,0.10536372
2010-03-17,10846.98,120.0153,1119.47,0.10720722
2010-03-18,10744.03,118.7579,1126.33,0.10543795
2010-03-19,10824.72,119.5573,1105.95,0.10810373
2010-03-23,10774.15,119.1963,1104.1,0.10795785
2010-03-24,10815.03,117.4143,1085.63,0.10815313
2010-03-25,10828.85,116.8035,1089.47,0.10721128
2010-03-26,10996.37,118.8553,1106.47,0.10741842
2010-03-29,10986.47,118.7213,1108.2,0.10712986
2010-03-30,11097.14,119.6070,1102.88,0.10844972
2010-03-31,11089.94,118.6724,1112.68,0.10665460
2010-04-01,11244.4,119.7869,1125.58,0.10642241
2010-04-02,11286.09,119.3033,1119.95,0.10652554
2010-04-05,11339.3,120.2216,1129.95,0.10639549
2010-04-06,11282.32,120.3447,1133.2,0.10619904
2010-04-07,11292.83,121.0897,1146.95,0.10557544
2010-04-08,11168.2,119.5867,1150.13,0.10397666
2010-04-09,11204.34,120.2569,1160.95,0.10358495
2010-04-12,11251.9,120.7285,1154.63,0.10456037
2010-04-13,11161.23,119.7685,1150.2,0.10412844
2010-04-14,11204.9,120.1340,1154.68,0.10404096
2010-04-15,11273.79,121.1194,1157.58,0.10463152
2010-04-16,11102.18,120.4664,1136.45,0.10600234
2010-04-19,10908.77,118.0475,1134.38,0.10406346
2010-04-20,10900.68,116.9350,1139.3,0.10263758
2010-04-21,11090.05,119.0814,1145.35,0.10396943
2010-04-22,10949.09,117.1652,1140.35,0.10274497
2010-04-23,10914.46,116.1607,1156.8,0.10041555
2010-04-26,11165.79,118.7724,1152.5,0.10305628
2010-04-27,11212.66,120.4367,1167.72,0.10313837
2010-04-28,10924.79,116.0360,1164.43,0.09965048
2010-04-30,11057.4,117.8325,1178.05,0.10002333
2010-05-06,10695.69,117.7162,1207.45,0.09749154
2010-05-07,10364.59,113.1753,1207.1,0.09375798
2010-05-10,10530.7,112.8209,1201.2,0.09392347
2010-05-11,10411.1,112.3581,1229.55,0.09138147
2010-05-12,10394.03,111.4761,1236.6,0.09014725
2010-05-13,10620.55,114.5814,1231.72,0.09302553
2010-05-14,10462.51,113.1082,1231.15,0.09187200
2010-05-17,10235.76,110.5851,1223,0.09042121
2010-05-18,10242.64,111.2726,1220.75,0.09115099
2010-05-19,10186.84,110.9678,1190.85,0.09318366
2010-05-20,10030.31,112.3592,1182.15,0.09504652
2010-05-21,9784.54,108.7534,1176.13,0.09246713
2010-05-24,9758.4,108.1143,1190.95,0.09077991
2010-05-25,9459.89,104.7607,1200.07,0.08729548
2010-05-26,9522.66,105.8309,1210.1,0.08745629
2010-05-27,9639.72,105.9892,1209.63,0.08762119
2010-05-28,9762.98,107.2266,1213.38,0.08837016
2010-05-31,9768.7,107.1482,1216.4,0.08808631
2010-06-01,9711.83,106.7469,1224.4,0.08718300
2010-06-02,9603.24,104.1340,1222.82,0.08515892
2010-06-03,9914.19,107.0994,1207.1,0.08872453
2010-06-04,9901.19,107.7387,1218.85,0.08839376
2010-06-07,9520.8,104.0980,1239,0.08401773
2010-06-08,9537.94,104.2170,1234.3,0.08443409
2010-06-09,9439.13,103.3745,1231.55,0.08393857
2010-06-10,9542.65,104.4282,1216.85,0.08581848
2010-06-11,9705.25,105.9063,1225.55,0.08641529
2010-06-14,9879.85,107.8351,1221.2,0.08830255
2010-06-15,9887.89,108.0526,1233.55,0.08759480
2010-06-16,10067.15,110.1680,1230.85,0.08950561
2010-06-17,9999.4,110.0044,1244.3,0.08840665
2010-06-18,9995.02,110.2230,1255.88,0.08776554
2010-06-21,10238.01,112.4809,1231.07,0.09136839
2010-06-22,10112.89,111.7446,1238.35,0.09023672
2010-06-23,9923.7,110.3614,1236.5,0.08925308
2010-06-24,9928.34,110.8197,1243.7,0.08910488
2010-06-25,9737.48,109.1401,1254.5,0.08699889
2010-06-28,9693.94,108.4819,1237.03,0.08769542
2010-06-29,9570.67,108.1065,1239.85,0.08719322
2010-06-30,9382.64,106.1505,1241.15,0.08552590
2010-07-01,9191.6,104.7595,1199.03,0.08737022
2010-07-02,9203.71,104.8736,1210.45,0.08664020
2010-07-05,9266.78,105.5923,1208.03,0.08740867
2010-07-06,9338.04,106.6351,1193.53,0.08934434
2010-07-07,9279.65,105.7510,1201.7,0.08800116
2010-07-08,9535.74,107.8460,1197.45,0.09006302
2010-07-09,9585.32,108.1865,1210.6,0.08936598
2010-07-12,9548.11,107.7300,1195.9,0.09008278
2010-07-13,9537.23,107.5587,1210.55,0.08885110
2010-07-14,9795.24,110.8059,1207.3,0.09177991
2010-07-15,9685.53,110.8565,1207.75,0.09178760
2010-07-16,9408.36,108.6918,1192.1,0.09117673
2010-07-20,9300.46,106.3639,1191.25,0.08928764
2010-07-21,9278.83,106.6900,1185.55,0.08999199
2010-07-22,9220.88,105.9384,1193.7,0.08874794
2010-07-23,9430.96,107.9181,1188.28,0.09081872
2010-07-26,9503.66,109.2752,1181.38,0.09249789
2010-07-27,9496.85,108.1030,1161.55,0.09306790
2010-07-28,9753.27,111.6446,1162.6,0.09603008
2010-07-29,9696.02,111.5896,1167.22,0.09560288
2010-07-30,9537.3,110.3471,1180.3,0.09349072
2010-08-02,9570.31,110.7418,1180.95,0.09377352
2010-08-03,9694.01,112.9575,1184.95,0.09532678
2010-08-04,9489.34,109.9321,1195.1,0.09198570
2010-08-05,9653.92,112.4510,1194.15,0.09416825
2010-08-06,9642.12,112.7997,1204.55,0.09364470
2010-08-09,9572.49,111.4065,1200.45,0.09280393
2010-08-10,9551.05,111.9439,1202.9,0.09306165
2010-08-11,9292.85,109.0045,1196.8,0.09107995
2010-08-12,9212.59,107.2928,1212.13,0.08851593
2010-08-13,9253.46,107.3612,1214.6,0.08839221
2010-08-16,9196.67,107.7752,1223.93,0.08805664
2010-08-17,9161.68,107.0803,1223.97,0.08748602
2010-08-18,9240.54,108.2233,1228.78,0.08807380
2010-08-19,9362.68,109.7721,1231.35,0.08914775
2010-08-20,9179.38,107.2784,1227.05,0.08742786
2010-08-23,9116.69,107.1317,1224.5,0.08749013
2010-08-24,8995.14,106.9081,1228.4,0.08703036
2010-08-25,8845.39,104.5579,1239.05,0.08438554
2010-08-26,8906.48,105.4520,1235.13,0.08537729
2010-08-27,8991.06,105.5041,1237.15,0.08527996
2010-08-30,9149.26,108.2176,1235.55,0.08758661
2010-08-31,8824.06,104.8337,1246.7,0.08408893
2010-09-01,8927.02,105.7103,1243.6,0.08500343
2010-09-02,9062.84,107.5134,1250.35,0.08598662
2010-09-03,9114.13,108.0846,1245.9,0.08675227
2010-09-06,9301.32,110.5707,1248.95,0.08853095
2010-09-07,9226,110.1388,1253.95,0.08783352
2010-09-08,9024.6,107.6253,1254.1,0.08581879
2010-09-09,9098.39,108.5312,1243.2,0.08729989
2010-09-10,9239.17,109.7706,1245.65,0.08812313
2010-09-13,9321.82,111.3279,1244.65,0.08944515
2010-09-14,9299.31,112.0061,1268.65,0.08828766
2010-09-15,9516.56,110.9932,1267.95,0.08753755
2010-09-16,9509.5,110.7817,1275.05,0.08688419
2010-09-17,9626.09,112.1399,1273.95,0.08802536
2010-09-21,9602.11,112.7696,1286.55,0.08765275
2010-09-22,9566.32,113.1627,1291.25,0.08763808
2010-09-24,9471.67,112.5008,1296.2,0.08679280
2010-09-27,9603.14,113.9527,1294.75,0.08801139
2010-09-28,9495.76,113.2902,1308.95,0.08655046
2010-09-29,9559.38,114.1937,1309.85,0.08718072
2010-09-30,9369.35,112.2212,1308.45,0.08576654
2010-10-01,9404.23,113.0180,1318.7,0.08570412
2010-10-04,9381.06,112.4652,1315,0.08552487
2010-10-05,9518.76,114.3848,1340.5,0.08532995
2010-10-06,9691.43,116.8994,1349.15,0.08664672
2010-10-07,9684.81,117.6712,1333.5,0.08824237
2010-10-08,9588.88,117.2235,1342.8,0.08729779
2010-10-12,9388.64,114.7475,1349.85,0.08500759
2010-10-13,9403.51,114.9686,1371.9,0.08380245
2010-10-14,9583.51,117.6613,1381,0.08520005
2010-10-15,9500.25,116.6620,1368.35,0.08525740
2010-10-18,9498.49,116.8901,1369.2,0.08537110
2010-10-19,9539.45,116.8979,1335.15,0.08755410
2010-10-20,9381.6,115.6281,1345.35,0.08594647
2010-10-21,9376.48,115.3546,1325.15,0.08705019
2010-10-22,9426.71,115.8827,1328.25,0.08724465
2010-10-25,9401.16,116.3942,1340.05,0.08685811
2010-10-26,9377.38,115.2012,1340.25,0.08595503
2010-10-27,9387.03,114.8907,1325.15,0.08670015
2010-10-28,9366.03,115.6271,1344.15,0.08602250
2010-10-29,9202.45,114.4754,1359.05,0.08423194
2010-11-01,9154.72,113.6540,1352.25,0.08404810
2010-11-02,9159.98,113.5572,1356.75,0.08369797
2010-11-04,9358.78,115.8982,1391.4,0.08329611
2010-11-05,9625.99,118.4766,1393.3,0.08503312
2010-11-08,9732.92,119.9522,1409.5,0.08510265
2010-11-09,9694.49,118.7512,1393.05,0.08524545
2010-11-10,9830.52,119.5345,1403.2,0.08518710
2010-11-11,9861.46,119.5488,1408.65,0.08486763
2010-11-12,9724.81,117.9036,1368.25,0.08617112
2010-11-15,9827.51,118.2172,1360.3,0.08690521
2010-11-16,9797.1,117.5022,1339.35,0.08773078
2010-11-17,9811.66,117.9797,1335.65,0.08833127
2010-11-18,10013.63,119.9826,1353.75,0.08862983
2010-11-19,10022.39,120.0042,1353.2,0.08868178
2010-11-22,10115.19,121.4702,1366.15,0.08891427
2010-11-24,10030.11,120.0492,1372.4,0.08747391
2010-11-25,10079.76,120.5007,1374.65,0.08765916
2010-11-26,10039.56,119.3864,1363.05,0.08758768
2010-11-29,10125.99,120.1912,1366.45,0.08795874
2010-11-30,9937.04,118.7746,1386.8,0.08564653
2010-12-01,9988.05,118.6807,1386.8,0.08557882
2010-12-02,10168.52,121.2848,1385.65,0.08752919
2010-12-03,10178.32,123.3228,1413.45,0.08724946
2010-12-06,10167.23,123.0616,1423.45,0.08645309
2010-12-07,10141.1,121.4896,1400.9,0.08672252
2010-12-08,10232.33,121.7497,1381.3,0.08814137
2010-12-09,10285.88,122.8194,1387.15,0.08854083
2010-12-10,10211.95,121.6650,1385.25,0.08782890
2010-12-13,10293.89,123.3407,1394.45,0.08845113
2010-12-14,10316.77,123.3665,1396.1,0.08836509
2010-12-15,10309.78,122.3147,1379.4,0.08867236
2010-12-16,10311.29,122.7535,1369.65,0.08962396
2010-12-17,10303.83,122.7085,1374.9,0.08924901
2010-12-20,10216.41,121.9389,1385.5,0.08801078
2010-12-21,10370.53,123.8464,1385.3,0.08940045
2010-12-22,10346.48,123.8165,1385.1,0.08939176
2010-12-24,10279.19,124.0519,1378.25,0.09000683
2010-12-27,10355.99,125.1071,1383.9,0.09040183
2010-12-28,10292.63,124.8924,1405.85,0.08883762
2010-12-29,10344.54,126.6859,1411.65,0.08974316
2010-12-30,10228.92,125.5267,1404.25,0.08939057
2011-01-04,10398.1,126.6671,1380.8,0.09173455
2011-01-05,10380.77,124.7389,1377.9,0.09052826
2011-01-06,10529.76,126.4532,1370.7,0.09225449
2011-01-07,10541.04,126.7866,1364.7,0.09290439
2011-01-11,10510.68,126.1332,1380.5,0.09136777
2011-01-12,10512.8,126.6145,1387.7,0.09124053
2011-01-13,10589.76,127.9575,1372.4,0.09323628
2011-01-14,10499.04,126.7082,1360.9,0.09310617
2011-01-17,10502.86,127.0456,1360.5,0.09338155
2011-01-18,10518.98,127.3407,1367.65,0.09310914
2011-01-19,10557.1,128.5805,1370.47,0.09382218
2011-01-20,10437.31,125.7810,1345.82,0.09346052
2011-01-21,10274.52,124.4265,1342.1,0.09271032
2011-01-24,10345.11,125.3421,1334.54,0.09392157
2011-01-25,10464.42,127.3121,1332.23,0.09556317
2011-01-26,10401.9,126.5053,1345.39,0.09402874
2011-01-27,10478.66,126.5004,1314.43,0.09623973
2011-01-28,10360.34,126.1687,1336.7,0.09438817
2011-01-31,10237.92,124.7614,1333,0.09359444
2011-02-01,10274.5,126.2767,1342.44,0.09406503
2011-02-02,10457.36,128.2325,1335.05,0.09605071
2011-02-03,10431.36,127.8040,1354.95,0.09432375
2011-02-04,10543.52,128.2901,1348.96,0.09510295
2011-02-07,10592.04,128.6535,1352.17,0.09514593
2011-02-08,10635.98,129.2657,1364.04,0.09476678
2011-02-09,10617.83,128.9276,1363.58,0.09455079
2011-02-10,10605.65,127.2424,1363.47,0.09332244
2011-02-14,10725.54,128.8044,1361.5,0.09460475
2011-02-15,10746.67,128.3644,1373.9,0.09343069
2011-02-16,10808.29,129.1776,1376,0.09387907
2011-02-17,10836.64,130.0605,1385.22,0.09389158
2011-02-18,10842.8,130.3535,1390.45,0.09374911
2011-02-21,10857.53,130.6090,1406.59,0.09285509
2011-02-22,10664.7,128.8396,1398.9,0.09210067
2011-02-23,10579.1,128.3638,1411.55,0.09093817
2011-02-24,10452.71,127.6121,1402.3,0.09100202
2011-02-25,10526.76,128.8860,1410.35,0.09138579
2011-02-28,10624.09,129.9265,1410.93,0.09208572
2011-03-01,10754.03,131.2988,1432.92,0.09163025
2011-03-02,10492.38,128.2530,1434.3,0.08941855
2011-03-03,10586.02,128.4711,1415.77,0.09074293
2011-03-04,10693.66,129.9035,1431.15,0.09076865
2011-03-07,10505.02,127.6275,1431.3,0.08916894
2011-03-08,10525.19,127.3080,1428.84,0.08909886
2011-03-09,10589.5,127.9543,1431.07,0.08941165
2011-03-10,10434.38,125.8671,1411.65,0.08916308
2011-03-11,10254.43,125.2832,1417.94,0.08835578
2011-03-14,9620.49,117.7322,1426.31,0.08254323
2011-03-15,8605.15,106.4862,1394.11,0.07638293
2011-03-16,9093.72,115.8657,1393.55,0.08314428
2011-03-17,8962.67,113.1650,1404.61,0.08056687
2011-03-18,9206.75,114.2348,1420.02,0.08044588
2011-03-22,9608.32,118.5481,1428.58,0.08298314
2011-03-23,9449.47,116.7538,1438.11,0.08118559
2011-03-24,9435.01,116.4960,1431.86,0.08135990
2011-03-25,9536.13,117.2379,1429.9,0.08199027
2011-03-28,9478.53,115.9808,1420.69,0.08163694
2011-03-29,9459.08,114.6972,1418.78,0.08084215
2011-03-30,9708.79,117.0792,1424.06,0.08221505
2011-03-31,9755.1,117.2699,1432,0.08189242
2011-04-01,9708.39,115.5004,1428.9,0.08083172
2011-04-04,9718.89,115.5017,1434.42,0.08052153
2011-04-05,9615.55,112.8983,1456.05,0.07753739
2011-04-06,9584.37,112.2226,1459.13,0.07691062
2011-04-07,9590.93,112.8013,1458.5,0.07734062
2011-04-08,9768.08,115.2644,1475.1,0.07814005
2011-04-11,9719.7,114.8222,1463.32,0.07846692
2011-04-12,9555.26,114.3658,1453.1,0.07870468
2011-04-13,9641.18,114.8854,1457,0.07885063
2011-04-14,9653.92,115.6435,1474.9,0.07840769
2011-04-15,9591.52,115.3936,1486.6,0.07762253
2011-04-18,9556.65,115.8522,1495.94,0.07744443
2011-04-19,9441.03,114.3466,1495.05,0.07648349
2011-04-20,9606.82,116.3969,1502.35,0.07747657
2011-04-21,9685.77,118.2850,1504.34,0.07862919
2011-04-22,9682.21,118.2488,1504.34,0.07860509
2011-04-25,9671.96,118.2174,1507.33,0.07842837
2011-04-26,9558.69,117.1480,1507.18,0.07772661
2011-04-27,9691.84,117.8124,1526.95,0.07715540
2011-04-28,9849.74,120.7890,1535.7,0.07865404
2011-05-02,10004.2,123.1135,1545.15,0.07967735
2011-05-06,9859.2,122.2847,1495.6,0.08176294
2011-05-09,9794.38,122.0255,1513,0.08065138
2011-05-10,9818.76,121.4291,1515.87,0.08010524
2011-05-11,9864.26,121.5484,1500.5,0.08100526
2011-05-12,9716.65,119.9735,1506.52,0.07963615
2011-05-13,9648.77,119.5338,1495.25,0.07994236
2011-05-16,9558.3,118.2226,1490.07,0.07934032
2011-05-17,9567.02,117.4949,1486.92,0.07901896
2011-05-18,9662.08,118.2991,1497.12,0.07901779
2011-05-19,9620.82,117.7939,1493.77,0.07885681
2011-05-20,9607.08,117.5753,1512.05,0.07775889
2011-05-23,9460.63,115.4580,1517.15,0.07610191
2011-05-24,9477.17,115.5612,1526.47,0.07570483
2011-05-25,9422.88,114.8571,1526.02,0.07526582
2011-05-26,9562.05,117.5204,1519.15,0.07735933
2011-05-27,9521.94,117.8458,1536.26,0.07670954
2011-05-30,9504.97,117.4178,1538.82,0.07630378
2011-05-31,9693.73,118.9415,1535.57,0.07745754
2011-06-01,9719.61,120.1881,1540.92,0.07799761
2011-06-02,9555.04,118.0217,1533.57,0.07695882
2011-06-03,9492.21,118.2388,1542.15,0.07667139
2011-06-06,9380.35,117.0934,1544.55,0.07581067
2011-06-07,9442.95,117.8601,1544.57,0.07630608
2011-06-08,9449.46,118.2513,1537.67,0.07690290
2011-06-09,9467.15,117.7872,1544.4,0.07626732
2011-06-10,9514.44,118.4936,1531.3,0.07738102
2011-06-13,9448.21,117.7861,1515.95,0.07769786
2011-06-14,9547.79,118.5693,1524,0.07780135
2011-06-15,9574.32,118.2526,1530.42,0.07726806
2011-06-16,9411.28,116.7508,1529.22,0.07634662
2011-06-17,9351.4,116.8341,1539.4,0.07589586
2011-06-20,9354.32,116.5357,1540.2,0.07566270
2011-06-21,9459.66,117.8774,1547.15,0.07619002
2011-06-22,9629.43,119.8883,1547.97,0.07744874
2011-06-23,9596.74,119.3476,1520.98,0.07846756
2011-06-24,9678.71,120.3520,1502.75,0.08008786
2011-06-27,9578.31,118.3896,1497.07,0.07908087
2011-06-28,9648.98,119.0644,1502.12,0.07926425
2011-06-29,9797.26,121.2532,1511.65,0.08021249
2011-06-30,9816.09,121.8331,1500.6,0.08118957
2011-07-01,9868.07,122.0918,1487.75,0.08206473
2011-07-04,9965.09,123.4220,1496.54,0.08247155
2011-07-05,9972.46,122.9877,1516.17,0.08111737
2011-07-06,10082.48,124.5673,1529.42,0.08144743
2011-07-07,10071.14,123.9830,1532.42,0.08090668
2011-07-08,10137.73,125.7783,1544.2,0.08145207
2011-07-11,10069.53,125.4926,1554.1,0.08074940
2011-07-12,9925.92,125.3985,1567.22,0.08001335
2011-07-13,9963.14,126.6206,1582.7,0.08000289
2011-07-14,9936.12,125.5432,1587.42,0.07908634
2011-07-15,9974.47,126.0756,1593.75,0.07910625
2011-07-19,9889.72,124.9175,1588.87,0.07862035
2011-07-20,10005.9,126.9140,1602.12,0.07921629
2011-07-21,10010.39,127.4478,1590.1,0.08015083
2011-07-22,10132.11,129.0139,1601.25,0.08057077
2011-07-25,10050.01,128.4510,1614.9,0.07954118
2011-07-26,10097.72,129.5410,1619.3,0.07999814
2011-07-27,10047.19,128.9672,1613.95,0.07990781
2011-07-28,9901.35,127.4469,1617.02,0.07881591
2011-07-29,9833.03,128.1177,1624.85,0.07884891
2011-08-01,9965.01,128.7635,1620.2,0.07947385
2011-08-02,9844.59,127.2404,1660.05,0.07664854
2011-08-03,9637.14,125.1902,1661.4,0.07535222
2011-08-04,9659.18,121.9824,1649.05,0.07397134
2011-08-05,9299.88,118.6361,1661.05,0.07142232
2011-08-08,9097.56,116.8676,1717.35,0.06805114
2011-08-09,8944.48,115.7861,1744.15,0.06638543
2011-08-10,9038.74,117.7303,1795.05,0.06558606
2011-08-11,8981.94,116.8306,1767.82,0.06608741
2011-08-12,8963.72,116.8825,1746.6,0.06692002
2011-08-15,9086.41,118.3049,1765.7,0.06700171
2011-08-16,9107.43,118.5477,1786.6,0.06635382
2011-08-17,9057.26,118.2487,1788.65,0.06611059
2011-08-18,8943.76,116.8661,1824.6,0.06405024
2011-08-19,8719.24,113.9249,1852.05,0.06151285
2011-08-22,8628.13,112.2943,1898.17,0.05915923
2011-08-23,8733.01,113.9262,1830.82,0.06222685
2011-08-24,8639.61,112.2610,1751.27,0.06410265
2011-08-25,8772.36,113.2502,1772.15,0.06390553
2011-08-26,8797.78,114.7412,1828.2,0.06276183
2011-08-29,8851.35,115.1770,1788.42,0.06440152
2011-08-30,8953.9,116.6936,1835.52,0.06357523
2011-08-31,8955.2,116.8019,1825.34,0.06398911
2011-09-01,9060.8,117.7492,1825.17,0.06451409
2011-09-02,8950.74,116.5689,1882.85,0.06191086
2011-09-05,8784.46,114.1729,1901.34,0.06004863
2011-09-06,8590.57,110.8103,1873.17,0.05915657
2011-09-07,8763.41,113.4863,1817.27,0.06244877
2011-09-08,8793.12,113.4450,1869.24,0.06069043
2011-09-09,8737.66,112.7440,1856.5,0.06072933
2011-09-12,8535.67,110.6804,1814.33,0.06100344
2011-09-13,8616.55,112.0342,1834.06,0.06108535
2011-09-14,8518.57,111.0635,1820.81,0.06099675
2011-09-15,8668.86,112.9935,1789.61,0.06313861
2011-09-16,8864.16,115.4338,1811.41,0.06372593
2011-09-20,8721.24,114.0777,1803.52,0.06325280
2011-09-21,8741.16,114.3532,1780.26,0.06423400
2011-09-22,8560.26,112.2216,1736.28,0.06463333
2011-09-26,8374.13,109.6449,1628.13,0.06734408
2011-09-27,8609.95,112.1964,1649.58,0.06801512
2011-09-28,8615.65,112.5714,1608.66,0.06997835
2011-09-29,8701.23,113.2530,1615.16,0.07011877
2011-09-30,8700.29,112.9614,1623.83,0.06956482
2011-10-03,8545.48,111.5161,1660.93,0.06714077
2011-10-04,8456.12,110.0413,1624.63,0.06773312
2011-10-05,8382.98,109.1747,1642.43,0.06647145
2011-10-06,8522.02,111.1302,1650.38,0.06733613
2011-10-07,8605.62,112.1619,1638.16,0.06846821
2011-10-11,8773.68,114.4194,1663.13,0.06879763
2011-10-12,8738.9,113.1176,1674.58,0.06754983
2011-10-13,8823.25,114.7814,1662.71,0.06903275
2011-10-14,8747.96,113.3009,1680.83,0.06740769
2011-10-17,8879.6,115.5671,1670.53,0.06917992
2011-10-18,8741.91,113.8492,1655.05,0.06878897
2011-10-19,8772.54,114.1812,1649.56,0.06921917
2011-10-20,8682.15,112.9973,1620.8,0.06971701
2011-10-21,8678.89,113.7842,1641.67,0.06931003
2011-10-24,8843.98,116.1923,1653.04,0.07029010
2011-10-25,8762.31,115.1799,1705.18,0.06754706
2011-10-26,8748.47,114.7190,1717.63,0.06678912
2011-10-27,8926.54,117.5163,1745.44,0.06732762
2011-10-28,9050.47,119.3678,1743.3,0.06847235
2011-10-31,8988.39,114.8236,1709.82,0.06715536
2011-11-01,8835.52,112.7267,1717.98,0.06561585
2011-11-02,8640.42,110.6469,1738.39,0.06364909
2011-11-04,8801.4,112.4923,1754.84,0.06410404
2011-11-07,8767.09,112.2834,1795.43,0.06253846
2011-11-08,8655.51,111.3607,1785.79,0.06235935
2011-11-09,8755.44,112.6246,1769.3,0.06365492
2011-11-10,8500.8,109.4759,1758.62,0.06225100
2011-11-11,8514.47,110.2911,1788.36,0.06167162
2011-11-14,8603.7,111.6059,1780.04,0.06269854
2011-11-15,8541.93,110.8838,1780.89,0.06226311
2011-11-16,8463.16,109.8826,1762.42,0.06234758
2011-11-17,8479.63,110.1394,1720.7,0.06400847
2011-11-18,8374.91,108.8923,1724,0.06316261
2011-11-21,8348.27,108.5177,1677.06,0.06470713
2011-11-22,8314.74,108.0187,1698.88,0.06358231
2011-11-24,8165.18,105.8557,1695.09,0.06244843
2011-11-25,8160.01,104.9721,1680.46,0.06246632
2011-11-28,8287.49,106.1410,1711.71,0.06200876
2011-11-29,8477.82,108.7597,1715.65,0.06339272
2011-11-30,8434.61,108.7144,1749.34,0.06214598
2011-12-01,8597.38,110.6270,1745.38,0.06338278
2011-12-02,8643.75,110.8315,1746.65,0.06345376
2011-12-05,8695.98,111.7304,1722.03,0.06488298
2011-12-06,8575.16,110.3340,1729.29,0.06380307
2011-12-07,8722.17,112.3412,1742.78,0.06446091
2011-12-08,8664.58,111.6210,1707.38,0.06537560
2011-12-09,8536.46,109.9351,1711.41,0.06423656
2011-12-12,8653.82,111.0176,1666.33,0.06662400
2011-12-13,8552.81,109.7077,1631.66,0.06723685
2011-12-14,8519.13,109.1077,1576.28,0.06921848
2011-12-15,8377.37,107.5401,1570.58,0.06847155
2011-12-16,8401.72,108.0468,1598.98,0.06757233
2011-12-19,8296.12,106.3196,1594.57,0.06667604
2011-12-20,8336.48,107.1252,1615.15,0.06632521
2011-12-21,8459.98,108.4126,1615.08,0.06712524
2011-12-22,8395.16,107.4099,1606.03,0.06687915
2011-12-26,8479.34,108.7234,1606.91,0.06765993
2011-12-27,8440.56,108.3999,1592.43,0.06807202
2011-12-28,8423.62,108.0921,1556.58,0.06944207
2011-12-29,8398.89,108.1913,1545.33,0.07001177
2011-12-30,8455.35,109.9525,1564.81,0.07026574
2012-01-04,8560.11,111.5324,1611.73,0.06920041
2012-01-05,8488.71,110.0857,1621.43,0.06789422
2012-01-06,8390.35,109.0293,1617.55,0.06740398
2012-01-10,8422.26,109.6220,1632.33,0.06715678
2012-01-11,8447.88,109.8840,1643.13,0.06687479
2012-01-12,8385.59,109.2300,1648.68,0.06625303
2012-01-13,8500.02,110.4401,1639.48,0.06736287
2012-01-16,8378.36,109.0932,1643.63,0.06637335
2012-01-17,8466.4,110.2037,1651.83,0.06671613
2012-01-18,8550.58,111.3647,1659.48,0.06710818
2012-01-19,8639.68,112.0581,1656.73,0.06763812
2012-01-20,8766.36,113.8045,1666.58,0.06828625
2012-01-23,8765.9,113.8724,1676.43,0.06792555
2012-01-24,8785.33,113.1401,1665.36,0.06793733
2012-01-25,8883.69,114.3406,1710.68,0.06683925
2012-01-26,8849.47,114.2531,1720.83,0.06639415
2012-01-27,8841.22,115.2852,1739.26,0.06628404
2012-01-30,8793.05,115.1375,1731.03,0.06651386
2012-01-31,8802.51,115.3822,1737.23,0.06641736
2012-02-01,8809.79,115.6444,1744.93,0.06627452
2012-02-02,8876.82,116.5243,1758.68,0.06625667
2012-02-03,8831.93,115.3069,1726.18,0.06679887
2012-02-06,8929.2,116.6072,1719.93,0.06779767
2012-02-07,8917.52,116.1135,1745.48,0.06652241
2012-02-08,9015.59,117.0096,1734.93,0.06744342
2012-02-09,9002.24,115.9335,1730.96,0.06697645
2012-02-10,8947.17,115.2614,1721.72,0.06694552
2012-02-13,8999.18,116.0211,1721.91,0.06737933
2012-02-14,9052.07,115.4454,1720.16,0.06711315
2012-02-15,9260.34,118.1316,1728.08,0.06836006
2012-02-16,9238.1,117.1010,1728.01,0.06776641
2012-02-17,9384.17,117.9434,1723.23,0.06844324
2012-02-20,9485.09,119.1295,1734.28,0.06869104
2012-02-21,9463.02,118.6809,1759.69,0.06744420
2012-02-22,9554,118.9936,1776.46,0.06698358
2012-02-23,9595.57,119.9896,1779.18,0.06744097
2012-02-24,9647.38,118.8101,1772.31,0.06703686
2012-02-27,9633.93,119.7059,1767.99,0.06770733
2012-02-28,9722.52,120.7917,1784.11,0.06770415
2012-02-29,9723.24,119.6191,1695.47,0.07055219
2012-03-01,9707.37,119.6520,1718.33,0.06963275
2012-03-02,9777.03,119.5309,1712.46,0.06980070
2012-03-05,9698.59,118.9719,1706.99,0.06969690
2012-03-06,9637.63,119.3662,1674.33,0.07129194
2012-03-07,9576.06,117.9899,1684.88,0.07002866
2012-03-08,9768.96,119.8057,1699.46,0.07049636
2012-03-09,9929.74,120.3970,1713.98,0.07024409
2012-03-12,9889.86,120.1465,1702.11,0.07058681
2012-03-13,9899.08,119.2804,1674.88,0.07121728
2012-03-14,10050.52,120.0062,1643.41,0.07302268
2012-03-15,10123.28,121.0629,1657.54,0.07303770
2012-03-16,10129.83,121.4171,1659.91,0.07314681
2012-03-19,10141.99,121.6358,1664.41,0.07308041
2012-03-21,10086.49,120.9121,1649.77,0.07329030
2012-03-22,10127.08,122.5742,1645.75,0.07447923
2012-03-23,10011.47,121.5796,1661.92,0.07315609
2012-03-26,10018.24,120.8764,1690.33,0.07151056
2012-03-27,10255.15,123.2738,1680.96,0.07333537
2012-03-28,10182.57,122.8518,1663.46,0.07385316
2012-03-29,10114.79,122.7598,1661.33,0.07389246
2012-03-30,10083.56,121.6939,1668.28,0.07294575
2012-04-02,10109.87,123.1409,1677.55,0.07340522
2012-04-03,10050.39,121.3595,1646.55,0.07370535
2012-04-04,9819.99,119.1457,1620.74,0.07351316
2012-04-05,9767.61,118.5893,1631.23,0.07269933
2012-04-06,9688.45,118.6801,1631.23,0.07275498
2012-04-09,9546.26,117.0530,1640.42,0.07135553
2012-04-10,9538.02,118.1545,1659.57,0.07119584
2012-04-11,9458.74,116.9695,1659.39,0.07048947
2012-04-12,9524.79,117.7790,1675.07,0.07031290
2012-04-13,9637.99,119.1199,1658.41,0.07182777
2012-04-16,9470.64,117.7428,1652.95,0.07123190
2012-04-17,9464.71,117.0072,1650.17,0.07090613
2012-04-18,9667.26,118.9304,1642.17,0.07242273
2012-04-19,9588.38,117.4975,1642.76,0.07152442
2012-04-20,9561.36,117.2741,1642.97,0.07137935
2012-04-23,9542.17,117.5578,1638.43,0.07175030
2012-04-24,9468.04,116.4223,1641.58,0.07092085
2012-04-25,9561.01,117.5727,1644.13,0.07151057
2012-04-26,9561.83,118.0619,1654.9,0.07134078
2012-04-27,9520.89,118.6108,1662.3,0.07135343
2012-05-01,9350.95,116.7555,1660.4,0.07031771
2012-05-02,9380.25,117.0629,1651.6,0.07087848
2012-05-07,9119.14,114.1462,1636.3,0.06975872
2012-05-08,9181.65,114.9632,1605.32,0.07161388
2012-05-09,9045.06,113.6129,1589.58,0.07147350
2012-05-10,9009.65,112.7912,1594.38,0.07074300
2012-05-11,8953.31,112.0186,1578.93,0.07094589
2012-05-14,8973.84,112.3809,1556.67,0.07219315
2012-05-15,8900.74,110.9431,1544.03,0.07185292
2012-05-16,8801.17,109.5695,1539.09,0.07119109
2012-05-17,8876.59,111.9255,1574.19,0.07110040
2012-05-18,8611.31,109.0205,1592.44,0.06846128
2012-05-21,8633.89,108.9065,1593.1,0.06836137
2012-05-22,8729.29,109.1830,1567.57,0.06965112
2012-05-23,8556.6,107.7237,1561.46,0.06898908
2012-05-24,8563.38,107.6410,1557.57,0.06910829
2012-05-25,8580.39,107.7262,1572.82,0.06849237
2012-05-28,8593.15,108.1375,1573.9,0.06870674
2012-05-29,8657.08,108.8804,1554.58,0.07003846
2012-05-30,8633.19,109.1524,1561.8,0.06988884
2012-05-31,8542.73,109.0051,1558.7,0.06993334
2012-06-01,8440.25,108.1543,1621.81,0.06668738
2012-06-04,8295.63,105.9156,1616.47,0.06552279
2012-06-05,8382,106.4516,1615.34,0.06590044
2012-06-06,8533.53,107.6949,1618.89,0.06652393
2012-06-07,8639.72,108.4670,1587.31,0.06833383
2012-06-08,8459.26,106.4446,1592.08,0.06685884
2012-06-11,8624.9,108.6629,1594.72,0.06813917
2012-06-12,8536.72,107.3099,1608.35,0.06672051
2012-06-13,8587.84,108.1333,1616.55,0.06689142
2012-06-14,8568.89,107.9314,1621.51,0.06656228
2012-06-15,8569.32,108.8568,1624.69,0.06700161
2012-06-18,8721.02,110.2545,1626.72,0.06777718
2012-06-19,8655.87,109.6013,1616.71,0.06779278
2012-06-20,8752.31,110.1501,1604.22,0.06866274
2012-06-21,8824.07,110.0203,1563.27,0.07037832
2012-06-22,8798.35,109.4322,1571.8,0.06962223
2012-06-25,8734.62,109.6970,1583.12,0.06929162
2012-06-26,8663.99,108.9988,1570.44,0.06940655
2012-06-27,8730.49,109.5763,1572.62,0.06967753
2012-06-28,8874.11,111.7576,1550.3,0.07208771
2012-06-29,9006.78,112.8952,1596.95,0.07069427
2012-07-02,9003.48,113.2470,1595.95,0.07095902
2012-07-03,9066.59,113.6065,1616.1,0.07029667
2012-07-04,9104.17,114.0031,1614.54,0.07061024
2012-07-05,9079.8,113.6467,1604.27,0.07084011
2012-07-06,9020.75,113.2478,1583.15,0.07153318
2012-07-09,8896.88,111.8570,1587.41,0.07046508
2012-07-10,8857.73,111.5892,1566.9,0.07121656
2012-07-11,8851,111.0428,1576.65,0.07042959
2012-07-12,8720.01,110.0095,1571.8,0.06998948
2012-07-13,8724.12,110.1809,1589.4,0.06932229
2012-07-17,8755,110.7401,1582.18,0.06999209
2012-07-18,8726.74,110.7511,1573.05,0.07040530
2012-07-19,8795.55,111.8884,1581.33,0.07075591
2012-07-20,8669.87,110.4723,1584.1,0.06973824
2012-07-23,8508.32,108.6353,1576.3,0.06891794
2012-07-24,8488.09,108.6058,1581.91,0.06865488
2012-07-25,8365.9,107.0821,1604.3,0.06674696
2012-07-26,8443.1,107.9680,1616.26,0.06680115
2012-07-27,8566.64,109.2544,1622.5,0.06733709
2012-07-30,8635.44,110.4983,1621.32,0.06815328
2012-07-31,8695.06,111.3295,1614.08,0.06897399
2012-08-01,8641.85,110.2136,1599.69,0.06889686
2012-08-02,8653.18,110.6149,1587.93,0.06965979
2012-08-03,8555.11,109.0518,1603.05,0.06802767
2012-08-06,8726.29,111.5338,1610.97,0.06923392
2012-08-07,8803.31,112.0313,1611.45,0.06952206
2012-08-08,8881.16,113.2541,1611.89,0.07026168
2012-08-09,8978.6,114.2737,1616.67,0.07068463
2012-08-10,8891.44,113.6301,1619.75,0.07015285
2012-08-13,8885.15,113.4670,1609.82,0.07048430
2012-08-14,8929.88,113.4342,1599.1,0.07093627
2012-08-15,8925.04,113.0424,1602.87,0.07052502
2012-08-16,9092.76,114.6455,1614.1,0.07102748
2012-08-17,9162.5,115.1791,1615.55,0.07129407
2012-08-20,9171.16,115.4070,1620.32,0.07122479
2012-08-21,9156.92,115.5156,1637.32,0.07055162
2012-08-22,9131.74,116.2672,1654.37,0.07027882
2012-08-23,9178.12,116.8845,1669.67,0.07000454
2012-08-24,9070.76,115.3894,1670.15,0.06908924
2012-08-27,9085.39,115.3861,1663.65,0.06935723
2012-08-28,9033.29,115.0459,1666.4,0.06903859
2012-08-29,9069.81,115.2864,1655.73,0.06962873
2012-08-30,8983.78,114.2931,1654.87,0.06906470
2012-08-31,8839.91,112.7827,1691.61,0.06667182
2012-09-03,8783.89,112.2198,1692.07,0.06632100
2012-09-04,8775.51,111.9054,1695.66,0.06599519
2012-09-05,8679.82,110.7318,1693,0.06540565
2012-09-06,8680.57,110.0785,1701.24,0.06470486
2012-09-07,8871.65,113.4047,1734.85,0.06536859
2012-09-10,8869.37,113.3480,1724.84,0.06571510
2012-09-11,8807.38,113.2272,1731.89,0.06537784
2012-09-12,8959.96,115.1266,1730.65,0.06652219
2012-09-13,8995.15,116.1069,1766.3,0.06573453
2012-09-14,9159.39,116.8737,1769.5,0.06604898
2012-09-18,9123.77,115.8456,1771.17,0.06540627
2012-09-19,9232.21,117.8314,1768.82,0.06661584
2012-09-20,9086.98,116.1632,1767.63,0.06571690
2012-09-21,9110,116.6170,1772.81,0.06578085
2012-09-24,9069.29,116.5239,1764,0.06605665
2012-09-25,9091.54,116.8774,1760.58,0.06638572
2012-09-26,8906.7,114.6072,1752.44,0.06539865
2012-09-27,8949.87,115.3200,1776.68,0.06490758
2012-09-28,8870.16,113.9069,1771.25,0.06430878
2012-10-01,8796.51,112.7975,1774.82,0.06355431
2012-10-02,8786.05,112.4125,1774.25,0.06335777
2012-10-03,8746.87,111.4549,1778.16,0.06267991
2012-10-04,8824.59,112.4510,1789.87,0.06282633
2012-10-05,8863.3,112.7216,1779.7,0.06333742
2012-10-09,8769.59,112.0829,1763.73,0.06354878
2012-10-10,8596.23,110.0261,1761.82,0.06245026
2012-10-11,8546.78,109.0373,1767.14,0.06170270
2012-10-12,8534.12,108.8536,1753.5,0.06207789
2012-10-15,8577.93,109.0202,1736.78,0.06277147
2012-10-16,8701.31,110.3541,1747.66,0.06314392
2012-10-17,8806.55,111.4203,1749.63,0.06368221
2012-10-18,8982.86,113.3155,1741.23,0.06507785
2012-10-19,9002.68,113.5125,1720.75,0.06596690
2012-10-22,9010.71,112.7537,1728.61,0.06522794
2012-10-23,9014.25,112.8898,1706.93,0.06613616
2012-10-24,8954.3,112.2318,1701.55,0.06595855
2012-10-25,9055.2,112.7152,1709.9,0.06591917
2012-10-26,8933.06,112.1934,1710.6,0.06558714
2012-10-29,8929.34,111.9554,1708.7,0.06552081
2012-10-30,8841.98,111.1039,1709.86,0.06497835
2012-10-31,8928.29,111.8847,1719.71,0.06506023
2012-11-01,8946.87,111.6294,1715.03,0.06508887
2012-11-02,9051.22,112.4962,1677.46,0.06706342
2012-11-05,9007.44,112.2982,1684.74,0.06665611
2012-11-06,8975.15,111.6729,1715.58,0.06509337
2012-11-07,8972.89,112.2594,1717.1,0.06537729
2012-11-08,8837.15,111.2067,1730.41,0.06426609
2012-11-09,8757.6,110.2139,1730.75,0.06367988
2012-11-12,8676.44,109.0923,1727.63,0.06314565
2012-11-13,8661.05,109.0634,1724.8,0.06323248
2012-11-14,8664.73,108.1024,1725.93,0.06263428
2012-11-15,8829.72,108.8597,1716.5,0.06341958
2012-11-16,9024.16,111.0393,1713.35,0.06480827
2012-11-19,9153.2,112.5716,1730.95,0.06503460
2012-11-20,9142.64,111.9393,1728.42,0.06476393
2012-11-21,9222.52,111.7719,1728.27,0.06467269
2012-11-22,9366.8,113.6748,1729.79,0.06571593
2012-11-26,9388.94,114.4462,1748.17,0.06546631
2012-11-27,9423.3,114.8119,1741.37,0.06593193
2012-11-28,9308.35,113.4266,1719.54,0.06596331
2012-11-29,9400.88,114.4913,1725.4,0.06635638
2012-11-30,9446.01,114.5526,1714.4,0.06681791
2012-12-03,9458.18,115.1148,1715.14,0.06711687
2012-12-04,9432.46,115.2056,1696.61,0.06790342
2012-12-05,9468.84,114.9075,1693.7,0.06784409
2012-12-06,9545.16,115.8478,1699.7,0.06815777
2012-12-07,9527.39,115.4975,1703.65,0.06779416
2012-12-10,9533.75,115.7978,1712.4,0.06762311
2012-12-11,9525.32,115.4318,1709.46,0.06752532
2012-12-12,9581.46,115.2047,1711.3,0.06731999
2012-12-13,9742.73,116.5370,1696.9,0.06867644
2012-12-14,9737.56,116.6734,1695.7,0.06880544
2012-12-17,9828.88,117.2058,1697.65,0.06904004
2012-12-18,9923.01,117.7819,1670.4,0.07051121
2012-12-19,10160.4,120.8421,1665.24,0.07256735
2012-12-20,10039.33,119.0453,1647.75,0.07224720
2012-12-21,9940.06,118.0249,1656.75,0.07123883
2012-12-25,10080.12,118.8427,1657.98,0.07167922
2012-12-26,10230.36,119.6869,1659.29,0.07213141
2012-12-27,10322.98,119.6576,1663.06,0.07195025
2012-12-28,10395.18,120.8840,1655.07,0.07303862
2013-01-04,10688.11,121.2766,1655.7,0.07324795
2013-01-07,10599.01,121.2077,1647,0.07359304
2013-01-08,10508.06,121.0048,1659.46,0.07291820
2013-01-09,10578.57,120.1796,1657.87,0.07249037
2013-01-10,10652.64,119.8178,1674.51,0.07155394
2013-01-11,10801.57,121.1346,1662.4,0.07286728
2013-01-15,10879.08,122.5011,1679.68,0.07293123
2013-01-16,10600.44,119.7086,1680,0.07125515
2013-01-17,10609.64,117.9609,1686.84,0.06993011
2013-01-18,10913.3,121.2589,1683.3,0.07203641
2013-01-21,10747.74,119.6786,1689.68,0.07082917
2013-01-22,10709.93,120.6861,1692.19,0.07131950
2013-01-23,10486.99,118.4663,1685.35,0.07029179
2013-01-24,10620.87,117.4784,1666.86,0.07047887
2013-01-25,10926.65,120.2713,1658.3,0.07252688
2013-01-28,10824.31,119.4169,1654.58,0.07217357
2013-01-29,10866.72,119.7514,1663.37,0.07199324
2013-01-30,11113.95,122.0374,1676.49,0.07279342
2013-01-31,11138.66,121.4420,1663.38,0.07300917
2013-02-01,11191.34,120.6353,1667.05,0.07236456
2013-02-04,11260.35,122.3087,1674.07,0.07306068
2013-02-05,11046.92,117.8979,1672.61,0.07048741
2013-02-06,11463.75,122.5965,1677.03,0.07310332
2013-02-07,11357.07,121.2067,1670.61,0.07255238
2013-02-08,11153.16,120.3405,1666.8,0.07219854
2013-02-12,11369.12,121.9719,1651.16,0.07387041
2013-02-13,11251.41,120.7052,1642.47,0.07349002
2013-02-14,11307.28,121.7499,1633.92,0.07451400
2013-02-15,11173.83,119.5318,1609.7,0.07425717
2013-02-18,11407.87,121.4973,1609.58,0.07548387
2013-02-19,11372.34,121.5578,1604.23,0.07577330
2013-02-20,11468.28,122.4093,1564.71,0.07823128
2013-02-21,11309.13,121.6467,1576.11,0.07718161
2013-02-22,11385.94,121.9312,1581.15,0.07711555
2013-02-25,11662.52,126.5506,1592.96,0.07944365
2013-02-26,11398.81,123.9580,1614.17,0.07679367
2013-02-27,11253.97,122.0657,1595.82,0.07649090
2013-02-28,11559.36,124.8149,1579.16,0.07903881
2013-03-01,11606.38,124.0661,1575.65,0.07873961
2013-03-04,11652.29,124.6634,1574.05,0.07919915
2013-03-05,11683.45,125.1736,1574.38,0.07950658
2013-03-06,11932.27,126.9728,1584.13,0.08015303
2013-03-07,11968.08,126.1006,1578.09,0.07990709
2013-03-08,12283.62,127.9677,1578.24,0.08108254
2013-03-11,12349.05,127.8555,1581.39,0.08085007
2013-03-12,12314.81,128.4613,1592.49,0.08066692
2013-03-13,12239.66,127.4633,1587.34,0.08029991
2013-03-14,12381.19,128.9063,1589.88,0.08107925
2013-03-15,12560.95,131.8596,1591.76,0.08283890
2013-03-18,12220.63,128.1580,1605.09,0.07984472
2013-03-19,12468.23,131.2362,1612.28,0.08139792
2013-03-21,12635.69,132.9191,1614.2,0.08234365
2013-03-22,12338.53,130.6190,1608.21,0.08122010
2013-03-25,12546.46,133.1811,1604.61,0.08299906
2013-03-26,12471.62,131.8158,1599.65,0.08240290
2013-03-27,12493.79,132.4421,1604.79,0.08252922
2013-03-28,12335.96,130.8522,1596.65,0.08195421
2013-03-29,12397.91,131.6699,1596.65,0.08246638
2013-04-01,12135.02,130.2376,1598.75,0.08146215
2013-04-02,12003.43,128.5783,1575.78,0.08159663
2013-04-03,12362.2,132.8369,1557.53,0.08528689
2013-04-04,12634.54,131.1303,1553.05,0.08443408
2013-04-05,12833.64,131.6001,1580.75,0.08325167
2013-04-08,13192.59,132.6408,1572.6,0.08434493
2013-04-09,13192.35,133.0397,1584.99,0.08393725
2013-04-10,13288.13,133.1209,1558.98,0.08538975
2013-04-11,13549.16,135.7903,1560.28,0.08702947
2013-04-12,13485.14,137.0302,1482.8,0.09241312
2013-04-15,13275.66,137.4875,1351.91,0.10169874
2013-04-16,13221.44,135.2342,1368.64,0.09880917
2013-04-17,13382.89,136.2209,1377.17,0.09891367
2013-04-18,13220.07,134.6130,1390.93,0.09677911
2013-04-19,13316.48,133.9013,1403.1,0.09543244
2013-04-22,13568.37,136.6663,1425.93,0.09584365
2013-04-23,13529.65,136.1625,1413,0.09636411
2013-04-24,13843.46,139.1163,1431.28,0.09719710
2013-04-25,13926.08,140.2312,1467.39,0.09556505
2013-04-26,13884.13,141.6170,1461.3,0.09691165
2013-04-30,13860.86,142.3569,1476.23,0.09643271
2013-05-01,13799.35,141.8650,1457.75,0.09731778
2013-05-02,13694.04,139.8735,1466.96,0.09534926
2013-05-07,14180.24,143.2955,1452.47,0.09865645
2013-05-08,14285.69,144.3889,1473.8,0.09797046
2013-05-09,14191.48,141.0263,1457.81,0.09673849
2013-05-10,14607.54,143.8033,1443.85,0.09959712
2013-05-13,14782.21,145.2797,1430.38,0.10156721
2013-05-14,14758.42,144.3084,1425.25,0.10125129
2013-05-15,15096.03,147.6384,1392.8,0.10600117
2013-05-16,15037.24,147.1066,1385.8,0.10615286
2013-05-17,15138.12,146.5736,1355.58,0.10812611
2013-05-20,15360.81,150.2280,1393.6,0.10779849
2013-05-21,15381.02,150.0587,1376.13,0.10904401
2013-05-22,15627.26,151.5444,1369.93,0.11062201
2013-05-23,14483.98,142.0137,1390.8,0.10210938
2013-05-24,14612.45,144.5489,1383.61,0.10447230
2013-05-27,14142.65,139.9570,1394.5,0.10036354
2013-05-28,14311.98,139.9568,1381,0.10134452
2013-05-29,14326.46,141.6778,1392.5,0.10174349
2013-05-30,13589.03,134.8787,1413.31,0.09543462
2013-05-31,13774.54,137.1283,1385.08,0.09900390
2013-06-03,13261.82,133.3731,1411.25,0.09450706
2013-06-04,13533.76,135.2970,1399.5,0.09667525
2013-06-05,13014.87,131.2750,1403.25,0.09355071
2013-06-06,12904.02,132.4576,1413.64,0.09369967
2013-06-07,12877.53,132.0637,1382.45,0.09552872
2013-06-10,13514.2,136.5278,1386.35,0.09848001
2013-06-11,13317.62,138.6848,1378.15,0.10063111
2013-06-12,13289.32,138.6528,1388.75,0.09984003
2013-06-13,12445.38,130.1818,1385.9,0.09393304
2013-06-14,12686.52,134.9056,1390.32,0.09703203
2013-06-17,13033.12,137.7155,1385.15,0.09942281
2013-06-18,13007.28,136.3718,1367.6,0.09971616
2013-06-19,13245.22,137.5484,1351.25,0.10179343
2013-06-20,13014.58,133.7339,1284.75,0.10409331
2013-06-21,13230.13,135.3272,1294.01,0.10457973
2013-06-24,13062.78,133.6961,1282.37,0.10425706
2013-06-25,12969.34,132.4010,1277.4,0.10364882
2013-06-26,12834.01,131.2741,1226.48,0.10703320
2013-06-27,13213.55,134.2499,1200.05,0.11187029
2013-06-28,13677.32,137.8985,1232.63,0.11187335
2013-07-01,13852.5,139.0674,1252.38,0.11104247
2013-07-02,14098.74,140.1187,1243.3,0.11269900
2013-07-03,14055.56,140.6541,1252.83,0.11226907
2013-07-04,14018.93,140.0493,1249.54,0.11208065
2013-07-05,14309.97,141.3889,1222.95,0.11561298
2013-07-08,14109.34,139.8487,1236.68,0.11308402
2013-07-09,14472.9,143.1826,1251.05,0.11444996
2013-07-10,14416.6,144.8468,1259.37,0.11501527
2013-07-11,14472.58,146.1980,1285.67,0.11371348
2013-07-12,14506.25,146.0175,1284.14,0.11370836
2013-07-16,14599.12,147.2353,1291.78,0.11397865
2013-07-17,14615.04,146.7668,1275.58,0.11505889
2013-07-18,14808.5,147.3043,1283.9,0.11473190
2013-07-19,14589.91,145.3902,1294.59,0.11230601
2013-07-22,14658.04,147.1691,1335.53,0.11019526
2013-07-23,14778.51,148.5681,1345.13,0.11044884
2013-07-24,14731.28,146.9308,1322.1,0.11113439
2013-07-25,14562.93,146.7120,1333.45,0.11002440
2013-07-26,14129.98,143.7873,1332.81,0.10788283
2013-07-29,13661.13,139.5260,1327.95,0.10506871
2013-07-30,13869.82,141.4739,1326.25,0.10667213
2013-07-31,13668.32,139.7679,1324.83,0.10549873
2013-08-01,14005.77,140.7615,1310.33,0.10742447
2013-08-02,14466.16,146.3416,1307.67,0.11191019
2013-08-05,14258.04,145.1170,1302.67,0.11139970
2013-08-06,14401.06,147.3028,1283.05,0.11480676
2013-08-07,13824.94,143.4524,1287.24,0.11144186
2013-08-08,13605.56,140.8472,1313.11,0.10726232
2013-08-09,13615.19,141.5477,1312.92,0.10781137
2013-08-12,13519.43,139.2507,1337.53,0.10411032
2013-08-13,13867,141.1658,1321.35,0.10683453
2013-08-14,14050.16,143.3587,1335.89,0.10731328
2013-08-15,13752.94,141.4300,1365.67,0.10356092
2013-08-16,13650.11,139.9566,1372.75,0.10195347
2013-08-19,13758.13,140.9413,1365.85,0.10318947
2013-08-20,13396.38,137.6727,1371.06,0.10041333
2013-08-21,13424.33,137.4008,1366.5,0.10054941
2013-08-22,13365.17,135.3243,1375.52,0.09838047
2013-08-23,13660.55,138.4539,1396.26,0.09916051
2013-08-26,13636.28,138.5449,1404.13,0.09866955
2013-08-27,13542.37,139.5646,1415,0.09863221
2013-08-28,13338.46,136.5107,1417.01,0.09633714
2013-08-29,13459.71,136.9039,1407.54,0.09726468
2013-08-30,13388.86,136.3844,1393.98,0.09783816
2013-09-02,13572.92,136.5870,1392.1,0.09811577
2013-09-03,13978.44,140.4022,1412.16,0.09942370
2013-09-04,14053.87,140.8909,1391.34,0.10126276
2013-09-05,14064.82,140.4095,1367.37,0.10268582
2013-09-06,13860.81,139.9248,1389.16,0.10072619
2013-09-09,14205.23,142.5942,1386.82,0.10282096
2013-09-10,14423.36,143.6733,1363.5,0.10537094
2013-09-11,14425.07,144.2940,1364.99,0.10571066
2013-09-12,14387.27,144.6102,1321.51,0.10942801
2013-09-13,14404.67,145.1498,1323.42,0.10967783
2013-09-17,14311.67,144.3815,1310.48,0.11017450
2013-09-18,14505.36,147.7816,1362.71,0.10844688
2013-09-19,14766.18,148.5636,1365.89,0.10876687
2013-09-20,14742.42,148.4186,1326.2,0.11191269
2013-09-24,14732.61,149.2257,1322.78,0.11281222
2013-09-25,14620.53,148.5192,1333.85,0.11134628
2013-09-26,14799.12,149.5193,1323.78,0.11294874
2013-09-27,14760.07,150.2603,1336.05,0.11246608
2013-09-30,14455.8,147.1448,1328.82,0.11073344
2013-10-01,14484.72,147.7791,1287.25,0.11480220
2013-10-02,14170.49,145.5204,1315.84,0.11059129
2013-10-03,14157.25,145.6178,1316.47,0.11061229
2013-10-04,14024.31,143.9129,1310.56,0.10981022
2013-10-07,13853.32,143.2801,1323.03,0.10829692
2013-10-08,13894.61,143.4193,1319.13,0.10872268
2013-10-09,14037.84,144.1775,1305.47,0.11044105
2013-10-10,14194.71,144.4416,1287.39,0.11219724
2013-10-11,14404.74,146.1728,1270.16,0.11508216
2013-10-15,14441.54,147.0610,1281.6,0.11474799
2013-10-16,14467.14,146.4523,1282.29,0.11421150
2013-10-17,14586.51,148.9894,1320.32,0.11284341
2013-10-18,14561.54,148.8195,1314.59,0.11320601
2013-10-21,14693.57,149.6686,1315.61,0.11376369
2013-10-22,14713.25,149.9760,1339.98,0.11192409
2013-10-23,14426.05,148.2210,1333.21,0.11117601
2013-10-24,14486.41,148.8549,1346.6,0.11054129
2013-10-25,14088.19,144.6664,1351.47,0.10704372
2013-10-28,14396.04,147.3675,1352.06,0.10899482
2013-10-29,14325.98,145.9467,1343.45,0.10863574
2013-10-30,14502.35,147.2170,1342.26,0.10967848
2013-10-31,14327.94,145.6847,1323.25,0.11009609
2013-11-01,14201.57,143.9402,1315.81,0.10939283
2013-11-05,14225.37,144.3731,1311.48,0.11008410
2013-11-06,14337.31,145.3602,1317.58,0.11032360
2013-11-07,14228.44,144.9146,1307.48,0.11083504
2013-11-08,14086.8,142.0699,1287.77,0.11032243
2013-11-11,14269.84,143.9116,1282.63,0.11220038
2013-11-12,14588.68,146.4433,1267.98,0.11549337
2013-11-13,14567.16,146.7413,1281.42,0.11451464
2013-11-14,14876.41,148.6749,1287.08,0.11551333
2013-11-15,15165.92,151.3414,1288.06,0.11749560
2013-11-18,15164.3,151.7492,1275.28,0.11899287
2013-11-19,15126.56,150.9787,1275.5,0.11836828
2013-11-20,15076.08,150.6855,1244.09,0.12112103
2013-11-21,15365.6,151.8790,1242.8,0.12220713
2013-11-22,15381.72,151.8133,1243.17,0.12211786
2013-11-25,15619.13,153.8527,1251.34,0.12295039
2013-11-26,15515.24,153.1613,1242.64,0.12325477
2013-11-27,15449.63,151.1262,1237.57,0.12211526
2013-11-28,15727.12,153.7503,1244.81,0.12351308
2013-11-29,15661.87,152.9330,1253.78,0.12197755
2013-12-02,15655.07,152.0796,1219.73,0.12468297
2013-12-03,15749.66,153.7602,1223.1,0.12571354
2013-12-04,15407.94,150.5711,1243.58,0.12107874
2013-12-05,15177.49,149.1206,1224.91,0.12174001
2013-12-06,15299.86,148.7445,1228.67,0.12106140
2013-12-09,15650.21,151.5319,1240.28,0.12217552
2013-12-10,15611.31,151.7577,1261.9,0.12026124
2013-12-11,15515.06,151.4255,1251.98,0.12094884
2013-12-12,15341.82,148.1443,1225.39,0.12089560
2013-12-13,15403.11,149.2260,1237.5,0.12058668
2013-12-16,15152.91,146.9872,1241.05,0.11843777
2013-12-17,15278.63,148.9581,1230.77,0.12102836
2013-12-18,15587.8,149.5089,1218.23,0.12272635
2013-12-19,15859.22,152.1706,1187.76,0.12811561
2013-12-20,15870.42,152.5122,1202.09,0.12687253
2013-12-24,15889.33,152.4010,1203.78,0.12660205
2013-12-25,16009.99,153.5583,1203.78,0.12756344
2013-12-26,16174.44,154.3215,1210.54,0.12748157
2013-12-27,16178.94,153.8214,1214.05,0.12670108
2013-12-30,16291.31,155.0520,1196.55,0.12958252
2014-01-06,15908.88,152.6764,1237.5,0.12337486
2014-01-07,15814.37,151.0879,1231.63,0.12267312
2014-01-08,16121.45,153.7133,1225.48,0.12543109
2014-01-09,15880.33,151.4865,1227.52,0.12340858
2014-01-10,15912.06,152.8977,1247,0.12261240
2014-01-14,15422.4,147.9367,1244.77,0.11884661
2014-01-15,15808.73,151.1784,1241.73,0.12174824
2014-01-16,15747.2,150.9365,1241.77,0.12154944
2014-01-17,15734.46,150.8867,1253.87,0.12033676
2014-01-20,15641.68,150.1409,1252.25,0.11989691
2014-01-21,15795.96,151.4474,1241.23,0.12201394
2014-01-22,15820.96,151.3388,1236.98,0.12234540
2014-01-23,15695.89,151.8712,1263.23,0.12022452
2014-01-24,15391.56,150.5287,1268.39,0.11867699
2014-01-27,15005.73,146.1834,1256.94,0.11630105
2014-01-28,14980.16,144.9319,1256.25,0.11536867
2014-01-29,15383.91,150.5864,1267.05,0.11884806
2014-01-30,15007.06,146.0115,1243.05,0.11746227
2014-01-31,14914.53,145.9919,1244.75,0.11728610
2014-02-03,14619.13,144.5721,1257.6,0.11495873
2014-02-04,14008.47,137.8515,1254.27,0.10990577
2014-02-05,14180.38,139.7219,1257.46,0.11111442
2014-02-06,14155.12,138.8165,1257.57,0.11038472
2014-02-07,14462.41,141.4278,1266.94,0.11162946
2014-02-10,14718.34,143.9869,1274.45,0.11297963
2014-02-12,14800.06,144.3486,1290.52,0.11185304
2014-02-13,14534.74,142.1769,1302.12,0.10918875
2014-02-14,14313.03,140.5995,1318.57,0.10663030
2014-02-17,14393.11,141.1781,1328.28,0.10628642
2014-02-18,14843.24,144.9535,1321.48,0.10969028
2014-02-19,14766.53,144.3171,1311.44,0.11004479
2014-02-20,14449.18,141.1742,1322.78,0.10672539
2014-02-21,14865.67,144.9461,1323.58,0.10951063
2014-02-24,14837.68,144.7861,1336.67,0.10831851
2014-02-25,15051.6,147.2759,1340.52,0.10986478
2014-02-26,14970.97,146.2580,1330.35,0.10993950
2014-02-27,14923.11,146.0616,1331.26,0.10971678
2014-02-28,14841.07,145.8295,1323.58,0.11017809
2014-03-03,14652.23,144.4566,1350.46,0.10696842
2014-03-04,14721.48,143.9754,1334.28,0.10790490
2014-03-05,14897.63,145.5415,1336.77,0.10887551
2014-03-06,15134.75,146.8253,1350.53,0.10871679
2014-03-07,15274.07,147.8613,1338.98,0.11042829
2014-03-10,15120.14,146.3712,1339.83,0.10924606
2014-03-11,15224.11,147.8787,1348.47,0.10966405
2014-03-12,14830.39,144.3628,1366.6,0.10563647
2014-03-13,14815.98,145.4543,1370.86,0.10610445
2014-03-14,14327.66,141.3960,1381.2,0.10237187
2014-03-17,14277.67,140.2384,1365.67,0.10268834
2014-03-18,14411.27,142.1510,1356.77,0.10477164
2014-03-19,14462.52,141.2769,1330.08,0.10621687
2014-03-20,14224.23,138.9221,1329.68,0.10447782
2014-03-24,14475.3,141.6093,1308.85,0.10819366
2014-03-25,14423.19,141.0029,1311.06,0.10754880
2014-03-26,14477.16,141.8773,1304.92,0.10872490
2014-03-27,14622.89,143.0951,1291.47,0.11080019
2014-03-28,14696.03,142.9297,1292.76,0.11056165
2014-03-31,14827.83,143.6527,1283.9,0.11188775
2014-04-01,14791.99,142.6559,1278.89,0.11154665
2014-04-02,14946.32,143.9083,1289.81,0.11157328
2014-04-03,15071.88,145.0335,1286.5,0.11273493
2014-04-04,15063.77,145.8961,1303.18,0.11195390
2014-04-07,14808.85,143.7055,1297.06,0.11079324
2014-04-08,14606.88,143.4015,1308.52,0.10959063
2014-04-09,14299.69,140.2205,1311.51,0.10691534
2014-04-10,14300.12,140.9712,1318.83,0.10689112
2014-04-11,13960.05,137.3615,1317.7,0.10424338
2014-04-14,13910.16,136.5750,1327.66,0.10286893
2014-04-15,13996.81,137.4392,1302.08,0.10555359
2014-04-16,14417.68,141.0456,1302.27,0.10830748
2014-04-17,14417.53,140.7962,1295.11,0.10871369
2014-04-18,14516.27,141.7189,1295.11,0.10942617
2014-04-21,14512.38,141.4186,1289.46,0.10967276
2014-04-22,14388.77,140.2551,1283.5,0.10927549
2014-04-23,14546.27,141.8733,1283.53,0.11053369
2014-04-24,14404.99,140.8525,1293.02,0.10893300
2014-04-25,14429.26,141.2694,1302.15,0.10848937
2014-04-28,14288.23,139.4246,1296.31,0.10755496
2014-04-30,14304.11,139.9482,1291.26,0.10838115
2014-05-01,14485.13,141.5669,1284,0.11025463
2014-05-02,14457.51,141.4214,1298.24,0.10893317
2014-05-07,14033.45,137.7719,1289.82,0.10681486
2014-05-08,14163.78,139.3387,1289.34,0.10806980
2014-05-09,14199.59,139.4715,1288.59,0.10823572
2014-05-12,14149.52,138.5306,1295.69,0.10691650
2014-05-13,14425.44,141.0663,1293.53,0.10905530
2014-05-14,14405.76,141.4548,1305.75,0.10833225
2014-05-15,14298.21,140.7720,1296.08,0.10861365
2014-05-16,14096.59,138.8279,1292.97,0.10737136
2014-05-19,14006.44,138.0217,1292.73,0.10676760
2014-05-20,14075.25,138.9325,1293.97,0.10736917
2014-05-21,14042.17,138.4556,1291.74,0.10718537
2014-05-22,14337.79,140.9119,1294,0.10889640
2014-05-23,14462.17,141.8277,1292.62,0.10972110
2014-05-26,14602.52,143.2743,1292.65,0.11083768
2014-05-27,14636.52,143.4672,1264.79,0.11343161
2014-05-28,14670.95,144.1013,1258.06,0.11454244
2014-05-29,14681.72,144.3205,1255.4,0.11495974
2014-05-30,14632.38,143.7507,1250.55,0.11494995
2014-06-02,14935.92,145.9013,1243.57,0.11732459
2014-06-03,15034.25,146.6327,1244.85,0.11779146
2014-06-04,15067.96,146.6896,1243.84,0.11793289
2014-06-05,15079.37,147.2307,1253.53,0.11745289
2014-06-06,15077.24,147.0520,1252.61,0.11739646
2014-06-09,15124,147.4793,1252.16,0.11777990
2014-06-10,14994.8,146.5051,1259.51,0.11631915
2014-06-11,15069.48,147.7545,1260.74,0.11719664
2014-06-12,14973.53,147.1745,1273.16,0.11559778
2014-06-13,15097.84,148.0326,1276.62,0.11595663
2014-06-16,14933.29,146.6636,1271.82,0.11531791
2014-06-17,14975.97,146.5933,1270.38,0.11539326
2014-06-18,15115.8,148.2959,1277.61,0.11607289
2014-06-19,15361.16,150.7030,1320,0.11416896
2014-06-20,15349.42,150.3813,1313.97,0.11444805
2014-06-23,15369.28,150.8123,1317.18,0.11449634
2014-06-24,15376.24,150.8066,1318.19,0.11440429
2014-06-25,15266.61,149.9225,1319.15,0.11365085
2014-06-26,15308.49,150.5704,1316.35,0.11438476
2014-06-27,15095,148.8512,1315.78,0.11312773
2014-06-30,15162.1,149.6752,1327.06,0.11278708
2014-07-01,15326.2,150.9227,1326.33,0.11378970
2014-07-02,15369.97,151.0265,1326.7,0.11383623
2014-07-03,15348.29,150.1790,1319.45,0.11381937
2014-07-04,15437.13,151.2554,1320.16,0.11457357
2014-07-07,15379.44,150.9712,1319.62,0.11440508
2014-07-08,15314.41,150.8214,1318.92,0.11435223
2014-07-09,15302.65,150.5722,1327.7,0.11340828
2014-07-10,15216.47,150.1971,1335.61,0.11245582
2014-07-11,15164.04,149.6648,1337.48,0.11190061
2014-07-14,15296.82,150.6482,1306.92,0.11526965
2014-07-15,15395.16,151.4079,1293.97,0.11701040
2014-07-16,15379.3,151.2817,1299.03,0.11645745
2014-07-17,15370.26,151.9401,1319.1,0.11518467
2014-07-18,15215.71,150.1303,1310.42,0.11456658
2014-07-22,15343.28,151.2100,1306.28,0.11575620
2014-07-23,15328.56,150.9608,1304.54,0.11571957
2014-07-24,15284.42,150.1417,1293.42,0.11608113
2014-07-25,15457.87,151.8007,1307.01,0.11614352
2014-07-28,15529.4,152.4882,1303.83,0.11695406
2014-07-29,15618.07,152.9384,1299.11,0.11772552
2014-07-30,15646.23,152.2007,1296.02,0.11743698
2014-07-31,15620.77,151.9530,1282.59,0.11847357
2014-08-01,15523.11,151.3121,1292.72,0.11704941
2014-08-04,15474.5,150.8971,1288.11,0.11714615
2014-08-05,15320.31,149.2917,1288.55,0.11586020
2014-08-06,15159.79,148.4507,1305.65,0.11369873
2014-08-07,15232.37,149.1907,1312.27,0.11368902
2014-08-08,14778.37,144.7866,1311.48,0.11039941
2014-08-11,15130.52,148.0626,1308.36,0.11316658
2014-08-12,15161.31,148.2769,1309.3,0.11324897
2014-08-13,15213.63,148.5416,1312.55,0.11317024
2014-08-14,15314.57,149.4396,1313.46,0.11377552
2014-08-15,15318.34,149.6955,1304.03,0.11479452
2014-08-18,15322.6,149.3868,1298.15,0.11507666
2014-08-19,15449.79,150.1146,1295.47,0.11587652
2014-08-20,15454.45,149.0304,1291.63,0.11538163
2014-08-21,15586.2,150.1127,1276.64,0.11758419
2014-08-22,15539.19,149.4872,1280.37,0.11675309
2014-08-25,15613.25,150.0697,1276.52,0.11756156
2014-08-26,15521.22,149.1135,1280.95,0.11640849
2014-08-27,15534.82,149.5602,1282.52,0.11661434
2014-08-28,15459.86,149.0682,1289.55,0.11559705
2014-08-29,15424.59,148.2563,1287.12,0.11518455
2014-09-01,15476.6,148.3570,1286.72,0.11529857
2014-09-02,15668.6,149.0828,1265.3,0.11782406
2014-09-03,15728.35,150.0081,1268.95,0.11821436
2014-09-04,15676.18,148.8575,1261.71,0.11798073
2014-09-05,15668.68,149.1119,1268.49,0.11755072
2014-09-08,15705.11,148.2173,1255.31,0.11807231
2014-09-09,15749.15,148.2971,1255.11,0.11815465
2014-09-10,15788.78,147.7797,1249.45,0.11827578
2014-09-11,15909.2,148.6702,1240.89,0.11980934
2014-09-12,15948.29,148.5912,1230.42,0.12076459
2014-09-16,15911.53,148.5116,1235.53,0.12020070
2014-09-17,15888.67,146.4799,1223.16,0.11975527
2014-09-18,16067.57,147.7342,1224.99,0.12060032
2014-09-19,16321.17,149.8180,1217.64,0.12303963
2014-09-22,16205.9,148.9376,1214.93,0.12258945
2014-09-24,16167.45,148.2300,1217,0.12179954
2014-09-25,16374.14,150.5807,1221.31,0.12329437
2014-09-26,16229.86,148.5027,1217.46,0.12197748
2014-09-29,16310.64,149.0373,1215.75,0.12258876
2014-09-30,16173.52,147.5686,1208.09,0.12215035
2014-10-01,16082.25,147.5707,1213.54,0.12160345
2014-10-02,15661.99,144.4966,1214.33,0.11899289
2014-10-03,15708.65,143.0921,1191.74,0.12006989
2014-10-06,15890.95,146.1506,1206.92,0.12109382
2014-10-07,15783.83,145.9574,1208.87,0.12073868
2014-10-08,15595.98,144.2336,1221.03,0.11812454
2014-10-09,15478.93,143.5760,1224.23,0.11727863
2014-10-10,15300.55,142.0136,1223.1,0.11610959
2014-10-14,14936.51,139.4242,1232.68,0.11310653
2014-10-15,15073.52,142.1360,1241.88,0.11445226
2014-10-16,14738.38,138.6750,1238.68,0.11195386
2014-10-17,14532.51,135.9322,1237.64,0.10983177
2014-10-20,15111.23,141.2793,1246.61,0.11333076
2014-10-21,14804.28,138.2544,1248.39,0.11074615
2014-10-22,15195.77,141.7516,1241,0.11422368
2014-10-23,15138.96,139.7873,1231.57,0.11350330
2014-10-24,15291.64,141.4452,1230.93,0.11490921
2014-10-27,15388.72,142.7128,1226,0.11640521
2014-10-28,15329.91,141.8123,1227.94,0.11548797
2014-10-29,15553.91,142.9587,1212.79,0.11787592
2014-10-30,15658.2,143.1934,1199.53,0.11937460
2014-10-31,16413.76,146.1729,1171.85,0.12473691
2014-11-04,16862.47,148.6728,1168.1,0.12727747
2014-11-05,16937.32,147.6276,1140.26,0.12946841
2014-11-06,16792.48,145.7554,1141.69,0.12766636
2014-11-07,16880.38,147.2854,1174.92,0.12535781
2014-11-10,16780.53,146.1337,1151.33,0.12692597
2014-11-11,17124.11,147.8255,1164.2,0.12697607
2014-11-12,17197.05,148.8020,1162.32,0.12802156
2014-11-13,17392.79,150.2487,1162.15,0.12928512
2014-11-14,17490.83,150.4199,1190.73,0.12632581
2014-11-17,16973.8,145.4980,1186.42,0.12263619
2014-11-18,17344.06,148.3539,1196.98,0.12394021
2014-11-19,17288.75,146.3041,1182.6,0.12371390
2014-11-20,17300.86,146.3075,1193.68,0.12256843
2014-11-21,17357.51,147.4599,1200.86,0.12279528
2014-11-25,17407.62,147.6599,1200.99,0.12294844
2014-11-26,17383.58,147.8699,1198.2,0.12340999
2014-11-27,17248.5,146.3474,1190.15,0.12296548
2014-11-28,17459.85,147.1418,1168.85,0.12588599
2014-12-01,17590.1,148.7409,1211.35,0.12278938
2014-12-02,17663.22,148.1814,1197.79,0.12371232
2014-12-03,17720.43,147.9044,1209.09,0.12232707
2014-12-04,17887.21,149.2965,1205.41,0.12385534
2014-12-05,17920.45,147.6149,1191.45,0.12389518
2014-12-08,17935.64,148.8188,1203.16,0.12368994
2014-12-09,17813.38,149.0285,1230.94,0.12106888
2014-12-10,17412.58,147.6643,1224.89,0.12055315
2014-12-11,17257.4,145.2276,1226.93,0.11836668
2014-12-12,17371.58,146.4226,1221.48,0.11987312
2014-12-15,17099.4,145.1439,1193.06,0.12165681
2014-12-16,16755.32,143.8348,1194.7,0.12039410
2014-12-17,16819.73,141.5087,1188.66,0.11904897
2014-12-18,17210.05,144.7196,1198.01,0.12079996
2014-12-19,17621.4,147.4347,1194.7,0.12340733
2014-12-22,17635.14,146.8861,1176.11,0.12489143
2014-12-24,17854.23,148.2294,1174.8,0.12617415
2014-12-25,17808.75,147.8518,1174.8,0.12585275
2014-12-26,17818.96,148.0103,1195.31,0.12382587
2014-12-29,17729.84,146.9405,1183.17,0.12419221
2014-12-30,17450.77,146.1171,1200.3,0.12173385
2015-01-05,17408.71,145.9360,1204.54,0.12115500
2015-01-06,16883.19,142.3781,1218.53,0.11684411
2015-01-07,16885.33,141.5130,1211.19,0.11683798
2015-01-08,17167.1,143.3339,1208.76,0.11857928
2015-01-09,17197.73,145.0551,1220.73,0.11882650
2015-01-13,17087.71,144.9462,1230.68,0.11777734
2015-01-14,16795.96,143.2858,1228.61,0.11662431
2015-01-15,17108.7,147.2730,1262.38,0.11666294
2015-01-16,16864.16,143.3783,1275.25,0.11243155
2015-01-19,17014.29,144.6301,1276.68,0.11328613
2015-01-20,17366.3,146.3534,1293.87,0.11311295
2015-01-21,17280.48,146.5565,1292.62,0.11337944
2015-01-22,17329.02,146.1008,1302,0.11221262
2015-01-23,17511.75,148.6566,1293.82,0.11489745
2015-01-26,17468.52,147.5382,1281.03,0.11517152
2015-01-27,17768.3,150.9241,1292.35,0.11678272
2015-01-28,17795.73,151.4917,1283.14,0.11806327
2015-01-29,17606.22,148.8017,1258.1,0.11827496
2015-01-30,17674.39,150.5356,1283.8,0.11725786
2015-02-02,17558.04,149.2142,1273.67,0.11715299
2015-02-03,17335.85,147.4889,1260.23,0.11703335
2015-02-04,17678.74,150.7139,1268.82,0.11878272
2015-02-05,17504.62,149.0009,1264.28,0.11785431
2015-02-06,17648.5,148.5064,1235.26,0.12022278
2015-02-09,17711.93,149.3166,1238.62,0.12055074
2015-02-10,17652.68,147.8325,1233.4,0.11985772
2015-02-12,17979.72,150.9252,1221.99,0.12350773
2015-02-13,17913.36,150.8493,1228.44,0.12279749
2015-02-16,18004.77,151.9518,1230.7,0.12346779
2015-02-17,17987.09,150.9237,1209.22,0.12481081
2015-02-18,18199.17,153.3207,1212.79,0.12641985
2015-02-19,18264.79,153.4598,1206.82,0.12716050
2015-02-20,18332.3,153.9753,1201.11,0.12819418
2015-02-23,18466.92,155.4324,1201.34,0.12938250
2015-02-24,18603.48,156.3843,1200.65,0.13024972
2015-02-25,18585.2,156.4279,1203.86,0.12993862
2015-02-26,18785.79,157.3877,1209.08,0.13017141
2015-02-27,18797.94,157.1866,1211.57,0.12973791
2015-03-02,18826.88,156.6687,1206.38,0.12986681
2015-03-03,18815.16,157.2517,1203.86,0.13062287
2015-03-04,18703.6,156.2670,1200.59,0.13015852
2015-03-05,18751.84,156.1612,1197.91,0.13036140
2015-03-06,18971,157.1878,1165.53,0.13486383
2015-03-09,18790.55,154.9864,1166.98,0.13280981
2015-03-10,18665.11,154.1297,1161.4,0.13271029
2015-03-11,18723.52,154.2300,1155.37,0.13348969
2015-03-12,18991.11,156.5373,1153.76,0.13567582
2015-03-13,19254.25,158.5756,1157.34,0.13701730
2015-03-16,19246.06,158.6127,1154.31,0.13740907
2015-03-17,19437,160.1995,1149.49,0.13936568
2015-03-18,19544.48,162.4915,1167.99,0.13912064
2015-03-19,19476.56,161.1898,1171.35,0.13761025
2015-03-20,19560.22,162.8932,1182.55,0.13774744
2015-03-23,19754.36,165.1288,1190.08,0.13875438
2015-03-24,19713.45,164.6492,1193.14,0.13799656
2015-03-25,19746.2,165.2817,1195.4,0.13826473
2015-03-26,19471.12,163.3209,1204.16,0.13563058
2015-03-27,19285.63,161.8601,1198.78,0.13502068
2015-03-30,19411.4,161.6001,1186.02,0.13625408
2015-03-31,19206.99,159.9490,1183.38,0.13516280
2015-04-01,19034.84,159.0478,1204.26,0.13207098
2015-04-02,19312.79,161.2759,1202.86,0.13407704
2015-04-03,19435.08,163.3749,1202.86,0.13582205
2015-04-06,19397.98,162.3262,1214.82,0.13362160
2015-04-07,19640.54,163.2359,1208.66,0.13505524
2015-04-08,19789.81,164.6818,1202.86,0.13690852
2015-04-09,19937.72,165.3485,1194.76,0.13839473
2015-04-10,19907.63,165.6209,1208.56,0.13703985
2015-04-13,19905.46,165.6855,1199.1,0.13817491
2015-04-14,19908.68,166.7813,1192.71,0.13983388
2015-04-15,19869.76,166.8046,1202.32,0.13873558
2015-04-16,19885.77,167.1073,1198.7,0.13940712
2015-04-17,19652.88,165.3865,1204.81,0.13727187
2015-04-20,19634.49,164.6360,1196.42,0.13760720
2015-04-21,19909.09,166.3388,1202.71,0.13830332
2015-04-22,20133.9,167.8804,1187.61,0.14135990
2015-04-23,20187.65,168.8072,1194.1,0.14136770
2015-04-24,20020.04,168.4055,1178.99,0.14283874
2015-04-27,19983.32,167.7861,1202.14,0.13957281
2015-04-28,20058.95,168.7753,1212.19,0.13923176
2015-04-30,19520.01,163.4431,1184.5,0.13798489
2015-05-01,19531.63,162.5198,1177.85,0.13798005
2015-05-07,19291.99,161.1695,1184.92,0.13601721
2015-05-08,19379.19,161.8709,1188.37,0.13621258
2015-05-11,19620.91,163.3306,1184.25,0.13791906
2015-05-12,19624.84,163.7587,1194.1,0.13713984
2015-05-13,19764.72,165.8392,1215.33,0.13645614
2015-05-14,19570.24,164.1936,1221.6,0.13440868
2015-05-15,19732.92,165.3643,1225.13,0.13497693
2015-05-18,19890.27,165.7661,1225.89,0.13522099
2015-05-19,20026.38,166.0012,1208.48,0.13736360
2015-05-20,20196.56,166.5146,1209.92,0.13762450
2015-05-21,20202.87,166.8556,1206.92,0.13824906
2015-05-22,20264.41,166.7029,1205.67,0.13826581
2015-05-25,20413.77,167.9455,1207.46,0.13908987
2015-05-26,20437.48,166.0909,1187.99,0.13980830
2015-05-27,20472.58,165.4885,1188.32,0.13926256
2015-05-28,20551.46,165.8178,1188.61,0.13950565
2015-05-29,20563.15,165.6849,1190.22,0.13920525
2015-06-01,20569.87,164.8623,1189.6,0.13858634
2015-06-02,20543.19,165.5507,1193.44,0.13871726
2015-06-03,20473.51,164.7370,1185.82,0.13892240
2015-06-04,20488.19,164.6167,1177.01,0.13986004
2015-06-05,20460.9,162.8404,1171.2,0.13903725
2015-06-08,20457.19,164.1829,1174.09,0.13983843
2015-06-09,20096.3,161.6238,1176.76,0.13734642
2015-06-10,20046.36,163.2972,1185.95,0.13769313
2015-06-11,20382.97,165.0443,1182.43,0.13958060
2015-06-12,20407.08,165.3734,1181.35,0.13998681
2015-06-15,20387.79,165.2037,1186.57,0.13922795
2015-06-16,20257.94,164.1914,1181.94,0.13891690
2015-06-17,20219.27,163.8116,1185.34,0.13819801
2015-06-18,19990.82,162.5931,1202,0.13526879
2015-06-19,20174.24,164.4058,1201.19,0.13686913
2015-06-22,20428.19,165.5982,1186.1,0.13961569
2015-06-23,20809.42,167.9262,1178.35,0.14250965
2015-06-24,20868.03,168.4128,1175.34,0.14328858
2015-06-25,20771.4,167.9719,1173.29,0.14316312
2015-06-26,20706.15,167.2548,1174.78,0.14237121
2015-06-29,20109.95,164.0825,1180.23,0.13902586
2015-06-30,20235.73,165.3205,1172.36,0.14101517
2015-07-01,20329.32,165.0375,1169.19,0.14115542
2015-07-02,20522.5,166.7682,1166.65,0.14294625
2015-07-03,20539.79,167.3030,1168.83,0.14313716
2015-07-06,20112.12,164.0868,1170.24,0.14021637
2015-07-07,20376.59,166.3803,1155.25,0.14402100
2015-07-08,19737.64,163.6213,1158.87,0.14119040
2015-07-09,19855.5,163.3929,1159.88,0.14087048
2015-07-10,19779.83,161.0735,1162.78,0.13852451
2015-07-13,20089.77,162.7229,1157.83,0.14054128
2015-07-14,20385.33,165.2239,1156.09,0.14291616
2015-07-15,20463.33,165.3335,1149.12,0.14387838
2015-07-16,20600.12,165.9426,1145.8,0.14482689
2015-07-17,20650.92,166.4457,1134.11,0.14676329
2015-07-21,20841.97,168.2432,1101.78,0.15270128
2015-07-22,20593.67,166.1584,1094.78,0.15177331
2015-07-23,20683.95,166.9003,1091.01,0.15297776
2015-07-24,20544.53,165.9360,1098.97,0.15099225
2015-07-27,20350.1,165.1124,1094.23,0.15089366
2015-07-28,20328.89,164.4732,1095.85,0.15008735
2015-07-29,20302.91,163.7596,1096.68,0.14932301
2015-07-30,20522.83,165.2269,1088.64,0.15177366
2015-07-31,20585.24,166.0770,1095.23,0.15163661
2015-08-03,20548.11,165.7106,1086.78,0.15247848
2015-08-04,20520.36,164.9945,1088.13,0.15163119
2015-08-05,20614.06,165.0709,1085.67,0.15204523
2015-08-06,20664.44,165.6999,1089.98,0.15202109
2015-08-07,20724.56,166.8375,1092.48,0.15271451
2015-08-10,20808.69,167.0307,1104.85,0.15117957
2015-08-11,20720.75,165.6070,1109.23,0.14929908
2015-08-12,20392.77,164.1930,1125.29,0.14591172
2015-08-13,20595.55,165.5458,1115.49,0.14840633
2015-08-14,20519.45,165.0933,1115.41,0.14801134
2015-08-17,20620.26,165.7311,1117.51,0.14830388
2015-08-18,20554.47,165.2554,1117.87,0.14783063
2015-08-19,20222.63,163.2305,1133.85,0.14396131
2015-08-20,20033.52,162.3330,1153.27,0.14075892
2015-08-21,19435.83,159.1405,1159.56,0.13724215
2015-08-24,18540.68,156.2900,1155.39,0.13527032
2015-08-25,17806.7,149.7368,1140.72,0.13126516
2015-08-26,18376.83,152.8473,1124.88,0.13587875
2015-08-27,18574.44,153.3177,1125.34,0.13624123
2015-08-28,19136.32,157.5784,1134.33,0.13891759
2015-08-31,18890.48,155.7978,1134.6,0.13731515
2015-09-01,18165.69,152.1542,1140.14,0.13345221
2015-09-02,18095.4,150.3565,1134.03,0.13258596
2015-09-03,18182.39,151.3938,1125.89,0.13446585
2015-09-04,17792.16,149.4261,1122.28,0.13314507
2015-09-07,17860.47,149.7482,1119.63,0.13374795
2015-09-08,17427.08,145.3468,1121.79,0.12956684
2015-09-09,18770.51,155.9401,1107.14,0.14084949
2015-09-10,18299.62,151.6250,1110.96,0.13648105
2015-09-11,18264.22,151.4949,1107.98,0.13673068
2015-09-14,17965.7,149.4278,1108.23,0.13483461
2015-09-15,18026.48,149.7092,1105.19,0.13546011
2015-09-16,18171.6,150.6891,1118.96,0.13466890
2015-09-17,18432.27,153.3467,1131.11,0.13557185
2015-09-18,18070.21,150.6227,1139.55,0.13217738
2015-09-24,17571.83,146.1153,1153.56,0.12666470
2015-09-25,17880.51,148.2875,1146.81,0.12930435
2015-09-28,17645.11,147.1161,1132.56,0.12989700
2015-09-29,16930.84,141.3377,1127.87,0.12531380
2015-09-30,17388.15,145.0499,1115.34,0.13004996
2015-10-01,17722.42,147.8223,1114.07,0.13268676
2015-10-02,17725.13,147.6479,1137.99,0.12974446
2015-10-05,18005.49,149.4480,1135.9,0.13156788
2015-10-06,18186.1,151.2609,1147.23,0.13184882
2015-10-07,18322.98,152.7042,1145.55,0.13330210
2015-10-08,18141.17,151.2773,1139.53,0.13275409
2015-10-09,18438.67,153.3489,1157.58,0.13247368
2015-10-13,18234.74,152.2607,1169.19,0.13022750
2015-10-14,17891,150.6484,1183.79,0.12725937
2015-10-15,18096.9,152.2283,1183.65,0.12860922
2015-10-16,18291.8,153.0695,1176.38,0.13011906
2015-10-19,18131.23,151.7639,1171.07,0.12959419
2015-10-20,18207.15,151.8908,1176.09,0.12914896
2015-10-21,18554.28,154.6963,1168.32,0.13240923
2015-10-22,18435.87,152.7413,1165.97,0.13099930
2015-10-23,18825.3,155.0428,1165.02,0.13308169
2015-10-26,18947.12,156.5360,1163.51,0.13453775
2015-10-27,18777.04,155.9037,1166.9,0.13360501
2015-10-28,18903.02,156.1072,1157.61,0.13485301
2015-10-29,18935.71,156.5452,1147.8,0.13638719
2015-10-30,19083.1,158.1612,1142.22,0.13846826
2015-11-02,18683.24,154.7266,1134.72,0.13635666
2015-11-04,18926.91,155.7514,1107.95,0.14057620
2015-11-05,19116.41,157.0781,1104.63,0.14219978
2015-11-06,19265.6,156.3893,1088.36,0.14369264
2015-11-09,19642.74,159.6062,1092.28,0.14612209
2015-11-10,19671.26,159.6564,1090.32,0.14643074
2015-11-11,19691.39,160.3403,1086.46,0.14758047
2015-11-12,19697.77,160.6146,1085.8,0.14792279
2015-11-13,19596.91,159.7791,1082.07,0.14766062
2015-11-16,19393.69,157.3525,1083.94,0.14516713
2015-11-17,19630.63,159.0555,1071.24,0.14847793
2015-11-18,19649.18,158.9997,1070.7,0.14850068
2015-11-19,19859.81,161.5275,1082.07,0.14927642
2015-11-20,19879.81,161.7428,1077.73,0.15007731
2015-11-24,19924.89,162.6256,1075.6,0.15119525
2015-11-25,19847.58,161.7570,1072.13,0.15087440
2015-11-26,19944.41,162.6389,1072.22,0.15168428
2015-11-27,19883.94,161.8423,1058.63,0.15287897
2015-11-30,19747.47,160.3517,1064.66,0.15061304
2015-12-01,20012.4,162.8242,1069.24,0.15228034
2015-12-02,19938.13,161.7396,1054.13,0.15343424
2015-12-03,19939.9,162.5703,1061.79,0.15310967
2015-12-04,19504.48,158.3541,1087.07,0.14567061
2015-12-07,19698.15,159.6673,1071.34,0.14903510
2015-12-08,19492.6,158.6054,1075.03,0.14753576
2015-12-09,19301.07,158.6607,1073.22,0.14783611
2015-12-10,19046.55,156.5556,1072.08,0.14602974
2015-12-11,19230.48,159.0953,1077.26,0.14768511
2015-12-14,18883.42,156.1775,1060.19,0.14731085
2015-12-15,18565.9,152.5797,1061.73,0.14370859
2015-12-16,19049.91,155.7319,1072.26,0.14523711
2015-12-17,19353.56,157.9573,1051.58,0.15020949
2015-12-18,18986.8,156.5870,1066.65,0.14680261
2015-12-21,18916.02,156.0226,1080.28,0.14442790
2015-12-22,18886.7,156.0433,1072.47,0.14549898
2015-12-24,18789.69,156.2175,1076.88,0.14506495
2015-12-25,18769.06,156.0460,1076.88,0.14490568
2015-12-28,18873.35,156.7958,1069.83,0.14656139
2015-12-29,18982.23,157.5328,1069.11,0.14734948
2015-12-30,19033.71,157.9364,1061.53,0.14878189
2016-01-04,18450.98,154.6396,1074.42,0.14392846
2016-01-05,18374,154.2452,1077.94,0.14309259
2016-01-06,18191.32,153.5482,1093.77,0.14038439
2016-01-07,17767.34,151.0777,1109.92,0.13611583
2016-01-08,17697.96,150.6325,1103.96,0.13644740
2016-01-12,17218.96,146.2469,1086.41,0.13461480
2016-01-13,17715.63,150.5957,1093.66,0.13769886
2016-01-14,17240.95,145.9255,1079.23,0.13521259
2016-01-15,17147.11,146.5841,1088.11,0.13471437
2016-01-18,16955.57,144.4293,1089.1,0.13261347
2016-01-19,17048.37,144.9445,1087.83,0.13324185
2016-01-20,16416.19,140.3309,1101.32,0.12742065
2016-01-21,16017.26,135.9861,1101.41,0.12346548
2016-01-22,16958.53,142.7414,1097.66,0.13004151
2016-01-25,17110.91,144.5886,1107.95,0.13050106
2016-01-26,16708.9,141.0653,1120.08,0.12594214
2016-01-27,17163.92,144.7247,1125.06,0.12863735
2016-01-28,17041.45,143.4465,1115.13,0.12863662
2016-01-29,17518.3,144.6956,1117.69,0.12945954
2016-02-01,17865.23,147.6233,1127.9,0.13088337
2016-02-02,17750.68,148.2311,1129.07,0.13128606
2016-02-03,17191.25,145.6084,1142.65,0.12743040
2016-02-04,17044.99,145.8332,1156.09,0.12614351
2016-02-05,16819.59,143.7904,1173.45,0.12253642
2016-02-08,17004.3,147.2361,1189.42,0.12378817
2016-02-09,16085.44,139.7373,1189.08,0.11751716
2016-02-10,15713.39,138.4220,1195.8,0.11575683
2016-02-12,14952.61,131.9759,1238.61,0.10655165
2016-02-15,16022.58,139.9902,1209.52,0.11574031
2016-02-16,16054.43,140.5522,1200.8,0.11704877
2016-02-17,15836.36,138.7876,1209.41,0.11475646
2016-02-18,16196.8,142.9184,1230.9,0.11610887
2016-02-19,15967.17,141.7615,1229.46,0.11530391
2016-02-22,16111.05,142.6716,1208.38,0.11806850
2016-02-23,16052.05,143.3424,1226.09,0.11691014
2016-02-24,15915.79,142.0406,1228.87,0.11558634
2016-02-25,16140.34,142.9500,1233.17,0.11592075
2016-02-26,16188.41,142.0746,1224.01,0.11607310
2016-02-29,16026.76,142.6249,1238.86,0.11512592
2016-03-01,16085.51,141.0403,1232.66,0.11441950
2016-03-02,16746.55,147.4051,1239.83,0.11889141
2016-03-03,16960.16,149.1265,1264.87,0.11789870
2016-03-04,17014.78,149.3101,1261.55,0.11835447
2016-03-07,16911.32,149.1772,1267.54,0.11769030
2016-03-08,16783.15,148.9386,1261.67,0.11804880
2016-03-09,16642.2,146.8823,1253.93,0.11713752
2016-03-10,16852.35,148.9329,1272.29,0.11705890
2016-03-11,16938.87,148.8333,1250.22,0.11904571
2016-03-14,17233.75,151.4443,1233.94,0.12273227
2016-03-15,17117.07,151.2216,1233.46,0.12259948
2016-03-16,16974.45,150.5334,1260.7,0.11940464
2016-03-17,16936.38,152.0253,1257.17,0.12092662
2016-03-18,16724.81,149.9405,1255.67,0.11941073
2016-03-22,17048.55,151.7882,1248.76,0.12155116
2016-03-23,17000.98,151.2704,1222.44,0.12374466
2016-03-24,16892.33,149.7666,1217.18,0.12304396
2016-03-25,17002.75,150.7456,1217.18,0.12384826
2016-03-28,17134.37,151.0981,1221.97,0.12365121
2016-03-29,17103.53,151.7548,1242.05,0.12218095
2016-03-30,16878.96,150.1019,1225.37,0.12249517
2016-03-31,16758.67,148.9104,1232.95,0.12077567
2016-04-01,16164.16,144.7701,1223.75,0.11830038
2016-04-04,16123.27,144.8410,1215.59,0.11915287
2016-04-05,15732.82,142.5849,1231.32,0.11579843
2016-04-06,15715.36,143.2028,1222.73,0.11711726
2016-04-07,15749.84,145.4762,1240.42,0.11727983
2016-04-08,15821.52,146.2680,1239.8,0.11797712
2016-04-11,15751.13,145.8870,1258.1,0.11595821
2016-04-12,15928.79,146.6496,1255.49,0.11680669
2016-04-13,16381.22,149.9082,1242.88,0.12061359
2016-04-14,16911.05,154.5546,1227.85,0.12587413
2016-04-15,16848.03,154.9572,1234.26,0.12554663
2016-04-18,16275.95,149.5168,1232.25,0.12133641
2016-04-19,16874.44,154.4303,1250.29,0.12351555
2016-04-20,16906.54,154.0586,1244.09,0.12383232
2016-04-21,17363.62,158.6762,1248.33,0.12711079
2016-04-22,17572.49,157.4257,1233.84,0.12759007
2016-04-25,17439.3,156.7747,1238.32,0.12660271
2016-04-26,17353.28,155.9187,1243.64,0.12537283
2016-04-27,17290.49,155.1412,1245.78,0.12453341
2016-04-28,16666.05,154.1554,1266.25,0.12174169
2016-05-02,16147.38,151.7426,1291.85,0.11746143
2016-05-06,16106.72,150.3292,1288.89,0.11663461
2016-05-09,16216.03,149.4661,1264.09,0.11824011
2016-05-10,16565.19,151.4906,1265.96,0.11966457
2016-05-11,16579.01,152.8512,1277.28,0.11966933
2016-05-12,16646.34,152.6585,1263.55,0.12081714
2016-05-13,16412.21,151.0613,1273.9,0.11858179
2016-05-16,16466.4,150.9792,1274.28,0.11848200
2016-05-17,16652.8,152.5988,1279.1,0.11930168
2016-05-18,16644.69,151.0599,1258.75,0.12000789
2016-05-19,16646.66,151.3883,1255.41,0.12058875
2016-05-20,16736.35,151.9332,1252.7,0.12128456
2016-05-23,16654.6,152.4770,1249.01,0.12207825
2016-05-24,16498.76,150.0119,1227.09,0.12225013
2016-05-25,16757.35,152.0893,1224.16,0.12423971
2016-05-26,16772.46,152.8187,1220.47,0.12521296
2016-05-27,16834.84,152.4605,1210.39,0.12595981
2016-05-30,17068.02,153.5681,1205.73,0.12736525
2016-05-31,17234.98,155.6375,1215.74,0.12801870
2016-06-01,16955.73,154.8850,1213.39,0.12764654
2016-06-02,16562.55,152.1622,1211.38,0.12561062
2016-06-03,16642.23,156.0628,1244.37,0.12541515
2016-06-06,16580.03,154.1798,1244.87,0.12385211
2016-06-07,16675.45,155.3633,1243.83,0.12490715
2016-06-08,16830.92,157.4631,1262.7,0.12470352
2016-06-09,16668.41,155.8305,1269.36,0.12276305
2016-06-10,16601.36,155.4798,1274.55,0.12198803
2016-06-13,16019.18,150.9392,1284.57,0.11750175
2016-06-14,15859,149.5878,1285.93,0.11632655
2016-06-15,15919.58,150.1819,1292.59,0.11618679
2016-06-16,15434.14,147.9471,1278.52,0.11571749
2016-06-17,15599.66,149.7275,1298.62,0.11529740
2016-06-20,15965.3,153.5509,1290.48,0.11898742
2016-06-21,16169.11,154.3193,1268.57,0.12164821
2016-06-22,16065.72,153.2798,1266.37,0.12103875
2016-06-23,16238.35,152.3497,1255.92,0.12130529
2016-06-24,14952.02,146.2043,1318.56,0.11088179
2016-06-27,15309.21,150.2287,1324.33,0.11343754
2016-06-28,15323.14,149.1826,1311.5,0.11374959
2016-06-29,15566.83,151.2782,1319.52,0.11464639
2016-06-30,15575.92,150.7819,1321.94,0.11406107
2016-07-01,15682.48,152.8954,1343.61,0.11379447
2016-07-04,15775.8,153.8562,1350.93,0.11388910
2016-07-05,15669.33,154.0165,1356.4,0.11354799
2016-07-06,15378.99,151.6890,1364,0.11120895
2016-07-07,15276.24,151.5951,1360.88,0.11139492
2016-07-08,15106.98,150.3631,1366.65,0.11002312
2016-07-11,15708.82,152.8363,1355.36,0.11276435
2016-07-12,16095.65,153.6504,1333.79,0.11519836
2016-07-13,16231.43,155.5077,1342.78,0.11581028
2016-07-14,16385.89,155.5332,1335.3,0.11647810
2016-07-15,16497.85,156.3925,1329.15,0.11766358
2016-07-19,16723.31,157.5219,1332.22,0.11824014
2016-07-20,16681.89,155.5885,1316.28,0.11820321
2016-07-21,16810.22,158.2943,1331.13,0.11891723
2016-07-22,16627.25,156.6259,1323.44,0.11834757
2016-07-25,16620.29,157.0411,1315.65,0.11936390
2016-07-26,16383.04,156.4133,1320.2,0.11847696
2016-07-27,16664.82,158.2589,1340.54,0.11805608
2016-07-28,16476.84,156.4960,1336.18,0.11712196
2016-07-29,16569.27,162.3674,1352.15,0.12008092
2016-08-01,16635.77,162.5095,1353.17,0.12009539
2016-08-02,16391.45,162.4186,1364.16,0.11906127
2016-08-03,16083.11,158.8204,1358.26,0.11692933
2016-08-04,16254.89,160.6643,1359.97,0.11813813
2016-08-05,16254.45,159.7065,1336.76,0.11947284
2016-08-08,16650.57,162.5762,1335.33,0.12174985
2016-08-09,16764.97,164.5964,1340.75,0.12276445
2016-08-10,16735.12,165.3929,1346.67,0.12281624
2016-08-12,16919.92,167.0691,1335.05,0.12514068
2016-08-15,16869.56,166.5800,1339.4,0.12436915
2016-08-16,16596.51,165.5166,1346.46,0.12292719
2016-08-17,16745.64,167.0771,1349.19,0.12383514
2016-08-18,16486.01,164.9607,1351.95,0.12201688
2016-08-19,16545.82,165.2219,1340.55,0.12324936
2016-08-22,16598.19,165.4376,1338.77,0.12357433
2016-08-23,16497.36,164.6542,1337.31,0.12312341
2016-08-24,16597.3,165.2048,1324.13,0.12476479
2016-08-25,16555.95,164.6703,1321.7,0.12458976
2016-08-26,16360.71,160.6464,1320.89,0.12161981
2016-08-29,16737.49,164.2621,1323.29,0.12413162
2016-08-30,16725.36,162.4184,1311.44,0.12384738
2016-08-31,16887.4,163.3843,1308.88,0.12482755
2016-09-01,16926.84,163.9673,1313.79,0.12480483
2016-09-02,16925.68,162.7016,1325.34,0.12276212
2016-09-05,17037.63,164.7246,1327.18,0.12411625
2016-09-06,17081.98,167.3146,1348.99,0.12402950
2016-09-07,17012.44,167.2510,1346.31,0.12422921
2016-09-08,16958.77,165.6259,1338.01,0.12378527
2016-09-09,16965.76,165.2246,1329.23,0.12430100
2016-09-12,16672.92,163.5787,1327.43,0.12322961
2016-09-13,16729.04,163.1353,1318.59,0.12371954
2016-09-14,16614.24,162.3245,1321.73,0.12281217
2016-09-15,16405.01,160.7562,1314.67,0.12227875
2016-09-16,16519.29,161.4473,1311.2,0.12312944
2016-09-20,16492.15,162.1105,1314.85,0.12329201
2016-09-21,16807.62,167.3482,1334.56,0.12539581
2016-09-23,16754.02,165.8256,1337.64,0.12396875
2016-09-26,16544.56,164.9359,1337.75,0.12329355
2016-09-27,16683.93,166.1581,1327.28,0.12518689
2016-09-28,16465.4,163.4559,1321.43,0.12369620
2016-09-29,16693.71,165.1224,1320.33,0.12506147
2016-09-30,16449.84,162.2160,1317.57,0.12311757
2016-10-03,16598.67,163.3036,1311.01,0.12456322
2016-10-04,16735.65,162.6447,1268.45,0.12822317
2016-10-05,16819.24,162.4592,1266.58,0.12826605
2016-10-06,16899.1,162.5038,1254.11,0.12957703
2016-10-07,16860.09,163.8270,1254.97,0.13054255
2016-10-11,17024.76,164.3904,1252.7,0.13122884
2016-10-12,16840,161.5611,1255.01,0.12873293
2016-10-13,16774.24,161.8151,1257.85,0.12864420
2016-10-14,16856.37,161.7321,1251.72,0.12920792
2016-10-17,16900.12,162.6654,1255.51,0.12956120
2016-10-18,16963.61,163.3095,1262.49,0.12935508
2016-10-19,16998.91,164.4122,1269.01,0.12955945
2016-10-20,17235.5,165.7722,1265.48,0.13099550
2016-10-21,17184.59,165.5070,1266.81,0.13064862
2016-10-24,17234.42,165.3436,1264.23,0.13078598
2016-10-25,17365.25,166.6259,1274.1,0.13077928
2016-10-26,17391.84,166.4594,1266.69,0.13141286
2016-10-27,17336.42,164.7088,1268.41,0.12985451
2016-10-28,17446.41,166.6101,1274.68,0.13070739
2016-10-31,17425.02,166.1868,1276.66,0.13017312
2016-11-01,17442.4,167.7202,1288.36,0.13018118
2016-11-02,17134.68,165.7992,1297.64,0.12776977
2016-11-04,16905.36,163.9610,1304.29,0.12570899
2016-11-07,17177.21,164.3312,1281.35,0.12824848
2016-11-08,17171.38,163.3378,1275.38,0.12806994
2016-11-09,16251.54,153.8170,1278,0.12035763
2016-11-10,17344.42,162.4146,1258.81,0.12902235
2016-11-11,17374.79,162.7142,1227.54,0.13255311
2016-11-14,17672.62,163.1926,1221.03,0.13365162
2016-11-15,17668.15,162.0262,1228.45,0.13189485
2016-11-16,17862.21,164.0556,1225.05,0.13391748
2016-11-17,17862.63,162.0649,1216.08,0.13326828
2016-11-18,17967.41,162.1271,1207.87,0.13422561
2016-11-21,18106.02,163.4058,1213.94,0.13460783
2016-11-22,18162.94,163.4534,1212.38,0.13482026
2016-11-24,18333.41,161.7958,1184,0.13665189
2016-11-25,18381.22,162.5420,1184.27,0.13725076
2016-11-28,18356.89,164.1514,1193.82,0.13750099
2016-11-29,18307.04,162.7076,1188.31,0.13692349
2016-11-30,18308.48,160.0685,1173.32,0.13642360
2016-12-01,18513.12,162.1398,1171.61,0.13839057
2016-12-02,18426.08,162.2557,1175.78,0.13799834
2016-12-05,18274.99,160.5717,1170.54,0.13717748
2016-12-06,18360.54,161.0178,1170,0.13762207
2016-12-07,18496.69,162.7671,1173.93,0.13865145
2016-12-08,18765.47,164.4219,1170.57,0.14046310
2016-12-09,18996.37,164.8289,1158.9,0.14222878
2016-12-12,19155.03,166.7874,1162.24,0.14350511
2016-12-13,19250.52,167.0385,1158.61,0.14417147
2016-12-14,19253.61,164.2337,1142.92,0.14369659
2016-12-15,19273.79,162.9781,1128.6,0.14440732
2016-12-16,19401.15,164.5462,1133.6,0.14515368
2016-12-19,19391.6,165.6142,1137.84,0.14555139
2016-12-20,19494.53,165.3747,1132.38,0.14604166
2016-12-21,19444.49,165.5202,1131.51,0.14628261
2016-12-22,19427.67,165.2730,1128.28,0.14648221
2016-12-26,19396.64,165.2423,1131.77,0.14600345
2016-12-27,19403.06,165.1887,1138.81,0.14505375
2016-12-28,19401.72,165.7403,1141.5,0.14519514
2016-12-29,19145.14,164.2570,1158.12,0.14183073
2016-12-30,19114.37,163.5454,1150.91,0.14210096
2017-01-04,19594.16,167.0816,1163.53,0.14359887
2017-01-05,19520.69,169.0908,1180.46,0.14324147
2017-01-06,19454.33,166.2820,1172.3,0.14184254
2017-01-10,19301.44,166.6316,1187.7,0.14029773
2017-01-11,19364.67,167.7902,1191.5,0.14082268
2017-01-12,19134.7,166.8384,1195.8,0.13952035
2017-01-13,19287.28,168.3729,1198.39,0.14049922
2017-01-16,19095.24,167.3788,1203.18,0.13911366
2017-01-17,18813.53,166.8236,1217.15,0.13706083
2017-01-18,18894.37,164.9385,1204.29,0.13695916
2017-01-19,19072.25,165.7621,1204.53,0.13761554
2017-01-20,19137.91,167.1462,1207.68,0.13840275
2017-01-23,18891.03,167.8322,1218.22,0.13776842
2017-01-24,18787.99,165.0038,1208.86,0.13649536
2017-01-25,19057.5,168.1549,1200.67,0.14005089
2017-01-26,19402.39,169.3807,1188.95,0.14246243
2017-01-27,19467.4,169.0906,1190.91,0.14198436
2017-01-30,19368.85,170.2936,1195.51,0.14244429
2017-01-31,19041.34,168.9950,1210.61,0.13959490
2017-02-01,19148.08,169.0227,1209.65,0.13972864
2017-02-02,18914.58,167.5874,1215.78,0.13784349
2017-02-03,18918.2,167.8723,1219.27,0.13768262
2017-02-06,18976.71,169.7122,1235.45,0.13736874
2017-02-07,18910.78,168.3727,1233.75,0.13647230
2017-02-08,19007.6,169.9459,1241.51,0.13688646
2017-02-09,18907.67,166.8594,1230.91,0.13555774
2017-02-10,19378.93,170.9549,1233.81,0.13855850
2017-02-13,19459.15,171.0469,1225.33,0.13959251
2017-02-14,19238.98,168.2891,1228.09,0.13703321
2017-02-15,19437.98,170.0462,1233.67,0.13783766
2017-02-16,19347.53,170.7984,1239.1,0.13784069
2017-02-17,19234.62,170.3822,1236.12,0.13783632
2017-02-20,19251.08,170.1452,1237.82,0.13745554
2017-02-21,19381.44,170.4522,1235.78,0.13793088
2017-02-22,19379.87,171.0280,1237.49,0.13820558
2017-02-23,19371.46,171.8227,1249.63,0.13749884
2017-02-24,19283.54,172.0500,1256.68,0.13690839
2017-02-27,19107.47,169.4796,1253.04,0.13525475
2017-02-28,19118.99,169.4240,1248.89,0.13565966
2017-03-01,19393.54,170.4612,1248.87,0.13649234
2017-03-02,19564.8,171.0374,1234.46,0.13855242
2017-03-03,19469.17,170.9261,1234.3,0.13848022
2017-03-06,19379.14,170.0700,1225.47,0.13877943
2017-03-07,19344.15,169.6974,1216.84,0.13945748
2017-03-08,19254.03,168.2353,1207.51,0.13932418
2017-03-09,19318.58,167.8534,1203.29,0.13949536
2017-03-10,19604.61,170.8775,1204.45,0.14187185
2017-03-13,19633.75,170.8144,1203.95,0.14187833
2017-03-14,19609.5,170.9693,1198.94,0.14260042
2017-03-15,19577.38,172.5624,1218.47,0.14162222
2017-03-16,19590.14,172.8303,1227.3,0.14082155
2017-03-17,19521.59,173.2419,1229.42,0.14091352
2017-03-21,19455.88,174.5000,1244.59,0.14020683
2017-03-22,19041.38,171.0816,1248.43,0.13703738
2017-03-23,19085.31,171.8964,1244.46,0.13812928
2017-03-24,19262.53,172.9939,1243.73,0.13909285
2017-03-27,18985.59,171.5994,1254.47,0.13679039
2017-03-28,19202.87,172.8929,1251.9,0.13810441
2017-03-29,19217.48,173.1133,1253.7,0.13808191
2017-03-30,19063.22,170.4508,1242.34,0.13720143
2017-03-31,18909.26,169.8655,1247.31,0.13618549
2017-04-03,18983.23,171.2500,1253.55,0.13661199
2017-04-04,18810.25,169.9148,1256.27,0.13525342
2017-04-05,18861.27,170.6779,1255.52,0.13594198
2017-04-06,18597.06,167.7693,1251.49,0.13405565
2017-04-07,18664.63,167.8217,1254.75,0.13374914
2017-04-10,18797.88,169.5626,1254.14,0.13520229
2017-04-11,18747.87,171.0588,1273.57,0.13431438
2017-04-12,18552.61,170.2230,1287.06,0.13225727
2017-04-13,18426.84,168.8352,1286.99,0.13118608
2017-04-14,18335.63,168.8364,1286.99,0.13118701
2017-04-17,18355.26,168.3706,1285.16,0.13101141
2017-04-18,18418.59,169.8443,1289.63,0.13169998
2017-04-19,18432.2,169.3296,1279.96,0.13229285
2017-04-20,18430.49,168.6399,1282.18,0.13152595
2017-04-21,18620.75,170.6666,1284.94,0.13282068
2017-04-24,18875.88,171.9271,1276.01,0.13473808
2017-04-25,19079.33,171.7621,1263.92,0.13589631
2017-04-26,19289.43,173.6160,1268.23,0.13689629
2017-04-27,19251.87,173.0303,1264.65,0.13682070
2017-04-28,19196.74,172.2020,1268.16,0.13578890
2017-05-01,19310.52,172.6466,1256.15,0.13744105
2017-05-02,19445.7,173.5944,1256.95,0.13810766
2017-05-08,19895.7,175.6453,1225.51,0.14332429
2017-05-09,19843,174.0782,1221.11,0.14255735
2017-05-10,19900.09,174.1238,1219.34,0.14280170
2017-05-11,19961.55,175.3705,1224.98,0.14316195
2017-05-12,19883.9,175.5412,1228.01,0.14294768
2017-05-15,19869.85,174.8953,1231.06,0.14206883
2017-05-16,19919.82,176.1133,1236.78,0.14239660
2017-05-17,19814.88,178.9590,1261.91,0.14181600
2017-05-18,19553.86,175.2578,1246.88,0.14055705
2017-05-19,19590.76,176.0983,1255.14,0.14030172
2017-05-22,19678.28,176.8119,1260.65,0.14025455
2017-05-23,19613.28,175.4052,1251.44,0.14016267
2017-05-24,19742.98,176.9623,1259.86,0.14046191
2017-05-25,19813.13,177.1687,1254.99,0.14117140
2017-05-26,19686.84,176.9460,1267.36,0.13961782
2017-05-29,19682.57,176.8822,1266.88,0.13962035
2017-05-30,19677.85,177.5130,1262.35,0.14062107
2017-05-31,19650.57,177.2781,1268.58,0.13974532
2017-06-01,19860.03,178.3248,1265.11,0.14095594
2017-06-02,20177.28,182.7305,1278.29,0.14294914
2017-06-05,20170.82,182.5248,1276.57,0.14298067
2017-06-06,19979.9,182.6901,1293.83,0.14120099
2017-06-07,19984.62,182.0259,1287.49,0.14138041
2017-06-08,19909.26,181.1613,1277.27,0.14183474
2017-06-09,20013.26,181.5525,1267.65,0.14321975
2017-06-12,19908.58,181.1435,1266.19,0.14306189
2017-06-13,19898.75,180.7695,1266.31,0.14275300
2017-06-14,19883.52,181.2966,1261.26,0.14374242
2017-06-15,19831.82,178.8455,1254.89,0.14251887
2017-06-16,19943.26,179.9414,1254.55,0.14343099
2017-06-19,20067.75,179.8701,1244.36,0.14454830
2017-06-20,20230.41,181.5119,1243.68,0.14594744
2017-06-21,20138.79,180.7710,1247.68,0.14488568
2017-06-22,20110.51,180.7150,1250.58,0.14450497
2017-06-23,20132.67,180.9516,1255.86,0.14408577
2017-06-26,20153.35,180.1755,1245.31,0.14468325
2017-06-27,20225.09,180.1292,1247.63,0.14437712
2017-06-28,20130.41,179.2940,1249.49,0.14349372
2017-06-29,20220.3,180.3371,1244.72,0.14488168
2017-06-30,20033.43,178.1256,1241.38,0.14348999
2017-07-03,20055.8,176.8620,1219.22,0.14506162
2017-07-04,20032.35,176.7955,1223.98,0.14444317
2017-07-05,20081.63,177.4043,1227.35,0.14454252
2017-07-06,19994.06,176.6587,1224.6,0.14425832
2017-07-07,19929.09,174.9777,1211.97,0.14437465
2017-07-10,20080.98,176.0470,1214.39,0.14496745
2017-07-11,20195.48,177.2000,1218.18,0.14546287
2017-07-12,20098.38,177.5663,1218.29,0.14575048
2017-07-13,20099.81,177.4222,1217.57,0.14571830
2017-07-14,20118.86,178.7628,1228.47,0.14551662
2017-07-18,19999.91,178.4575,1242.4,0.14363932
2017-07-19,20020.86,178.9494,1240.26,0.14428379
2017-07-20,20144.59,180.0972,1244,0.14477265
2017-07-21,20099.75,180.9175,1254.29,0.14423895
2017-07-24,19975.67,179.6745,1255.08,0.14315779
2017-07-25,19955.2,178.3737,1250.1,0.14268754
2017-07-26,20050.16,180.4370,1261.31,0.14305524
2017-07-27,20079.64,180.3647,1258.65,0.14330011
2017-07-28,19959.84,180.5014,1269.18,0.14221888
2017-07-31,19925.18,180.7223,1269.4,0.14236831
2017-08-01,19985.79,181.0816,1268.66,0.14273450
2017-08-02,20080.04,181.3276,1266.65,0.14315527
2017-08-03,20029.26,182.1173,1267.92,0.14363469
2017-08-04,19952.33,180.2590,1258.82,0.14319682
2017-08-07,20055.89,181.0638,1257.18,0.14402374
2017-08-08,19996.01,181.2546,1260.28,0.14382092
2017-08-09,19738.71,179.5620,1277.37,0.14057163
2017-08-10,19729.74,180.7663,1286.56,0.14050361
2017-08-14,19537.1,178.2306,1282.04,0.13902107
2017-08-15,19753.31,178.6272,1271.5,0.14048541
2017-08-16,19729.28,179.1649,1283.15,0.13962896
2017-08-17,19702.63,180.0511,1287.53,0.13984224
2017-08-18,19470.41,178.4017,1286.6,0.13866139
2017-08-21,19393.13,178.0035,1291.98,0.13777577
2017-08-22,19383.84,176.8792,1285.05,0.13764384
2017-08-23,19434.64,178.3731,1290.75,0.13819337
2017-08-24,19353.77,176.6500,1288.18,0.13713143
2017-08-25,19452.61,177.9826,1291.08,0.13785561
2017-08-28,19449.9,178.7773,1310.84,0.13638379
2017-08-29,19362.55,176.6044,1309.86,0.13482691
2017-08-30,19506.54,176.9509,1308.41,0.13524120
2017-08-31,19646.24,178.6850,1320.64,0.13530184
2017-09-01,19691.47,178.5831,1325.67,0.13471161
2017-09-04,19508.25,177.8343,1334.38,0.13327114
2017-09-05,19385.81,178.2652,1339.68,0.13306554
2017-09-06,19357.97,177.1961,1334.29,0.13280182
2017-09-07,19396.52,178.9495,1349.2,0.13263382
2017-09-08,19274.82,178.8266,1346.54,0.13280449
2017-09-11,19545.77,178.7058,1328.15,0.13455244
2017-09-12,19776.62,179.5296,1332,0.13478197
2017-09-13,19865.82,179.7926,1324.14,0.13578063
2017-09-14,19807.44,179.6821,1328.97,0.13520406
2017-09-15,19909.5,179.6222,1320.91,0.13598365
2017-09-19,20299.38,181.9300,1311.15,0.13875602
2017-09-20,20310.46,180.8573,1300.93,0.13902158
2017-09-21,20347.48,181.0145,1291.98,0.14010629
2017-09-22,20296.45,181.1148,1297.19,0.13962088
2017-09-25,20397.58,182.5810,1310.78,0.13929184
2017-09-26,20330.19,181.1250,1293.11,0.14006926
2017-09-27,20267.05,179.6565,1282.82,0.14004810
2017-09-28,20363.11,181.3052,1286,0.14098381
2017-09-29,20356.28,180.9318,1280.59,0.14128788
2017-10-02,20400.78,180.9815,1271.14,0.14237733
2017-10-03,20614.07,182.6015,1271.65,0.14359418
2017-10-04,20626.66,182.8637,1274.24,0.14350805
2017-10-05,20628.56,182.8935,1268.37,0.14419571
2017-10-06,20690.71,183.6644,1274.88,0.14406405
2017-10-10,20823.51,185.3054,1288.05,0.14386507
2017-10-11,20881.27,185.5948,1291.75,0.14367702
2017-10-12,20954.72,186.6308,1294.41,0.14418214
2017-10-13,21155.18,189.0814,1303.5,0.14505667
2017-10-16,21255.56,189.5330,1295.79,0.14626832
2017-10-17,21336.12,190.1666,1285.7,0.14790898
2017-10-18,21363.05,189.1205,1281.58,0.14756822
2017-10-19,21448.52,190.5400,1289.86,0.14772148
2017-10-20,21457.64,188.9975,1280.68,0.14757588
2017-10-23,21696.65,191.1953,1281.5,0.14919648
2017-10-24,21805.17,191.3977,1276.78,0.14990653
2017-10-25,21707.62,190.9470,1276.98,0.14953015
2017-10-26,21739.78,190.6798,1267.56,0.15043055
2017-10-27,22008.45,193.6051,1273.25,0.15205586
2017-10-30,22011.67,194.5559,1276.22,0.15244702
2017-10-31,22011.61,193.6909,1271.31,0.15235533
2017-11-01,22420.08,196.3935,1274.71,0.15406912
2017-11-02,22539.12,197.6526,1278.61,0.15458399
2017-11-06,22548.35,198.1645,1281.38,0.15464931
2017-11-07,22937.6,201.5164,1274.69,0.15809049
2017-11-08,22913.82,201.2350,1281.55,0.15702467
2017-11-09,22868.71,201.5361,1285.83,0.15673623
2017-11-10,22681.42,199.7571,1275.9,0.15656172
2017-11-13,22380.99,197.0036,1277.67,0.15418975
2017-11-14,22380.01,197.2328,1278.37,0.15428463
2017-11-15,22028.32,195.1377,1278.21,0.15266486
2017-11-16,22351.12,197.6052,1278.86,0.15451665
2017-11-17,22396.8,199.7699,1293.76,0.15441030
2017-11-20,22261.76,197.7382,1276.78,0.15487256
2017-11-21,22416.48,199.3125,1280.52,0.15564967
2017-11-22,22523.15,202.4498,1292.09,0.15668399
2017-11-24,22550.85,202.1446,1288.59,0.15687272
2017-11-27,22495.99,202.5224,1294.5,0.15644839
2017-11-28,22486.24,201.6757,1293.95,0.15586054
2017-11-29,22597.2,201.7499,1283.84,0.15714568
2017-11-30,22724.96,201.6895,1274.87,0.15820397
2017-12-01,22819.03,203.5324,1280.78,0.15891281
2017-12-04,22707.16,201.8414,1276.13,0.15816682
2017-12-05,22622.38,200.9235,1265.96,0.15871237
2017-12-06,22177.04,197.5841,1263.31,0.15640193
2017-12-07,22498.03,198.9480,1247.2,0.15951568
2017-12-08,22811.08,200.9893,1248.02,0.16104654
2017-12-11,22938.73,202.0321,1242.1,0.16265369
2017-12-12,22866.17,201.3842,1244.56,0.16181157
2017-12-13,22758.07,201.9547,1255.49,0.16085725
2017-12-14,22694.45,201.9439,1252.88,0.16118371
2017-12-15,22553.22,200.3377,1255.77,0.15953377
2017-12-18,22901.77,203.4555,1262.3,0.16117844
2017-12-19,22868,202.6245,1261.75,0.16059006
2017-12-20,22891.72,201.9578,1265.54,0.15958235
2017-12-21,22866.1,201.7140,1266.62,0.15925378
2017-12-22,22902.76,202.1640,1274.12,0.15866955
2017-12-25,22939.18,202.4855,1274.12,0.15892186
2017-12-26,22892.69,202.2376,1282.95,0.15763483
2017-12-27,22911.21,202.3315,1287.15,0.15719341
2017-12-28,22783.98,201.8407,1294.96,0.15586636
2017-12-29,22764.94,202.0443,1303.33,0.15502162
2018-01-04,23506.33,208.4319,1322.67,0.15758424
2018-01-05,23714.53,209.6479,1320.5,0.15876402
2018-01-09,23849.99,211.7646,1312.79,0.16130883
2018-01-10,23788.2,213.5424,1316.99,0.16214431
2018-01-11,23710.43,213.1581,1322.41,0.16118913
2018-01-12,23653.82,213.0648,1338.15,0.15922344
2018-01-15,23714.88,214.5134,1340.15,0.16006667
2018-01-16,23951.81,216.8762,1338.43,0.16203778
2018-01-17,23868.34,214.3503,1326.98,0.16153246
2018-01-18,23763.37,213.9842,1327.05,0.16124801
2018-01-19,23808.06,214.9033,1332.28,0.16130489
2018-01-22,23816.33,214.6969,1333.94,0.16094946
2018-01-23,24124.15,218.7437,1341.29,0.16308457
2018-01-24,23940.78,219.2580,1358.52,0.16139475
2018-01-25,23669.49,215.8542,1348.06,0.16012209
2018-01-26,23631.88,217.3786,1349.64,0.16106414
2018-01-29,23629.34,216.7929,1340.4,0.16173745
2018-01-30,23291.97,214.1475,1338.67,0.15997036
2018-01-31,23098.29,211.5267,1345.13,0.15725371
2018-02-01,23486.11,214.5712,1348.69,0.15909604
2018-02-02,23274.53,211.3829,1331.97,0.15869948
2018-02-05,22682.08,207.8370,1339.57,0.15515200
2018-02-06,21610.24,196.9832,1324.25,0.14875077
2018-02-07,21645.37,197.9005,1318.47,0.15009862
2018-02-08,21890.86,201.2749,1318.75,0.15262552
2018-02-09,21382.62,196.4899,1314.84,0.14944016
2018-02-13,21244.68,197.0201,1329.57,0.14818334
2018-02-14,21154.17,197.7469,1350.61,0.14641301
2018-02-15,21464.98,202.1375,1353.58,0.14933546
2018-02-16,21720.25,204.3393,1348.76,0.15150163
2018-02-19,22149.21,207.7514,1346.74,0.15426246
2018-02-20,21925.1,204.2927,1329.2,0.15369597
2018-02-21,21970.81,203.8979,1324.62,0.15392932
2018-02-22,21736.44,203.6563,1331.56,0.15294564
2018-02-23,21892.78,204.8332,1329.32,0.15408873
2018-02-26,22153.63,207.0297,1333.34,0.15527152
2018-02-27,22389.86,208.5669,1318.37,0.15820054
2018-02-28,22068.24,206.9143,1318.23,0.15696375
2018-03-01,21724.47,204.7605,1317.1,0.15546310
2018-03-02,21181.64,200.3750,1321.95,0.15157532
2018-03-05,21042.09,198.1010,1320.42,0.15002878
2018-03-06,21417.76,202.6853,1334.58,0.15187201
2018-03-07,21252.72,200.2537,1325.62,0.15106415
2018-03-08,21368.07,201.0356,1322.05,0.15206351
2018-03-09,21469.2,200.9792,1323.45,0.15186006
2018-03-12,21824.03,205.1015,1323,0.15502759
2018-03-13,21968.1,206.2752,1324.97,0.15568290
2018-03-14,21777.29,204.8201,1325.5,0.15452288
2018-03-15,21803.95,205.1345,1317.35,0.15571753
2018-03-16,21676.51,204.4742,1313.77,0.15563924
2018-03-19,21480.9,202.5659,1317.14,0.15379224
2018-03-20,21380.97,200.7019,1311.2,0.15306731
2018-03-22,21591.99,205.9243,1330.22,0.15480472
2018-03-23,20617.86,196.8743,1347.4,0.14611423
2018-03-26,20766.1,196.9023,1353.52,0.14547422
2018-03-27,21317.32,202.2746,1344.65,0.15042921
2018-03-28,21031.31,196.9187,1325.04,0.14861339
2018-03-29,21159.08,198.6955,1325.43,0.14991019
2018-03-30,21454.3,201.8905,1325.43,0.15232077
2018-04-02,21388.58,202.0574,1341.31,0.15064181
2018-04-03,21292.29,199.7307,1332.78,0.14986021
2018-04-04,21319.55,199.6904,1333.38,0.14976259
2018-04-05,21645.42,201.5065,1326.62,0.15189463
2018-04-06,21567.52,201.8165,1333.45,0.15134910
2018-04-09,21678.26,202.9914,1336.28,0.15190781
2018-04-10,21794.32,203.3071,1339.48,0.15178063
2018-04-11,21687.1,203.0608,1353.34,0.15004421
2018-04-12,21660.28,201.8553,1335.15,0.15118545
2018-04-13,21778.74,202.8269,1344.4,0.15086796
2018-04-16,21835.53,203.8132,1345.68,0.15145742
2018-04-17,21847.59,204.1506,1347.29,0.15152688
2018-04-18,22158.2,206.6418,1349.39,0.15313719
2018-04-19,22191.18,206.6333,1345.71,0.15354967
2018-04-20,22162.24,205.8750,1335.66,0.15413730
2018-04-23,22088.04,203.1738,1324.84,0.15335724
2018-04-24,22278.12,204.7264,1330.35,0.15388911
2018-04-25,22215.32,203.0725,1323.2,0.15347076
2018-04-26,22319.61,204.1826,1316.93,0.15504439
2018-04-27,22467.87,205.9893,1323.61,0.15562688
2018-05-01,22508.03,204.9072,1304.21,0.15711211
2018-05-02,22472.78,204.5751,1305.72,0.15667609
2018-05-07,22467.16,205.9563,1314.78,0.15664700
2018-05-08,22508.69,206.3844,1313.25,0.15715542
2018-05-09,22408.88,204.2090,1313.17,0.15550846
2018-05-10,22497.18,205.6077,1320.67,0.15568436
2018-05-11,22758.48,208.1936,1319.28,0.15780853
2018-05-14,22865.86,208.4532,1314.11,0.15862693
2018-05-15,22818.02,206.7936,1291.41,0.16013009
2018-05-16,22717.23,205.9735,1290.38,0.15962236
2018-05-17,22838.37,206.1485,1290.74,0.15971344
2018-05-18,22930.36,207.0929,1291.89,0.16030226
2018-05-21,23002.37,207.1707,1292.54,0.16028185
2018-05-22,22960.34,207.0159,1291.62,0.16027616
2018-05-23,22689.74,206.3736,1294.17,0.15946402
2018-05-24,22437.01,205.4596,1304.48,0.15750307
2018-05-25,22450.79,205.0806,1300.11,0.15774097
2018-05-28,22481.09,205.5339,1297.7,0.15838320
2018-05-29,22358.43,205.9053,1299.14,0.15849352
2018-05-30,22018.52,202.1958,1300.43,0.15548383
2018-05-31,22201.82,204.1021,1298.46,0.15718784
2018-06-01,22171.35,202.3653,1293.65,0.15642975
2018-06-04,22475.94,204.6859,1293.1,0.15829082
2018-06-05,22539.54,205.2146,1295.02,0.15846442
2018-06-06,22625.73,205.4139,1296.78,0.15840308
2018-06-07,22823.26,208.0440,1294.43,0.16072249
2018-06-08,22694.5,207.3504,1298.53,0.15968086
2018-06-11,22804.04,207.1946,1300.39,0.15933263
2018-06-12,22878.35,207.2615,1297.72,0.15971201
2018-06-13,22966.38,208.2986,1299.5,0.16029135
2018-06-14,22738.61,205.4576,1303.06,0.15767318
2018-06-15,22851.75,206.6162,1279.97,0.16142268
2018-06-18,22680.33,205.1646,1277.64,0.16058091
2018-06-19,22278.48,202.4764,1275.37,0.15875896
2018-06-20,22555.43,204.3934,1268.94,0.16107416
2018-06-21,22693.04,206.5087,1266.47,0.16305854
2018-06-22,22516.83,204.7171,1270.23,0.16116535
2018-06-25,22338.15,203.5626,1265.53,0.16085169
2018-06-26,22342,203.0611,1259.75,0.16119158
2018-06-27,22271.77,202.0372,1252.93,0.16125177
2018-06-28,22270.39,201.6040,1249.32,0.16137100
2018-06-29,22304.51,201.4915,1252.55,0.16086507
2018-07-02,21811.93,196.7485,1242.51,0.15834760
2018-07-03,21785.54,197.0027,1252.12,0.15733529
2018-07-04,21717.04,196.6215,1256.98,0.15642372
2018-07-05,21546.99,194.7011,1257.41,0.15484300
2018-07-06,21788.14,197.3152,1254.99,0.15722455
2018-07-09,22052.18,198.9407,1258.23,0.15811156
2018-07-10,22196.89,199.9882,1256.27,0.15919205
2018-07-11,21932.21,195.9370,1242.39,0.15770975
2018-07-12,22187.96,197.1790,1247.21,0.15809606
2018-07-13,22597.35,201.1675,1241.67,0.16201368
2018-07-17,22697.36,201.0306,1228.16,0.16368437
2018-07-18,22794.19,202.0027,1226.78,0.16466092
2018-07-19,22764.68,202.4643,1222.92,0.16555808
2018-07-20,22697.88,203.5611,1230.99,0.16536375
2018-07-23,22396.99,201.2182,1225.92,0.16413645
2018-07-24,22510.48,202.4251,1224.36,0.16533135
2018-07-25,22614.25,203.9911,1232.77,0.16547378
2018-07-26,22586.87,203.0372,1223.76,0.16591257
2018-07-27,22712.75,204.6360,1223.56,0.16724636
2018-07-30,22544.84,203.0061,1222.56,0.16604999
2018-07-31,22553.72,201.6552,1222.92,0.16489646
2018-08-01,22746.7,203.6501,1215.39,0.16755948
2018-08-02,22512.53,201.6511,1208.59,0.16684822
2018-08-03,22525.18,202.5245,1213.69,0.16686675
2018-08-06,22507.32,202.0406,1206.17,0.16750589
2018-08-07,22662.74,203.4686,1212.58,0.16779809
2018-08-08,22644.31,204.1389,1211.75,0.16846617
2018-08-09,22598.39,203.4022,1212.48,0.16775715
2018-08-10,22298.08,201.2535,1211.51,0.16611788
2018-08-13,21857.43,197.3672,1194.28,0.16526040
2018-08-14,22356.08,201.0005,1193.88,0.16835905
2018-08-15,22204.22,200.5910,1175.49,0.17064458
2018-08-16,22192.04,200.0382,1176.6,0.17001378
2018-08-17,22270.38,201.3324,1184.35,0.16999398
2018-08-20,22199,201.7412,1190.46,0.16946494
2018-08-21,22219.73,201.6913,1196.03,0.16863402
2018-08-22,22362.55,202.3010,1196.67,0.16905325
2018-08-23,22410.82,201.3623,1184.82,0.16995182
2018-08-24,22601.77,203.2844,1205.76,0.16859442
2018-08-27,22799.64,205.3023,1210.96,0.16953680
2018-08-28,22813.47,205.1977,1201.89,0.17072919
2018-08-29,22848.22,204.4876,1206.41,0.16950093
2018-08-30,22869.5,205.9777,1200.33,0.17160091
2018-08-31,22865.15,205.8366,1199.52,0.17159912
2018-09-03,22707.38,204.4255,1201.38,0.17015890
2018-09-04,22696.9,203.6619,1190.86,0.17102088
2018-09-05,22580.83,202.5296,1196.69,0.16924145
2018-09-06,22487.94,203.1853,1200.15,0.16929992
2018-09-07,22307.06,200.9681,1196.45,0.16797035
2018-09-10,22373.09,201.3834,1195.1,0.16850756
2018-09-11,22664.69,203.0759,1196.81,0.16968097
2018-09-12,22604.61,203.1875,1206.09,0.16846795
2018-09-13,22821.32,203.9020,1201.95,0.16964264
2018-09-14,23094.67,206.1987,1194.11,0.17267984
2018-09-18,23420.54,208.4253,1198.36,0.17392543
2018-09-19,23672.52,210.8516,1204.04,0.17512010
2018-09-20,23674.93,210.4550,1207.2,0.17433321
2018-09-21,23869.93,212.0396,1199.01,0.17684554
2018-09-25,23940.26,211.9470,1200.04,0.17661660
2018-09-26,24033.79,213.2905,1194.4,0.17857546
2018-09-27,23796.74,209.8348,1182.7,0.17742018
2018-09-28,24120.04,212.2794,1191.96,0.17809276
2018-10-01,24245.76,212.6840,1188.45,0.17895912
2018-10-02,24270.62,213.5577,1202.3,0.17762431
2018-10-03,24110.96,210.6055,1198.21,0.17576677
2018-10-04,23975.62,210.5100,1200.81,0.17530670
2018-10-05,23783.72,209.2256,1202.97,0.17392420
2018-10-09,23469.39,207.7434,1189.75,0.17461093
2018-10-10,23506.04,209.3632,1193.89,0.17536219
2018-10-11,22590.86,201.4361,1223.39,0.16465406
2018-10-12,22694.66,202.2517,1218.06,0.16604410
2018-10-15,22271.3,199.2387,1226.18,0.16248732
2018-10-16,22549.24,200.8054,1227.03,0.16365157
2018-10-17,22841.12,202.6881,1223.51,0.16566114
2018-10-18,22658.16,201.9642,1228.15,0.16444586
2018-10-19,22532.08,200.2193,1226.44,0.16325243
2018-10-22,22614.82,200.4505,1222.1,0.16402132
2018-10-23,22010.78,195.7941,1231.62,0.15897281
2018-10-24,22091.18,196.9666,1233.9,0.15962928
2018-10-25,21268.73,189.2556,1231.58,0.15366892
2018-10-26,21184.6,189.4629,1233.94,0.15354301
2018-10-29,21149.8,188.2542,1230.24,0.15302238
2018-10-30,21457.29,189.7431,1223.45,0.15508857
2018-10-31,21920.46,194.1015,1215.37,0.15970565
2018-11-01,21687.65,192.5190,1232.93,0.15614755
2018-11-02,22243.66,196.4745,1233.04,0.15934152
2018-11-05,21898.99,193.4488,1231.9,0.15703292
2018-11-06,22147.75,195.2118,1227.46,0.15903716
2018-11-07,22085.8,194.5423,1227.13,0.15853436
2018-11-08,22486.92,197.1672,1223.63,0.16113303
2018-11-09,22250.25,195.5310,1209.95,0.16160251
2018-11-12,22269.88,195.6931,1200.01,0.16307626
2018-11-13,21810.52,191.6296,1202.2,0.15939914
2018-11-14,21846.48,192.3410,1211.69,0.15873783
2018-11-15,21803.62,191.9637,1214.22,0.15809630
2018-11-16,21680.34,192.1692,1222.05,0.15725153
2018-11-19,21821.16,193.9659,1224.09,0.15845719
2018-11-20,21583.12,191.4551,1221.33,0.15675954
2018-11-21,21507.54,190.1421,1226.64,0.15501049
2018-11-22,21646.55,191.6387,1227.38,0.15613641
2018-11-26,21812,192.0595,1223.53,0.15697159
2018-11-27,21952.4,192.9525,1215.72,0.15871460
2018-11-28,22177.02,195.1739,1221.14,0.15982922
2018-11-29,22262.6,196.2154,1224.75,0.16020854
2018-11-30,22351.06,196.9031,1222.13,0.16111468
2018-12-03,22574.76,198.6708,1231.54,0.16131897
2018-12-04,22036.05,195.4226,1239.03,0.15772227
2018-12-05,21919.33,193.6884,1237.31,0.15653992
2018-12-06,21501.62,190.7356,1238.42,0.15401525
2018-12-07,21678.68,192.4770,1248.53,0.15416286
2018-12-10,21219.5,187.3471,1244.45,0.15054614
2018-12-11,21148.02,186.4971,1243.66,0.14995823
2018-12-12,21602.75,190.7090,1245.64,0.15310120
2018-12-13,21816.19,192.0405,1242.66,0.15453989
2018-12-14,21374.83,188.5039,1238.43,0.15221196
2018-12-17,21506.88,190.6199,1246.7,0.15289957
2018-12-18,21115.45,187.7196,1248.35,0.15037416
2018-12-19,20987.92,186.6887,1243.07,0.15018360
2018-12-20,20392.58,183.2415,1260.68,0.14535132
2018-12-21,20166.19,181.1763,1255.46,0.14431069
2018-12-25,19155.74,173.6269,1269.2,0.13680030
2018-12-26,19327.06,173.6359,1267.41,0.13700054
2018-12-27,20077.62,180.9969,1275.59,0.14189266
2018-12-28,20014.77,181.6140,1280.04,0.14188150
2019-01-04,19561.96,180.3744,1285.03,0.14036587
2019-01-07,20038.97,184.4173,1288.78,0.14309449
2019-01-08,20204.04,185.6835,1284.67,0.14453793
2019-01-09,20427.06,188.8631,1292.77,0.14609184
2019-01-10,20163.8,185.9460,1287.72,0.14439942
2019-01-11,20359.7,187.5467,1288.25,0.14558257
2019-01-15,20555.29,189.1829,1289.34,0.14672848
2019-01-16,20442.75,187.3402,1294.33,0.14473913
2019-01-17,20402.27,186.8357,1291.85,0.14462645
2019-01-18,20666.07,188.3048,1280.96,0.14700284
2019-01-21,20719.33,188.9726,1280.28,0.14760253
2019-01-22,20622.91,188.6144,1283.53,0.14694974
2019-01-23,20593.72,187.9624,1283.15,0.14648510
2019-01-24,20574.63,187.7607,1281.05,0.14656782
2019-01-25,20773.56,189.6834,1300.23,0.14588452
2019-01-28,20649,188.8841,1302.85,0.14497764
2019-01-29,20664.64,188.9494,1310.86,0.14414156
2019-01-30,20556.54,188.4832,1320.58,0.14272757
2019-01-31,20773.49,190.8679,1321.37,0.14444698
2019-02-01,20788.39,189.8379,1317.93,0.14404248
2019-02-04,20883.77,190.0010,1311.3,0.14489514
2019-02-05,20844.45,189.5760,1314.91,0.14417413
2019-02-06,20874.06,189.8729,1307.21,0.14525052
2019-02-07,20751.28,189.0347,1310.94,0.14419780
2019-02-08,20333.17,185.2157,1314.45,0.14090741
2019-02-12,20864.21,188.8728,1310.3,0.14414469
2019-02-13,21144.48,190.4291,1306.54,0.14575065
2019-02-14,21139.71,191.3269,1311.97,0.14583177
2019-02-15,20900.63,189.3036,1321.04,0.14329890
2019-02-18,21281.85,192.3940,1326.53,0.14503551
2019-02-19,21302.65,192.6342,1340.51,0.14370220
2019-02-20,21431.49,193.4180,1339.14,0.14443450
2019-02-21,21464.23,193.9445,1324.52,0.14642628
2019-02-22,21425.51,193.5964,1328.46,0.14572996
2019-02-25,21528.23,193.8415,1328.15,0.14594849
2019-02-26,21449.39,193.9910,1328.52,0.14602038
2019-02-27,21556.51,194.2903,1321.01,0.14707709
2019-02-28,21385.16,192.0018,1312.45,0.14629266
2019-03-01,21602.69,192.9191,1291.39,0.14938869
2019-03-04,21822.04,195.2685,1287.38,0.15167902
2019-03-05,21726.28,194.1701,1288.48,0.15069706
2019-03-06,21596.81,193.3258,1286.06,0.15032408
2019-03-07,21456.01,192.2392,1285.07,0.14959435
2019-03-08,21025.56,189.2166,1300.17,0.14553220
2019-03-11,21125.09,189.7605,1293.71,0.14667933
2019-03-12,21503.69,193.1770,1301.22,0.14845836
2019-03-13,21290.24,191.3747,1308.9,0.14621030
2019-03-14,21287.02,190.5748,1296.48,0.14699405
2019-03-15,21450.85,192.4257,1302.25,0.14776404
2019-03-18,21584.5,193.7550,1303.89,0.14859765
2019-03-19,21566.85,193.6539,1306.05,0.14827451
2019-03-20,21608.92,195.1549,1313.69,0.14855478
2019-03-22,21627.34,196.6944,1313.31,0.14977000
2019-03-25,20977.11,190.6265,1321.84,0.14421298
2019-03-26,21428.39,193.8712,1316.08,0.14730959
2019-03-27,21378.73,193.4867,1309.78,0.14772456
2019-03-28,21033.76,190.0807,1290.6,0.14728088
2019-03-29,21205.81,191.2984,1292.3,0.14802940
2019-04-01,21509.03,193.0619,1287.7,0.14992773
2019-04-02,21505.31,193.1603,1292.5,0.14944705
2019-04-03,21713.21,194.8002,1290.46,0.15095408
2019-04-04,21724.95,194.6401,1291.7,0.15068523
2019-04-05,21807.5,195.2712,1291.91,0.15114925
2019-04-08,21761.65,195.1823,1298.22,0.15034605
2019-04-09,21802.59,196.1758,1305.19,0.15030443
2019-04-10,21687.57,195.5209,1306.86,0.14961121
2019-04-11,21711.38,194.4959,1293.17,0.15040240
2019-04-12,21870.56,195.2537,1290.34,0.15131956
2019-04-15,22169.11,197.9774,1289,0.15358989
2019-04-16,22221.66,198.3793,1276.9,0.15536012
2019-04-17,22277.97,198.8519,1274.54,0.15601853
2019-04-18,22090.12,197.2702,1275.77,0.15462834
2019-04-19,22200.56,198.2565,1275.77,0.15540141
2019-04-22,22217.9,198.5053,1274.86,0.15570750
2019-04-23,22259.74,198.9715,1271.78,0.15645121
2019-04-24,22200,198.0905,1275.62,0.15528957
2019-04-25,22307.58,199.9138,1276.71,0.15658512
2019-04-26,22258.73,199.4367,1285.53,0.15513966
2019-05-07,21923.72,198.8239,1281.78,0.15511550
2019-05-08,21602.59,196.2302,1281.57,0.15311703
2019-05-09,21402.13,195.0489,1283.91,0.15191789
2019-05-10,21344.92,194.1683,1286.07,0.15097801
2019-05-13,21191.28,194.0274,1299.23,0.14934027
2019-05-14,21067.23,192.1316,1295.77,0.14827601
2019-05-15,21188.56,193.3439,1296.51,0.14912644
2019-05-16,21062.98,191.7239,1288,0.14885396
2019-05-17,21250.09,193.1458,1278.08,0.15112181
2019-05-20,21301.73,193.5026,1276.53,0.15158482
2019-05-21,21272.45,192.4812,1274.68,0.15100358
2019-05-22,21283.37,192.9047,1274.07,0.15140825
2019-05-23,21151.14,192.9584,1284.02,0.15027682
2019-05-24,21117.22,193.2077,1284.79,0.15038080
2019-05-27,21182.58,193.4535,1285.11,0.15053460
2019-05-28,21260.14,194.3980,1278.48,0.15205398
2019-05-29,21003.37,191.7223,1281.65,0.14959022
2019-05-30,20942.53,191.0832,1288.55,0.14829321
2019-05-31,20601.19,190.1040,1305.87,0.14557651
2019-06-03,20410.88,188.8899,1325.24,0.14253263
2019-06-04,20408.54,188.6989,1325.53,0.14235732
2019-06-05,20776.1,191.8685,1330.27,0.14423277
2019-06-06,20774.04,191.7008,1335.32,0.14356169
2019-06-07,20884.71,193.0837,1341.35,0.14394732
2019-06-10,21134.42,194.9004,1327.98,0.14676460
2019-06-11,21204.28,195.3159,1326.85,0.14720273
2019-06-12,21129.72,194.7673,1333.54,0.14605284
2019-06-13,21032,194.0723,1342.19,0.14459374
2019-06-14,21116.89,194.5414,1341.08,0.14506326
2019-06-17,21124,194.5747,1339.65,0.14524292
2019-06-18,20972.71,193.3539,1346.58,0.14358886
2019-06-19,21333.87,197.3823,1360.36,0.14509565
2019-06-20,21462.86,200.0192,1388.51,0.14405312
2019-06-21,21258.64,197.9813,1399.03,0.14151328
2019-06-24,21285.99,198.3635,1419.7,0.13972212
2019-06-25,21193.81,197.8086,1423.44,0.13896520
2019-06-26,21086.59,195.6938,1408.98,0.13889038
2019-06-27,21338.17,197.9183,1409.76,0.14039151
2019-06-28,21275.92,197.3556,1411.07,0.13986237
2019-07-01,21729.97,200.4074,1384.2,0.14478209
2019-07-02,21754.27,201.6076,1418.62,0.14211532
2019-07-03,21638.16,200.7176,1418.41,0.14150887
2019-07-04,21702.45,201.2916,1415.19,0.14223642
2019-07-05,21746.38,200.4496,1400.78,0.14309858
2019-07-08,21534.35,198.1136,1395.52,0.14196397
2019-07-09,21565.15,198.1199,1397.57,0.14176025
2019-07-10,21533.48,198.6227,1418.93,0.13998061
2019-07-11,21643.53,199.5126,1403.83,0.14212023
2019-07-12,21685.9,201.0672,1414.63,0.14213412
2019-07-16,21535.25,198.9675,1406.08,0.14150512
2019-07-17,21469.18,198.9416,1426.51,0.13946036
2019-07-18,21046.24,196.1859,1446.08,0.13566742
2019-07-19,21466.99,199.2777,1425.7,0.13977533
2019-07-22,21416.79,198.4984,1424.89,0.13930790
2019-07-23,21620.88,199.7697,1417.86,0.14089526
2019-07-24,21709.57,200.7376,1425.85,0.14078451
2019-07-25,21756.55,200.2757,1414.6,0.14157762
2019-07-26,21658.15,199.2360,1416.66,0.14063785
2019-07-29,21616.8,198.6345,1426.84,0.13921290
2019-07-30,21709.31,199.9255,1430.84,0.13972596
2019-07-31,21521.53,197.8591,1413.73,0.13995537
2019-08-01,21540.99,200.6968,1445.09,0.13888188
2019-08-02,21087.16,197.8269,1440.97,0.13728731
2019-08-05,20720.29,196.1220,1464,0.13396312
2019-08-06,20585.31,193.3983,1474.35,0.13117527
2019-08-07,20516.56,193.1498,1501.13,0.12866957
2019-08-08,20593.35,194.5283,1500.86,0.12961123
2019-08-09,20684.82,195.9087,1498.48,0.13073826
2019-08-13,20455.44,191.6470,1501.5,0.12763701
2019-08-14,20655.13,195.2927,1516.33,0.12879299
2019-08-15,20405.65,192.2993,1523.31,0.12623781
2019-08-16,20418.81,192.0595,1514.49,0.12681466
2019-08-19,20563.16,192.9002,1496.07,0.12893794
2019-08-20,20677.22,194.6128,1507.19,0.12912293
2019-08-21,20618.57,193.4454,1502.58,0.12874215
2019-08-22,20628.01,193.8340,1498.12,0.12938484
2019-08-23,20710.91,196.5691,1528.7,0.12858577
2019-08-26,20261.04,190.9078,1527.4,0.12498871
2019-08-27,20456.08,193.4271,1542.79,0.12537489
2019-08-28,20479.42,193.2221,1538.95,0.12555452
2019-08-29,20460.93,192.0998,1527.65,0.12574854
2019-08-30,20704.37,194.9087,1523.72,0.12791634
2019-09-02,20620.19,194.1729,1529.28,0.12697014
2019-09-03,20625.16,194.6964,1547.13,0.12584358
2019-09-04,20649.14,194.1311,1552.54,0.12504095
2019-09-05,21085.94,197.1478,1519.06,0.12978274
2019-09-06,21199.57,198.2584,1505.78,0.13166490
2019-09-09,21318.42,198.7769,1499.2,0.13258862
2019-09-10,21392.1,198.9593,1485.8,0.13390716
2019-09-11,21597.76,200.3205,1497.04,0.13381108
2019-09-12,21759.61,201.3120,1499.27,0.13427333
2019-09-13,21988.29,203.3768,1486.81,0.13678737
2019-09-17,22001.32,203.4992,1501.37,0.13554236
2019-09-18,21960.71,202.5728,1493.96,0.13559450
2019-09-19,22044.45,204.0378,1499.03,0.13611323
2019-09-20,22079.09,205.2704,1516.36,0.13537050
2019-09-24,22098.84,206.3153,1531.77,0.13469076
2019-09-25,22020.15,204.3975,1503.95,0.13590710
2019-09-26,22048.24,204.4571,1504.83,0.13586721
2019-09-27,21878.9,202.6575,1496.62,0.13541010
2019-09-30,21755.84,201.2957,1472.72,0.13668295
2019-10-01,21885.24,203.0887,1479.13,0.13730278
2019-10-02,21778.61,203.2250,1499.43,0.13553485
2019-10-03,21341.74,199.6907,1505.19,0.13266808
2019-10-04,21410.2,200.3819,1505.16,0.13312994
2019-10-07,21375.25,199.3290,1493.44,0.13346974
2019-10-08,21587.78,201.6193,1505.54,0.13391825
2019-10-09,21456.38,199.6574,1505.57,0.13261249
2019-10-10,21551.98,199.7922,1494.14,0.13371716
2019-10-11,21798.87,201.1226,1485.84,0.13535950
2019-10-15,22207.21,204.0316,1481.08,0.13775868
2019-10-16,22472.92,206.6817,1490.08,0.13870514
2019-10-17,22451.86,206.6934,1491.9,0.13854371
2019-10-18,22492.68,207.4588,1490.63,0.13917523
2019-10-21,22548.9,207.6651,1484.5,0.13988892
2019-10-23,22625.38,208.2486,1492.13,0.13956467
2019-10-24,22750.6,209.4166,1503.95,0.13924439
2019-10-25,22799.81,209.8251,1505.77,0.13934741
2019-10-28,22867.27,209.8512,1492.59,0.14059531
2019-10-29,22974.13,211.0196,1488.35,0.14178092
2019-10-30,22843.12,209.9436,1496.54,0.14028597
2019-10-31,22927.04,212.2226,1513.17,0.14025031
2019-11-01,22850.77,211.2077,1514.34,0.13947177
2019-11-05,23251.99,213.0044,1483.61,0.14357172
2019-11-06,23303.82,213.8613,1490.58,0.14347520
2019-11-07,23330.32,213.4268,1468.51,0.14533559
2019-11-08,23391.87,214.1877,1458.8,0.14682460
2019-11-11,23331.84,213.9299,1455.82,0.14694806
2019-11-12,23520.01,215.8334,1456.3,0.14820667
2019-11-13,23319.87,214.3883,1463.55,0.14648510
2019-11-14,23141.55,213.4810,1471.36,0.14509091
2019-11-15,23303.32,214.2046,1466.91,0.14602437
2019-11-18,23416.76,215.5009,1471.4,0.14645977
2019-11-19,23292.65,214.5819,1472.46,0.14573020
2019-11-20,23148.57,213.4610,1471.6,0.14505372
2019-11-21,23038.58,212.1006,1464.46,0.14483196
2019-11-22,23112.88,212.7553,1462.16,0.14550751
2019-11-25,23292.81,213.8191,1455.28,0.14692643
2019-11-26,23373.32,214.3201,1461.36,0.14665797
2019-11-27,23437.77,213.9830,1454.44,0.14712397
2019-11-28,23409.14,213.7470,1455.86,0.14681835
2019-11-29,23293.91,212.8182,1464.02,0.14536564
2019-12-02,23529.5,215.7541,1462.39,0.14753530
2019-12-03,23379.81,215.2104,1477.49,0.14565945
2019-12-04,23135.23,212.5267,1474.62,0.14412302
2019-12-05,23300.09,214.2478,1476.07,0.14514745
2019-12-06,23354.4,215.1290,1460.61,0.14728707
2019-12-09,23430.7,215.7980,1461.62,0.14764303
2019-12-10,23410.19,215.1672,1464.35,0.14693699
2019-12-11,23391.86,215.4978,1474.72,0.14612797
2019-12-12,23424.81,213.9487,1469.84,0.14555914
2019-12-13,24023.1,219.7241,1476.61,0.14880310
2019-12-16,23952.35,218.5134,1476.19,0.14802528
2019-12-17,24066.12,219.7538,1476.16,0.14886857
2019-12-18,23934.43,218.4297,1475.48,0.14803973
2019-12-19,23864.85,218.1750,1478.75,0.14754013
2019-12-20,23816.63,217.5134,1477.58,0.14720922
2019-12-23,23821.11,217.7412,1485.77,0.14655111
2019-12-24,23830.58,217.8736,1499.56,0.14529169
2019-12-25,23782.87,217.4374,1499.56,0.14500081
2019-12-26,23924.92,218.3409,1511.29,0.14447318
2019-12-27,23837.72,217.8274,1510.86,0.14417442
2019-12-30,23656.62,217.2764,1515.12,0.14340541
2020-01-06,23204.86,214.1104,1565.74,0.13674712
2020-01-07,23575.72,217.3719,1574.26,0.13807877
2020-01-08,23204.76,212.7355,1556.42,0.13668256
2020-01-09,23739.87,216.8421,1552.39,0.13968273
2020-01-10,23850.57,217.8134,1560.3,0.13959714
2020-01-14,24025.17,218.4345,1546.44,0.14124988
2020-01-15,23916.58,217.6470,1556.29,0.13984992
2020-01-16,23933.13,217.2224,1552.48,0.13991961
2020-01-17,24041.26,218.2613,1557.07,0.14017434
2020-01-20,24083.51,218.5913,1560.62,0.14006693
2020-01-21,23864.56,217.2349,1558.21,0.13941313
2020-01-22,24031.35,218.8010,1558.9,0.14035601
2020-01-23,23795.44,217.2524,1562.91,0.13900507
2020-01-24,23827.18,218.0339,1571.66,0.13872841
2020-01-27,23343.51,214.3219,1582.04,0.13547184
2020-01-28,23215.71,212.5183,1567.29,0.13559602
2020-01-29,23379.4,214.4624,1576.82,0.13600941
2020-01-30,22977.75,210.9328,1574.47,0.13397065
2020-01-31,23205.18,214.1539,1586.88,0.13495279
2020-02-03,22971.94,211.3995,1576.74,0.13407380
2020-02-04,23084.59,210.8759,1552.91,0.13579406
2020-02-05,23319.56,212.3841,1555.99,0.13649450
2020-02-06,23873.59,217.0563,1566.73,0.13854098
2020-02-07,23827.98,217.0936,1570.19,0.13825947
2020-02-10,23685.98,215.7999,1572.15,0.13726419
2020-02-12,23861.21,216.7565,1566.09,0.13840618
2020-02-13,23827.73,216.9727,1576.01,0.13767219
2020-02-14,23687.59,215.7693,1582.65,0.13633421
2020-02-17,23523.24,214.1163,1581.3,0.13540521
2020-02-18,23193.8,211.1080,1601.62,0.13180903
2020-02-19,23400.7,210.3490,1611.76,0.13050891
2020-02-20,23479.15,209.5417,1619.63,0.12937629
2020-02-21,23386.74,209.5567,1643.37,0.12751646
2020-02-25,22605.41,205.1159,1635.21,0.12543702
2020-02-26,22426.19,203.0916,1640.98,0.12376240
2020-02-27,21948.23,200.3654,1645,0.12180270
2020-02-28,21142.96,195.9260,1577.4,0.12420818
2020-03-02,21344.08,197.1120,1589.37,0.12401898
2020-03-03,21082.73,196.7498,1640.92,0.11990216
2020-03-04,21100.06,196.1993,1636.97,0.11985517
2020-03-05,21329.12,200.8600,1672.21,0.12011648
2020-03-06,20749.75,196.7267,1673.21,0.11757443
2020-03-09,19698.76,192.2975,1678.8,0.11454459
2020-03-10,19867.12,189.0315,1650.35,0.11454027
2020-03-11,19416.06,185.3880,1637.57,0.11320923
2020-03-12,18559.63,177.1092,1577.89,0.11224434
2020-03-13,17431.05,161.9851,1529.75,0.10588989
2020-03-16,17002.04,159.9876,1500.985,0.10658839
2020-03-17,17011.53,158.6068,1530.37,0.10363951
2020-03-18,16726.55,154.8597,1476.99,0.10484816
2020-03-19,16552.83,149.3116,1471.175,0.10149137
2020-03-23,16887.78,152.1627,1556.695,0.09774729
2020-03-24,18092.35,162.6981,1630.05,0.09981170
2020-03-25,19546.63,176.0720,1613.095,0.10915164
2020-03-26,18664.6,170.7133,1627.46,0.10489556
2020-03-27,19389.43,179.5850,1620.75,0.11080362
2020-03-30,19084.97,176.9650,1622.6,0.10906263
2020-03-31,18917.01,175.9296,1575.15,0.11169072
2020-04-01,18065.41,168.6244,1591.81,0.10593251
2020-04-02,17818.72,165.2038,1613.65,0.10237897
2020-04-03,17820.19,164.3641,1622.39,0.10130985
2020-04-06,18576.3,170.0830,1662.1,0.10233021
2020-04-07,18950.18,174.2209,1648.9,0.10565886
2020-04-08,19353.24,177.7990,1646,0.10801881
2020-04-09,19345.77,178.3135,1683.25,0.10593408
2020-04-10,19498.5,179.7213,1683.25,0.10677040
2020-04-13,19043.4,176.7730,1715.07,0.10307042
2020-04-14,19638.81,183.3039,1727.15,0.10613083
2020-04-15,19550.09,182.0222,1717.13,0.10600371
2020-04-16,19290.2,178.5485,1717.7,0.10394626
2020-04-17,19897.26,184.9497,1684.1,0.10982110
2020-04-20,19669.12,182.7272,1696.05,0.10773691
2020-04-21,19280.78,178.9566,1686.1,0.10613639
2020-04-22,19137.95,177.6226,1714.12,0.10362322
2020-04-23,19429.44,180.5609,1730.33,0.10435058
2020-04-24,19262,179.3399,1728.03,0.10378285
2020-04-27,19783.22,184.4426,1714.135,0.10760097
2020-04-28,19771.19,185.0230,1708.08,0.10832222
2020-04-30,20193.69,188.4399,1686.855,0.11171078
2020-05-01,19619.35,183.6141,1699.23,0.10805724
2020-05-07,19674.77,185.0820,1715.94,0.10786040
2020-05-08,20179.09,189.0649,1707.15,0.11074887
2020-05-11,20390.66,189.4110,1698,0.11154946
2020-05-12,20366.48,189.9947,1702.82,0.11157649
2020-05-13,20267.05,189.3002,1715.08,0.11037399
2020-05-14,19914.78,185.7254,1730.22,0.10734209
2020-05-15,20037.47,186.8818,1742.98,0.10721972
2020-05-18,20133.73,187.6221,1732.275,0.10830966
2020-05-19,20433.45,189.6517,1745.07,0.10867854
2020-05-20,20595.15,191.4759,1748.32,0.10951995
2020-05-21,20552.31,190.8948,1727.38,0.11051120
2020-05-22,20388.16,189.4810,1735.38,0.10918706
2020-05-25,20741.65,192.5229,1730.68,0.11124120
2020-05-26,21271.17,197.7922,1711.13,0.11559159
2020-05-27,21419.23,198.8380,1709.4,0.11632036
2020-05-28,21916.31,203.6264,1718.64,0.11848113
2020-05-29,21877.89,202.8774,1731.5,0.11716857
2020-06-01,22062.39,204.9341,1739.58,0.11780668
2020-06-02,22325.61,205.4933,1727.76,0.11893623
2020-06-03,22613.76,207.6390,1699.75,0.12215858
2020-06-04,22695.74,207.9964,1714.09,0.12134511
2020-06-05,22863.73,208.4927,1681.82,0.12396852
2020-06-08,23178.1,213.7728,1698.47,0.12586197
2020-06-09,23091.03,214.3536,1715.28,0.12496713
2020-06-10,23124.95,215.8870,1737.76,0.12423291
2020-06-11,22472.91,210.3831,1727.12,0.12181150
2020-06-12,22305.48,207.7363,1731.37,0.11998378
2020-06-15,21530.95,200.5827,1725.11,0.11627242
2020-06-16,22582.21,210.4233,1726.72,0.12186302
2020-06-17,22455.76,209.8453,1726.82,0.12152126
2020-06-18,22355.46,209.0038,1722.82,0.12131491
2020-06-19,22478.79,210.4677,1742.52,0.12078351
2020-06-22,22437.27,209.8569,1754.44,0.11961475
2020-06-23,22549.05,211.7481,1768.38,0.11974126
2020-06-24,22534.32,210.5342,1760.92,0.11955922
2020-06-25,22259.79,207.6783,1763.72,0.11775015
2020-06-26,22512.08,210.0145,1770.97,0.11858725
2020-06-29,21995.04,204.4605,1772.92,0.11532414
2020-06-30,22288.14,206.4424,1780.96,0.11591636
2020-07-01,22121.73,205.8620,1770.15,0.11629639
2020-07-02,22145.96,205.9572,1775.33,0.11601066
2020-07-03,22306.48,207.5321,1775.725,0.11687174
2020-07-06,22714.44,211.5451,1784.55,0.11854253
2020-07-07,22614.69,210.2616,1794.85,0.11714719
2020-07-08,22438.65,209.1889,1808.87,0.11564619
2020-07-09,22529.29,210.1182,1803.56,0.11650190
2020-07-10,22290.81,208.4383,1799.54,0.11582866
2020-07-13,22784.74,212.4115,1802.69,0.11783028
2020-07-14,22587.01,210.6054,1809.33,0.11639967
2020-07-15,22945.5,214.5422,1810.26,0.11851456
2020-07-16,22770.36,212.2853,1797.22,0.11811872
2020-07-17,22696.42,212.2271,1810.12,0.11724479
2020-07-20,22717.48,211.8121,1817.83,0.11651919
2020-07-21,22884.22,214.2838,1841.77,0.11634665
2020-07-22,22751.61,212.3441,1872.97,0.11337294
2020-07-27,22715.85,215.5306,1940.18,0.11108795
2020-07-28,22657.38,215.6388,1960.38,0.10999845
2020-07-29,22397.11,213.4298,1969.48,0.10836861
2020-07-30,22339.23,213.1809,1951.13,0.10926024
2020-07-31,21710,205.1345,1974.2,0.10390766
2020-08-03,22195.38,209.3785,1976.85,0.10591523
2020-08-04,22573.66,213.5190,2016.51,0.10588544
2020-08-05,22514.85,213.2038,2038.635,0.10458162
2020-08-06,22418.15,212.4661,2065.35,0.10287173
2020-08-07,22329.94,210.7513,2031.69,0.10373200
2020-08-11,22750.24,213.5702,1912.05,0.11169695
2020-08-12,22843.96,213.7487,1916.125,0.11155256
2020-08-13,23249.61,217.4121,1954.13,0.11125772
2020-08-14,23289.36,218.4907,1943.52,0.11242009
2020-08-17,23096.75,217.8117,1981.05,0.10994759
2020-08-18,23051.08,218.6595,1997.75,0.10945286
2020-08-19,23110.61,217.9074,1935.93,0.11255957
2020-08-20,22880.62,216.2568,1947.87,0.11102220
2020-08-21,22920.3,216.5909,1938.02,0.11175886
2020-08-24,22985.51,216.8833,1928.845,0.11244206
2020-08-25,23296.77,218.9587,1928.46,0.11354071
2020-08-26,23290.86,219.7002,1954.2,0.11242464
2020-08-27,23208.86,217.8315,1925.41,0.11313514
2020-08-28,22882.65,217.1524,1963.49,0.11059511
2020-08-31,23139.76,218.5285,1967.82,0.11105104
2020-09-01,23138.07,218.3929,1970.42,0.11083570
2020-09-02,23247.15,218.9544,1943.06,0.11268533
2020-09-03,23465.53,221.0455,1930.675,0.11449132
2020-09-04,23205.43,218.4472,1934.81,0.11290371
2020-09-07,23089.95,217.2517,1928.385,0.11265994
2020-09-08,23274.13,219.6667,1931.68,0.11371797
2020-09-09,23032.54,216.8850,1946.79,0.11140649
2020-09-10,23235.47,218.8928,1946.06,0.11247998
2020-09-11,23406.49,220.6401,1942.445,0.11358883
2020-09-14,23559.3,222.8588,1956.39,0.11391330
2020-09-15,23454.89,222.4667,1954.05,0.11384905
2020-09-16,23475.53,223.6787,1959.84,0.11413112
2020-09-17,23319.37,222.5768,1944,0.11449423
2020-09-18,23360.3,223.3448,1950.94,0.11448060
2020-09-23,23346.49,221.6172,1863.6,0.11891889
2020-09-24,23087.82,219.0184,1867.83,0.11725819
2020-09-25,23204.62,219.7178,1862.66,0.11795917
2020-09-28,23511.62,222.8199,1881.56,0.11842295
2020-09-29,23539.1,222.7900,1896.56,0.11747058
2020-09-30,23185.12,219.8913,1885.8,0.11660373
2020-10-01,23185.12,219.6497,1906.05,0.11523814
2020-10-02,23029.9,218.5301,1901.81,0.11490636
2020-10-05,23312.14,220.4812,1913.56,0.11522043
2020-10-06,23433.73,221.8494,1878.07,0.11812627
2020-10-07,23422.82,220.9700,1887.4,0.11707640
2020-10-08,23647.07,223.0351,1893.77,0.11777305
2020-10-09,23619.69,223.6565,1928.47,0.11597613
2020-10-12,23558.69,223.6868,1922.64,0.11634355
2020-10-13,23601.78,223.7199,1891.11,0.11830085
2020-10-14,23626.73,224.7671,1901.83,0.11818464
2020-10-15,23507.23,222.9960,1908.16,0.11686439
2020-10-16,23410.63,222.1228,1899.34,0.11694735
2020-10-19,23671.13,224.5028,1904.36,0.11788886
2020-10-20,23567.04,223.4414,1906.44,0.11720350
2020-10-21,23639.46,226.0754,1924.685,0.11746098
2020-10-22,23474.27,223.8736,1904.07,0.11757637
2020-10-23,23516.59,224.5942,1903.55,0.11798705
2020-10-26,23494.34,224.0010,1902.385,0.11774743
2020-10-27,23485.8,224.7251,1907.77,0.11779467
2020-10-28,23418.51,224.5260,1876.675,0.11964032
2020-10-29,23331.94,223.0097,1868.57,0.11934777
2020-10-30,22977.13,219.5155,1878.38,0.11686428
2020-11-02,23295.48,222.3848,1895.8,0.11730396
2020-11-04,23695.23,226.7182,1902.99,0.11913790
2020-11-05,24105.28,232.6270,1949.74,0.11931183
2020-11-06,24325.23,235.4860,1951.76,0.12065314
2020-11-09,24839.84,235.9923,1862.86,0.12668278
2020-11-10,24905.59,236.6080,1877.26,0.12603899
2020-11-11,25349.6,240.4583,1865.64,0.12888786
2020-11-12,25520.88,242.7578,1877.01,0.12933216
2020-11-13,25385.87,242.6182,1887.84,0.12851629
2020-11-16,25906.93,247.7117,1888.99,0.13113448
2020-11-17,26014.62,249.6772,1880.55,0.13276820
2020-11-18,25728.14,247.7862,1872.48,0.13233051
2020-11-19,25634.34,246.9982,1866.59,0.13232591
2020-11-20,25527.37,245.8763,1873.16,0.13126284
2020-11-24,26165.59,250.4340,1807.53,0.13855037
2020-11-25,26296.86,251.7590,1807.625,0.13927614
2020-11-26,26537.31,254.5155,1810.31,0.14059220
2020-11-27,26644.71,256.0600,1787.215,0.14327321
2020-11-30,26433.62,253.3193,1776.77,0.14257295
2020-12-01,26787.54,256.7799,1815.21,0.14146018
2020-12-02,26800.98,256.6455,1830.61,0.14019673
2020-12-03,26809.37,258.1199,1841.04,0.14020333
2020-12-04,26751.24,256.7963,1836.52,0.13982766
2020-12-07,26547.44,255.1485,1862.31,0.13700648
2020-12-08,26467.08,254.1027,1870.41,0.13585399
2020-12-09,26817.94,257.1527,1840.06,0.13975234
2020-12-10,26756.24,256.6792,1836.79,0.13974336
2020-12-11,26652.52,256.1806,1839.5,0.13926645
2020-12-14,26732.44,256.9784,1827.12,0.14064673
2020-12-15,26687.84,257.3935,1853.36,0.13887936
2020-12-16,26757.4,258.6531,1864.91,0.13869466
2020-12-17,26806.67,259.9750,1885.595,0.13787424
2020-12-18,26763.39,259.0402,1881.27,0.13769434
2020-12-21,26714.42,258.5075,1876.76,0.13774136
2020-12-22,26436.39,255.1184,1860.32,0.13713684
2020-12-23,26524.79,256.1693,1873.21,0.13675416
2020-12-24,26668.35,257.1993,1879.82,0.13682123
2020-12-25,26656.61,257.0861,1879.82,0.13676099
2020-12-28,26854.03,258.7692,1873.96,0.13808682
2020-12-29,27568.15,266.2200,1878.41,0.14172627
2020-12-30,27444.17,265.8932,1894.58,0.14034416
2021-01-04,27258.38,264.3186,1942.78,0.13605172
2021-01-05,27158.63,264.3999,1950.18,0.13557718
2021-01-06,27055.94,262.5057,1919.48,0.13675877
2021-01-07,27490.13,264.7151,1913.25,0.13835885
2021-01-08,28139.03,270.6769,1848.61,0.14642186
2021-01-12,28164.34,271.3772,1854.75,0.14631471
2021-01-13,28456.59,273.9635,1845.12,0.14848005
2021-01-14,28698.26,276.4126,1845.87,0.14974651
2021-01-15,28519.18,274.5132,1825.57,0.15037125
2021-01-18,28242.21,272.3506,1837.585,0.14821114
2021-01-19,28633.46,275.5416,1839.96,0.14975414
2021-01-20,28523.26,275.3875,1871.4,0.14715587
2021-01-21,28756.86,277.8226,1869.83,0.14858173
2021-01-22,28631.45,275.7638,1853.87,0.14875033
2021-01-25,28822.29,277.7543,1855.95,0.14965615
2021-01-26,28546.18,275.4359,1850.81,0.14881913
2021-01-27,28635.21,275.1401,1843.56,0.14924393
2021-01-28,28197.42,270.5333,1842.43,0.14683507
2021-01-29,27663.39,264.0871,1842.81,0.14330675
2021-02-01,28091.05,267.6587,1860.61,0.14385536
2021-02-02,28362.17,270.1082,1837.97,0.14696006
2021-02-03,28646.5,272.7303,1834.08,0.14870142
2021-02-04,28341.95,268.5753,1794.33,0.14968001
2021-02-05,28779.19,273.0655,1810.95,0.15078576
2021-02-08,29388.5,279.2575,1830.61,0.15254887
2021-02-09,29505.93,282.1806,1838.59,0.15347662
2021-02-10,29562.93,282.5825,1843.255,0.15330623
2021-02-12,29520.07,281.2266,1821.29,0.15441064
2021-02-15,30084.15,285.5571,1818.855,0.15699825
2021-02-16,30467.75,287.1445,1794.46,0.16001720
2021-02-17,30292.19,286.0979,1776.44,0.16105127
2021-02-18,30236.09,286.0774,1775.84,0.16109412
2021-02-19,30017.92,284.6353,1781.43,0.15977909
2021-02-22,30156.03,287.0171,1809.36,0.15862910
2021-02-24,29671.7,280.2601,1805.47,0.15522835
2021-02-25,30168.27,283.9473,1770.75,0.16035428
2021-02-26,28966.01,271.7313,1727.48,0.15729923
2021-03-01,29663.5,277.8106,1724.95,0.16105427
2021-03-02,29408.17,275.6051,1738.48,0.15853224
2021-03-03,29559.1,276.2300,1711.04,0.16143985
2021-03-04,28930.11,267.9284,1697.5,0.15783708
2021-03-05,28864.32,266.3964,1698.33,0.15685787
2021-03-08,28743.25,263.8690,1683.6,0.15672903
2021-03-09,29027.94,267.4844,1716.17,0.15586124
2021-03-10,29036.56,267.7933,1726.72,0.15508786
2021-03-11,29211.64,269.1523,1722.6,0.15624772
2021-03-12,29717.83,272.6181,1724.54,0.15808165
2021-03-15,29766.97,272.7212,1732.16,0.15744571
2021-03-16,29921.09,274.5104,1732.485,0.15844896
2021-03-17,29914.33,274.8039,1747.38,0.15726626
2021-03-18,30216.75,277.2968,1736.18,0.15971659
2021-03-19,29792.05,273.6228,1745,0.15680389
2021-03-22,29174.15,268.1300,1739.695,0.15412470
2021-03-23,28995.92,266.9433,1727.48,0.15452760
2021-03-24,28405.52,261.1954,1734.765,0.15056528
2021-03-25,28729.88,263.1809,1727.855,0.15231654
2021-03-26,29176.7,266.0772,1732.57,0.15357373
2021-03-29,29384.52,267.5686,1712.21,0.15627091
2021-03-30,29432.7,266.6960,1685.195,0.15825822
2021-03-31,29178.8,263.5107,1707.65,0.15431187
2021-04-01,29388.87,265.7342,1729.7,0.15363020
2021-04-02,29854,269.9399,1729.7,0.15606167
2021-04-05,30089.25,273.1612,1728.33,0.15804920
2021-04-06,29696.63,270.5104,1743.3,0.15517145
2021-04-07,29730.79,270.6613,1737.7,0.15575836
2021-04-08,29708.98,271.8860,1755.6,0.15486783
2021-04-09,29768.06,271.4875,1742.98,0.15576053
2021-04-12,29538.73,270.0338,1732.85,0.15583220
2021-04-13,29751.61,272.8154,1745.34,0.15631074
2021-04-14,29620.99,271.9044,1736.45,0.15658635
2021-04-15,29642.69,272.5915,1763.64,0.15456187
2021-04-16,29683.37,272.8677,1775.98,0.15364347
2021-04-19,29685.37,274.4732,1771.45,0.15494265
2021-04-20,29100.38,269.2460,1778.91,0.15135450
2021-04-21,28508.55,263.7971,1793.65,0.14707277
2021-04-22,29188.17,270.3610,1784.16,0.15153404
2021-04-23,29020.63,268.9785,1776.3,0.15142629
2021-04-26,29126.23,269.4503,1781.25,0.15127034
2021-04-27,28991.89,266.6607,1776.65,0.15009189
2021-04-28,29053.97,267.5246,1781.63,0.15015719
2021-04-30,28812.63,263.6274,1767.94,0.14911558
2021-05-06,29331.37,268.8756,1814.96,0.14814409
2021-05-07,29357.82,270.3199,1832.13,0.14754405
2021-05-10,29518.34,271.1762,1836.15,0.14768737
2021-05-11,28608.59,263.3945,1837.49,0.14334471
2021-05-12,28147.51,256.6541,1815.41,0.14137527
2021-05-13,27448.01,250.7710,1826.5,0.13729590
2021-05-14,28084.47,256.8310,1842.74,0.13937452
2021-05-17,27824.83,254.7828,1866.85,0.13647738
2021-05-18,28406.84,260.8549,1869.55,0.13952819
2021-05-19,28044.45,256.8338,1869.52,0.13737953
2021-05-20,28098.25,258.3082,1877.22,0.13760146
2021-05-21,28317.83,260.0304,1879.9,0.13832140
2021-05-24,28364.61,260.7880,1880.88,0.13865214
2021-05-25,28553.98,262.5183,1899.16,0.13822862
2021-05-26,28642.19,262.4473,1896.79,0.13836394
2021-05-27,28549.01,259.9547,1896.37,0.13708018
2021-05-28,29149.41,265.3951,1904.85,0.13932601
2021-05-31,28860.08,263.3652,1906.75,0.13812254
2021-06-01,28814.34,263.2144,1900.3,0.13851201
2021-06-02,28946.14,264.1963,1908.28,0.13844735
2021-06-03,29058.11,263.4485,1870.59,0.14083713
2021-06-04,28941.52,264.3351,1891.53,0.13974671
2021-06-07,29019.24,265.6077,1899.25,0.13984875
2021-06-08,28963.56,264.5171,1892.91,0.13974096
2021-06-09,28860.8,263.2684,1888.62,0.13939724
2021-06-10,28958.56,264.8245,1898.33,0.13950394
2021-06-11,28948.73,263.9947,1876.63,0.14067486
2021-06-14,29161.8,264.9266,1866.19,0.14196124
2021-06-15,29441.3,267.5193,1858.8,0.14392043
2021-06-16,29291.01,264.7153,1811.75,0.14611027
2021-06-17,29018.33,263.1785,1773.29,0.14841258
2021-06-18,28964.08,262.9310,1762.06,0.14921794
2021-06-21,28010.93,253.9476,1783.15,0.14241517
2021-06-22,28884.13,261.0216,1778.7,0.14674853
2021-06-23,28874.89,260.1787,1778.7,0.14627463
2021-06-24,28875.23,260.4963,1775.15,0.14674606
2021-06-25,29066.18,262.4201,1779.39,0.14747759
2021-06-28,29048.02,262.6095,1778.37,0.14766863
2021-06-29,28812.61,260.6061,1761.17,0.14797328
2021-06-30,28791.53,259.1567,1770.21,0.14639884
2021-07-01,28707.04,257.3791,1776.76,0.14485870
2021-07-02,28783.28,259.2504,1787.97,0.14499709
2021-07-05,28598.19,257.6959,1791.745,0.14382399
2021-07-06,28643.21,258.9100,1797.02,0.14407740
2021-07-07,28366.95,256.3989,1803.65,0.14215558
2021-07-08,28118.03,256.1821,1802.71,0.14210941
2021-07-09,27940.42,253.7339,1808.33,0.14031396
2021-07-12,28569.02,258.8923,1806.18,0.14333691
2021-07-13,28718.24,259.6069,1807.7,0.14361174
2021-07-14,28608.49,260.1623,1827.41,0.14236670
2021-07-15,28279.09,257.4642,1829.49,0.14073001
2021-07-16,28003.08,254.4485,1811.01,0.14050090
2021-07-19,27652.74,252.5860,1812.23,0.13937857
2021-07-20,27388.16,249.2779,1810.27,0.13770204
2021-07-21,27548,249.7801,1803.51,0.13849667
2021-07-26,27833.29,252.1520,1797.48,0.14028082
2021-07-27,27970.22,254.7982,1798.96,0.14163640
2021-07-28,27581.66,250.8815,1807.15,0.13882715
2021-07-29,27782.42,253.7624,1828.17,0.13880681
2021-07-30,27283.59,248.6792,1813.91,0.13709567
2021-08-02,27781.02,254.1280,1813.33,0.14014438
2021-08-03,27641.83,253.4738,1810.5,0.14000213
2021-08-04,27584.08,251.9543,1812.08,0.13904147
2021-08-05,27728.12,252.6077,1804.355,0.13999891
2021-08-06,27820.04,252.3875,1760.33,0.14337509
2021-08-10,27888.15,252.2376,1729.15,0.14587378
2021-08-11,28070.51,254.1928,1751.73,0.14510957
2021-08-12,28015.02,253.7018,1752.66,0.14475243
2021-08-13,27977.15,255.3615,1778.57,0.14357686
2021-08-16,27523.19,251.8570,1787.25,0.14091876
2021-08-17,27424.47,250.2758,1786.06,0.14012731
2021-08-18,27585.91,251.2469,1787.74,0.14053886
2021-08-19,27281.17,248.5507,1780.13,0.13962501
2021-08-20,27013.25,246.0851,1782.18,0.13808093
2021-08-23,27494.24,250.6723,1805.5,0.13883817
2021-08-24,27732.1,252.9193,1802.95,0.14028084
2021-08-25,27724.8,252.0161,1790.9,0.14072039
2021-08-26,27742.29,252.0629,1792.09,0.14065301
2021-08-27,27641.14,251.6789,1818.45,0.13840299
2021-08-30,27789.29,252.8563,1810.16,0.13968728
2021-08-31,28089.54,255.3432,1813.47,0.14080366
2021-09-01,28451.02,258.5880,1813.83,0.14256465
2021-09-02,28543.51,259.6222,1809.565,0.14347214
2021-09-03,29128.11,265.5385,1828.65,0.14521011
2021-09-06,29659.89,270.0232,1823.37,0.14809019
2021-09-07,29916.14,271.2916,1794.4,0.15118793
2021-09-08,30181.21,273.6693,1789.23,0.15295368
2021-09-09,30008.19,273.4418,1794.5,0.15237773
2021-09-10,30381.84,276.5266,1787.9,0.15466559
2021-09-13,30447.37,276.7817,1793.63,0.15431371
2021-09-14,30670.1,279.5727,1804.61,0.15492138
2021-09-15,30511.71,278.9910,1793.775,0.15553288
2021-09-16,30323.34,276.3564,1753.41,0.15761081
2021-09-17,30500.05,277.4434,1751.65,0.15838976
2021-09-21,29839.71,273.1924,1774.19,0.15398146
2021-09-22,29639.4,269.9620,1768.205,0.15267575
2021-09-24,30248.81,273.1331,1746.72,0.15636915
2021-09-27,30240.06,272.4722,1750.085,0.15569087
2021-09-28,30183.96,270.6839,1733.93,0.15611004
2021-09-29,29544.29,263.8767,1726.35,0.15285235
2021-09-30,29452.66,264.6372,1756.895,0.15062776
2021-10-01,28771.07,259.1381,1760.07,0.14723172
2021-10-04,28444.89,256.4555,1769.44,0.14493597
2021-10-05,27822.12,249.5772,1759.96,0.14180846
2021-10-06,27528.87,247.0707,1762.65,0.14017006
2021-10-07,27678.21,247.9604,1755.17,0.14127430
2021-10-08,28048.94,249.9638,1756.88,0.14227712
2021-10-11,28498.2,251.4632,1754.2,0.14334923
2021-10-12,28230.61,248.4848,1760.11,0.14117574
2021-10-13,28140.28,248.4628,1793.05,0.13856994
2021-10-14,28550.93,251.1683,1796.01,0.13984795
2021-10-15,29068.63,254.5214,1768.33,0.14393318
2021-10-18,29025.46,253.8988,1764.87,0.14386262
2021-10-19,29215.52,255.4307,1769.54,0.14434862
2021-10-20,29255.55,255.8578,1782.04,0.14357580
2021-10-21,28708.58,251.8120,1782.83,0.14124284
2021-10-22,28804.85,253.9170,1794.13,0.14152652
2021-10-25,28600.41,251.5239,1807.73,0.13913800
2021-10-26,29106.01,254.9726,1792.85,0.14221634
2021-10-27,29098.24,255.6547,1797,0.14226753
2021-10-28,28820.09,253.7672,1798.86,0.14107114
2021-10-29,28892.69,253.4958,1782.82,0.14218810
2021-11-01,29647.08,259.9572,1791.87,0.14507593
2021-11-02,29520.9,259.0325,1787.09,0.14494654
2021-11-04,29794.37,261.7605,1791.43,0.14611821
2021-11-05,29611.57,261.1157,1818.215,0.14361104
2021-11-08,29507.05,260.5341,1824.32,0.14281162
2021-11-09,29285.46,259.3964,1831.83,0.14160504
2021-11-10,29106.78,255.5546,1849.36,0.13818545
2021-11-11,29277.86,256.6781,1862,0.13785076
2021-11-12,29609.97,260.0080,1866.08,0.13933379
2021-11-15,29776.8,260.8796,1862.8,0.14004704
2021-11-16,29808.12,259.5723,1850.43,0.14027677
2021-11-17,29688.33,260.0567,1867.43,0.13925913
2021-11-18,29598.66,259.0534,1858.91,0.13935767
2021-11-19,29745.87,260.9378,1846.97,0.14127887
2021-11-22,29774.11,259.2468,1804.8,0.14364297
2021-11-24,29302.66,253.8664,1788.64,0.14193266
2021-11-25,29499.28,255.7416,1788.635,0.14298143
2021-11-26,28751.62,253.8808,1791.875,0.14168444
2021-11-29,28283.92,248.9081,1784.71,0.13946695
2021-11-30,27821.76,245.8013,1774.96,0.13848274
2021-12-01,27935.62,247.5893,1781.87,0.13894912
2021-12-02,27753.37,245.1657,1768.3,0.13864486
2021-12-03,28029.57,248.5486,1782.96,0.13940222
2021-12-06,27927.37,246.0529,1778.48,0.13835009
2021-12-07,28455.6,250.5534,1784.17,0.14043135
2021-12-08,28860.62,253.7298,1783.09,0.14229779
2021-12-09,28725.47,253.1503,1775.17,0.14260623
2021-12-10,28437.77,250.7298,1782.9,0.14063030
2021-12-13,28640.49,252.1569,1786.68,0.14113156
2021-12-14,28432.64,249.9650,1770.7,0.14116732
2021-12-15,28459.72,249.5405,1777.13,0.14041770
2021-12-16,29066.32,255.6000,1799.23,0.14206077
2021-12-17,28545.68,250.9599,1796.14,0.13972177
2021-12-20,27937.81,245.8687,1790.9,0.13728777
2021-12-21,28517.59,249.9822,1788.97,0.13973525
2021-12-22,28562.21,250.2855,1803.66,0.13876536
2021-12-23,28798.37,251.6493,1808.57,0.13914270
2021-12-24,28782.59,251.7105,1808.57,0.13917652
2021-12-27,28676.46,249.6199,1811.97,0.13776161
2021-12-28,29069.16,253.1848,1806.15,0.14017928
2021-12-29,28906.88,251.3882,1804.38,0.13932111
2021-12-30,28791.71,250.2115,1814.69,0.13788112
2022-01-04,29301.79,252.2906,1814.64,0.13903068
2022-01-05,29332.16,252.5858,1810.29,0.13952782
2022-01-06,28487.87,245.8956,1790.98,0.13729670
2022-01-07,28478.56,246.4353,1795.81,0.13722795
2022-01-11,28222.48,244.7234,1821.54,0.13434972
2022-01-12,28765.66,250.8232,1826.27,0.13734180
2022-01-13,28489.13,249.5019,1822.7,0.13688591
2022-01-14,28124.28,246.2937,1816.6,0.13557950
2022-01-17,28333.52,247.2255,1819.255,0.13589379
2022-01-18,28257.25,246.5600,1813.81,0.13593483
2022-01-19,27467.23,240.1800,1840.56,0.13049292
2022-01-20,27772.93,243.3852,1839.6,0.13230333
2022-01-21,27522.26,242.1647,1831.78,0.13220185
2022-01-24,27588.37,242.0712,1843.17,0.13133417
2022-01-25,27131.34,238.2879,1848.15,0.12893320
2022-01-26,27011.33,235.5468,1819.45,0.12946044
2022-01-27,26170.3,226.9472,1797.2,0.12627820
2022-01-28,26717.34,231.8308,1788.87,0.12959622
2022-01-31,27001.98,234.5571,1797.35,0.13050163
2022-02-01,27078.48,236.0881,1801.11,0.13107923
2022-02-02,27533.6,240.5816,1806.9,0.13314604
2022-02-03,27241.31,236.9397,1804.86,0.13127870
2022-02-04,27439.99,238.2109,1808.13,0.13174434
2022-02-07,27248.87,236.7686,1820.54,0.13005405
2022-02-08,27284.52,236.1223,1826.03,0.12930909
2022-02-09,27579.87,238.6783,1832.99,0.13021253
2022-02-10,27696.08,238.6626,1826.68,0.13065376
2022-02-14,27079.59,234.3640,1871.42,0.12523325
2022-02-15,26865.19,232.3516,1853.55,0.12535492
2022-02-16,27460.4,237.8059,1869.61,0.12719546
2022-02-17,27232.87,236.8931,1898.4,0.12478564
2022-02-18,27122.07,235.6719,1897.03,0.12423206
2022-02-21,26910.87,234.6176,1904.075,0.12321866
2022-02-22,26449.61,229.8737,1898.49,0.12108237
2022-02-24,25970.82,224.8342,1904.1,0.11807897
2022-02-25,26476.5,229.1683,1890.79,0.12120240
2022-02-28,26526.82,230.6660,1908.82,0.12084219
2022-03-01,26844.72,233.6223,1945.135,0.12010595
2022-03-02,26393.03,228.4755,1928.67,0.11846271
2022-03-03,26577.27,230.1660,1936.31,0.11886837
2022-03-04,25985.47,226.3267,1967.46,0.11503495
2022-03-07,25221.41,218.6739,1997.7,0.10946283
2022-03-08,24790.95,214.3174,2050.01,0.10454456
2022-03-09,24717.53,213.3093,1991.97,0.10708457
2022-03-10,25690.4,221.2115,1996.87,0.11077913
2022-03-11,25162.78,214.6061,1982.68,0.10824041
2022-03-14,25307.85,213.9710,1953.71,0.10952036
2022-03-15,25346.48,214.2216,1916.26,0.11179149
2022-03-16,25762.01,216.7552,1925.71,0.11255861
2022-03-17,26652.89,224.8089,1941.27,0.11580505
2022-03-18,26827.43,225.1502,1921.13,0.11719673
2022-03-22,27224.11,224.6381,1920.87,0.11694599
2022-03-23,28040.16,231.5531,1945.21,0.11903761
2022-03-24,28110.39,229.6844,1958.42,0.11728048
2022-03-25,28149.84,230.5644,1958.16,0.11774544
2022-03-28,27943.89,225.5468,1922.78,0.11730243
2022-03-29,28252.42,229.9104,1919.48,0.11977742
2022-03-30,28027.25,229.9643,1932.71,0.11898544
2022-03-31,27821.43,228.6330,1937.27,0.11801812
2022-04-01,27665.98,225.7747,1922.73,0.11742403
2022-04-04,27736.47,225.8799,1932.74,0.11687030
2022-04-05,27787.98,224.8137,1923.495,0.11687769
2022-04-06,27350.3,220.9375,1925.355,0.11475159
2022-04-07,26888.57,216.9037,1931.575,0.11229367
2022-04-08,26985.8,217.0096,1944.185,0.11161985
2022-04-11,26821.52,213.8817,1953.765,0.10947158
2022-04-12,26334.98,210.0363,1966.615,0.10680092
2022-04-13,26843.49,213.5682,1978.185,0.10796168
2022-04-14,27172,215.7698,1973.495,0.10933385
2022-04-15,27093.19,215.1440,1973.495,0.10901674
2022-04-18,26799.71,210.8736,1978.735,0.10656988
2022-04-19,26985.09,209.2849,1950.145,0.10731761
2022-04-20,27217.85,212.6860,1957.625,0.10864490
2022-04-21,27553.06,214.5643,1951.395,0.10995431
2022-04-22,27105.26,210.8670,1932.645,0.10910796
2022-04-25,26590.78,207.4916,1898.145,0.10931285
2022-04-26,26700.11,209.8735,1905.315,0.11015162
2022-04-27,26386.63,205.3666,1885.955,0.10889263
2022-04-28,26847.9,205.1666,1894.545,0.10829335
2022-05-02,26818.53,205.9566,1862.885,0.11055785
2022-05-06,27003.56,206.8525,1880.915,0.10997440
2022-05-09,26319.34,201.8881,1853.865,0.10890117
2022-05-10,26167.1,200.6095,1838.325,0.10912623
2022-05-11,26213.64,201.6899,1852.525,0.10887299
2022-05-12,25748.72,200.4821,1821.805,0.11004587
2022-05-13,26427.65,204.3491,1809.765,0.11291471
2022-05-16,26547.05,205.6643,1823.995,0.11275488
2022-05-17,26659.75,206.0808,1815.065,0.11353909
2022-05-18,26911.2,209.7219,1816.615,0.11544653
2022-05-19,26402.84,206.6694,1842.135,0.11219014
2022-05-20,26739.03,209.1307,1844.705,0.11336809
2022-05-23,27001.52,211.1102,1853.575,0.11389352
2022-05-24,26748.14,210.8568,1866.535,0.11296699
2022-05-25,26677.8,209.6413,1853.305,0.11311754
2022-05-26,26604.84,209.2867,1850.815,0.11307813
2022-05-27,26781.68,210.6637,1853.495,0.11365757
2022-05-30,27369.43,214.4267,1855.215,0.11558054
2022-05-31,27279.8,211.9618,1837.635,0.11534488
2022-06-01,27457.89,210.9744,1846.405,0.11426223
2022-06-02,27413.88,211.0838,1868.645,0.11296091
2022-06-03,27761.57,212.1585,1850.775,0.11463222
2022-06-06,27915.89,211.6283,1841.705,0.11490891
2022-06-07,27943.95,210.6767,1852.415,0.11373085
2022-06-08,28234.29,210.3332,1853.165,0.11349946
2022-06-09,28246.53,210.1708,1847.945,0.11373215
2022-06-10,27824.29,207.0537,1871.945,0.11060886
2022-06-13,26987.44,200.7703,1819.525,0.11034214
2022-06-14,26629.86,196.4347,1808.255,0.10863216
2022-06-15,26326.16,196.6840,1833.89,0.10724964
2022-06-16,26431.2,199.7476,1856.725,0.10758060
2022-06-17,25963,192.3527,1837.115,0.10470369
2022-06-20,25771.22,190.7467,1836.8,0.10384731
2022-06-21,26246.31,192.0387,1833.125,0.10476027
2022-06-22,26149.55,192.0473,1837.935,0.10449082
2022-06-23,26171.25,193.9365,1822.665,0.10640273
2022-06-24,26491.97,195.9422,1823.795,0.10743651
2022-06-27,26871.27,198.3837,1822.775,0.10883609
2022-06-28,27049.47,198.6908,1819.945,0.10917408
2022-06-29,26804.6,196.2794,1817.915,0.10796951
2022-06-30,26393.04,194.4310,1807.215,0.10758600
2022-07-01,25935.62,191.6926,1806.055,0.10613883
2022-07-04,26153.81,192.6673,1807.95,0.10656670
2022-07-05,26423.47,194.5155,1764.785,0.11022050
2022-07-06,26107.65,192.0683,1739.295,0.11042881
2022-07-07,26490.53,194.7489,1740.225,0.11191021
2022-07-08,26517.19,194.8905,1741.515,0.11190859
2022-07-11,26812.3,195.0894,1734.065,0.11250406
2022-07-12,26336.66,192.4224,1726.205,0.11147134
2022-07-13,26478.77,192.6927,1735.655,0.11102016
2022-07-14,26643.39,191.6998,1709.935,0.11210938
2022-07-15,26788.47,193.3823,1705.795,0.11336782
2022-07-19,26961.68,195.1143,1711.715,0.11398763
2022-07-20,27680.26,200.2225,1696.605,0.11801362
2022-07-21,27803,202.3744,1718.335,0.11777352
2022-07-22,27914.66,205.2639,1724.155,0.11905189
2022-07-25,27699.25,202.6844,1719.735,0.11785790
2022-07-26,27655.21,201.9867,1717.525,0.11760335
2022-07-27,27715.75,202.9283,1734.465,0.11699766
2022-07-28,27815.48,207.0775,1756.065,0.11792133
2022-07-29,27801.64,208.4706,1761.035,0.11837959
2022-08-01,27993.35,212.6136,1772.235,0.11996922
2022-08-02,27594.73,207.1964,1761.345,0.11763534
2022-08-03,27741.9,207.2743,1765.625,0.11739428
2022-08-04,27932.2,209.9858,1791.245,0.11722894
2022-08-05,28175.87,208.6360,1773.485,0.11764180
2022-08-08,28249.24,209.2637,1789.145,0.11696297
2022-08-09,27999.96,207.2544,1794.435,0.11549839
2022-08-10,27819.33,209.3718,1792.285,0.11681834
2022-08-12,28546.98,213.8559,1801.435,0.11871418
2022-08-15,28871.78,216.6209,1779.545,0.12172827
2022-08-16,28868.91,215.0561,1775.475,0.12112593
2022-08-17,29222.77,216.2959,1762.145,0.12274582
2022-08-18,28942.14,212.9994,1758.465,0.12112801
2022-08-19,28930.33,211.4929,1746.665,0.12108386
2022-08-22,28794.5,209.4077,1736.235,0.12061022
2022-08-23,28452.75,208.0777,1747.965,0.11903996
2022-08-24,28313.47,206.5026,1751.345,0.11791087
2022-08-25,28479.01,208.6451,1758.675,0.11863766
2022-08-26,28641.38,208.3676,1736.895,0.11996558
2022-08-29,27878.96,200.9620,1737.595,0.11565528
2022-08-30,28195.58,203.1740,1724.375,0.11782475
2022-08-31,28091.53,201.9680,1711.145,0.11803092
2022-09-01,27661.47,197.2712,1697.685,0.11620014
2022-09-02,27650.84,197.1680,1709.765,0.11531877
2022-09-05,27619.61,196.4641,1710.04,0.11488860
2022-09-06,27626.51,193.4968,1701.985,0.11368892
2022-09-07,27430.3,190.8228,1718.455,0.11104323
2022-09-08,28065.28,194.7368,1708.605,0.11397418
2022-09-09,28214.75,197.7304,1715.935,0.11523190
2022-09-12,28542.11,199.8530,1724.705,0.11587664
2022-09-13,28614.63,197.7665,1702.555,0.11615863
2022-09-14,27818.62,194.3347,1697.475,0.11448456
2022-09-15,27875.91,194.2782,1664.525,0.11671690
2022-09-16,27567.65,192.8981,1673.185,0.11528798
2022-09-20,27688.42,192.6392,1664.955,0.11570236
2022-09-21,27313.13,189.5731,1673.875,0.11325406
2022-09-22,27153.83,190.7687,1671.345,0.11414084
2022-09-26,26431.55,182.6771,1622.805,0.11256873
2022-09-27,26571.87,183.5169,1629.195,0.11264268
2022-09-28,26173.98,181.6370,1660.025,0.10941822
2022-09-29,26422.05,182.8895,1660.615,0.11013361
2022-09-30,25937.21,179.2209,1661.815,0.10784649
2022-10-03,26215.79,181.2805,1699.695,0.10665473
2022-10-04,26992.21,187.1399,1726.415,0.10839795
2022-10-05,27120.53,187.5432,1716.345,0.10926895
2022-10-06,27311.3,188.2318,1712.655,0.10990641
2022-10-07,27116.11,186.5445,1695.525,0.11002168
2022-10-11,26401.25,181.0729,1666.265,0.10866996
2022-10-12,26396.83,179.7304,1673.255,0.10741366
2022-10-13,26237.42,178.2785,1666.265,0.10699286
2022-10-14,27090.76,182.2943,1642.845,0.11096258
2022-10-17,26775.79,179.7172,1650.765,0.10886901
2022-10-18,27156.14,182.0141,1652.085,0.11017236
2022-10-19,27257.38,181.8874,1629.155,0.11164527
2022-10-20,27006.96,179.8857,1628.265,0.11047692
2022-10-21,26890.58,182.1497,1655.175,0.11004861
2022-10-24,26974.9,180.9934,1649.405,0.10973256
2022-10-25,27250.28,184.0066,1653.155,0.11130635
2022-10-26,27431.84,187.3926,1664.835,0.11255926
2022-10-27,27345.24,186.9191,1663.455,0.11236801
2022-10-28,27105.2,183.8576,1645.245,0.11175087
2022-10-31,27587.46,185.5442,1632.755,0.11363875
2022-11-01,27678.92,186.8089,1648.3,0.11333431
2022-11-02,27663.39,187.0083,1634.175,0.11443591
2022-11-04,27199.74,185.4599,1681.4,0.11030090
2022-11-07,27527.64,187.7597,1675.385,0.11206959
2022-11-08,27872.11,191.3347,1712.375,0.11173645
2022-11-09,27716.43,189.2669,1707.035,0.11087463
2022-11-10,27446.1,193.6875,1755.575,0.11032710
2022-11-11,28263.57,203.8160,1767.865,0.11528934
2022-11-14,27963.47,199.6450,1771.305,0.11271066
2022-11-15,27990.17,200.9366,1778.815,0.11296094
2022-11-16,28028.3,200.9269,1773.865,0.11327069
2022-11-17,27930.57,199.0917,1760.275,0.11310259
2022-11-18,27899.77,198.7220,1748.775,0.11363496
2022-11-21,27944.79,196.6489,1737.905,0.11315284
2022-11-22,28115.74,199.1214,1740.115,0.11443001
2022-11-24,28383.09,204.8041,1755.435,0.11666860
2022-11-25,28283.03,203.3880,1754.625,0.11591535
2022-11-28,28162.83,202.7430,1741.685,0.11640625
2022-11-29,28027.84,202.1066,1749.795,0.11550302
2022-11-30,27968.99,202.5491,1768.615,0.11452412
2022-12-01,28226.08,208.5738,1802.935,0.11568569
2022-12-02,27777.9,206.8116,1797.56,0.11505129
2022-12-05,27820.4,203.4577,1768.77,0.11502779
2022-12-06,27885.87,203.5495,1771.09,0.11492892
2022-12-07,27686.4,202.9170,1786.13,0.11360707
2022-12-08,27574.43,201.7836,1789.09,0.11278558
2022-12-09,27901.01,204.1114,1795.12,0.11370349
2022-12-12,27842.33,202.4117,1781.41,0.11362441
2022-12-13,27954.85,206.3256,1810.61,0.11395364
2022-12-14,28156.21,207.9023,1807.42,0.11502712
2022-12-15,28051.7,203.6391,1776.9,0.11460361
2022-12-16,27527.12,201.3718,1792.2,0.11236011
2022-12-19,27237.64,198.9739,1787.75,0.11129852
2022-12-20,26568.03,201.6281,1817.83,0.11091691
2022-12-21,26387.72,199.3520,1814.37,0.10987393
2022-12-22,26507.87,200.2067,1792.45,0.11169445
2022-12-23,26235.25,197.4297,1797.69,0.10982411
2022-12-26,26405.87,198.7137,1797.69,0.11053835
2022-12-27,26447.87,198.1455,1813.63,0.10925355
2022-12-28,26340.5,196.1260,1804.35,0.10869618
2022-12-29,26093.67,196.1539,1815.02,0.10807260
2022-12-30,26094.5,198.7713,1823.48,0.10900658
2023-01-04,25716.86,194.2464,1854.66,0.10473422
2023-01-05,25820.8,193.5331,1832.96,0.10558501
2023-01-06,25973.85,196.6182,1867.01,0.10531179
2023-01-10,26175.56,198.0147,1876.96,0.10549755
2023-01-11,26446,199.6995,1875.65,0.10646947
2023-01-12,26449.82,204.5593,1896.87,0.10784042
2023-01-13,26119.52,204.2454,1920.74,0.10633685
2023-01-16,25822.32,201.0113,1915.74,0.10492622
2023-01-17,26138.68,203.8541,1908.67,0.10680426
2023-01-18,26791.12,208.0605,1904.34,0.10925597
2023-01-19,26405.23,205.6138,1932.17,0.10641599
2023-01-20,26553.53,204.9152,1927.27,0.10632409
2023-01-23,26906.04,206.0084,1931.02,0.10668374
2023-01-24,27299.19,209.7332,1937.3,0.10826058
2023-01-25,27395.01,211.5330,1946.27,0.10868638
2023-01-26,27362.75,210.2102,1929.18,0.10896351
2023-01-27,27382.56,210.8346,1926.56,0.10943576
2023-01-30,27433.4,210.4111,1923.22,0.10940564
2023-01-31,27327.11,210.0623,1928.28,0.10893766
2023-02-01,27346.88,212.1155,1950.18,0.10876712
2023-02-02,27402.05,213.0068,1912.64,0.11136797
2023-02-03,27509.46,209.7653,1864.85,0.11248374
2023-02-06,27693.65,208.8148,1867.69,0.11180380
2023-02-07,27685.47,211.2274,1873.72,0.11273157
2023-02-08,27606.46,210.1748,1875.55,0.11206036
2023-02-09,27584.35,209.8100,1861.7,0.11269807
2023-02-10,27670.98,210.5650,1864.2,0.11295194
2023-02-13,27427.32,207.1245,1853.45,0.11175078
2023-02-14,27602.77,207.4164,1854.46,0.11184734
2023-02-15,27501.86,205.2056,1835.91,0.11177324
2023-02-16,27696.44,206.7230,1836.5,0.11256358
2023-02-17,27513.13,205.0296,1841.93,0.11131239
2023-02-20,27531.94,205.0521,1841.295,0.11136300
2023-02-21,27473.1,203.5738,1835.01,0.11093880
2023-02-22,27104.32,200.9424,1825.26,0.11008975
2023-02-24,27453.48,201.2482,1810.98,0.11112671
2023-02-27,27423.96,201.3484,1817.31,0.11079477
2023-02-28,27445.56,201.4922,1826.8,0.11029792
2023-03-01,27516.53,202.1446,1836.705,0.11005829
2023-03-02,27498.87,201.1261,1835.75,0.10956074
2023-03-03,27927.47,205.6045,1855.24,0.11082369
2023-03-06,28237.78,207.7163,1846.76,0.11247605
2023-03-07,28309.16,206.4629,1813.23,0.11386470
2023-03-08,28444.19,207.2006,1813.82,0.11423439
2023-03-09,28623.15,210.2124,1830.86,0.11481620
2023-03-10,28143.97,208.6903,1869.9,0.11160504
2023-03-13,27832.96,208.9389,1910.27,0.10937663
2023-03-14,27222.04,202.7833,1904.27,0.10648875
2023-03-15,27229.48,204.2048,1920.35,0.10633726
2023-03-16,27010.61,202.3524,1920.02,0.10539080
2023-03-17,27333.79,207.3160,1989.33,0.10421400
2023-03-20,26945.67,205.0488,1978.36,0.10364586
2023-03-22,27466.61,208.9049,1965.71,0.10627454
2023-03-23,27419.61,209.5692,1992.03,0.10520382
2023-03-24,27385.25,209.5043,1977.78,0.10592902
2023-03-27,27476.87,208.8678,1956.52,0.10675474
2023-03-28,27518.25,210.2917,1973.7,0.10654696
2023-03-29,27883.78,210.0560,1964.52,0.10692485
2023-03-30,27782.93,209.4051,1980.31,0.10574361
2023-03-31,28041.48,211.2193,1970.8,0.10717442
2023-04-03,28188.15,212.8653,1984.565,0.10726041
2023-04-04,28287.42,214.7265,2020.665,0.10626525
2023-04-05,27813.26,211.9041,2020.84,0.10485941
2023-04-06,27472.63,208.5842,2007.465,0.10390430
2023-04-07,27518.31,208.9311,2007.465,0.10407706
2023-04-10,27633.66,206.8543,1991.35,0.10387639
2023-04-11,27923.37,208.9056,2003.62,0.10426409
2023-04-12,28082.7,210.9340,2014.94,0.10468501
2023-04-13,28156.97,212.3876,2040.15,0.10410392
2023-04-14,28493.47,213.0130,2005.45,0.10621706
2023-04-17,28514.78,212.0752,1995.16,0.10629482
2023-04-18,28658.83,213.7379,2005.28,0.10658755
2023-04-19,28606.76,212.4922,1994.79,0.10652358
2023-04-20,28657.57,213.5127,2004.82,0.10649969
2023-04-21,28564.37,213.0461,1982.78,0.10744818
2023-04-24,28593.52,213.0688,1989.1,0.10711822
2023-04-25,28620.07,214.0082,1997.13,0.10715789
2023-04-26,28416.47,212.6408,1989.46,0.10688369
2023-04-27,28457.68,212.5262,1987.85,0.10691258
2023-04-28,28856.44,211.8028,1989.27,0.10647264
2023-05-01,29123.18,211.8196,1982.48,0.10684576
2023-05-02,29157.95,213.5300,2016.7,0.10588090
2023-05-08,28949.88,214.3213,2021.49,0.10602146
2023-05-09,29242.82,216.2603,2034.56,0.10629338
2023-05-10,29122.18,216.8329,2030.185,0.10680452
2023-05-11,29126.72,216.5290,2015.12,0.10745215
2023-05-12,29388.3,216.5714,2011.06,0.10769015
2023-05-15,29626.34,217.6919,2016.46,0.10795745
2023-05-16,29842.99,218.8304,1988.92,0.11002472
2023-05-17,30093.59,218.7551,1981.57,0.11039483
2023-05-18,30573.93,220.4615,1957.53,0.11262228
2023-05-19,30808.35,223.3055,1976.33,0.11299001
2023-05-22,31086.82,224.3151,1971.82,0.11376043
2023-05-23,30957.77,223.4573,1975.03,0.11314120
2023-05-24,30682.68,220.1503,1957.36,0.11247309
2023-05-25,30801.13,219.9075,1940.86,0.11330418
2023-05-26,30916.31,219.9353,1947.59,0.11292692
2023-05-29,31233.54,222.4881,1943.385,0.11448480
2023-05-30,31328.16,224.1079,1959.43,0.11437404
2023-05-31,30887.88,221.6966,1962.93,0.11294168
2023-06-01,31148.01,224.3665,1977.58,0.11345506
2023-06-02,31524.22,225.2036,1948.75,0.11556309
2023-06-05,32217.43,230.8600,1961.89,0.11767222
2023-06-06,32506.78,232.7899,1963.36,0.11856709
2023-06-07,31913.74,227.7406,1940.01,0.11739144
2023-06-08,31641.27,227.7915,1965.7,0.11588317
2023-06-09,32265.17,231.3794,1960.04,0.11804833
2023-06-12,32434,232.3436,1957.49,0.11869464
2023-06-13,33018.65,235.4934,1943.6,0.12116352
2023-06-14,33502.42,239.2253,1941.97,0.12318689
2023-06-15,33485.49,238.6910,1958.045,0.12190274
2023-06-16,33706.08,237.6312,1955.66,0.12150945
2023-06-19,33370.42,235.0965,1950.35,0.12054067
2023-06-20,33388.91,236.1317,1936.325,0.12194840
2023-06-21,33575.14,236.6897,1932.7,0.12246581
2023-06-22,33264.88,232.4777,1913.77,0.12147628
2023-06-23,32781.54,227.9789,1919.15,0.11879159
2023-06-26,32698.81,227.9004,1923.145,0.11850402
2023-06-27,32538.33,225.9018,1913.765,0.11804051
2023-06-28,33193.99,229.9023,1907.425,0.12053021
2023-06-29,33234.14,229.5873,1908.235,0.12031396
2023-06-30,33189.04,230.0465,1920.185,0.11980435
2023-07-03,33753.33,233.3279,1921.59,0.12142439
2023-07-04,33422.52,231.3666,1925.895,0.12013457
2023-07-05,33338.7,230.6035,1915.235,0.12040483
2023-07-06,32773.02,227.5248,1910.925,0.11906529
2023-07-07,32388.42,227.8917,1924.845,0.11839482
2023-07-10,32189.73,227.7597,1925.345,0.11829551
2023-07-11,32203.57,229.4298,1932.225,0.11873866
2023-07-12,31943.93,230.7479,1957.425,0.11788339
2023-07-13,32419.33,234.7917,1960.475,0.11976265
2023-07-14,32391.26,233.1984,1954.535,0.11931146
2023-07-18,32493.89,234.0595,1978.805,0.11828324
2023-07-19,32896.03,235.6196,1977.01,0.11917977
2023-07-20,32490.52,231.9666,1969.53,0.11777765
2023-07-21,32304.25,227.8638,1962.5,0.11610894
2023-07-24,32700.94,231.1780,1954.855,0.11825840
2023-07-25,32682.51,231.8969,1965.015,0.11801280
2023-07-26,32668.34,233.0049,1972.295,0.11813899
2023-07-27,32891.16,235.8728,1945.645,0.12123114
2023-07-28,32759.23,232.1868,1959.135,0.11851494
2023-07-31,33172.22,233.1466,1965.575,0.11861498
2023-08-01,33476.58,234.4175,1944.175,0.12057429
2023-08-02,32707.69,228.2479,1934.895,0.11796395
2023-08-03,32159.28,225.6245,1934.165,0.11665216
2023-08-04,32192.75,227.0053,1941.515,0.11692171
2023-08-07,32254.56,226.3756,1936.645,0.11689060
2023-08-08,32377.29,225.8547,1925.305,0.11730854
2023-08-09,32204.33,224.1393,1914.785,0.11705715
2023-08-10,32473.65,224.4190,1912.375,0.11735092
2023-08-14,32059.91,220.2651,1907.495,0.11547347
2023-08-15,32238.89,221.4727,1901.985,0.11644291
2023-08-16,31766.82,217.1645,1892.12,0.11477310
2023-08-17,31626,216.8615,1889.38,0.11477920
2023-08-18,31450.76,216.3914,1889.48,0.11452432
2023-08-21,31565.64,215.8829,1894.68,0.11394161
2023-08-22,31856.71,218.3874,1897.45,0.11509519
2023-08-23,32010.26,221.0417,1915.605,0.11539000
2023-08-24,32287.21,221.4046,1916.83,0.11550560
2023-08-25,31624.28,216.0527,1914.355,0.11285926
2023-08-28,32169.99,219.5297,1920.235,0.11432439
2023-08-29,32226.97,220.8484,1937.465,0.11398832
2023-08-30,32333.46,221.1825,1942.58,0.11386020
2023-08-31,32619.34,224.1217,1940.095,0.11552098
2023-09-01,32710.62,223.7496,1940.585,0.11530006
2023-09-04,32939.18,224.8846,1938.355,0.11601826
2023-09-05,33036.76,223.6800,1926.115,0.11613016
2023-09-06,33241.02,225.1545,1916.565,0.11747814
2023-09-07,32991.08,223.9956,1919.705,0.11668230
2023-09-08,32606.84,220.5400,1919.255,0.11490917
2023-09-11,32467.76,221.5231,1922.415,0.11523169
2023-09-12,32776.37,222.7866,1913.425,0.11643343
2023-09-13,32706.52,221.9340,1908.245,0.11630266
2023-09-14,33168.1,224.9775,1910.635,0.11775014
2023-09-15,33533.09,226.7910,1922.505,0.11796640
2023-09-19,33242.59,224.9465,1931.435,0.11646598
2023-09-20,33023.78,222.8333,1930.405,0.11543343
2023-09-21,32571.03,220.7098,1920.11,0.11494644
2023-09-22,32402.41,218.3569,1925.415,0.11340768
2023-09-25,32678.62,219.5524,1915.995,0.11458924
2023-09-26,32315.05,216.8664,1900.665,0.11410029
2023-09-27,32371.9,216.5670,1875.06,0.11549873
2023-09-28,31872.52,213.5040,1864.94,0.11448305
2023-09-29,31857.62,213.1971,1848.49,0.11533583
2023-10-02,31759.88,211.9565,1827.89,0.11595692
2023-10-03,31237.94,209.5697,1822.975,0.11496029
2023-10-04,30526.88,204.8530,1821.25,0.11247932
2023-10-05,31075.36,209.2730,1820.255,0.11496903
2023-10-06,30994.67,207.5513,1829.385,0.11345413
2023-10-10,31746.53,213.4967,1860.5,0.11475232
2023-10-11,31936.51,214.2082,1874.35,0.11428397
2023-10-12,32494.66,216.9623,1868.81,0.11609650
2023-10-13,32315.99,216.1503,1928.23,0.11209780
2023-10-16,31659.03,211.7130,1920.185,0.11025655
2023-10-17,32040.29,213.9100,1923.145,0.11122924
2023-10-18,32042.25,213.8909,1947.735,0.10981521
2023-10-19,31430.62,209.8571,1974.385,0.10628988
2023-10-20,31259.36,208.5807,1979.84,0.10535229
2023-10-23,30999.55,207.0585,1972.85,0.10495398
2023-10-24,31062.35,207.2792,1971.12,0.10515811
2023-10-25,31269.92,208.2392,1979.565,0.10519440
2023-10-26,30601.78,203.4936,1984.87,0.10252240
2023-10-27,30991.69,207.2260,2007.33,0.10323466
2023-10-30,30696.96,205.8472,1995.14,0.10317430
2023-10-31,30858.85,203.8260,1984.69,0.10269917
2023-11-01,31601.65,209.7506,1983.925,0.10572505
2023-11-02,31949.89,212.3198,1985,0.10696214
2023-11-06,32708.48,218.0638,1977.99,0.11024515
2023-11-07,32271.82,214.6432,1969.13,0.10900408
2023-11-08,32166.48,213.1699,1950.28,0.10930218
2023-11-09,32646.46,215.7688,1958.435,0.11017407
2023-11-10,32568.11,214.9256,1936.025,0.11101387
2023-11-13,32585.11,214.8330,1946.21,0.11038529
2023-11-14,32695.93,217.2877,1963.125,0.11068459
2023-11-15,33519.7,221.5893,1959.395,0.11309066
2023-11-16,33424.41,221.7774,1981.27,0.11193701
2023-11-17,33585.2,224.3620,1980.79,0.11326896
2023-11-20,33388.03,225.0868,1978.015,0.11379430
2023-11-21,33354.14,224.9911,1998.41,0.11258504
2023-11-22,33451.83,223.7311,1989.9,0.11243335
2023-11-24,33625.53,224.9688,2002.445,0.11234708
2023-11-27,33447.67,225.0247,2014.02,0.11172912
2023-11-28,33408.39,226.5897,2040.95,0.11102170
2023-11-29,33321.22,226.5648,2044.205,0.11083270
2023-11-30,33486.89,226.0070,2036.195,0.11099476
2023-12-01,33431.51,227.6281,2070.895,0.10991774
2023-12-04,33231.27,225.8518,2029.42,0.11128884
2023-12-05,32775.82,222.7859,2019.34,0.11032611
2023-12-06,33445.9,227.1600,2025.4,0.11215561
2023-12-07,32858.31,227.8157,2028.64,0.11229970
2023-12-08,32307.86,222.8313,2002.82,0.11125876
2023-12-11,32791.8,224.3578,1981.98,0.11319882
2023-12-12,32843.7,225.8269,1979.47,0.11408453
2023-12-13,32926.35,230.9292,2027.56,0.11389513
2023-12-14,32686.25,230.3438,2036.38,0.11311436
2023-12-15,32970.55,231.7838,2018.145,0.11484992
2023-12-18,32758.98,229.3950,2027.29,0.11315351
2023-12-19,33219.39,230.9019,2040.27,0.11317221
2023-12-20,33675.94,234.7426,2031.275,0.11556417
2023-12-21,33140.47,233.0488,2045.81,0.11391517
2023-12-22,33169.05,232.7881,2053.335,0.11337075
2023-12-25,33254.03,233.3845,2053.335,0.11366121
2023-12-26,33305.85,233.8820,2068.045,0.11309329
2023-12-27,33681.24,237.8434,2077.675,0.11447574
2023-12-28,33539.62,237.2714,2065.445,0.11487666
2023-12-29,33464.17,237.3935,2063.235,0.11505886
2024-01-04,33288.29,230.2111,2043.56,0.11265197
2024-01-05,33377.42,230.5899,2043.805,0.11282380
2024-01-09,33763.18,233.7749,2030.21,0.11514816
2024-01-10,34441.72,236.4610,2024.39,0.11680603
2024-01-11,35049.86,241.1436,2028.995,0.11884879
2024-01-12,35577.11,245.5287,2047.59,0.11991107
2024-01-15,35901.79,246.3371,2054.815,0.11988288
2024-01-16,35619.18,242.1097,2028.345,0.11936318
2024-01-17,35477.75,239.5106,2006.26,0.11938165
2024-01-18,35466.17,239.4227,2023.17,0.11834040
2024-01-19,35963.27,242.7425,2028.52,0.11966482
2024-01-22,36546.95,246.9681,2021.645,0.12216193
2024-01-23,36517.57,246.0910,2029.26,0.12127131
2024-01-24,36226.48,245.6815,2014.01,0.12198626
2024-01-25,36236.47,245.4247,2020.88,0.12144448
2024-01-26,35751.07,241.4406,2018.66,0.11960437
2024-01-29,36026.94,244.2322,2032.865,0.12014188
2024-01-30,36065.86,244.3304,2036.95,0.11994916
2024-01-31,36286.71,247.0669,2039.57,0.12113674
2024-02-01,36011.46,245.8439,2054.99,0.11963265
2024-02-02,36158.02,243.8019,2036.135,0.11973760
2024-02-05,36354.16,244.5202,2025.17,0.12074057
2024-02-06,36160.66,244.5122,2036.05,0.12009144
2024-02-07,36119.92,243.9587,2035.145,0.11987290
2024-02-08,36863.28,246.9397,2034.48,0.12137730
2024-02-09,36897.42,247.1626,2025.175,0.12204505
2024-02-13,37963.97,252.0087,1993.245,0.12643135
2024-02-14,37703.32,250.5071,1992.35,0.12573448
2024-02-15,38157.94,254.5492,2004.3,0.12700154
2024-02-16,38487.24,256.1700,2012.03,0.12731919
2024-02-19,38470.38,256.2505,2018.03,0.12698054
2024-02-20,38363.61,255.8239,2024.335,0.12637430
2024-02-21,38262.16,254.5397,2026.095,0.12563071
2024-02-22,39098.68,259.7582,2024.45,0.12831052
2024-02-26,39233.71,260.4045,2031.215,0.12820134
2024-02-27,39239.52,260.7528,2030.32,0.12842942
2024-02-28,39208.03,260.2565,2034.52,0.12792034
2024-02-29,39166.19,261.1280,2044.195,0.12774122
2024-03-01,39910.82,265.8046,2083.595,0.12757016
2024-03-04,40109.23,266.6048,2114.625,0.12607665
2024-03-05,40097.63,267.2757,2127.75,0.12561422
2024-03-06,40090.78,268.4746,2147.86,0.12499634
2024-03-07,39598.71,267.7108,2160.115,0.12393358
2024-03-08,39688.94,269.8790,2177.405,0.12394523
2024-03-11,38820.49,264.1730,2181.395,0.12110279
2024-03-12,38797.51,262.8860,2158.655,0.12178233
2024-03-13,38695.97,261.9761,2174.705,0.12046513
2024-03-14,38807.38,261.7522,2161.625,0.12109047
2024-03-15,38707.64,259.6661,2156.065,0.12043517
2024-03-18,39740.44,266.6177,2161.375,0.12335561
2024-03-19,40003.6,265.2020,2158.795,0.12284724
2024-03-21,40815.66,269.3267,2181.355,0.12346764
2024-03-22,40888.43,269.9797,2165.225,0.12468900
2024-03-25,40414.12,266.9008,2172.085,0.12287770
2024-03-26,40398.03,266.5991,2178.375,0.12238440
2024-03-27,40762.73,269.3489,2192.355,0.12285827
2024-03-28,40168.07,265.2829,2233.99,0.11874846
2024-03-29,40369.44,266.6128,2233.99,0.11934376
2024-04-01,39803.09,262.4841,2251.9,0.11656117
2024-04-02,39838.91,262.8365,2280.495,0.11525412
2024-04-03,39451.85,260.1395,2300.44,0.11308251
2024-04-04,39773.14,262.8491,2291.035,0.11472940
2024-04-05,38992.08,257.1189,2323.585,0.11065612
2024-04-08,39347.04,259.1528,2339.325,0.11078102
2024-04-09,39773.13,262.0740,2352.95,0.11138101
2024-04-10,39581.81,258.6886,2334.19,0.11082584
2024-04-11,39442.63,257.4374,2372.55,0.10850663
2024-04-12,39523.55,257.9193,2343.14,0.11007421
2024-04-15,39232.8,254.3744,2383.225,0.10673537
2024-04-16,38471.2,248.7373,2382.58,0.10439829
2024-04-17,37961.8,245.9606,2360.38,0.10420380
2024-04-18,38079.7,246.2984,2379.305,0.10351694
2024-04-19,37068.35,239.7617,2387.69,0.10041574
2024-04-22,37438.61,241.8296,2327.075,0.10391999
2024-04-23,37552.16,242.6148,2322.02,0.10448437
2024-04-24,38460.08,247.7507,2316.11,0.10696846
2024-04-25,37628.48,241.8384,2332.22,0.10369450
2024-04-26,37934.76,240.2592,2340.085,0.10267113
2024-04-30,38405.66,243.5007,2285.94,0.10652103
2024-05-01,38274.05,247.9580,2319.305,0.10691047
2024-05-02,38236.07,248.7368,2303.67,0.10797415
2024-05-07,38835.1,251.1867,2313.99,0.10855134
2024-05-08,38202.37,245.6412,2308.385,0.10641259
2024-05-09,38073.98,244.8739,2346.3,0.10436600
2024-05-10,38229.11,245.4076,2363.435,0.10383515
2024-05-13,38179.46,244.4033,2336.465,0.10460387
2024-05-14,38356.06,245.2049,2357.985,0.10398919
2024-05-15,38385.73,247.9722,2386.085,0.10392431
2024-05-16,38920.26,250.5029,2376.74,0.10539769
2024-05-17,38787.38,249.1457,2416.5,0.10310189
2024-05-20,39069.68,250.0900,2426.36,0.10307208
2024-05-21,38946.93,249.4056,2420.935,0.10302036
2024-05-22,38617.1,246.4428,2378.74,0.10360226
2024-05-23,39103.22,249.1008,2328.885,0.10696140
2024-05-24,38646.11,246.2610,2333.825,0.10551820
2024-05-27,38900.02,247.9477,2350.845,0.10547174
2024-05-28,38855.37,247.2298,2361.215,0.10470447
2024-05-29,38556.87,244.6548,2337.81,0.10465130
2024-05-30,38054.13,242.7146,2343.245,0.10358055
2024-05-31,38487.9,244.7195,2327.825,0.10512798
2024-06-03,38923.03,249.3252,2350.735,0.10606266
2024-06-04,38837.46,250.8337,2327.025,0.10779158
2024-06-05,38490.17,246.6386,2355.335,0.10471486
2024-06-06,38703.51,248.7220,2376.135,0.10467504
2024-06-07,38683.93,246.7890,2287.92,0.10786610
2024-06-10,39038.16,248.6174,2310.695,0.10759423
2024-06-11,39134.79,249.0663,2316.87,0.10750119
2024-06-12,38876.71,248.2580,2324.765,0.10678844
2024-06-13,38720.47,246.6162,2303.96,0.10704014
2024-06-14,38814.56,246.7456,2332.64,0.10577954
2024-06-17,38102.44,241.5621,2319.165,0.10415910
2024-06-18,38482.11,243.8100,2329.51,0.10466148
2024-06-19,38570.76,244.1110,2328.225,0.10484855
2024-06-20,38633.02,243.1103,2359.995,0.10301305
2024-06-21,38596.47,241.8234,2322.415,0.10412585
2024-06-24,38804.65,243.1217,2334.42,0.10414650
2024-06-25,39173.15,245.3482,2319.605,0.10577154
2024-06-26,39667.07,246.7395,2298.24,0.10736018
2024-06-27,39341.54,244.7313,2327.915,0.10512898
2024-06-28,39583.08,246.0548,2325.185,0.10582160
2024-07-01,39631.06,245.4399,2331.855,0.10525522
2024-07-02,40074.69,248.2204,2329.575,0.10655180
2024-07-03,40580.76,251.1629,2356.25,0.10659432
2024-07-04,40913.65,253.7233,2357.345,0.10763098
2024-07-05,40912.37,254.4808,2388.865,0.10652791
2024-07-08,40780.7,253.6145,2359.045,0.10750726
2024-07-09,41580.17,257.8000,2364.025,0.10905129
2024-07-10,41831.99,258.8998,2371.355,0.10917799
2024-07-11,42224.02,265.6559,2415.345,0.10998675
2024-07-12,41190.68,260.9780,2412.76,0.10816575
2024-07-16,41275.08,260.6902,2468.76,0.10559560
2024-07-17,41097.69,263.1650,2458.925,0.10702441
2024-07-18,40126.35,255.0101,2445.36,0.10428326
2024-07-19,40063.79,254.3587,2398.595,0.10604489
2024-07-22,39599,252.3113,2396.57,0.10528018
2024-07-23,39594.39,254.4839,2409.56,0.10561427
2024-07-24,39154.85,254.5945,2397.52,0.10619077
2024-07-25,37869.51,246.0145,2364.45,0.10404726
2024-07-26,37667.41,244.9769,2386.385,0.10265609
2024-07-29,38468.63,249.7639,2384.125,0.10476123
2024-07-30,38525.95,252.2917,2410.725,0.10465386
2024-07-31,39101.82,260.8788,2447.64,0.10658381
2024-08-01,38126.33,255.2835,2446.325,0.10435386
2024-08-02,35909.7,244.9736,2437.455,0.10050384
2024-08-05,31458.42,218.3263,2410.415,0.09057623
2024-08-06,34675.46,239.8690,2390.72,0.10033336
2024-08-07,35089.62,239.1458,2382.845,0.10036145
2024-08-08,34831.15,236.5989,2427.5,0.09746609
2024-08-09,35025,238.8388,2429.08,0.09832482
2024-08-13,36232.51,246.7205,2465.115,0.10008479
2024-08-14,36442.43,247.4742,2448.005,0.10109219
2024-08-15,36726.64,245.9601,2456.785,0.10011462
2024-08-16,38062.67,257.7026,2508.135,0.10274669
2024-08-19,37388.62,255.0296,2504.23,0.10183954
2024-08-20,38062.92,262.2488,2513.975,0.10431639
2024-08-21,37951.8,261.4165,2512.42,0.10404970
2024-08-22,38211.01,261.2781,2484.8,0.10515056
2024-08-23,38364.27,265.9863,2510.94,0.10593097
2024-08-26,38110.22,263.6865,2518.05,0.10471855
2024-08-27,38288.62,265.9865,2524.59,0.10535829
2024-08-28,38371.76,265.6248,2504.735,0.10604906
2024-08-29,38362.53,264.5819,2521.175,0.10494390
2024-08-30,38647.75,264.3883,2502.54,0.10564797
2024-09-02,38700.87,263.4343,2499.54,0.10539311
2024-09-03,38686.31,265.9886,2492.96,0.10669589
2024-09-04,37047.61,257.9001,2495.65,0.10333986
2024-09-05,36657.09,255.5712,2516.76,0.10154771
2024-09-06,36391.47,255.5240,2495.95,0.10237544
2024-09-09,36215.75,252.9766,2506.22,0.10093950
2024-09-10,36159.16,253.8732,2516.65,0.10087744
2024-09-11,35619.77,250.3137,2511.52,0.09966623
2024-09-12,36833.27,259.6818,2558.795,0.10148598
2024-09-13,36581.76,259.5740,2582.845,0.10049925
2024-09-17,36203.22,254.3165,2569.59,0.09897161
2024-09-18,36380.17,255.9577,2559.005,0.10002237
2024-09-19,37155.33,260.4677,2586.77,0.10069226
2024-09-20,37723.91,262.1118,2621.17,0.09999800
2024-09-24,37940.59,264.9335,2657.145,0.09970606
2024-09-25,37870.26,261.7528,2657.17,0.09850810
2024-09-26,38925.63,268.8141,2672.45,0.10058715
2024-09-27,39829.56,280.1308,2652.05,0.10562803
2024-09-30,37919.55,264.0508,2634.735,0.10021913
2024-10-01,38651.97,269.1060,2663.435,0.10103721
2024-10-02,37808.76,258.3015,2658.81,0.09714931
2024-10-03,38552.06,262.4964,2656.21,0.09882367
2024-10-04,38635.62,259.6969,2651.64,0.09793820
2024-10-07,39332.74,265.4873,2642.66,0.10046215
2024-10-08,38937.54,262.6886,2621.955,0.10018806
2024-10-09,39277.96,263.2959,2607.825,0.10096380
2024-10-10,39380.89,265.1117,2630.155,0.10079700
2024-10-11,39605.8,265.5577,2656.195,0.09997672
2024-10-15,39910.55,267.4835,2662.855,0.10044991
2024-10-16,39180.3,261.9232,2673.84,0.09795768
2024-10-17,38911.19,259.1203,2693.1,0.09621637
2024-10-18,38981.75,260.7074,2719.83,0.09585429
2024-10-21,38954.6,258.4396,2719.745,0.09502347
2024-10-22,38411.96,254.2879,2749.015,0.09250144
2024-10-23,38104.86,249.5578,2715.52,0.09190057
2024-10-24,38143.29,251.2245,2735.985,0.09182232
2024-10-25,37913.92,249.0045,2742.535,0.09079355
2024-10-28,38605.53,251.8217,2742.225,0.09183117
2024-10-29,38903.68,253.8493,2774.68,0.09148779
2024-10-30,39277.39,256.2126,2787.59,0.09191186
2024-10-31,39081.25,257.0120,2746.205,0.09358807
2024-11-01,38053.67,248.7363,2736.515,0.09089528
2024-11-05,38474.9,253.7730,2743.995,0.09248303
2024-11-06,39480.67,255.4722,2659.055,0.09607630
2024-11-07,39381.41,257.4815,2706.51,0.09513414
2024-11-08,39500.37,258.9899,2685.17,0.09645197
2024-11-11,39533.32,257.1607,2619.54,0.09817019
2024-11-12,39376.09,254.8119,2598.275,0.09806966
2024-11-13,38721.66,249.1292,2572.935,0.09682687
2024-11-14,38535.7,246.5551,2565.05,0.09612097
2024-11-15,38642.91,250.4499,2562.33,0.09774301
2024-11-18,38220.85,247.1362,2611.87,0.09462041
2024-11-19,38414.43,248.4787,2632.265,0.09439729
2024-11-20,38352.34,246.8770,2650.265,0.09315181
2024-11-21,38026.17,246.1034,2669.665,0.09218511
2024-11-22,38283.85,247.2510,2705.95,0.09137308
2024-11-25,38780.14,251.6230,2625.23,0.09584799
2024-11-26,38442,251.1318,2633.225,0.09537043
2024-11-27,38134.97,252.5729,2635.945,0.09581872
2024-11-28,38349.06,253.0656,2637.585,0.09594596
2024-11-29,38208.03,255.3176,2650.455,0.09632974
2024-12-02,38513.02,257.5260,2639.06,0.09758249
2024-12-03,39248.86,262.3596,2643.665,0.09924085
2024-12-04,39276.39,260.9181,2650.095,0.09845612
2024-12-05,39395.6,262.4956,2631.985,0.09973293
2024-12-06,39091.17,260.6764,2631.985,0.09904177
2024-12-09,39160.5,258.9158,2660.395,0.09732232
2024-12-10,39367.58,259.0876,2693.945,0.09617404
2024-12-11,39372.23,258.2929,2718.13,0.09502595
2024-12-12,39849.14,261.1466,2680.865,0.09741131
2024-12-13,39470.44,256.8729,2647.72,0.09701662
2024-12-16,39457.49,255.9789,2652.725,0.09649660
2024-12-17,39364.68,256.5327,2646.63,0.09692804
2024-12-18,39081.71,252.5433,2585.34,0.09768283
2024-12-19,38813.58,246.5286,2594.285,0.09502756
2024-12-20,38701.9,247.5329,2623.09,0.09436693
2024-12-23,39161.34,249.1877,2612.945,0.09536660
2024-12-24,39036.85,248.2021,2616.18,0.09487194
2024-12-25,39130.43,248.7971,2616.18,0.09509937
2024-12-26,39568.06,250.6021,2633.795,0.09514866
2024-12-27,40281.16,255.0789,2615.555,0.09752380
2024-12-30,39894.54,254.2770,2605.965,0.09757500
2025-01-06,39307.05,249.3786,2636.085,0.09460187
2025-01-07,40083.3,253.6268,2648.735,0.09575392
2025-01-08,39981.06,252.5516,2662.1,0.09486930
2025-01-09,39605.09,250.4305,2670.36,0.09378157
2025-01-10,39190.4,248.3171,2690.62,0.09228992
2025-01-14,38474.3,243.5845,2677.36,0.09097938
2025-01-15,38444.58,245.8313,2696.525,0.09116598
2025-01-16,38572.6,248.5660,2714.685,0.09156349
2025-01-17,38451.46,246.2422,2700.865,0.09117161
2025-01-20,38902.5,249.9293,2706.425,0.09234667
2025-01-21,39027.98,251.0048,2744.81,0.09144705
2025-01-22,39646.25,253.4408,2756.305,0.09194947
2025-01-23,39958.87,256.0908,2754.885,0.09295879
2025-01-24,39931.98,256.1401,2771.105,0.09243246
2025-01-27,39565.8,256.0156,2740.93,0.09340464
2025-01-28,39016.87,250.8373,2763.89,0.09075518
2025-01-29,39414.78,253.9620,2759.62,0.09202790
2025-01-30,39513.97,256.2099,2794.195,0.09169363
2025-01-31,39572.49,255.1484,2801.28,0.09108278
2025-02-03,38520.09,248.7928,2815,0.08838110
2025-02-04,38798.37,251.3165,2842.58,0.08841141
2025-02-05,38831.48,254.5150,2866.67,0.08878420
2025-02-06,39066.53,257.9364,2856.035,0.09031276
2025-02-07,38787.02,256.3499,2860.655,0.08961231
2025-02-10,38801.17,255.4608,2908.045,0.08784622
2025-02-12,38963.7,252.3932,2903.91,0.08691494
2025-02-13,39461.47,258.1695,2928.14,0.08816844
2025-02-14,39149.43,257.0007,2885.16,0.08907676
2025-02-17,39174.25,258.5375,2899.265,0.08917347
2025-02-18,39270.4,258.2475,2935.29,0.08798022
2025-02-19,39164.61,258.6933,2932.94,0.08820272
2025-02-20,38678.04,258.6208,2939.675,0.08797600
2025-02-21,38776.94,260.0089,2934.92,0.08859146
2025-02-25,38237.79,256.4118,2914.995,0.08796302
2025-02-26,38142.37,256.0114,2916.38,0.08778396
2025-02-27,38256.17,255.4217,2877.07,0.08877841
2025-02-28,37155.5,246.8607,2854.945,0.08646777
2025-03-03,37785.47,252.6079,2892.82,0.08732237
2025-03-04,37331.18,249.2825,2917.99,0.08542953
2025-03-05,37418.24,251.4168,2919.17,0.08612613
2025-03-06,37704.93,254.8276,2911.14,0.08753533
2025-03-07,36887.17,249.2747,2909.36,0.08568025
2025-03-10,37028.27,251.8879,2884.98,0.08731009
2025-03-11,36793.11,248.7685,2917.51,0.08526740
2025-03-12,36819.09,248.3933,2938.16,0.08454043
2025-03-13,36790.03,248.6838,2987.325,0.08324631
2025-03-14,37053.1,249.2909,2985.045,0.08351327