Date,AssetPrice,AssetPriceUSD,GoldPrice,Ratio
1925-03-01,0.69,0.6900,20.67,0.03338171
1925-06-01,0.69,0.6900,20.67,0.03338171
1925-09-01,0.69,0.6900,20.67,0.03338171
1925-12-01,0.69,0.6900,20.67,0.03338171
1926-03-01,0.62,0.6200,20.67,0.02999516
1926-06-01,0.62,0.6200,20.67,0.02999516
1926-09-01,0.54,0.5400,20.67,0.02612482
1926-12-01,0.54,0.5400,20.67,0.02612482
1927-03-01,0.57,0.5700,20.67,0.02757620
1927-06-01,0.57,0.5700,20.67,0.02757620
1927-09-01,0.58,0.5800,20.67,0.02805999
1927-12-01,0.58,0.5800,20.67,0.02805999
1928-03-01,0.58,0.5800,20.67,0.02805999
1928-06-01,0.58,0.5800,20.67,0.02805999
1928-09-01,0.58,0.5800,20.67,0.02805999
1928-12-01,0.58,0.5800,20.67,0.02805999
1929-03-01,0.53,0.5300,20.67,0.02564103
1929-06-01,0.53,0.5300,20.67,0.02564103
1929-09-01,0.49,0.4900,20.67,0.02370585
1929-12-01,0.49,0.4900,20.67,0.02370585
1930-03-01,0.38,0.3800,20.67,0.01838413
1930-06-01,0.38,0.3800,20.67,0.01838413
1930-09-01,0.33,0.3300,20.67,0.01596517
1930-12-01,0.33,0.3300,20.67,0.01596517
1931-03-01,0.3,0.3000,20.67,0.01451379
1931-06-01,0.3,0.3000,20.67,0.01451379
1931-09-01,0.29,0.2900,20.67,0.01403000
1931-12-01,0.29,0.2900,20.67,0.01403000
1932-03-01,0.25,0.2500,20.67,0.01209482
1932-06-01,0.25,0.2500,20.67,0.01209482
1932-09-01,0.28,0.2800,20.67,0.01354620
1932-12-01,0.28,0.2800,20.67,0.01354620
1933-03-01,0.35,0.3500,20.67,0.01693275
1933-06-01,0.35,0.3500,20.67,0.01693275
1933-09-01,0.44,0.4400,34.06,0.01291838
1933-12-01,0.44,0.4400,32.32,0.01361386
1934-03-01,0.48,0.4800,34.06,0.01409278
1934-06-01,0.48,0.4800,34.06,0.01409278
1934-09-01,0.54,0.5400,35,0.01542857
1934-12-01,0.54,0.5400,35,0.01542857
1935-03-01,0.64,0.6400,35,0.01828571
1935-06-01,0.64,0.6400,35,0.01828571
1935-09-01,0.58,0.5800,35,0.01657143
1935-12-01,0.58,0.5800,35,0.01657143
1936-03-01,0.45,0.4500,35,0.01285714
1936-06-01,0.45,0.4500,35,0.01285714
1936-09-01,0.45,0.4500,35,0.01285714
1936-12-01,0.45,0.4500,35,0.01285714
1937-03-01,0.45,0.4500,35,0.01285714
1937-06-01,0.45,0.4500,35,0.01285714
1937-09-01,0.44,0.4400,35,0.01257143
1937-12-01,0.44,0.4400,35,0.01257143
1938-03-01,0.43,0.4300,35,0.01228571
1938-06-01,0.43,0.4300,35,0.01228571
1938-09-01,0.43,0.4300,35,0.01228571
1938-12-01,0.43,0.4300,35,0.01228571
1939-03-01,0.39,0.3900,35,0.01114286
1939-06-01,0.39,0.3900,35,0.01114286
1939-09-01,0.35,0.3500,35,0.01000000
1939-12-01,0.35,0.3500,35,0.01000000
1940-03-01,0.35,0.3500,34.75,0.01007194
1940-06-01,0.35,0.3500,34.75,0.01007194
1940-09-01,0.35,0.3500,34.1,0.01026393
1940-12-01,0.35,0.3500,34.5,0.01014493
1941-03-01,0.35,0.3500,34.5,0.01014493
1941-06-01,0.35,0.3500,34.25,0.01021898
1941-09-01,0.35,0.3500,35.5,0.00985915
1941-12-01,0.35,0.3500,35.5,0.00985915
1942-03-01,0.38,0.3800,35.5,0.01070423
1942-06-01,0.38,0.3800,35,0.01085714
1942-09-01,0.45,0.4500,36.25,0.01241379
1942-12-01,0.45,0.4500,35.5,0.01267606
1943-03-01,0.45,0.4500,35.5,0.01267606
1943-06-01,0.45,0.4500,35.5,0.01267606
1943-09-01,0.45,0.4500,36.5,0.01232877
1943-12-01,0.45,0.4500,36.5,0.01232877
1944-03-01,0.45,0.4500,36.5,0.01232877
1944-06-01,0.45,0.4500,36.75,0.01224490
1944-09-01,0.45,0.4500,36,0.01250000
1944-12-01,0.45,0.4500,36.25,0.01241379
1945-03-01,0.52,0.5200,36.25,0.01434483
1945-06-01,0.52,0.5200,36.25,0.01434483
1945-09-01,0.71,0.7100,38.25,0.01856209
1945-12-01,0.71,0.7100,37.25,0.01906040
1946-03-01,0.8,0.8000,37.75,0.02119205
1946-06-01,0.8,0.8000,37.75,0.02119205
1946-09-01,0.87,0.8700,39.5,0.02202532
1946-12-01,0.87,0.8700,38.25,0.02274510
1947-03-01,0.75,0.7500,38.25,0.01960784
1947-06-01,0.75,0.7500,37.5,0.02000000
1947-09-01,0.72,0.7200,43.25,0.01664740
1947-12-01,0.72,0.7200,43,0.01674419
1948-03-01,0.7,0.7000,43,0.01627907
1948-06-01,0.7,0.7000,43.25,0.01618497
1948-09-01,0.74,0.7400,41.5,0.01783133
1948-12-01,0.74,0.7400,42,0.01761905
1949-03-01,0.72,0.7200,42,0.01714286
1949-06-01,0.72,0.7200,42.5,0.01694118
1949-09-01,0.73,0.7300,40.5,0.01802469
1949-12-01,0.73,0.7300,40.5,0.01802469
1950-03-01,0.74,0.7400,40.5,0.01827160
1950-06-01,0.74,0.7400,41.5,0.01783133
1950-09-01,0.8,0.8000,36.5,0.02191781
1950-12-01,0.8,0.8000,40.25,0.01987578
1951-03-01,0.88,0.8800,40.25,0.02186335
1951-06-01,0.88,0.8800,44,0.02000000
1951-09-01,0.89,0.8900,40,0.02225000
1951-12-01,0.89,0.8900,40,0.02225000
1952-03-01,0.85,0.8500,40,0.02125000
1952-06-01,0.85,0.8500,40.75,0.02085890
1952-09-01,0.83,0.8300,38.15,0.02175623
1952-12-01,0.83,0.8300,38.7,0.02144703
1953-03-01,0.85,0.8500,38.7,0.02196382
1953-06-01,0.85,0.8500,39.25,0.02165605
1953-09-01,0.85,0.8500,35.25,0.02411348
1953-12-01,0.85,0.8500,35.5,0.02394366
1954-03-01,0.85,0.8500,35.5,0.02394366
1954-06-01,0.85,0.8500,35.5,0.02394366
1954-09-01,0.85,0.8500,35.25,0.02411348
1954-12-01,0.85,0.8500,35.25,0.02411348
1955-03-01,0.89,0.8900,35.25,0.02524823
1955-06-01,0.89,0.8900,35.25,0.02524823
1955-09-01,0.91,0.9100,35.15,0.02588905
1955-12-01,0.91,0.9100,35.15,0.02588905
1956-03-01,0.91,0.9100,35.15,0.02588905
1956-06-01,0.91,0.9100,35.15,0.02588905
1956-09-01,0.91,0.9100,35.2,0.02585227
1956-12-01,0.91,0.9100,35.2,0.02585227
1957-03-01,0.91,0.9100,35.2,0.02585227
1957-06-01,0.91,0.9100,35.15,0.02588905
1957-09-01,0.9,0.9000,35.25,0.02553191
1957-12-01,0.9,0.9000,35.25,0.02553191
1958-03-01,0.89,0.8900,35.25,0.02524823
1958-06-01,0.89,0.8900,35.25,0.02524823
1958-09-01,0.9,0.9000,35.25,0.02553191
1958-12-01,0.9,0.9000,35.25,0.02553191
1959-03-01,0.91,0.9100,35.25,0.02581560
1959-06-01,0.91,0.9100,35.25,0.02581560
1959-09-01,0.91,0.9100,35.25,0.02581560
1959-12-01,0.91,0.9100,35.25,0.02581560
1960-03-01,0.91,0.9100,35.25,0.02581560
1960-06-01,0.91,0.9100,35.2,0.02585227
1960-09-01,0.91,0.9100,36.5,0.02493151
1960-12-01,0.91,0.9100,36.5,0.02493151
1961-03-01,0.92,0.9200,36.5,0.02520548
1961-06-01,0.92,0.9200,36.5,0.02520548
1961-09-01,1.03,1.0300,35.15,0.02930299
1961-12-01,1.03,1.0300,35.5,0.02901408
1962-03-01,1.09,1.0900,35.5,0.03070423
1962-06-01,1.09,1.0900,35.5,0.03070423
1962-09-01,1.2,1.2000,35.2,0.03409091
1962-12-01,1.2,1.2000,35.35,0.03394625
1963-03-01,1.28,1.2800,35.35,0.03620934
1963-06-01,1.28,1.2800,35.42,0.03613778
1963-09-03,1.29,1.2900,35.25,0.03659574
1963-09-04,1.3,1.3000,35.25,0.03687943
1963-09-05,1.3,1.3000,35.25,0.03687943
1963-09-06,1.3,1.3000,35.25,0.03687943
1963-12-02,1.29,1.2900,35.25,0.03659574
1963-12-03,1.29,1.2900,35.25,0.03659574
1963-12-04,1.29,1.2900,35.25,0.03659574
1963-12-05,1.29,1.2900,35.25,0.03659574
1963-12-06,1.29,1.2900,35.25,0.03659574
1964-03-02,1.3,1.3000,35.25,0.03687943
1964-03-03,1.3,1.3000,35.25,0.03687943
1964-03-04,1.3,1.3000,35.25,0.03687943
1964-03-05,1.3,1.3000,35.25,0.03687943
1964-03-06,1.3,1.3000,35.25,0.03687943
1964-06-01,1.3,1.3000,35.25,0.03687943
1964-06-02,1.3,1.3000,35.25,0.03687943
1964-06-03,1.3,1.3000,35.25,0.03687943
1964-06-04,1.3,1.3000,35.25,0.03687943
1964-06-05,1.3,1.3000,35.25,0.03687943
1964-06-08,1.3,1.3000,35.25,0.03687943
1964-09-01,1.3,1.3000,35.35,0.03677511
1964-09-02,1.3,1.3000,35.35,0.03677511
1964-09-03,1.3,1.3000,35.35,0.03677511
1964-09-04,1.3,1.3000,35.35,0.03677511
1964-09-08,1.3,1.3000,35.35,0.03677511
1964-12-01,1.35,1.3500,35.35,0.03818953
1964-12-02,1.35,1.3500,35.35,0.03818953
1964-12-03,1.35,1.3500,35.35,0.03818953
1964-12-04,1.35,1.3500,35.35,0.03818953
1964-12-07,1.35,1.3500,35.35,0.03818953
1964-12-08,1.35,1.3500,35.35,0.03818953
1965-03-01,1.32,1.3200,35.35,0.03734088
1965-03-02,1.32,1.3200,35.35,0.03734088
1965-03-03,1.32,1.3200,35.35,0.03734088
1965-03-04,1.32,1.3200,35.35,0.03734088
1965-03-05,1.32,1.3200,35.35,0.03734088
1965-03-08,1.33,1.3300,35.35,0.03762376
1965-06-01,1.31,1.3100,35.25,0.03716312
1965-06-02,1.3,1.3000,35.25,0.03687943
1965-06-03,1.32,1.3200,35.25,0.03744681
1965-06-04,1.29,1.2900,35.25,0.03659574
1965-06-07,1.28,1.2800,35.25,0.03631206
1965-06-08,1.28,1.2800,35.25,0.03631206
1965-09-01,1.3,1.3000,35.5,0.03661972
1965-09-02,1.3,1.3000,35.5,0.03661972
1965-09-03,1.3,1.3000,35.5,0.03661972
1965-09-07,1.3,1.3000,35.5,0.03661972
1965-09-08,1.3,1.3000,35.5,0.03661972
1965-12-01,1.29,1.2900,35.5,0.03633803
1965-12-02,1.29,1.2900,35.5,0.03633803
1965-12-03,1.29,1.2900,35.5,0.03633803
1965-12-06,1.29,1.2900,35.5,0.03633803
1965-12-07,1.29,1.2900,35.5,0.03633803
1965-12-08,1.29,1.2900,35.5,0.03633803
1966-03-01,1.29,1.2900,35.5,0.03633803
1966-03-02,1.29,1.2900,35.5,0.03633803
1966-03-03,1.29,1.2900,35.5,0.03633803
1966-03-04,1.29,1.2900,35.5,0.03633803
1966-03-07,1.29,1.2900,35.5,0.03633803
1966-03-08,1.29,1.2900,35.5,0.03633803
1966-06-01,1.34,1.3400,35.5,0.03774648
1966-06-02,1.34,1.3400,35.5,0.03774648
1966-06-03,1.34,1.3400,35.5,0.03774648
1966-06-06,1.34,1.3400,35.5,0.03774648
1966-06-07,1.34,1.3400,35.5,0.03774648
1966-06-08,1.34,1.3400,35.5,0.03774648
1966-09-01,1.33,1.3300,35.3,0.03767705
1966-09-02,1.33,1.3300,35.3,0.03767705
1966-09-06,1.33,1.3300,35.3,0.03767705
1966-09-07,1.33,1.3300,35.3,0.03767705
1966-09-08,1.33,1.3300,35.3,0.03767705
1966-12-01,1.31,1.3100,35.4,0.03700565
1966-12-02,1.31,1.3100,35.4,0.03700565
1966-12-05,1.31,1.3100,35.4,0.03700565
1966-12-06,1.31,1.3100,35.4,0.03700565
1966-12-07,1.31,1.3100,35.4,0.03700565
1966-12-08,1.31,1.3100,35.4,0.03700565
1967-03-01,1.36,1.3600,35.4,0.03841808
1967-03-02,1.35,1.3500,35.4,0.03813559
1967-03-03,1.36,1.3600,35.4,0.03841808
1967-03-06,1.36,1.3600,35.4,0.03841808
1967-03-07,1.36,1.3600,35.4,0.03841808
1967-03-08,1.36,1.3600,35.4,0.03841808
1967-06-01,1.71,1.7100,35.27,0.04848313
1967-06-02,1.76,1.7600,35.27,0.04990077
1967-06-05,1.81,1.8100,35.27,0.05131840
1967-06-06,1.76,1.7600,35.27,0.04990077
1967-06-07,1.74,1.7400,35.27,0.04933371
1967-06-08,1.79,1.7900,35.27,0.05075135
1967-09-01,1.72,1.7200,35.5,0.04845070
1967-09-05,1.71,1.7100,35.5,0.04816901
1967-09-06,1.7,1.7000,35.5,0.04788732
1967-09-07,1.71,1.7100,35.5,0.04816901
1967-09-08,1.72,1.7200,35.5,0.04845070
1967-12-01,2.12,2.1200,35.5,0.05971831
1967-12-04,2.14,2.1400,35.5,0.06028169
1967-12-05,2.13,2.1300,35.5,0.06000000
1967-12-06,2.12,2.1200,35.5,0.05971831
1967-12-07,2.11,2.1100,35.5,0.05943662
1967-12-08,2.14,2.1400,35.5,0.06028169
1968-01-31,2.07,2.0700,35.2,0.05880682
1968-02-01,2.05,2.0500,35.2,0.05823864
1968-02-02,2.03,2.0300,35.2,0.05767045
1968-02-05,1.96,1.9600,35.2,0.05568182
1968-02-06,1.99,1.9900,35.2,0.05653409
1968-02-07,2.01,2.0100,35.2,0.05710227
1968-02-29,2.21,2.2100,35.2,0.06278409
1968-03-01,2.23,2.2300,35.2,0.06335227
1968-03-04,2.27,2.2700,35.2,0.06448864
1968-03-05,2.34,2.3400,35.2,0.06647727
1968-03-06,2.21,2.2100,35.2,0.06278409
1968-03-07,2.3,2.3000,35.2,0.06534091
1968-03-29,2.26,2.2600,39.4,0.05736041
1968-04-01,2.21,2.2100,39.4,0.05609137
1968-04-02,2.19,2.1900,39.4,0.05558376
1968-04-03,2.09,2.0900,39.4,0.05304569
1968-04-04,2.08,2.0800,39.4,0.05279188
1968-04-05,2.15,2.1500,39.4,0.05456853
1968-04-30,2.5,2.5000,39.1,0.06393862
1968-05-01,2.47,2.4700,39.1,0.06317136
1968-05-02,2.51,2.5100,39.1,0.06419437
1968-05-03,2.53,2.5300,39.1,0.06470588
1968-05-06,2.47,2.4700,39.1,0.06317136
1968-05-07,2.54,2.5400,39.1,0.06496164
1968-06-03,2.56,2.5600,41.3,0.06198547
1968-06-04,2.48,2.4800,41.3,0.06004843
1968-06-05,2.56,2.5600,41.3,0.06198547
1968-06-06,2.64,2.6400,41.3,0.06392252
1968-06-07,2.61,2.6100,41.3,0.06319613
1968-06-28,2.63,2.6300,41,0.06414634
1968-07-01,2.6,2.6000,41,0.06341463
1968-07-02,2.6,2.6000,41,0.06341463
1968-07-03,2.61,2.6100,41,0.06365854
1968-07-31,2.32,2.3200,38.75,0.05987097
1968-08-01,2.33,2.3300,38.75,0.06012903
1968-08-02,2.34,2.3400,38.75,0.06038710
1968-08-05,2.25,2.2500,38.75,0.05806452
1968-08-06,2.28,2.2800,38.75,0.05883871
1968-08-07,2.26,2.2600,38.75,0.05832258
1968-08-30,2.35,2.3500,39.9,0.05889724
1968-09-03,2.37,2.3700,39.9,0.05939850
1968-09-04,2.4,2.4000,39.9,0.06015038
1968-09-05,2.38,2.3800,39.9,0.05964912
1968-09-06,2.36,2.3600,39.9,0.05914787
1968-09-30,2.2,2.2000,38.55,0.05706874
1968-10-01,2.12,2.1200,38.55,0.05499351
1968-10-02,2.15,2.1500,38.55,0.05577173
1968-10-03,2.17,2.1700,38.55,0.05629053
1968-10-04,2.16,2.1600,38.55,0.05603113
1968-10-07,2.17,2.1700,38.55,0.05629053
1968-10-31,2.08,2.0800,39.5,0.05265823
1968-11-01,2.13,2.1300,39.5,0.05392405
1968-11-04,2.15,2.1500,39.5,0.05443038
1968-11-06,2.15,2.1500,39.5,0.05443038
1968-11-07,2.13,2.1300,39.5,0.05392405
1968-11-29,2.09,2.0900,40.62,0.05145249
1968-12-02,2.08,2.0800,40.62,0.05120630
1968-12-03,2.13,2.1300,40.62,0.05243722
1968-12-04,2.15,2.1500,40.62,0.05292959
1968-12-05,2.17,2.1700,40.62,0.05342196
1968-12-06,2.18,2.1800,40.62,0.05366814
1968-12-31,2.1,2.1000,41.72,0.05033557
1969-01-02,2.12,2.1200,41.72,0.05081496
1969-01-03,2.11,2.1100,41.72,0.05057526
1969-01-06,2.1,2.1000,41.72,0.05033557
1969-01-07,2.11,2.1100,41.72,0.05057526
1969-01-31,2.11,2.1100,42.52,0.04962371
1969-02-03,2.1,2.1000,42.52,0.04938852
1969-02-04,2.09,2.0900,42.52,0.04915334
1969-02-05,1.99,1.9900,42.52,0.04680151
1969-02-06,1.95,1.9500,42.52,0.04586077
1969-02-07,1.94,1.9400,42.52,0.04562559
1969-02-28,1.9,1.9000,42.7,0.04449649
1969-03-03,1.89,1.8900,42.7,0.04426230
1969-03-04,1.94,1.9400,42.7,0.04543326
1969-03-05,1.95,1.9500,42.7,0.04566745
1969-03-06,2,2.0000,42.7,0.04683841
1969-03-07,1.96,1.9600,42.7,0.04590164
1969-04-01,1.85,1.8500,43.4,0.04262673
1969-04-02,1.86,1.8600,43.4,0.04285714
1969-04-03,1.88,1.8800,43.4,0.04331797
1969-04-07,1.87,1.8700,43.4,0.04308756
1969-04-30,1.81,1.8100,43.6,0.04151376
1969-05-01,1.81,1.8100,43.6,0.04151376
1969-05-02,1.8,1.8000,43.6,0.04128440
1969-05-05,1.78,1.7800,43.6,0.04082569
1969-05-06,1.84,1.8400,43.6,0.04220183
1969-05-07,1.87,1.8700,43.6,0.04288991
1969-06-03,1.78,1.7800,42.5,0.04188235
1969-06-05,1.77,1.7700,41.8,0.04234450
1969-06-06,1.76,1.7600,40.9,0.04303178
1969-06-09,1.71,1.7100,41.5,0.04120482
1969-06-10,1.79,1.7900,42.5,0.04211765
1969-06-11,1.78,1.7800,41.6,0.04278846
1969-06-12,1.78,1.7800,41.7,0.04268585
1969-06-13,1.77,1.7700,41.8,0.04234450
1969-06-16,1.75,1.7500,40.8,0.04289216
1969-06-17,1.58,1.5800,41.7,0.03788969
1969-06-18,1.69,1.6900,41.6,0.04062500
1969-06-19,1.72,1.7200,41.6,0.04134615
1969-06-20,1.6,1.6000,41.5,0.03855422
1969-06-23,1.69,1.6900,41.5,0.04072289
1969-06-24,1.7,1.7000,41.2,0.04126214
1969-06-25,1.69,1.6900,41.1,0.04111922
1969-06-26,1.67,1.6700,41.2,0.04053398
1969-06-27,1.66,1.6600,41.3,0.04019370
1969-06-30,1.7,1.7000,41.4,0.04106280
1969-07-02,1.68,1.6800,41.4,0.04057971
1969-07-03,1.68,1.6800,41.8,0.04019139
1969-07-07,1.72,1.7200,42,0.04095238
1969-07-08,1.72,1.7200,42.3,0.04066194
1969-07-09,1.75,1.7500,42,0.04166667
1969-07-10,1.74,1.7400,42.1,0.04133017
1969-07-11,1.75,1.7500,42.1,0.04156770
1969-07-14,1.78,1.7800,42.2,0.04218009
1969-07-15,1.78,1.7800,42.2,0.04218009
1969-07-16,1.74,1.7400,42,0.04142857
1969-07-17,1.76,1.7600,42.2,0.04170616
1969-07-18,1.77,1.7700,42.2,0.04194313
1969-07-22,1.75,1.7500,42.1,0.04156770
1969-07-23,1.73,1.7300,42,0.04119048
1969-07-24,1.73,1.7300,42.1,0.04109264
1969-07-25,1.75,1.7500,42.1,0.04156770
1969-07-28,1.71,1.7100,42,0.04071429
1969-07-29,1.69,1.6900,41.7,0.04052758
1969-07-30,1.72,1.7200,41.7,0.04124700
1969-07-31,1.7,1.7000,41.6,0.04086538
1969-08-01,1.71,1.7100,41.6,0.04110577
1969-08-04,1.7,1.7000,41.5,0.04096386
1969-08-05,1.76,1.7600,41.3,0.04261501
1969-08-06,1.72,1.7200,41.2,0.04174757
1969-08-07,1.75,1.7500,41.3,0.04237288
1969-08-08,1.76,1.7600,41.3,0.04261501
1969-08-11,1.8,1.8000,41.4,0.04347826
1969-08-12,1.81,1.8100,41.3,0.04382567
1969-08-13,1.85,1.8500,41.4,0.04468599
1969-08-14,1.79,1.7900,41.4,0.04323671
1969-08-15,1.8,1.8000,41.1,0.04379562
1969-08-18,1.75,1.7500,41.4,0.04227053
1969-08-19,1.75,1.7500,41.1,0.04257908
1969-08-20,1.74,1.7400,41.3,0.04213075
1969-08-21,1.75,1.7500,41.3,0.04237288
1969-08-22,1.75,1.7500,41.3,0.04237288
1969-08-25,1.75,1.7500,41.1,0.04257908
1969-08-26,1.75,1.7500,41.1,0.04257908
1969-08-27,1.74,1.7400,41.2,0.04223301
1969-08-28,1.75,1.7500,40.9,0.04278729
1969-08-29,1.76,1.7600,41.1,0.04282238
1969-09-02,1.78,1.7800,40.9,0.04352078
1969-09-03,1.78,1.7800,41,0.04341463
1969-09-04,1.76,1.7600,41.1,0.04282238
1969-09-05,1.79,1.7900,41.1,0.04355231
1969-09-08,1.81,1.8100,41.1,0.04403893
1969-09-09,1.83,1.8300,41.2,0.04441748
1969-09-10,1.82,1.8200,41.1,0.04428224
1969-09-11,1.84,1.8400,41.1,0.04476886
1969-09-12,1.85,1.8500,41.3,0.04479419
1969-09-15,1.83,1.8300,41.2,0.04441748
1969-09-16,1.87,1.8700,41.2,0.04538835
1969-09-17,1.85,1.8500,41.2,0.04490291
1969-09-18,1.91,1.9100,41.1,0.04647202
1969-09-19,1.92,1.9200,41.1,0.04671533
1969-09-22,1.96,1.9600,41.1,0.04768856
1969-09-23,2,2.0000,41.1,0.04866180
1969-09-24,2.03,2.0300,41,0.04951220
1969-09-25,1.98,1.9800,41,0.04829268
1969-09-26,1.96,1.9600,41,0.04780488
1969-09-29,2.01,2.0100,40.9,0.04914425
1969-09-30,1.99,1.9900,40.9,0.04865526
1969-10-01,2,2.0000,41,0.04878049
1969-10-02,2,2.0000,41.1,0.04866180
1969-10-03,1.97,1.9700,41.2,0.04781553
1969-10-06,1.93,1.9300,41,0.04707317
1969-10-07,1.94,1.9400,41,0.04731707
1969-10-08,1.95,1.9500,40.9,0.04767726
1969-10-09,1.96,1.9600,41,0.04780488
1969-10-10,1.96,1.9600,40.9,0.04792176
1969-10-14,1.92,1.9200,40.9,0.04694377
1969-10-15,1.92,1.9200,40.9,0.04694377
1969-10-16,1.99,1.9900,40.8,0.04877451
1969-10-17,1.99,1.9900,40.8,0.04877451
1969-10-20,2.08,2.0800,40.6,0.05123153
1969-10-21,1.99,1.9900,40.5,0.04913580
1969-10-22,2.01,2.0100,40.3,0.04987593
1969-10-23,1.99,1.9900,40.2,0.04950249
1969-10-24,1.99,1.9900,40.3,0.04937965
1969-10-27,2.11,2.1100,40.4,0.05222772
1969-10-28,2.1,2.1000,40.3,0.05210918
1969-10-29,2.16,2.1600,40.2,0.05373134
1969-10-30,2.14,2.1400,40.1,0.05336658
1969-10-31,2.18,2.1800,40,0.05450000
1969-11-03,2.16,2.1600,39.8,0.05427136
1969-11-05,2.19,2.1900,39.6,0.05530303
1969-11-06,2.18,2.1800,39.2,0.05561224
1969-11-07,2.14,2.1400,38.7,0.05529716
1969-11-10,2.15,2.1500,38.3,0.05613577
1969-11-12,2.14,2.1400,38,0.05631579
1969-11-13,2.1,2.1000,38,0.05526316
1969-11-14,2.11,2.1100,38.1,0.05538058
1969-11-17,2.06,2.0600,38,0.05421053
1969-11-18,2.05,2.0500,37.8,0.05423280
1969-11-19,2.06,2.0600,36.8,0.05597826
1969-11-20,2.09,2.0900,36.5,0.05726027
1969-11-21,2.09,2.0900,36.3,0.05757576
1969-11-24,2.07,2.0700,35.7,0.05798319
1969-11-25,2.06,2.0600,35.7,0.05770308
1969-11-26,2.06,2.0600,35.8,0.05754190
1969-11-28,2.1,2.1000,35.9,0.05849582
1969-12-01,2.13,2.1300,35.7,0.05966387
1969-12-02,2.11,2.1100,35.5,0.05943662
1969-12-03,2.08,2.0800,35.6,0.05842697
1969-12-04,2.03,2.0300,35.4,0.05734463
1969-12-05,2.03,2.0300,35.4,0.05734463
1969-12-08,1.96,1.9600,35.2,0.05568182
1969-12-09,1.91,1.9100,35.2,0.05426136
1969-12-10,1.91,1.9100,35.2,0.05426136
1969-12-11,1.94,1.9400,35.4,0.05480226
1969-12-12,1.93,1.9300,35.5,0.05436620
1969-12-15,1.93,1.9300,35.3,0.05467422
1969-12-16,1.89,1.8900,35.2,0.05369318
1969-12-17,1.91,1.9100,35.3,0.05410765
1969-12-18,1.91,1.9100,35.2,0.05426136
1969-12-19,1.91,1.9100,35.2,0.05426136
1969-12-22,1.93,1.9300,35.3,0.05467422
1969-12-23,1.95,1.9500,35.3,0.05524079
1969-12-24,1.98,1.9800,35.4,0.05593220
1969-12-29,1.96,1.9600,35.4,0.05536723
1969-12-30,1.95,1.9500,35.4,0.05508475
1969-12-31,1.97,1.9700,35.4,0.05564972
1970-01-05,2.01,2.0100,35.4,0.05677966
1970-01-06,1.99,1.9900,35.2,0.05653409
1970-01-07,2,2.0000,35.2,0.05681818
1970-01-08,2,2.0000,35.1,0.05698006
1970-01-09,1.97,1.9700,35.1,0.05612536
1970-01-12,2,2.0000,35.1,0.05698006
1970-01-13,2,2.0000,35.1,0.05698006
1970-01-14,2.03,2.0300,35.1,0.05783476
1970-01-15,2.01,2.0100,35,0.05742857
1970-01-16,2.03,2.0300,34.9,0.05816619
1970-01-19,2.06,2.0600,34.9,0.05902579
1970-01-20,2.04,2.0400,35,0.05828571
1970-01-21,2.03,2.0300,35,0.05800000
1970-01-22,2.04,2.0400,35.2,0.05795455
1970-01-23,2.05,2.0500,35.2,0.05823864
1970-01-26,2.04,2.0400,35.1,0.05811966
1970-01-27,2.02,2.0200,35.2,0.05738636
1970-01-28,2.04,2.0400,35.2,0.05795455
1970-01-29,2.03,2.0300,35.2,0.05767045
1970-01-30,2.04,2.0400,35.2,0.05795455
1970-02-02,2.03,2.0300,35.2,0.05767045
1970-02-03,2.05,2.0500,35.2,0.05823864
1970-02-04,2.04,2.0400,35.2,0.05795455
1970-02-05,2.05,2.0500,35.2,0.05823864
1970-02-06,2.06,2.0600,35.2,0.05852273
1970-02-09,2.06,2.0600,35.2,0.05852273
1970-02-10,2.04,2.0400,35.2,0.05795455
1970-02-11,2.01,2.0100,35.2,0.05710227
1970-02-13,2.03,2.0300,35.2,0.05767045
1970-02-16,2,2.0000,35.2,0.05681818
1970-02-17,1.99,1.9900,35.2,0.05653409
1970-02-18,2.01,2.0100,35.1,0.05726496
1970-02-19,2,2.0000,35.2,0.05681818
1970-02-20,2.01,2.0100,35.2,0.05710227
1970-02-24,2,2.0000,35.2,0.05681818
1970-02-25,1.99,1.9900,35.2,0.05653409
1970-02-26,2.02,2.0200,35.2,0.05738636
1970-02-27,2.01,2.0100,35.2,0.05710227
1970-03-02,2.02,2.0200,35.2,0.05738636
1970-03-03,2.03,2.0300,35.2,0.05767045
1970-03-04,2,2.0000,35.2,0.05681818
1970-03-05,2.02,2.0200,35.2,0.05738636
1970-03-06,2.01,2.0100,35.1,0.05726496
1970-03-09,2,2.0000,35.1,0.05698006
1970-03-10,1.99,1.9900,35.1,0.05669516
1970-03-11,1.98,1.9800,35.2,0.05625000
1970-03-12,1.96,1.9600,35.2,0.05568182
1970-03-13,1.97,1.9700,35.2,0.05596591
1970-03-16,1.96,1.9600,35.2,0.05568182
1970-03-17,1.95,1.9500,35.2,0.05539773
1970-03-18,1.97,1.9700,35.3,0.05580737
1970-03-19,1.97,1.9700,35.4,0.05564972
1970-03-20,1.97,1.9700,35.3,0.05580737
1970-03-23,1.96,1.9600,35.3,0.05552408
1970-03-24,1.97,1.9700,35.4,0.05564972
1970-03-25,1.98,1.9800,35.5,0.05577465
1970-03-26,1.98,1.9800,35.4,0.05593220
1970-03-30,1.98,1.9800,35.4,0.05593220
1970-03-31,1.98,1.9800,35.4,0.05593220
1970-04-01,1.99,1.9900,35.5,0.05605634
1970-04-02,1.98,1.9800,35.5,0.05577465
1970-04-03,1.98,1.9800,35.5,0.05577465
1970-04-06,1.97,1.9700,35.5,0.05549296
1970-04-07,1.96,1.9600,35.5,0.05521127
1970-04-08,1.94,1.9400,35.6,0.05449438
1970-04-09,1.93,1.9300,35.6,0.05421348
1970-04-10,1.93,1.9300,35.6,0.05421348
1970-04-13,1.94,1.9400,35.6,0.05449438
1970-04-14,1.93,1.9300,35.9,0.05376045
1970-04-15,1.93,1.9300,35.8,0.05391061
1970-04-16,1.94,1.9400,36,0.05388889
1970-04-17,1.94,1.9400,36,0.05388889
1970-04-20,1.94,1.9400,36,0.05388889
1970-04-21,1.93,1.9300,36.1,0.05346260
1970-04-22,1.94,1.9400,36.2,0.05359116
1970-04-23,1.93,1.9300,36.1,0.05346260
1970-04-24,1.92,1.9200,36,0.05333333
1970-04-27,1.89,1.8900,35.9,0.05264624
1970-04-28,1.79,1.7900,36.1,0.04958449
1970-04-29,1.73,1.7300,36.1,0.04792244
1970-04-30,1.76,1.7600,36.1,0.04875346
1970-05-01,1.77,1.7700,36.1,0.04903047
1970-05-04,1.72,1.7200,36.1,0.04764543
1970-05-05,1.75,1.7500,36.4,0.04807692
1970-05-06,1.73,1.7300,36.4,0.04752747
1970-05-07,1.74,1.7400,36.4,0.04780220
1970-05-08,1.77,1.7700,36.4,0.04862637
1970-05-11,1.8,1.8000,36.3,0.04958678
1970-05-12,1.77,1.7700,36.2,0.04889503
1970-05-13,1.75,1.7500,36.1,0.04847645
1970-05-14,1.71,1.7100,36.1,0.04736842
1970-05-15,1.74,1.7400,36.2,0.04806630
1970-05-18,1.75,1.7500,36.2,0.04834254
1970-05-19,1.74,1.7400,36.2,0.04806630
1970-05-20,1.68,1.6800,36.2,0.04640884
1970-05-21,1.64,1.6400,36.1,0.04542936
1970-05-22,1.65,1.6500,36.1,0.04570637
1970-05-25,1.6,1.6000,36.1,0.04432133
1970-05-26,1.59,1.5900,36,0.04416667
1970-05-27,1.63,1.6300,35.9,0.04540390
1970-05-28,1.64,1.6400,35.8,0.04581006
1970-06-01,1.64,1.6400,35.6,0.04606742
1970-06-02,1.65,1.6500,35.4,0.04661017
1970-06-03,1.7,1.7000,35.3,0.04815864
1970-06-04,1.7,1.7000,35.4,0.04802260
1970-06-05,1.68,1.6800,35.4,0.04745763
1970-06-08,1.69,1.6900,35.7,0.04733894
1970-06-09,1.7,1.7000,35.7,0.04761905
1970-06-10,1.67,1.6700,35.8,0.04664804
1970-06-11,1.66,1.6600,35.9,0.04623955
1970-06-12,1.66,1.6600,35.8,0.04636872
1970-06-15,1.67,1.6700,35.7,0.04677871
1970-06-16,1.68,1.6800,35.6,0.04719101
1970-06-17,1.68,1.6800,35.6,0.04719101
1970-06-18,1.68,1.6800,35.6,0.04719101
1970-06-19,1.7,1.7000,35.6,0.04775281
1970-06-22,1.69,1.6900,35.6,0.04747191
1970-06-23,1.65,1.6500,35.6,0.04634831
1970-06-24,1.66,1.6600,35.8,0.04636872
1970-06-25,1.66,1.6600,35.7,0.04649860
1970-06-26,1.64,1.6400,35.6,0.04606742
1970-06-29,1.63,1.6300,35.7,0.04565826
1970-06-30,1.64,1.6400,35.7,0.04593838
1970-07-01,1.65,1.6500,35.7,0.04621849
1970-07-02,1.65,1.6500,35.7,0.04621849
1970-07-06,1.61,1.6100,35.6,0.04522472
1970-07-07,1.61,1.6100,35.5,0.04535211
1970-07-08,1.64,1.6400,35.5,0.04619718
1970-07-09,1.64,1.6400,35.5,0.04619718
1970-07-10,1.64,1.6400,35.5,0.04619718
1970-07-13,1.66,1.6600,35.5,0.04676056
1970-07-14,1.68,1.6800,35.5,0.04732394
1970-07-15,1.69,1.6900,35.5,0.04760563
1970-07-16,1.73,1.7300,35.5,0.04873239
1970-07-17,1.75,1.7500,35.5,0.04929577
1970-07-20,1.79,1.7900,35.5,0.05042254
1970-07-21,1.78,1.7800,35.5,0.05014085
1970-07-22,1.8,1.8000,35.5,0.05070423
1970-07-23,1.78,1.7800,35.5,0.05014085
1970-07-24,1.78,1.7800,35.5,0.05014085
1970-07-27,1.81,1.8100,35.5,0.05098592
1970-07-28,1.85,1.8500,35.5,0.05211268
1970-07-29,1.83,1.8300,35.5,0.05154930
1970-07-30,1.82,1.8200,35.5,0.05126761
1970-07-31,1.83,1.8300,35.5,0.05154930
1970-08-03,1.8,1.8000,35.5,0.05070423
1970-08-04,1.82,1.8200,35.5,0.05126761
1970-08-05,1.79,1.7900,35.5,0.05042254
1970-08-06,1.78,1.7800,35.5,0.05014085
1970-08-07,1.83,1.8300,35.5,0.05154930
1970-08-10,1.79,1.7900,35.5,0.05042254
1970-08-11,1.8,1.8000,35.5,0.05070423
1970-08-12,1.82,1.8200,35.5,0.05126761
1970-08-13,1.81,1.8100,35.5,0.05098592
1970-08-14,1.87,1.8700,35.5,0.05267606
1970-08-17,1.89,1.8900,35.5,0.05323944
1970-08-18,1.9,1.9000,35.5,0.05352113
1970-08-19,1.89,1.8900,35.5,0.05323944
1970-08-20,1.87,1.8700,35.5,0.05267606
1970-08-21,1.88,1.8800,35.6,0.05280899
1970-08-24,1.91,1.9100,35.7,0.05350140
1970-08-25,1.92,1.9200,35.8,0.05363128
1970-08-26,1.9,1.9000,35.9,0.05292479
1970-08-27,1.88,1.8800,36,0.05222222
1970-08-28,1.89,1.8900,36,0.05250000
1970-08-31,1.89,1.8900,36.1,0.05235457
1970-09-01,1.87,1.8700,36.1,0.05180055
1970-09-02,1.88,1.8800,36.3,0.05179063
1970-09-03,1.89,1.8900,36.5,0.05178082
1970-09-04,1.89,1.8900,36.5,0.05178082
1970-09-08,1.91,1.9100,36.5,0.05232877
1970-09-09,1.9,1.9000,36.5,0.05205479
1970-09-10,1.88,1.8800,36.4,0.05164835
1970-09-11,1.87,1.8700,36.6,0.05109290
1970-09-14,1.85,1.8500,36.5,0.05068493
1970-09-15,1.8,1.8000,36.4,0.04945055
1970-09-16,1.82,1.8200,36.3,0.05013774
1970-09-17,1.82,1.8200,36.4,0.05000000
1970-09-18,1.8,1.8000,36.4,0.04945055
1970-09-21,1.8,1.8000,36.5,0.04931507
1970-09-22,1.81,1.8100,36.5,0.04958904
1970-09-23,1.8,1.8000,36.4,0.04945055
1970-09-24,1.77,1.7700,36.5,0.04849315
1970-09-25,1.77,1.7700,36.4,0.04862637
1970-09-28,1.78,1.7800,36.4,0.04890110
1970-09-29,1.73,1.7300,36.4,0.04752747
1970-09-30,1.69,1.6900,36.6,0.04617486
1970-10-01,1.73,1.7300,36.6,0.04726776
1970-10-02,1.78,1.7800,36.6,0.04863388
1970-10-05,1.72,1.7200,37,0.04648649
1970-10-06,1.76,1.7600,37.1,0.04743935
1970-10-07,1.77,1.7700,36.9,0.04796748
1970-10-08,1.77,1.7700,37,0.04783784
1970-10-09,1.77,1.7700,37.2,0.04758065
1970-10-12,1.74,1.7400,37.4,0.04652406
1970-10-13,1.78,1.7800,37.6,0.04734043
1970-10-14,1.8,1.8000,37.5,0.04800000
1970-10-15,1.81,1.8100,37.8,0.04788360
1970-10-16,1.8,1.8000,37.7,0.04774536
1970-10-19,1.77,1.7700,37.8,0.04682540
1970-10-20,1.78,1.7800,38.1,0.04671916
1970-10-21,1.77,1.7700,38.2,0.04633508
1970-10-22,1.78,1.7800,38.2,0.04659686
1970-10-23,1.84,1.8400,38.7,0.04754522
1970-10-26,1.87,1.8700,39.2,0.04770408
1970-10-27,1.86,1.8600,39.3,0.04732824
1970-10-28,1.85,1.8500,39.9,0.04636591
1970-10-29,1.84,1.8400,38.4,0.04791667
1970-10-30,1.86,1.8600,37.5,0.04960000
1970-11-02,1.85,1.8500,37.9,0.04881266
1970-11-04,1.87,1.8700,37.4,0.05000000
1970-11-05,1.85,1.8500,37,0.05000000
1970-11-06,1.83,1.8300,37.4,0.04893048
1970-11-09,1.86,1.8600,37.6,0.04946809
1970-11-10,1.84,1.8400,37.6,0.04893617
1970-11-11,1.8,1.8000,37.5,0.04800000
1970-11-12,1.84,1.8400,37.6,0.04893617
1970-11-13,1.82,1.8200,37.9,0.04802111
1970-11-16,1.84,1.8400,37.9,0.04854881
1970-11-17,1.82,1.8200,37.9,0.04802111
1970-11-18,1.79,1.7900,37.7,0.04748011
1970-11-19,1.78,1.7800,37.7,0.04721485
1970-11-20,1.79,1.7900,37.9,0.04722955
1970-11-23,1.77,1.7700,37.7,0.04694960
1970-11-24,1.68,1.6800,37.9,0.04432718
1970-11-25,1.7,1.7000,37.9,0.04485488
1970-11-27,1.68,1.6800,37.9,0.04432718
1970-11-30,1.63,1.6300,37.8,0.04312169
1970-12-01,1.67,1.6700,37.7,0.04429708
1970-12-02,1.66,1.6600,37.8,0.04391534
1970-12-03,1.68,1.6800,37.8,0.04444444
1970-12-04,1.68,1.6800,37.8,0.04444444
1970-12-07,1.67,1.6700,37.7,0.04429708
1970-12-08,1.65,1.6500,37.6,0.04388298
1970-12-09,1.61,1.6100,37.4,0.04304813
1970-12-10,1.64,1.6400,37.4,0.04385027
1970-12-11,1.65,1.6500,37.4,0.04411765
1970-12-14,1.67,1.6700,37.6,0.04441489
1970-12-15,1.66,1.6600,37.9,0.04379947
1970-12-16,1.63,1.6300,37.8,0.04312169
1970-12-17,1.68,1.6800,37.9,0.04432718
1970-12-18,1.67,1.6700,37.9,0.04406332
1970-12-21,1.69,1.6900,37.9,0.04459103
1970-12-22,1.66,1.6600,37.9,0.04379947
1970-12-23,1.66,1.6600,37.6,0.04414894
1970-12-24,1.66,1.6600,37.6,0.04414894
1970-12-28,1.66,1.6600,37.6,0.04414894
1970-12-29,1.65,1.6500,37.6,0.04388298
1970-12-30,1.65,1.6500,37.7,0.04376658
1970-12-31,1.66,1.6600,37.6,0.04414894
1971-01-04,1.68,1.6800,37.7,0.04456233
1971-01-05,1.67,1.6700,37.8,0.04417989
1971-01-06,1.72,1.7200,37.7,0.04562334
1971-01-07,1.71,1.7100,37.7,0.04535809
1971-01-08,1.73,1.7300,37.7,0.04588859
1971-01-11,1.72,1.7200,38,0.04526316
1971-01-12,1.72,1.7200,38.2,0.04502618
1971-01-13,1.72,1.7200,38.3,0.04490862
1971-01-14,1.71,1.7100,38.2,0.04476440
1971-01-15,1.68,1.6800,38.4,0.04375000
1971-01-18,1.59,1.5900,38.3,0.04151436
1971-01-19,1.58,1.5800,38.2,0.04136126
1971-01-20,1.58,1.5800,38.4,0.04114583
1971-01-21,1.56,1.5600,38.3,0.04073107
1971-01-22,1.58,1.5800,38.2,0.04136126
1971-01-25,1.62,1.6200,38.3,0.04229765
1971-01-26,1.59,1.5900,38.4,0.04140625
1971-01-27,1.61,1.6100,38.3,0.04203655
1971-01-28,1.61,1.6100,38.3,0.04203655
1971-01-29,1.6,1.6000,38.4,0.04166667
1971-02-01,1.61,1.6100,38.4,0.04192708
1971-02-02,1.62,1.6200,38.8,0.04175258
1971-02-03,1.63,1.6300,39.2,0.04158163
1971-02-04,1.67,1.6700,38.7,0.04315245
1971-02-05,1.68,1.6800,38.7,0.04341085
1971-02-08,1.66,1.6600,38.9,0.04267352
1971-02-09,1.64,1.6400,39.1,0.04194373
1971-02-10,1.66,1.6600,39.1,0.04245524
1971-02-11,1.66,1.6600,39.2,0.04234694
1971-02-16,1.65,1.6500,39.2,0.04209184
1971-02-17,1.64,1.6400,39.1,0.04194373
1971-02-18,1.64,1.6400,39.1,0.04194373
1971-02-19,1.65,1.6500,39,0.04230769
1971-02-22,1.64,1.6400,39,0.04205128
1971-02-23,1.62,1.6200,39.1,0.04143223
1971-02-24,1.64,1.6400,39,0.04205128
1971-02-25,1.65,1.6500,39.1,0.04219949
1971-02-26,1.65,1.6500,39.1,0.04219949
1971-03-01,1.68,1.6800,39,0.04307692
1971-03-02,1.68,1.6800,39,0.04307692
1971-03-03,1.66,1.6600,39.1,0.04245524
1971-03-04,1.69,1.6900,39,0.04333333
1971-03-05,1.69,1.6900,39,0.04333333
1971-03-08,1.73,1.7300,39.1,0.04424552
1971-03-09,1.72,1.7200,39.1,0.04398977
1971-03-10,1.7,1.7000,39.1,0.04347826
1971-03-11,1.69,1.6900,39.3,0.04300254
1971-03-12,1.69,1.6900,39.3,0.04300254
1971-03-15,1.72,1.7200,39.3,0.04376590
1971-03-16,1.72,1.7200,39.2,0.04387755
1971-03-17,1.72,1.7200,39.1,0.04398977
1971-03-18,1.71,1.7100,39.3,0.04351145
1971-03-19,1.7,1.7000,39.2,0.04336735
1971-03-22,1.71,1.7100,39.2,0.04362245
1971-03-23,1.7,1.7000,39.2,0.04336735
1971-03-24,1.69,1.6900,39.2,0.04311224
1971-03-25,1.72,1.7200,39.2,0.04387755
1971-03-26,1.73,1.7300,39.2,0.04413265
1971-03-29,1.73,1.7300,39,0.04435897
1971-03-30,1.72,1.7200,39.1,0.04398977
1971-03-31,1.75,1.7500,39.1,0.04475703
1971-04-01,1.74,1.7400,39.2,0.04438776
1971-04-02,1.79,1.7900,39.1,0.04578005
1971-04-05,1.75,1.7500,39.1,0.04475703
1971-04-06,1.76,1.7600,39.1,0.04501279
1971-04-07,1.8,1.8000,39.2,0.04591837
1971-04-08,1.8,1.8000,39.2,0.04591837
1971-04-12,1.78,1.7800,39.2,0.04540816
1971-04-13,1.75,1.7500,39.2,0.04464286
1971-04-14,1.76,1.7600,39.2,0.04489796
1971-04-15,1.78,1.7800,39.2,0.04540816
1971-04-16,1.74,1.7400,39.2,0.04438776
1971-04-19,1.78,1.7800,39.2,0.04540816
1971-04-20,1.79,1.7900,39.2,0.04566327
1971-04-21,1.79,1.7900,39.2,0.04566327
1971-04-22,1.78,1.7800,39.4,0.04517766
1971-04-23,1.76,1.7600,39.3,0.04478372
1971-04-26,1.72,1.7200,39.2,0.04387755
1971-04-27,1.72,1.7200,39.2,0.04387755
1971-04-28,1.74,1.7400,39.4,0.04416244
1971-04-29,1.74,1.7400,39.7,0.04382872
1971-04-30,1.73,1.7300,39.9,0.04335840
1971-05-03,1.69,1.6900,39.7,0.04256927
1971-05-04,1.72,1.7200,39.9,0.04310777
1971-05-05,1.75,1.7500,40.4,0.04331683
1971-05-06,1.74,1.7400,40.6,0.04285714
1971-05-07,1.73,1.7300,40.1,0.04314214
1971-05-10,1.72,1.7200,40.1,0.04289277
1971-05-11,1.72,1.7200,40.5,0.04246914
1971-05-12,1.72,1.7200,40.7,0.04226044
1971-05-13,1.75,1.7500,41.1,0.04257908
1971-05-14,1.73,1.7300,41.5,0.04168675
1971-05-17,1.73,1.7300,41,0.04219512
1971-05-18,1.72,1.7200,41.2,0.04174757
1971-05-19,1.72,1.7200,40.9,0.04205379
1971-05-20,1.7,1.7000,41.4,0.04106280
1971-05-21,1.66,1.6600,41.2,0.04029126
1971-05-24,1.67,1.6700,41.1,0.04063260
1971-05-25,1.66,1.6600,41.3,0.04019370
1971-05-26,1.64,1.6400,41.1,0.03990268
1971-05-27,1.64,1.6400,41.1,0.03990268
1971-05-28,1.66,1.6600,41.1,0.04038929
1971-06-01,1.65,1.6500,41.1,0.04014599
1971-06-02,1.62,1.6200,40.9,0.03960880
1971-06-03,1.63,1.6300,40.9,0.03985330
1971-06-04,1.63,1.6300,40.9,0.03985330
1971-06-07,1.61,1.6100,40.7,0.03955774
1971-06-08,1.65,1.6500,40.4,0.04084158
1971-06-09,1.65,1.6500,40.2,0.04104478
1971-06-10,1.64,1.6400,40,0.04100000
1971-06-11,1.66,1.6600,39.9,0.04160401
1971-06-14,1.64,1.6400,39.8,0.04120603
1971-06-15,1.65,1.6500,39.9,0.04135338
1971-06-16,1.67,1.6700,40.3,0.04143921
1971-06-17,1.66,1.6600,40.1,0.04139651
1971-06-18,1.65,1.6500,40.2,0.04104478
1971-06-21,1.61,1.6100,40.2,0.04004975
1971-06-22,1.63,1.6300,40.4,0.04034653
1971-06-23,1.62,1.6200,40.6,0.03990148
1971-06-24,1.64,1.6400,40.6,0.04039409
1971-06-25,1.63,1.6300,40.4,0.04034653
1971-06-28,1.61,1.6100,40.2,0.04004975
1971-06-29,1.59,1.5900,40.2,0.03955224
1971-06-30,1.59,1.5900,40.4,0.03935644
1971-07-01,1.62,1.6200,40.5,0.04000000
1971-07-02,1.61,1.6100,40.6,0.03965517
1971-07-06,1.61,1.6100,40.6,0.03965517
1971-07-07,1.61,1.6100,40.5,0.03975309
1971-07-08,1.62,1.6200,40.5,0.04000000
1971-07-09,1.62,1.6200,40.5,0.04000000
1971-07-12,1.58,1.5800,40.6,0.03891626
1971-07-13,1.59,1.5900,40.6,0.03916256
1971-07-14,1.57,1.5700,40.6,0.03866995
1971-07-15,1.57,1.5700,40.7,0.03857494
1971-07-16,1.59,1.5900,41,0.03878049
1971-07-19,1.57,1.5700,41.3,0.03801453
1971-07-20,1.55,1.5500,41.2,0.03762136
1971-07-21,1.57,1.5700,41.4,0.03792271
1971-07-22,1.58,1.5800,42,0.03761905
1971-07-23,1.58,1.5800,42,0.03761905
1971-07-26,1.57,1.5700,42,0.03738095
1971-07-27,1.58,1.5800,42.2,0.03744076
1971-07-28,1.59,1.5900,42.4,0.03750000
1971-07-29,1.63,1.6300,42.6,0.03826291
1971-07-30,1.63,1.6300,42.7,0.03817330
1971-08-02,1.65,1.6500,42.6,0.03873239
1971-08-03,1.64,1.6400,42.6,0.03849765
1971-08-04,1.66,1.6600,42.9,0.03869464
1971-08-05,1.69,1.6900,43.1,0.03921114
1971-08-06,1.64,1.6400,42.9,0.03822844
1971-08-09,1.66,1.6600,44.2,0.03755656
1971-08-10,1.64,1.6400,43.5,0.03770115
1971-08-11,1.63,1.6300,43.2,0.03773148
1971-08-12,1.67,1.6700,43.6,0.03830275
1971-08-13,1.67,1.6700,43.3,0.03856813
1971-08-19,1.64,1.6400,43.7,0.03752860
1971-08-20,1.68,1.6800,43.6,0.03853211
1971-08-23,1.64,1.6400,43.6,0.03761468
1971-08-24,1.64,1.6400,43.5,0.03770115
1971-08-25,1.64,1.6400,43.1,0.03805104
1971-08-26,1.59,1.5900,42.3,0.03758865
1971-08-27,1.56,1.5600,41.4,0.03768116
1971-08-30,1.54,1.5400,41.7,0.03693046
1971-08-31,1.51,1.5100,41,0.03682927
1971-09-01,1.53,1.5300,41.4,0.03695652
1971-09-02,1.53,1.5300,41.6,0.03677885
1971-09-03,1.55,1.5500,42,0.03690476
1971-09-07,1.47,1.4700,41.9,0.03508353
1971-09-08,1.46,1.4600,41.7,0.03501199
1971-09-09,1.46,1.4600,42.1,0.03467933
1971-09-10,1.44,1.4400,42,0.03428571
1971-09-13,1.43,1.4300,41.9,0.03412888
1971-09-14,1.45,1.4500,42.1,0.03444181
1971-09-15,1.45,1.4500,42.3,0.03427896
1971-09-16,1.47,1.4700,42.6,0.03450704
1971-09-17,1.47,1.4700,42.4,0.03466981
1971-09-20,1.48,1.4800,42.6,0.03474178
1971-09-21,1.46,1.4600,42.6,0.03427230
1971-09-22,1.46,1.4600,42.5,0.03435294
1971-09-23,1.46,1.4600,42.5,0.03435294
1971-09-24,1.46,1.4600,42.8,0.03411215
1971-09-27,1.45,1.4500,42.9,0.03379953
1971-09-28,1.45,1.4500,43.4,0.03341014
1971-09-29,1.44,1.4400,42.8,0.03364486
1971-09-30,1.44,1.4400,42.9,0.03356643
1971-10-01,1.44,1.4400,42.7,0.03372365
1971-10-04,1.39,1.3900,42.8,0.03247664
1971-10-05,1.37,1.3700,42.7,0.03208431
1971-10-06,1.39,1.3900,42.7,0.03255269
1971-10-07,1.4,1.4000,42.8,0.03271028
1971-10-08,1.36,1.3600,42.7,0.03185012
1971-10-12,1.34,1.3400,42.8,0.03130841
1971-10-13,1.36,1.3600,43,0.03162791
1971-10-14,1.36,1.3600,42.9,0.03170163
1971-10-15,1.38,1.3800,42.8,0.03224299
1971-10-18,1.39,1.3900,42.8,0.03247664
1971-10-19,1.36,1.3600,42.8,0.03177570
1971-10-20,1.34,1.3400,42.8,0.03130841
1971-10-21,1.35,1.3500,42.7,0.03161593
1971-10-22,1.35,1.3500,42.7,0.03161593
1971-10-26,1.36,1.3600,42.8,0.03177570
1971-10-27,1.33,1.3300,42.8,0.03107477
1971-10-28,1.34,1.3400,42.7,0.03138173
1971-10-29,1.33,1.3300,42.6,0.03122066
1971-11-01,1.31,1.3100,42.4,0.03089623
1971-11-03,1.33,1.3300,42.5,0.03129412
1971-11-04,1.32,1.3200,42.5,0.03105882
1971-11-05,1.34,1.3400,42.6,0.03145540
1971-11-08,1.35,1.3500,42.7,0.03161593
1971-11-09,1.35,1.3500,42.8,0.03154206
1971-11-10,1.34,1.3400,42.9,0.03123543
1971-11-11,1.36,1.3600,42.9,0.03170163
1971-11-12,1.35,1.3500,43,0.03139535
1971-11-15,1.36,1.3600,43.1,0.03155452
1971-11-16,1.36,1.3600,43.1,0.03155452
1971-11-17,1.35,1.3500,43.1,0.03132251
1971-11-18,1.34,1.3400,43.4,0.03087558
1971-11-19,1.35,1.3500,43.4,0.03110599
1971-11-22,1.35,1.3500,43.5,0.03103448
1971-11-23,1.34,1.3400,43.5,0.03080460
1971-11-24,1.34,1.3400,43.7,0.03066362
1971-11-26,1.36,1.3600,43.8,0.03105023
1971-11-29,1.36,1.3600,43.9,0.03097950
1971-11-30,1.36,1.3600,43.9,0.03097950
1971-12-01,1.39,1.3900,43.8,0.03173516
1971-12-02,1.39,1.3900,44,0.03159091
1971-12-03,1.41,1.4100,44.1,0.03197279
1971-12-06,1.41,1.4100,44.2,0.03190045
1971-12-07,1.41,1.4100,44.1,0.03197279
1971-12-08,1.42,1.4200,43.7,0.03249428
1971-12-09,1.44,1.4400,43.9,0.03280182
1971-12-10,1.43,1.4300,44,0.03250000
1971-12-13,1.42,1.4200,43.9,0.03234624
1971-12-14,1.43,1.4300,43.9,0.03257403
1971-12-15,1.43,1.4300,43.9,0.03257403
1971-12-16,1.45,1.4500,43.5,0.03333333
1971-12-17,1.44,1.4400,43,0.03348837
1971-12-20,1.42,1.4200,43,0.03302326
1971-12-21,1.42,1.4200,43.4,0.03271889
1971-12-22,1.42,1.4200,43.6,0.03256881
1971-12-23,1.42,1.4200,43.7,0.03249428
1971-12-27,1.39,1.3900,43.7,0.03180778
1971-12-28,1.37,1.3700,43.7,0.03135011
1971-12-29,1.39,1.3900,43.8,0.03173516
1971-12-30,1.38,1.3800,43.8,0.03150685
1972-01-03,1.41,1.4100,44.3,0.03182844
1972-01-04,1.43,1.4300,44.7,0.03199105
1972-01-05,1.43,1.4300,44.8,0.03191964
1972-01-06,1.46,1.4600,44.5,0.03280899
1972-01-07,1.47,1.4700,46.1,0.03188720
1972-01-10,1.49,1.4900,46,0.03239130
1972-01-11,1.47,1.4700,44.5,0.03303371
1972-01-12,1.48,1.4800,45.6,0.03245614
1972-01-13,1.47,1.4700,45.7,0.03216630
1972-01-14,1.5,1.5000,46.2,0.03246753
1972-01-17,1.53,1.5300,46.5,0.03290323
1972-01-18,1.56,1.5600,46.1,0.03383948
1972-01-19,1.5,1.5000,46.2,0.03246753
1972-01-20,1.55,1.5500,46.2,0.03354978
1972-01-21,1.49,1.4900,46.2,0.03225108
1972-01-24,1.5,1.5000,46.3,0.03239741
1972-01-25,1.51,1.5100,46.4,0.03254310
1972-01-26,1.51,1.5100,46.5,0.03247312
1972-01-27,1.54,1.5400,46.8,0.03290598
1972-01-28,1.57,1.5700,47.6,0.03298319
1972-01-31,1.56,1.5600,47.4,0.03291139
1972-02-01,1.57,1.5700,48.4,0.03243802
1972-02-02,1.58,1.5800,49.5,0.03191919
1972-02-03,1.57,1.5700,48.3,0.03250518
1972-02-04,1.56,1.5600,47.3,0.03298097
1972-02-07,1.56,1.5600,47.9,0.03256785
1972-02-08,1.55,1.5500,48.4,0.03202479
1972-02-09,1.56,1.5600,48.4,0.03223140
1972-02-10,1.57,1.5700,48.7,0.03223819
1972-02-11,1.53,1.5300,48.5,0.03154639
1972-02-14,1.52,1.5200,48.1,0.03160083
1972-02-15,1.52,1.5200,48.2,0.03153527
1972-02-16,1.52,1.5200,48.5,0.03134021
1972-02-17,1.53,1.5300,48.6,0.03148148
1972-02-18,1.53,1.5300,48.7,0.03141684
1972-02-22,1.52,1.5200,48.9,0.03108384
1972-02-23,1.51,1.5100,48.9,0.03087935
1972-02-24,1.52,1.5200,49.1,0.03095723
1972-02-25,1.49,1.4900,48.8,0.03053279
1972-02-28,1.49,1.4900,48.7,0.03059548
1972-02-29,1.5,1.5000,48.5,0.03092784
1972-03-01,1.52,1.5200,48.3,0.03146998
1972-03-02,1.53,1.5300,48.5,0.03154639
1972-03-03,1.55,1.5500,48.3,0.03209110
1972-03-06,1.56,1.5600,48.5,0.03216495
1972-03-07,1.56,1.5600,48.6,0.03209877
1972-03-08,1.55,1.5500,48.4,0.03202479
1972-03-09,1.58,1.5800,48.7,0.03244353
1972-03-10,1.57,1.5700,48.6,0.03230453
1972-03-13,1.57,1.5700,48.7,0.03223819
1972-03-14,1.55,1.5500,48.7,0.03182752
1972-03-15,1.56,1.5600,48.6,0.03209877
1972-03-16,1.54,1.5400,48.7,0.03162218
1972-03-17,1.55,1.5500,48.7,0.03182752
1972-03-20,1.57,1.5700,48.7,0.03223819
1972-03-21,1.57,1.5700,48.7,0.03223819
1972-03-22,1.56,1.5600,48.6,0.03209877
1972-03-23,1.56,1.5600,48.6,0.03209877
1972-03-24,1.56,1.5600,48.6,0.03209877
1972-03-27,1.57,1.5700,48.6,0.03230453
1972-03-28,1.59,1.5900,48.6,0.03271605
1972-03-29,1.59,1.5900,48.7,0.03264887
1972-03-30,1.61,1.6100,48.6,0.03312757
1972-04-03,1.62,1.6200,48.6,0.03333333
1972-04-04,1.61,1.6100,48.7,0.03305955
1972-04-05,1.6,1.6000,48.7,0.03285421
1972-04-06,1.6,1.6000,48.6,0.03292181
1972-04-07,1.61,1.6100,48.6,0.03312757
1972-04-10,1.6,1.6000,48.7,0.03285421
1972-04-11,1.6,1.6000,48.8,0.03278689
1972-04-12,1.61,1.6100,49.2,0.03272358
1972-04-13,1.56,1.5600,49.2,0.03170732
1972-04-14,1.56,1.5600,49.6,0.03145161
1972-04-17,1.59,1.5900,49.7,0.03199195
1972-04-18,1.59,1.5900,49.7,0.03199195
1972-04-19,1.57,1.5700,49.7,0.03158954
1972-04-20,1.59,1.5900,49.6,0.03205645
1972-04-21,1.6,1.6000,49.6,0.03225806
1972-04-24,1.58,1.5800,49.6,0.03185484
1972-04-25,1.58,1.5800,49.5,0.03191919
1972-04-26,1.58,1.5800,49.5,0.03191919
1972-04-27,1.6,1.6000,49.7,0.03219316
1972-04-28,1.62,1.6200,49.9,0.03246493
1972-05-01,1.62,1.6200,50.6,0.03201581
1972-05-02,1.62,1.6200,50.6,0.03201581
1972-05-03,1.61,1.6100,50.7,0.03175542
1972-05-04,1.62,1.6200,50.6,0.03201581
1972-05-05,1.61,1.6100,51.3,0.03138402
1972-05-08,1.62,1.6200,52.3,0.03097514
1972-05-09,1.62,1.6200,54,0.03000000
1972-05-10,1.61,1.6100,53.4,0.03014981
1972-05-11,1.6,1.6000,53.3,0.03001876
1972-05-12,1.61,1.6100,53.2,0.03026316
1972-05-15,1.61,1.6100,53.4,0.03014981
1972-05-16,1.62,1.6200,54.9,0.02950820
1972-05-17,1.63,1.6300,58,0.02810345
1972-05-18,1.6,1.6000,57.2,0.02797203
1972-05-19,1.61,1.6100,57.3,0.02809773
1972-05-22,1.61,1.6100,57.6,0.02795139
1972-05-23,1.58,1.5800,57.7,0.02738302
1972-05-24,1.57,1.5700,57.3,0.02739965
1972-05-25,1.59,1.5900,57.3,0.02774869
1972-05-26,1.58,1.5800,58.2,0.02714777
1972-05-30,1.57,1.5700,58.8,0.02670068
1972-05-31,1.55,1.5500,59.7,0.02596315
1972-06-01,1.57,1.5700,59.5,0.02638655
1972-06-02,1.57,1.5700,59.7,0.02629816
1972-06-05,1.57,1.5700,59.8,0.02625418
1972-06-06,1.6,1.6000,61.8,0.02588997
1972-06-07,1.59,1.5900,65.1,0.02442396
1972-06-08,1.59,1.5900,64.8,0.02453704
1972-06-09,1.59,1.5900,62.8,0.02531847
1972-06-12,1.6,1.6000,61.5,0.02601626
1972-06-13,1.6,1.6000,61.9,0.02584814
1972-06-14,1.61,1.6100,61.7,0.02609400
1972-06-15,1.6,1.6000,61.3,0.02610114
1972-06-16,1.6,1.6000,61.8,0.02588997
1972-06-19,1.61,1.6100,61.5,0.02617886
1972-06-20,1.59,1.5900,61.4,0.02589577
1972-06-21,1.57,1.5700,61.5,0.02552846
1972-06-22,1.58,1.5800,62,0.02548387
1972-06-23,1.58,1.5800,63.3,0.02496051
1972-06-26,1.58,1.5800,63.7,0.02480377
1972-06-27,1.58,1.5800,63.1,0.02503962
1972-06-28,1.57,1.5700,64.3,0.02441680
1972-06-29,1.59,1.5900,64.8,0.02453704
1972-06-30,1.58,1.5800,64.9,0.02434515
1972-07-05,1.62,1.6200,66.2,0.02447130
1972-07-06,1.7,1.7000,66.2,0.02567976
1972-07-07,1.71,1.7100,65.5,0.02610687
1972-07-10,1.73,1.7300,65.9,0.02625190
1972-07-11,1.73,1.7300,65.5,0.02641221
1972-07-12,1.82,1.8200,65.3,0.02787136
1972-07-13,1.77,1.7700,65.1,0.02718894
1972-07-14,1.79,1.7900,65.2,0.02745399
1972-07-17,1.82,1.8200,65.8,0.02765957
1972-07-18,1.81,1.8100,65.7,0.02754947
1972-07-19,1.81,1.8100,65.1,0.02780338
1972-07-20,1.8,1.8000,65.6,0.02743902
1972-07-21,1.79,1.7900,65.3,0.02741194
1972-07-24,1.8,1.8000,65.5,0.02748092
1972-07-25,1.81,1.8100,65.8,0.02750760
1972-07-26,1.79,1.7900,66,0.02712121
1972-07-27,1.87,1.8700,66.5,0.02812030
1972-07-28,1.86,1.8600,68.4,0.02719298
1972-07-31,1.84,1.8400,68.6,0.02682216
1972-08-01,1.89,1.8900,69.6,0.02715517
1972-08-02,1.87,1.8700,70.3,0.02660028
1972-08-03,1.85,1.8500,69.3,0.02669553
1972-08-04,1.86,1.8600,68.8,0.02703488
1972-08-07,1.86,1.8600,67.8,0.02743363
1972-08-08,1.84,1.8400,66.4,0.02771084
1972-08-09,1.86,1.8600,65.4,0.02844037
1972-08-10,1.85,1.8500,67,0.02761194
1972-08-11,1.84,1.8400,66,0.02787879
1972-08-14,1.84,1.8400,66,0.02787879
1972-08-15,1.85,1.8500,66,0.02803030
1972-08-16,1.85,1.8500,66.8,0.02769461
1972-08-17,1.87,1.8700,66.7,0.02803598
1972-08-18,1.88,1.8800,66.9,0.02810164
1972-08-21,1.88,1.8800,67.1,0.02801788
1972-08-22,1.95,1.9500,67.3,0.02897474
1972-08-23,1.93,1.9300,67.3,0.02867756
1972-08-24,1.92,1.9200,67.6,0.02840237
1972-08-25,1.91,1.9100,67.4,0.02833828
1972-08-28,1.93,1.9300,67.3,0.02867756
1972-08-29,1.92,1.9200,66.9,0.02869955
1972-08-30,1.95,1.9500,67.1,0.02906110
1972-08-31,1.93,1.9300,67.1,0.02876304
1972-09-01,1.93,1.9300,67.1,0.02876304
1972-09-05,1.97,1.9700,67.2,0.02931548
1972-09-06,1.91,1.9100,67.3,0.02838039
1972-09-07,1.89,1.8900,67.4,0.02804154
1972-09-08,1.88,1.8800,67.4,0.02789318
1972-09-11,1.81,1.8100,67.5,0.02681481
1972-09-12,1.8,1.8000,67.1,0.02682563
1972-09-13,1.85,1.8500,67.3,0.02748886
1972-09-14,1.85,1.8500,67.1,0.02757079
1972-09-15,1.8,1.8000,65.7,0.02739726
1972-09-18,1.7,1.7000,61.5,0.02764228
1972-09-19,1.73,1.7300,64.5,0.02682171
1972-09-20,1.76,1.7600,65.3,0.02695253
1972-09-21,1.77,1.7700,65.5,0.02702290
1972-09-22,1.75,1.7500,64.2,0.02725857
1972-09-25,1.72,1.7200,63.8,0.02695925
1972-09-26,1.75,1.7500,64.2,0.02725857
1972-09-27,1.79,1.7900,64.1,0.02792512
1972-09-28,1.79,1.7900,64.7,0.02766615
1972-09-29,1.79,1.7900,64.5,0.02775194
1972-10-02,1.81,1.8100,64.4,0.02810559
1972-10-03,1.82,1.8200,64.4,0.02826087
1972-10-04,1.83,1.8300,65.5,0.02793893
1972-10-05,1.81,1.8100,65.9,0.02746586
1972-10-06,1.84,1.8400,65.8,0.02796353
1972-10-10,1.86,1.8600,65.5,0.02839695
1972-10-11,1.82,1.8200,65.3,0.02787136
1972-10-12,1.81,1.8100,64.9,0.02788906
1972-10-13,1.84,1.8400,65,0.02830769
1972-10-16,1.85,1.8500,65.4,0.02828746
1972-10-17,1.85,1.8500,65.2,0.02837423
1972-10-18,1.9,1.9000,65.1,0.02918587
1972-10-19,1.87,1.8700,65.3,0.02863706
1972-10-20,1.89,1.8900,65.3,0.02894334
1972-10-24,1.89,1.8900,65.1,0.02903226
1972-10-25,1.86,1.8600,65,0.02861538
1972-10-26,1.86,1.8600,64.8,0.02870370
1972-10-27,1.87,1.8700,64.9,0.02881356
1972-10-30,1.85,1.8500,64.8,0.02854938
1972-10-31,1.88,1.8800,64.6,0.02910217
1972-11-01,1.89,1.8900,64.3,0.02939347
1972-11-02,1.88,1.8800,64.3,0.02923795
1972-11-03,1.91,1.9100,64.4,0.02965839
1972-11-06,1.88,1.8800,64.3,0.02923795
1972-11-08,1.85,1.8500,63.9,0.02895149
1972-11-09,1.83,1.8300,63.4,0.02886435
1972-11-10,1.86,1.8600,63.1,0.02947702
1972-11-13,1.85,1.8500,62.9,0.02941176
1972-11-14,1.84,1.8400,62.2,0.02958199
1972-11-15,1.86,1.8600,62.2,0.02990354
1972-11-16,1.85,1.8500,61.7,0.02998379
1972-11-17,1.82,1.8200,60.6,0.03003300
1972-11-20,1.82,1.8200,61.4,0.02964169
1972-11-21,1.85,1.8500,62.8,0.02945860
1972-11-22,1.86,1.8600,62.8,0.02961783
1972-11-24,1.84,1.8400,63.5,0.02897638
1972-11-27,1.83,1.8300,64.3,0.02846034
1972-11-28,1.88,1.8800,64,0.02937500
1972-11-29,1.89,1.8900,63.8,0.02962382
1972-11-30,1.91,1.9100,63.9,0.02989045
1972-12-01,1.93,1.9300,64.5,0.02992248
1972-12-04,1.92,1.9200,63.7,0.03014129
1972-12-05,1.96,1.9600,63.4,0.03091483
1972-12-06,1.94,1.9400,63.4,0.03059937
1972-12-07,1.95,1.9500,63.4,0.03075710
1972-12-08,1.98,1.9800,63.4,0.03123028
1972-12-11,2.02,2.0200,63.2,0.03196203
1972-12-12,2,2.0000,63.2,0.03164557
1972-12-13,1.97,1.9700,63.4,0.03107256
1972-12-14,1.99,1.9900,63.7,0.03124019
1972-12-15,2.02,2.0200,64.2,0.03146417
1972-12-18,1.96,1.9600,65.4,0.02996942
1972-12-19,1.97,1.9700,65.7,0.02998478
1972-12-20,2,2.0000,64.7,0.03091190
1972-12-21,2.04,2.0400,64.5,0.03162791
1972-12-22,2.04,2.0400,64.5,0.03162791
1972-12-26,2.05,2.0500,64.5,0.03178295
1972-12-27,2.04,2.0400,64.9,0.03143297
1972-12-29,2.05,2.0500,65.2,0.03144172
1973-01-02,2.03,2.0300,65.4,0.03103976
1973-01-03,2.05,2.0500,65.6,0.03125000
1973-01-04,2.05,2.0500,65.2,0.03144172
1973-01-05,2.02,2.0200,65.5,0.03083969
1973-01-08,2.03,2.0300,65.4,0.03103976
1973-01-09,2.02,2.0200,65.4,0.03088685
1973-01-10,2.03,2.0300,65.3,0.03108729
1973-01-11,2.04,2.0400,65.3,0.03124043
1973-01-12,2.05,2.0500,65.4,0.03134557
1973-01-15,2.03,2.0300,65.4,0.03103976
1973-01-16,2.05,2.0500,65.4,0.03134557
1973-01-17,2.01,2.0100,64.9,0.03097072
1973-01-18,2.05,2.0500,64.2,0.03193146
1973-01-19,2.05,2.0500,64.8,0.03163580
1973-01-22,2,2.0000,65.5,0.03053435
1973-01-23,2,2.0000,65.5,0.03053435
1973-01-24,2.02,2.0200,65.9,0.03065250
1973-01-26,2.01,2.0100,65.8,0.03054711
1973-01-29,2.06,2.0600,65.6,0.03140244
1973-01-30,2.07,2.0700,66.3,0.03122172
1973-01-31,2.07,2.0700,66.3,0.03122172
1973-02-01,2.09,2.0900,66.9,0.03124066
1973-02-02,2.08,2.0800,67.2,0.03095238
1973-02-05,2.14,2.1400,67.9,0.03151694
1973-02-06,2.13,2.1300,69.1,0.03082489
1973-02-07,2.16,2.1600,68.9,0.03134978
1973-02-08,2.21,2.2100,69.3,0.03189033
1973-02-09,2.18,2.1800,68.4,0.03187135
1973-02-13,2.28,2.2800,69.2,0.03294798
1973-02-14,2.3,2.3000,72.6,0.03168044
1973-02-15,2.29,2.2900,73.9,0.03098782
1973-02-16,2.27,2.2700,73.6,0.03084239
1973-02-20,2.31,2.3100,76.8,0.03007813
1973-02-21,2.33,2.3300,79.6,0.02927136
1973-02-22,2.43,2.4300,86.8,0.02799539
1973-02-23,2.45,2.4500,85.3,0.02872216
1973-02-26,2.44,2.4400,81,0.03012346
1973-02-27,2.52,2.5200,84,0.03000000
1973-02-28,2.58,2.5800,85.3,0.03024619
1973-03-01,2.68,2.6800,86,0.03116279
1973-03-02,2.64,2.6400,86.3,0.03059096
1973-03-05,2.54,2.5400,84.3,0.03013049
1973-03-06,2.44,2.4400,83.3,0.02929172
1973-03-07,2.4,2.4000,82.8,0.02898551
1973-03-08,2.46,2.4600,84,0.02928571
1973-03-09,2.4,2.4000,83.1,0.02888087
1973-03-12,2.3,2.3000,82.8,0.02777778
1973-03-13,2.26,2.2600,80.3,0.02814446
1973-03-14,2.27,2.2700,80.3,0.02826899
1973-03-15,2.23,2.2300,83,0.02686747
1973-03-16,2.27,2.2700,83,0.02734940
1973-03-19,2.22,2.2200,82.5,0.02690909
1973-03-20,2.34,2.3400,82.5,0.02836364
1973-03-21,2.3,2.3000,81.9,0.02808303
1973-03-22,2.24,2.2400,82,0.02731707
1973-03-23,2.3,2.3000,84.8,0.02712264
1973-03-26,2.35,2.3500,90.3,0.02602436
1973-03-27,2.27,2.2700,90.3,0.02513843
1973-03-28,2.22,2.2200,88.8,0.02500000
1973-03-29,2.21,2.2100,89.5,0.02469274
1973-03-30,2.24,2.2400,90.3,0.02480620
1973-04-02,2.29,2.2900,89.5,0.02558659
1973-04-03,2.26,2.2600,90.3,0.02502769
1973-04-04,2.26,2.2600,90.5,0.02497238
1973-04-05,2.25,2.2500,91.2,0.02467105
1973-04-06,2.25,2.2500,91,0.02472527
1973-04-09,2.29,2.2900,91.3,0.02508215
1973-04-10,2.29,2.2900,91.3,0.02508215
1973-04-11,2.29,2.2900,91.5,0.02502732
1973-04-12,2.26,2.2600,91.2,0.02478070
1973-04-13,2.27,2.2700,90.3,0.02513843
1973-04-16,2.21,2.2100,89.6,0.02466518
1973-04-17,2.12,2.1200,90.5,0.02342541
1973-04-18,2.13,2.1300,91.3,0.02332968
1973-04-19,2.18,2.1800,91,0.02395604
1973-04-23,2.16,2.1600,91,0.02373626
1973-04-24,2.16,2.1600,91.1,0.02371021
1973-04-25,2.15,2.1500,90.4,0.02378319
1973-04-26,2.18,2.1800,90.8,0.02400881
1973-04-27,2.2,2.2000,90.9,0.02420242
1973-04-30,2.21,2.2100,91,0.02428571
1973-05-01,2.19,2.1900,91,0.02406593
1973-05-02,2.12,2.1200,90.9,0.02332233
1973-05-03,2.24,2.2400,90.6,0.02472406
1973-05-04,2.24,2.2400,90.6,0.02472406
1973-05-07,2.26,2.2600,90.6,0.02494481
1973-05-08,2.31,2.3100,91.7,0.02519084
1973-05-09,2.38,2.3800,93,0.02559140
1973-05-10,2.43,2.4300,95.1,0.02555205
1973-05-11,2.39,2.3900,97,0.02463918
1973-05-14,2.49,2.4900,102.5,0.02429268
1973-05-15,2.47,2.4700,110.3,0.02239347
1973-05-16,2.41,2.4100,106.8,0.02256554
1973-05-17,2.42,2.4200,104.5,0.02315789
1973-05-18,2.48,2.4800,105.8,0.02344045
1973-05-21,2.63,2.6300,112.3,0.02341941
1973-05-22,2.58,2.5800,110.8,0.02328520
1973-05-23,2.45,2.4500,110,0.02227273
1973-05-24,2.46,2.4600,110.3,0.02230281
1973-05-25,2.54,2.5400,106.8,0.02378277
1973-05-29,2.71,2.7100,110.3,0.02456936
1973-05-30,2.74,2.7400,113.5,0.02414097
1973-05-31,2.71,2.7100,115,0.02356522
1973-06-01,2.78,2.7800,118,0.02355932
1973-06-04,2.88,2.8800,123.8,0.02326333
1973-06-05,2.69,2.6900,126.3,0.02129850
1973-06-06,2.68,2.6800,121.8,0.02200328
1973-06-07,2.61,2.6100,118.8,0.02196970
1973-06-08,2.65,2.6500,117.5,0.02255319
1973-06-11,2.59,2.5900,115.8,0.02236615
1973-06-12,2.68,2.6800,117.5,0.02280851
1973-06-13,2.63,2.6300,115.8,0.02271157
1973-06-14,2.65,2.6500,118,0.02245763
1973-06-15,2.73,2.7300,120.3,0.02269327
1973-06-18,2.79,2.7900,122.8,0.02271987
1973-06-19,2.72,2.7200,120.5,0.02257261
1973-06-20,2.73,2.7300,120.3,0.02269327
1973-06-21,2.77,2.7700,120.8,0.02293046
1973-06-22,2.77,2.7700,120.3,0.02302577
1973-06-25,2.8,2.8000,118.8,0.02356902
1973-06-26,2.82,2.8200,123.5,0.02283401
1973-06-27,2.82,2.8200,122.5,0.02302041
1973-06-28,2.76,2.7600,121.8,0.02266010
1973-06-29,2.81,2.8100,123.5,0.02275304
1973-07-02,2.82,2.8200,121.3,0.02324815
1973-07-03,2.85,2.8500,122.3,0.02330335
1973-07-05,2.9,2.9000,123.3,0.02351987
1973-07-06,2.94,2.9400,124.8,0.02355769
1973-07-09,2.9,2.9000,126.3,0.02296120
1973-07-10,2.83,2.8300,123.3,0.02295215
1973-07-11,2.91,2.9100,119.3,0.02439229
1973-07-12,2.9,2.9000,121.3,0.02390767
1973-07-13,2.92,2.9200,121.3,0.02407255
1973-07-16,3.02,3.0200,120.2,0.02512479
1973-07-17,3.02,3.0200,121.3,0.02489695
1973-07-18,3.06,3.0600,119.8,0.02554257
1973-07-19,2.96,2.9600,114.5,0.02585153
1973-07-20,3.04,3.0400,118,0.02576271
1973-07-23,3.14,3.1400,119,0.02638655
1973-07-24,3.12,3.1200,120.2,0.02595674
1973-07-25,3.11,3.1100,118.8,0.02617845
1973-07-26,3.08,3.0800,119.8,0.02570952
1973-07-27,2.98,2.9800,117.3,0.02540494
1973-07-30,2.89,2.8900,115.8,0.02495682
1973-07-31,3.03,3.0300,115.9,0.02614323
1973-08-01,3.12,3.1200,117.8,0.02648557
1973-08-02,3.03,3.0300,116.4,0.02603093
1973-08-03,3.04,3.0400,116.3,0.02613929
1973-08-06,2.96,2.9600,115.8,0.02556131
1973-08-07,2.91,2.9100,115.2,0.02526042
1973-08-08,2.85,2.8500,114,0.02500000
1973-08-09,2.9,2.9000,110.3,0.02629193
1973-08-10,2.82,2.8200,107,0.02635514
1973-08-13,2.72,2.7200,102.3,0.02658847
1973-08-14,2.71,2.7100,95.8,0.02828810
1973-08-15,2.76,2.7600,94.3,0.02926829
1973-08-16,2.78,2.7800,103.3,0.02691191
1973-08-17,2.77,2.7700,104.3,0.02655801
1973-08-20,2.86,2.8600,109.8,0.02604736
1973-08-21,2.76,2.7600,106,0.02603774
1973-08-22,2.71,2.7100,103.3,0.02623427
1973-08-23,2.71,2.7100,100.5,0.02696517
1973-08-24,2.75,2.7500,101.3,0.02714709
1973-08-27,2.7,2.7000,103.3,0.02613746
1973-08-28,2.69,2.6900,104.3,0.02579099
1973-08-29,2.79,2.7900,107.6,0.02592937
1973-08-30,2.77,2.7700,105.8,0.02618147
1973-08-31,2.75,2.7500,103.8,0.02649326
1973-09-04,2.71,2.7100,105.4,0.02571157
1973-09-05,2.75,2.7500,106.4,0.02584586
1973-09-06,2.67,2.6700,105.8,0.02523629
1973-09-07,2.7,2.7000,105.5,0.02559242
1973-09-10,2.63,2.6300,105,0.02504762
1973-09-11,2.66,2.6600,103,0.02582524
1973-09-12,2.64,2.6400,102.5,0.02575610
1973-09-13,2.64,2.6400,100.5,0.02626866
1973-09-14,2.67,2.6700,100.6,0.02654076
1973-09-17,2.77,2.7700,104.3,0.02655801
1973-09-18,2.73,2.7300,103.3,0.02642788
1973-09-19,2.82,2.8200,101.7,0.02772861
1973-09-20,2.9,2.9000,103.5,0.02801932
1973-09-21,2.87,2.8700,103.8,0.02764933
1973-09-24,2.89,2.8900,102.3,0.02825024
1973-09-25,2.88,2.8800,102,0.02823529
1973-09-26,2.92,2.9200,102.8,0.02840467
1973-09-27,2.87,2.8700,101.5,0.02827586
1973-09-28,2.87,2.8700,100.3,0.02861416
1973-10-01,2.81,2.8100,97,0.02896907
1973-10-02,2.85,2.8500,98,0.02908163
1973-10-03,2.84,2.8400,99.4,0.02857143
1973-10-04,2.8,2.8000,99.3,0.02819738
1973-10-05,2.85,2.8500,98.8,0.02884615
1973-10-09,2.95,2.9500,99.9,0.02952953
1973-10-10,2.99,2.9900,103.8,0.02880539
1973-10-11,2.98,2.9800,104,0.02865385
1973-10-12,3.03,3.0300,102.2,0.02964775
1973-10-15,3.02,3.0200,101.5,0.02975369
1973-10-16,3.09,3.0900,102.1,0.03026445
1973-10-17,3,3.0000,103.8,0.02890173
1973-10-18,3.04,3.0400,102.2,0.02974560
1973-10-19,2.97,2.9700,101.3,0.02931885
1973-10-23,3.03,3.0300,101,0.03000000
1973-10-24,2.98,2.9800,100,0.02980000
1973-10-25,2.97,2.9700,100.4,0.02958167
1973-10-26,2.96,2.9600,98.5,0.03005076
1973-10-29,2.88,2.8800,98.5,0.02923858
1973-10-30,2.92,2.9200,97.5,0.02994872
1973-10-31,2.93,2.9300,98.3,0.02980671
1973-11-01,2.96,2.9600,97,0.03051546
1973-11-02,2.97,2.9700,98.5,0.03015228
1973-11-05,2.98,2.9800,98,0.03040816
1973-11-07,2.9,2.9000,97.4,0.02977413
1973-11-08,2.9,2.9000,98,0.02959184
1973-11-09,2.92,2.9200,98.5,0.02964467
1973-11-12,2.83,2.8300,97,0.02917526
1973-11-13,2.85,2.8500,96.9,0.02941176
1973-11-14,2.86,2.8600,90,0.03177778
1973-11-15,2.83,2.8300,91.25,0.03101370
1973-11-16,2.86,2.8600,90.25,0.03168975
1973-11-19,2.9,2.9000,90,0.03222222
1973-11-20,2.91,2.9100,90.5,0.03215470
1973-11-21,2.89,2.8900,90.25,0.03202216
1973-11-23,2.88,2.8800,90,0.03200000
1973-11-26,2.81,2.8100,90.25,0.03113573
1973-11-27,2.88,2.8800,92,0.03130435
1973-11-28,2.98,2.9800,101.5,0.02935961
1973-11-29,3.02,3.0200,102,0.02960784
1973-11-30,3.02,3.0200,101.2,0.02984190
1973-12-03,3.09,3.0900,100.5,0.03074627
1973-12-04,3.08,3.0800,105.7,0.02913907
1973-12-05,3.02,3.0200,105.3,0.02867996
1973-12-06,3.11,3.1100,106,0.02933962
1973-12-07,3.13,3.1300,107.5,0.02911628
1973-12-10,3.17,3.1700,105.8,0.02996219
1973-12-11,3.16,3.1600,104.4,0.03026820
1973-12-12,3.12,3.1200,104.3,0.02991371
1973-12-13,3.05,3.0500,103.9,0.02935515
1973-12-14,3.09,3.0900,105.2,0.02937262
1973-12-17,3.19,3.1900,107,0.02981308
1973-12-18,3.21,3.2100,109.2,0.02939560
1973-12-19,3.23,3.2300,108.6,0.02974217
1973-12-20,3.21,3.2100,108.2,0.02966728
1973-12-21,3.23,3.2300,107,0.03018692
1973-12-26,3.28,3.2800,109.8,0.02987250
1973-12-27,3.27,3.2700,112,0.02919643
1973-12-28,3.27,3.2700,112.3,0.02911843
1973-12-31,3.3,3.3000,114.5,0.02882096
1974-01-02,3.38,3.3800,116.8,0.02893836
1974-01-03,3.33,3.3300,121.5,0.02740741
1974-01-04,3.29,3.2900,118.8,0.02769360
1974-01-07,3.39,3.3900,121.8,0.02783251
1974-01-08,3.44,3.4400,126.8,0.02712934
1974-01-09,3.35,3.3500,124.3,0.02695093
1974-01-10,3.43,3.4300,120.3,0.02851205
1974-01-11,3.46,3.4600,122.3,0.02829109
1974-01-14,3.54,3.5400,125,0.02832000
1974-01-15,3.53,3.5300,125.8,0.02806041
1974-01-16,3.63,3.6300,126.5,0.02869565
1974-01-17,3.71,3.7100,128.6,0.02884914
1974-01-18,3.81,3.8100,130.3,0.02924021
1974-01-21,4.02,4.0200,140.1,0.02869379
1974-01-22,3.81,3.8100,137.7,0.02766885
1974-01-23,3.77,3.7700,134.8,0.02796736
1974-01-24,4,4.0000,141.3,0.02830856
1974-01-25,4.09,4.0900,141.2,0.02896601
1974-01-28,4.2,4.2000,139.8,0.03004292
1974-01-29,4.06,4.0600,137.8,0.02946299
1974-01-30,4.06,4.0600,135.8,0.02989691
1974-01-31,4.15,4.1500,132.8,0.03125000
1974-02-01,4.25,4.2500,130.8,0.03249235
1974-02-04,4.35,4.3500,133.8,0.03251121
1974-02-05,4.5,4.5000,140.3,0.03207413
1974-02-06,4.65,4.6500,138.3,0.03362256
1974-02-07,4.75,4.7500,139.3,0.03409907
1974-02-08,4.9,4.9000,143.3,0.03419400
1974-02-11,5.05,5.0500,145.3,0.03475568
1974-02-13,5.2,5.2000,144.3,0.03603604
1974-02-14,5.35,5.3500,146.3,0.03656869
1974-02-15,5.5,5.5000,149.1,0.03688799
1974-02-19,5.54,5.5400,149.8,0.03698264
1974-02-20,5.69,5.6900,150.3,0.03785762
1974-02-21,5.84,5.8400,157,0.03719745
1974-02-22,5.99,5.9900,163.3,0.03668096
1974-02-25,6.14,6.1400,169.8,0.03616019
1974-02-26,6.29,6.2900,175.3,0.03588135
1974-02-27,6.16,6.1600,174.3,0.03534137
1974-02-28,5.96,5.9600,162.8,0.03660934
1974-03-01,5.76,5.7600,167.8,0.03432658
1974-03-04,5.57,5.5700,166.3,0.03349369
1974-03-05,5.37,5.3700,159.3,0.03370998
1974-03-06,5.18,5.1800,160.3,0.03231441
1974-03-07,5.38,5.3800,166.3,0.03235117
1974-03-08,5.29,5.2900,165.3,0.03200242
1974-03-11,5.43,5.4300,165.8,0.03275030
1974-03-12,5.63,5.6300,163.3,0.03447642
1974-03-13,5.68,5.6800,164.8,0.03446602
1974-03-14,5.51,5.5100,164.8,0.03343447
1974-03-15,5.47,5.4700,164.1,0.03333333
1974-03-18,5.59,5.5900,164.3,0.03402313
1974-03-19,5.79,5.7900,169.3,0.03419965
1974-03-20,5.85,5.8500,176.3,0.03318208
1974-03-21,5.65,5.6500,175.3,0.03223046
1974-03-22,5.8,5.8000,177.8,0.03262092
1974-03-25,5.6,5.6000,177,0.03163842
1974-03-26,5.4,5.4000,172.5,0.03130435
1974-03-27,5.38,5.3800,174.3,0.03086632
1974-03-28,5.55,5.5500,174.8,0.03175057
1974-03-29,5.56,5.5600,173.3,0.03208309
1974-04-01,5.36,5.3600,174.4,0.03073394
1974-04-02,5.24,5.2400,177.3,0.02955443
1974-04-03,5.43,5.4300,179.8,0.03020022
1974-04-04,5.39,5.3900,176.5,0.03053824
1974-04-05,5.19,5.1900,173.5,0.02991354
1974-04-08,4.99,4.9900,167.3,0.02982666
1974-04-09,4.79,4.7900,170.3,0.02812683
1974-04-10,4.59,4.5900,173.5,0.02645533
1974-04-11,4.44,4.4400,173.8,0.02554661
1974-04-15,4.64,4.6400,174,0.02666667
1974-04-16,4.58,4.5800,172.5,0.02655072
1974-04-17,4.71,4.7100,170.2,0.02767333
1974-04-18,4.91,4.9100,170.3,0.02883147
1974-04-19,5.11,5.1100,172.3,0.02965757
1974-04-22,5.3,5.3000,175,0.03028571
1974-04-23,5.5,5.5000,175,0.03142857
1974-04-24,5.71,5.7100,171,0.03339181
1974-04-25,5.69,5.6900,169.3,0.03360898
1974-04-26,5.62,5.6200,169.3,0.03319551
1974-04-29,5.8,5.8000,169.5,0.03421829
1974-04-30,5.74,5.7400,169.5,0.03386431
1974-05-01,5.54,5.5400,169.8,0.03262662
1974-05-02,5.72,5.7200,169.9,0.03366686
1974-05-03,5.72,5.7200,169.3,0.03378618
1974-05-06,5.52,5.5200,166.3,0.03319302
1974-05-07,5.38,5.3800,163.3,0.03294550
1974-05-08,5.58,5.5800,158,0.03531646
1974-05-09,5.71,5.7100,166.5,0.03429429
1974-05-10,5.83,5.8300,168,0.03470238
1974-05-13,6.03,6.0300,166.8,0.03615108
1974-05-14,5.84,5.8400,166.5,0.03507508
1974-05-15,6.03,6.0300,164.7,0.03661202
1974-05-16,5.92,5.9200,164.3,0.03603165
1974-05-17,5.87,5.8700,165.8,0.03540410
1974-05-20,5.67,5.6700,163.2,0.03474265
1974-05-21,5.61,5.6100,161.3,0.03477991
1974-05-22,5.41,5.4100,163.3,0.03312921
1974-05-23,5.21,5.2100,159.8,0.03260325
1974-05-24,5,5.0000,162,0.03086420
1974-05-28,4.8,4.8000,154.3,0.03110823
1974-05-29,5,5.0000,155.8,0.03209243
1974-05-30,5.13,5.1300,162.3,0.03160813
1974-05-31,4.93,4.9300,157,0.03140127
1974-06-03,4.74,4.7400,155.8,0.03042362
1974-06-04,4.93,4.9300,154.7,0.03186813
1974-06-05,5.13,5.1300,162,0.03166667
1974-06-06,5.17,5.1700,159.3,0.03245449
1974-06-07,5.24,5.2400,155.8,0.03363286
1974-06-10,5.26,5.2600,157.7,0.03335447
1974-06-11,5.07,5.0700,157.5,0.03219048
1974-06-12,5.24,5.2400,156.8,0.03341837
1974-06-13,5.04,5.0400,157.3,0.03204069
1974-06-14,5.07,5.0700,160.8,0.03152985
1974-06-17,5.09,5.0900,157.8,0.03225602
1974-06-18,4.98,4.9800,155.8,0.03196406
1974-06-19,4.82,4.8200,153.9,0.03131904
1974-06-20,4.86,4.8600,152,0.03197368
1974-06-21,4.89,4.8900,154,0.03175325
1974-06-24,4.7,4.7000,150.3,0.03127079
1974-06-25,4.73,4.7300,150,0.03153333
1974-06-26,4.77,4.7700,146.8,0.03249319
1974-06-27,4.75,4.7500,144.8,0.03280387
1974-06-28,4.8,4.8000,144.5,0.03321799
1974-07-01,4.6,4.6000,143.3,0.03210049
1974-07-02,4.49,4.4900,137.2,0.03272595
1974-07-03,4.29,4.2900,136.7,0.03138259
1974-07-05,4.22,4.2200,134.3,0.03142219
1974-07-08,4.42,4.4200,141.2,0.03130312
1974-07-09,4.52,4.5200,145.7,0.03102265
1974-07-10,4.32,4.3200,139,0.03107914
1974-07-11,4.12,4.1200,137.2,0.03002915
1974-07-12,3.96,3.9600,137.2,0.02886297
1974-07-15,4.16,4.1600,139,0.02992806
1974-07-16,3.96,3.9600,141.3,0.02802548
1974-07-17,4.04,4.0400,141,0.02865248
1974-07-18,4.47,4.4700,144.2,0.03099861
1974-07-19,4.61,4.6100,145.8,0.03161866
1974-07-22,4.81,4.8100,143.3,0.03356595
1974-07-23,4.61,4.6100,144.2,0.03196949
1974-07-24,4.79,4.7900,144.5,0.03314879
1974-07-25,5.24,5.2400,149.3,0.03509712
1974-07-26,5.1,5.1000,149.3,0.03415941
1974-07-29,5.42,5.4200,157.8,0.03434728
1974-07-30,5.21,5.2100,157.3,0.03312142
1974-07-31,5.26,5.2600,156.2,0.03367478
1974-08-01,5.07,5.0700,159.6,0.03176692
1974-08-02,4.87,4.8700,156.8,0.03105867
1974-08-05,4.83,4.8300,153.9,0.03138402
1974-08-06,5,5.0000,155.3,0.03219575
1974-08-07,4.93,4.9300,154.8,0.03184755
1974-08-08,4.73,4.7300,152.3,0.03105712
1974-08-09,4.51,4.5100,154.5,0.02919094
1974-08-12,4.47,4.4700,152.5,0.02931148
1974-08-13,4.67,4.6700,151.8,0.03076416
1974-08-14,4.66,4.6600,156.5,0.02977636
1974-08-15,4.5,4.5000,153.3,0.02935421
1974-08-16,4.62,4.6200,155.8,0.02965340
1974-08-19,4.75,4.7500,155.5,0.03054662
1974-08-20,4.62,4.6200,156.3,0.02955854
1974-08-21,4.66,4.6600,155.8,0.02991014
1974-08-22,4.84,4.8400,154.8,0.03126615
1974-08-23,4.65,4.6500,154.3,0.03013610
1974-08-26,4.5,4.5000,154.3,0.02916397
1974-08-27,4.3,4.3000,153.8,0.02795839
1974-08-28,4.42,4.4200,154.6,0.02858991
1974-08-29,4.28,4.2800,155.8,0.02747112
1974-08-30,4.29,4.2900,156.3,0.02744722
1974-09-03,4.09,4.0900,158,0.02588608
1974-09-04,4.14,4.1400,157.2,0.02633588
1974-09-05,4.27,4.2700,157.7,0.02707673
1974-09-06,4.21,4.2100,157.3,0.02676414
1974-09-09,4.12,4.1200,155.8,0.02644416
1974-09-10,4.05,4.0500,154.7,0.02617970
1974-09-11,4.09,4.0900,153.2,0.02669713
1974-09-12,4.06,4.0600,154.7,0.02624434
1974-09-13,4.12,4.1200,153.2,0.02689295
1974-09-16,3.94,3.9400,153,0.02575163
1974-09-17,3.81,3.8100,148,0.02574324
1974-09-18,3.88,3.8800,148.2,0.02618084
1974-09-19,3.96,3.9600,149.8,0.02643525
1974-09-20,3.99,3.9900,146.3,0.02727273
1974-09-23,4.15,4.1500,148.3,0.02798382
1974-09-24,4.26,4.2600,147.8,0.02882273
1974-09-25,4.14,4.1400,147.5,0.02806780
1974-09-26,4.36,4.3600,145.7,0.02992450
1974-09-27,4.22,4.2200,146,0.02890411
1974-09-30,4.53,4.5300,151.5,0.02990099
1974-10-01,4.81,4.8100,156,0.03083333
1974-10-02,4.73,4.7300,154.3,0.03065457
1974-10-03,4.93,4.9300,155.9,0.03162284
1974-10-04,5.24,5.2400,159.3,0.03289391
1974-10-07,5.04,5.0400,157.8,0.03193916
1974-10-08,4.84,4.8400,155.3,0.03116549
1974-10-09,5.04,5.0400,155.9,0.03232842
1974-10-10,4.84,4.8400,158.5,0.03053628
1974-10-11,4.69,4.6900,157.2,0.02983461
1974-10-15,4.82,4.8200,155.3,0.03103670
1974-10-16,4.69,4.6900,155.2,0.03021907
1974-10-17,4.67,4.6700,155.2,0.03009021
1974-10-18,4.87,4.8700,155.5,0.03131833
1974-10-21,5.14,5.1400,157.3,0.03267641
1974-10-22,5.03,5.0300,158.2,0.03179520
1974-10-23,5.09,5.0900,158,0.03221519
1974-10-24,5.29,5.2900,162.2,0.03261406
1974-10-25,5.3,5.3000,163.5,0.03241590
1974-10-28,5.58,5.5800,167.7,0.03327370
1974-10-29,5.25,5.2500,168.5,0.03115727
1974-10-30,5.06,5.0600,168.2,0.03008323
1974-10-31,5.15,5.1500,167.2,0.03080144
1974-11-01,5.02,5.0200,168,0.02988095
1974-11-04,5.03,5.0300,169.5,0.02967552
1974-11-06,5.23,5.2300,178.2,0.02934905
1974-11-07,5.42,5.4200,177.5,0.03053521
1974-11-08,5.38,5.3800,183.2,0.02936681
1974-11-12,5.03,5.0300,180.2,0.02791343
1974-11-13,4.94,4.9400,185.5,0.02663073
1974-11-14,4.99,4.9900,188.5,0.02647215
1974-11-15,4.79,4.7900,187.7,0.02551945
1974-11-18,4.81,4.8100,190.8,0.02520964
1974-11-19,4.59,4.5900,188,0.02441489
1974-11-20,4.86,4.8600,180.8,0.02688053
1974-11-21,4.54,4.5400,182.7,0.02484948
1974-11-22,4.54,4.5400,182.5,0.02487671
1974-11-25,4.54,4.5400,184,0.02467391
1974-11-26,4.68,4.6800,186.2,0.02513426
1974-11-27,4.63,4.6300,184.5,0.02509485
1974-11-29,4.74,4.7400,185.3,0.02558014
1974-12-02,4.54,4.5400,186,0.02440860
1974-12-03,4.57,4.5700,183.2,0.02494541
1974-12-04,4.56,4.5600,174.5,0.02613181
1974-12-05,4.58,4.5800,178.7,0.02562955
1974-12-06,4.52,4.5200,181.1,0.02495859
1974-12-09,4.45,4.4500,180.7,0.02462645
1974-12-10,4.48,4.4800,178.2,0.02514029
1974-12-11,4.44,4.4400,175,0.02537143
1974-12-12,4.48,4.4800,176,0.02545455
1974-12-13,4.58,4.5800,180,0.02544444
1974-12-16,4.78,4.7800,183.2,0.02609170
1974-12-17,4.7,4.7000,188.7,0.02490726
1974-12-18,4.83,4.8300,187.2,0.02580128
1974-12-19,4.9,4.9000,186.5,0.02627346
1974-12-20,4.76,4.7600,187.7,0.02535962
1974-12-23,4.96,4.9600,193.2,0.02567288
1974-12-24,5.03,5.0300,193.9,0.02594121
1974-12-26,5.13,5.1300,194.5,0.02637532
1974-12-27,5.1,5.1000,195.2,0.02612705
1974-12-30,4.9,4.9000,195.5,0.02506394
1974-12-31,4.7,4.7000,185.7,0.02530964
1975-01-02,4.6,4.6000,178.2,0.02581369
1975-01-03,4.51,4.5100,177.5,0.02540845
1975-01-06,4.5,4.5000,176.8,0.02545249
1975-01-07,4.41,4.4100,175.8,0.02508532
1975-01-08,4.4,4.4000,180.4,0.02439024
1975-01-09,4.41,4.4100,180.9,0.02437811
1975-01-10,4.6,4.6000,183.8,0.02502720
1975-01-13,4.55,4.5500,181.4,0.02508269
1975-01-14,4.7,4.7000,181.2,0.02593819
1975-01-15,4.54,4.5400,180,0.02522222
1975-01-16,4.43,4.4300,177.7,0.02492966
1975-01-17,4.23,4.2300,174.7,0.02421294
1975-01-20,4.32,4.3200,178.9,0.02414757
1975-01-21,4.2,4.2000,176.3,0.02382303
1975-01-22,4.25,4.2500,176.9,0.02402487
1975-01-23,4.45,4.4500,178.9,0.02487423
1975-01-24,4.58,4.5800,182.2,0.02513721
1975-01-27,4.45,4.4500,179.4,0.02480491
1975-01-28,4.51,4.5100,178.6,0.02525196
1975-01-29,4.56,4.5600,181.7,0.02509631
1975-01-30,4.44,4.4400,178.3,0.02490185
1975-01-31,4.32,4.3200,178,0.02426966
1975-02-03,4.36,4.3600,178.3,0.02445317
1975-02-04,4.33,4.3300,177.3,0.02442188
1975-02-05,4.37,4.3700,176.7,0.02473118
1975-02-06,4.43,4.4300,176.3,0.02512762
1975-02-07,4.54,4.5400,177.3,0.02560632
1975-02-10,4.39,4.3900,175.6,0.02500000
1975-02-11,4.53,4.5300,176.8,0.02562217
1975-02-13,4.73,4.7300,185.8,0.02545748
1975-02-14,4.67,4.6700,184.9,0.02525690
1975-02-18,4.86,4.8600,185.4,0.02621359
1975-02-19,4.74,4.7400,185.6,0.02553879
1975-02-20,4.87,4.8700,187.7,0.02594566
1975-02-21,4.78,4.7800,186,0.02569892
1975-02-24,4.79,4.7900,186.9,0.02562868
1975-02-25,4.61,4.6100,184.4,0.02500000
1975-02-26,4.68,4.6800,185.2,0.02526998
1975-02-27,4.6,4.6000,182.5,0.02520548
1975-02-28,4.65,4.6500,183,0.02540984
1975-03-03,4.68,4.6800,182.6,0.02562979
1975-03-04,4.48,4.4800,177,0.02531073
1975-03-05,4.45,4.4500,178.7,0.02490207
1975-03-06,4.49,4.4900,180.6,0.02486157
1975-03-07,4.46,4.4600,178,0.02505618
1975-03-10,4.56,4.5600,177.2,0.02573363
1975-03-11,4.67,4.6700,180,0.02594444
1975-03-12,4.7,4.7000,178.1,0.02638967
1975-03-13,4.65,4.6500,179.5,0.02590529
1975-03-14,4.62,4.6200,178.7,0.02585339
1975-03-17,4.71,4.7100,179,0.02631285
1975-03-18,4.46,4.4600,178.6,0.02497200
1975-03-19,4.61,4.6100,179.2,0.02572545
1975-03-20,4.38,4.3800,175.5,0.02495726
1975-03-21,4.4,4.4000,175.6,0.02505695
1975-03-24,4.27,4.2700,175.9,0.02427516
1975-03-25,4.31,4.3100,178.7,0.02411863
1975-03-26,4.42,4.4200,180.7,0.02446043
1975-03-27,4.3,4.3000,178.5,0.02408964
1975-03-31,4.39,4.3900,179.5,0.02445682
1975-04-01,4.35,4.3500,179.1,0.02428811
1975-04-02,4.27,4.2700,178.1,0.02397529
1975-04-03,4.21,4.2100,177.1,0.02377188
1975-04-04,4.14,4.1400,173.8,0.02382048
1975-04-07,4.18,4.1800,174.1,0.02400919
1975-04-08,4.16,4.1600,174.5,0.02383954
1975-04-09,4.18,4.1800,174.5,0.02395415
1975-04-10,4.22,4.2200,173.1,0.02437897
1975-04-11,4.2,4.2000,172.7,0.02431963
1975-04-14,4.12,4.1200,166.2,0.02478941
1975-04-15,4.15,4.1500,164.6,0.02521264
1975-04-16,4.28,4.2800,166.5,0.02570571
1975-04-17,4.46,4.4600,169.5,0.02631268
1975-04-18,4.41,4.4100,169,0.02609467
1975-04-21,4.36,4.3600,165.7,0.02631261
1975-04-22,4.29,4.2900,166.7,0.02573485
1975-04-23,4.38,4.3800,168.8,0.02594787
1975-04-24,4.36,4.3600,167,0.02610778
1975-04-25,4.39,4.3900,166.8,0.02631894
1975-04-28,4.41,4.4100,166.3,0.02651834
1975-04-29,4.46,4.4600,167.8,0.02657926
1975-04-30,4.37,4.3700,166.8,0.02619904
1975-05-01,4.39,4.3900,165.5,0.02652568
1975-05-02,4.35,4.3500,165,0.02636364
1975-05-05,4.4,4.4000,163.5,0.02691131
1975-05-06,4.49,4.4900,164.9,0.02722862
1975-05-07,4.58,4.5800,166.1,0.02757375
1975-05-08,4.56,4.5600,167.3,0.02725643
1975-05-09,4.63,4.6300,166.6,0.02779112
1975-05-12,4.62,4.6200,165.9,0.02784810
1975-05-13,4.67,4.6700,166.7,0.02801440
1975-05-14,4.63,4.6300,169.3,0.02734790
1975-05-15,4.46,4.4600,165.9,0.02688366
1975-05-16,4.66,4.6600,166.9,0.02792091
1975-05-19,4.71,4.7100,168.8,0.02790284
1975-05-20,4.63,4.6300,168.2,0.02752675
1975-05-21,4.73,4.7300,172.2,0.02746806
1975-05-22,4.72,4.7200,173.5,0.02720461
1975-05-23,4.75,4.7500,174.7,0.02718947
1975-05-27,4.58,4.5800,174.4,0.02626147
1975-05-28,4.63,4.6300,172.5,0.02684058
1975-05-29,4.54,4.5400,170.1,0.02669018
1975-05-30,4.52,4.5200,169,0.02674556
1975-06-02,4.41,4.4100,165.2,0.02669492
1975-06-03,4.47,4.4700,167.5,0.02668657
1975-06-04,4.42,4.4200,165.9,0.02664256
1975-06-05,4.41,4.4100,167.4,0.02634409
1975-06-06,4.42,4.4200,167.2,0.02643541
1975-06-09,4.6,4.6000,168.5,0.02729970
1975-06-10,4.54,4.5400,167.3,0.02713688
1975-06-11,4.58,4.5800,167.1,0.02740874
1975-06-12,4.56,4.5600,166.5,0.02738739
1975-06-13,4.54,4.5400,165.9,0.02736588
1975-06-16,4.51,4.5100,164.4,0.02743309
1975-06-17,4.56,4.5600,166,0.02746988
1975-06-18,4.54,4.5400,165.4,0.02744861
1975-06-19,4.53,4.5300,164.3,0.02757152
1975-06-20,4.56,4.5600,164.3,0.02775411
1975-06-23,4.53,4.5300,163.5,0.02770642
1975-06-24,4.64,4.6400,164.5,0.02820669
1975-06-25,4.62,4.6200,166.3,0.02778112
1975-06-26,4.61,4.6100,166,0.02777108
1975-06-27,4.64,4.6400,167.9,0.02763550
1975-06-30,4.67,4.6700,167.8,0.02783075
1975-07-01,4.62,4.6200,168.1,0.02748364
1975-07-02,4.58,4.5800,166.3,0.02754059
1975-07-03,4.62,4.6200,166.4,0.02776442
1975-07-07,4.55,4.5500,164,0.02774390
1975-07-08,4.68,4.6800,166.7,0.02807439
1975-07-09,4.7,4.7000,172.2,0.02729384
1975-07-10,4.68,4.6800,170.7,0.02741652
1975-07-11,4.72,4.7200,173,0.02728324
1975-07-14,4.71,4.7100,172.7,0.02727273
1975-07-15,4.73,4.7300,171.5,0.02758017
1975-07-16,4.71,4.7100,170.9,0.02755998
1975-07-17,4.67,4.6700,170.8,0.02734192
1975-07-18,4.79,4.7900,170.8,0.02804450
1975-07-21,4.86,4.8600,170.6,0.02848769
1975-07-22,4.88,4.8800,172.2,0.02833914
1975-07-23,4.87,4.8700,171.5,0.02839650
1975-07-24,4.93,4.9300,172,0.02866279
1975-07-25,5.07,5.0700,174.3,0.02908778
1975-07-28,5.26,5.2600,176.1,0.02986939
1975-07-29,5.43,5.4300,173.8,0.03124281
1975-07-30,5.16,5.1600,173.8,0.02968930
1975-07-31,5.19,5.1900,173.4,0.02993080
1975-08-01,5.25,5.2500,173.4,0.03027682
1975-08-04,5.34,5.3400,173.1,0.03084922
1975-08-05,5.25,5.2500,171.6,0.03059441
1975-08-06,5.33,5.3300,171,0.03116959
1975-08-07,5.42,5.4200,171.3,0.03164040
1975-08-08,5.22,5.2200,166.6,0.03133253
1975-08-11,5.43,5.4300,166.7,0.03257349
1975-08-12,5.53,5.5300,168.4,0.03283848
1975-08-13,5.35,5.3500,165,0.03242424
1975-08-14,5.34,5.3400,163.9,0.03258084
1975-08-15,5.36,5.3600,166.8,0.03213429
1975-08-18,5.28,5.2800,166.2,0.03176895
1975-08-19,5.35,5.3500,166.2,0.03219013
1975-08-20,5.31,5.3100,167,0.03179641
1975-08-21,5.24,5.2400,166.3,0.03150932
1975-08-22,5.3,5.3000,165.8,0.03196622
1975-08-25,5.33,5.3300,166,0.03210843
1975-08-26,5.14,5.1400,165.6,0.03103865
1975-08-27,5.16,5.1600,166,0.03108434
1975-08-28,5.06,5.0600,165.5,0.03057402
1975-08-29,4.96,4.9600,162.8,0.03046683
1975-09-02,4.76,4.7600,152.8,0.03115183
1975-09-03,4.87,4.8700,153.7,0.03168510
1975-09-04,4.89,4.8900,155.2,0.03150773
1975-09-05,4.9,4.9000,156,0.03141026
1975-09-08,4.83,4.8300,153,0.03156863
1975-09-09,4.91,4.9100,151.8,0.03234519
1975-09-10,4.96,4.9600,150.4,0.03297872
1975-09-11,4.88,4.8800,149.6,0.03262032
1975-09-12,5.02,5.0200,149.7,0.03353373
1975-09-15,4.99,4.9900,150,0.03326667
1975-09-16,4.96,4.9600,147.7,0.03358158
1975-09-17,4.99,4.9900,144.3,0.03458073
1975-09-18,4.86,4.8600,137.8,0.03526851
1975-09-19,4.83,4.8300,138.4,0.03489884
1975-09-22,4.78,4.7800,134.8,0.03545994
1975-09-23,4.77,4.7700,131.2,0.03635671
1975-09-24,4.85,4.8500,137.5,0.03527273
1975-09-25,4.84,4.8400,137,0.03532847
1975-09-26,4.87,4.8700,139,0.03503597
1975-09-29,4.79,4.7900,139.8,0.03426323
1975-09-30,4.81,4.8100,142.2,0.03382560
1975-10-01,4.89,4.8900,144.2,0.03391123
1975-10-02,4.81,4.8100,143.4,0.03354254
1975-10-03,4.75,4.7500,139.9,0.03395282
1975-10-06,4.75,4.7500,142.6,0.03330996
1975-10-07,4.76,4.7600,143.7,0.03312457
1975-10-08,4.59,4.5900,139.6,0.03287966
1975-10-09,4.63,4.6300,141.7,0.03267466
1975-10-10,4.58,4.5800,143.6,0.03189415
1975-10-14,4.73,4.7300,142.9,0.03310007
1975-10-15,4.62,4.6200,142.9,0.03233030
1975-10-16,4.7,4.7000,144,0.03263889
1975-10-17,4.74,4.7400,146.1,0.03244353
1975-10-20,4.74,4.7400,146.8,0.03228883
1975-10-21,4.66,4.6600,145.2,0.03209366
1975-10-22,4.68,4.6800,146.5,0.03194539
1975-10-23,4.62,4.6200,145.1,0.03184011
1975-10-24,4.58,4.5800,144.1,0.03178348
1975-10-27,4.47,4.4700,143,0.03125874
1975-10-28,4.56,4.5600,143.3,0.03182135
1975-10-29,4.57,4.5700,144.1,0.03171409
1975-10-30,4.54,4.5400,143.6,0.03161560
1975-10-31,4.5,4.5000,142.8,0.03151261
1975-11-03,4.53,4.5300,143.3,0.03161200
1975-11-05,4.73,4.7300,148.4,0.03187332
1975-11-06,4.76,4.7600,146,0.03260274
1975-11-07,4.81,4.8100,147.8,0.03254398
1975-11-10,4.83,4.8300,146.4,0.03299180
1975-11-12,4.77,4.7700,155.2,0.03073454
1975-11-13,4.72,4.7200,144.6,0.03264177
1975-11-14,4.73,4.7300,141.6,0.03340395
1975-11-17,4.63,4.6300,140.8,0.03288352
1975-11-18,4.63,4.6300,141.8,0.03265162
1975-11-19,4.64,4.6400,144.4,0.03213296
1975-11-20,4.56,4.5600,152.8,0.02984293
1975-11-21,4.55,4.5500,152.3,0.02987525
1975-11-24,4.6,4.6000,152.6,0.03014417
1975-11-25,4.53,4.5300,151.5,0.02990099
1975-11-26,4.54,4.5400,150.7,0.03012608
1975-11-28,4.39,4.3900,147.8,0.02970230
1975-12-01,4.34,4.3400,147.3,0.02946368
1975-12-02,4.39,4.3900,148.7,0.02952253
1975-12-03,4.29,4.2900,147.2,0.02914402
1975-12-04,4.28,4.2800,147.1,0.02909585
1975-12-05,4.28,4.2800,146.6,0.02919509
1975-12-08,4.18,4.1800,144.4,0.02894737
1975-12-09,4.22,4.2200,145.4,0.02902338
1975-12-10,4.25,4.2500,147,0.02891156
1975-12-11,4.3,4.3000,147,0.02925170
1975-12-12,4.2,4.2000,145.9,0.02878684
1975-12-15,4.2,4.2000,145.3,0.02890571
1975-12-16,4.3,4.3000,146.3,0.02939166
1975-12-17,4.32,4.3200,146.6,0.02946794
1975-12-18,4.31,4.3100,146.5,0.02941980
1975-12-19,4.51,4.5100,153.5,0.02938111
1975-12-22,4.57,4.5700,151.3,0.03020489
1975-12-23,4.5,4.5000,149.5,0.03010033
1975-12-24,4.51,4.5100,149.4,0.03018742
1975-12-29,4.43,4.4300,149.9,0.02955304
1975-12-30,4.42,4.4200,149.7,0.02952572
1975-12-31,4.43,4.4300,148.8,0.02977151
1976-01-02,4.46,4.4600,148.8,0.02997312
1976-01-05,4.49,4.4900,147.1,0.03052345
1976-01-06,4.52,4.5200,147.5,0.03064407
1976-01-07,4.55,4.5500,146.6,0.03103683
1976-01-08,4.44,4.4400,142.7,0.03111423
1976-01-09,4.44,4.4400,143.4,0.03096234
1976-01-12,4.5,4.5000,143.4,0.03138075
1976-01-13,4.31,4.3100,137.7,0.03129993
1976-01-14,4.31,4.3100,138.8,0.03105187
1976-01-15,4.18,4.1800,137.6,0.03037791
1976-01-16,4.2,4.2000,136.8,0.03070175
1976-01-19,4.09,4.0900,132.9,0.03077502
1976-01-20,4.02,4.0200,129.3,0.03109049
1976-01-21,4.06,4.0600,129.3,0.03139985
1976-01-22,4.08,4.0800,131.1,0.03112128
1976-01-23,4.09,4.0900,133.5,0.03063670
1976-01-26,4.01,4.0100,131.1,0.03058734
1976-01-27,4.07,4.0700,131.5,0.03095057
1976-01-28,4.12,4.1200,133.8,0.03079223
1976-01-29,4.2,4.2000,133.9,0.03136669
1976-01-30,4.12,4.1200,134,0.03074627
1976-02-02,4.16,4.1600,136.6,0.03045388
1976-02-03,4.12,4.1200,136.2,0.03024963
1976-02-04,4.08,4.0800,134.6,0.03031204
1976-02-05,4.11,4.1100,134.6,0.03053492
1976-02-06,4.14,4.1400,136.5,0.03032967
1976-02-09,4.11,4.1100,135.1,0.03042191
1976-02-10,4.29,4.2900,135.7,0.03161385
1976-02-11,4.25,4.2500,135.1,0.03145818
1976-02-12,4.27,4.2700,135.5,0.03151292
1976-02-13,4.27,4.2700,136,0.03139706
1976-02-17,4.26,4.2600,134.5,0.03167286
1976-02-18,4.28,4.2800,134.7,0.03177431
1976-02-19,4.36,4.3600,134.9,0.03232024
1976-02-20,4.35,4.3500,136,0.03198529
1976-02-23,4.38,4.3800,135.8,0.03225331
1976-02-24,4.4,4.4000,137.9,0.03190718
1976-02-25,4.36,4.3600,137.6,0.03168605
1976-02-26,4.31,4.3100,136.3,0.03162142
1976-02-27,4.36,4.3600,136.5,0.03194139
1976-03-01,4.31,4.3100,135.9,0.03171450
1976-03-02,4.26,4.2600,135.3,0.03148559
1976-03-03,4.3,4.3000,134.9,0.03187546
1976-03-04,4.36,4.3600,136.1,0.03203527
1976-03-05,4.4,4.4000,137.8,0.03193033
1976-03-08,4.39,4.3900,136.7,0.03211412
1976-03-09,4.41,4.4100,137,0.03218978
1976-03-10,4.44,4.4400,137.7,0.03224401
1976-03-11,4.36,4.3600,137.4,0.03173217
1976-03-12,4.36,4.3600,136.7,0.03189466
1976-03-15,4.3,4.3000,136.3,0.03154806
1976-03-16,4.27,4.2700,135.9,0.03142016
1976-03-17,4.33,4.3300,136.8,0.03165205
1976-03-18,4.3,4.3000,136.9,0.03140979
1976-03-19,4.34,4.3400,137.6,0.03154070
1976-03-22,4.28,4.2800,136.8,0.03128655
1976-03-23,4.3,4.3000,136.6,0.03147877
1976-03-24,4.26,4.2600,136.2,0.03127753
1976-03-25,4.22,4.2200,136.3,0.03096112
1976-03-26,4.19,4.1900,132.8,0.03155120
1976-03-29,4.11,4.1100,131.7,0.03120729
1976-03-30,4.17,4.1700,133.1,0.03132983
1976-03-31,4.14,4.1400,132.7,0.03119819
1976-04-01,4.25,4.2500,132.7,0.03202713
1976-04-02,4.21,4.2100,132.6,0.03174962
1976-04-05,4.24,4.2400,130.9,0.03239114
1976-04-06,4.41,4.4100,131.3,0.03358720
1976-04-07,4.3,4.3000,131,0.03282443
1976-04-08,4.52,4.5200,132.4,0.03413897
1976-04-09,4.5,4.5000,130.5,0.03448276
1976-04-12,4.66,4.6600,131.6,0.03541033
1976-04-13,4.64,4.6400,131.7,0.03523159
1976-04-14,4.6,4.6000,131.3,0.03503427
1976-04-15,4.65,4.6500,131.3,0.03541508
1976-04-19,4.73,4.7300,132,0.03583333
1976-04-20,4.75,4.7500,132.1,0.03595761
1976-04-21,4.65,4.6500,131,0.03549618
1976-04-22,4.63,4.6300,131.1,0.03531655
1976-04-23,4.62,4.6200,131.1,0.03524027
1976-04-26,4.58,4.5800,131.9,0.03472328
1976-04-27,4.73,4.7300,132.8,0.03561747
1976-04-28,4.64,4.6400,132.1,0.03512491
1976-04-29,4.64,4.6400,132.1,0.03512491
1976-04-30,4.66,4.6600,132.5,0.03516981
1976-05-03,4.49,4.4900,132.5,0.03388679
1976-05-04,4.41,4.4100,131.8,0.03345979
1976-05-05,4.56,4.5600,131.8,0.03459788
1976-05-06,4.65,4.6500,132.7,0.03504145
1976-05-07,4.72,4.7200,132.3,0.03567649
1976-05-10,4.58,4.5800,132.1,0.03467070
1976-05-11,4.57,4.5700,131.9,0.03464746
1976-05-12,4.62,4.6200,131.8,0.03505311
1976-05-13,4.57,4.5700,131.2,0.03483232
1976-05-14,4.58,4.5800,131.1,0.03493516
1976-05-17,4.5,4.5000,130.7,0.03442999
1976-05-18,4.47,4.4700,130.5,0.03425287
1976-05-19,4.56,4.5600,128.6,0.03545879
1976-05-20,4.65,4.6500,128.8,0.03610248
1976-05-21,4.62,4.6200,129.1,0.03578621
1976-05-24,4.74,4.7400,128.5,0.03688716
1976-05-25,4.71,4.7100,128.1,0.03676815
1976-05-26,4.85,4.8500,130.7,0.03710788
1976-05-27,4.87,4.8700,130.8,0.03723242
1976-05-28,4.88,4.8800,130.1,0.03750961
1976-06-01,4.89,4.8900,132.9,0.03679458
1976-06-02,4.87,4.8700,134.4,0.03623512
1976-06-03,4.88,4.8800,132.5,0.03683019
1976-06-04,4.83,4.8300,131,0.03687023
1976-06-07,4.97,4.9700,132,0.03765152
1976-06-08,4.93,4.9300,131.9,0.03737680
1976-06-09,4.98,4.9800,131.2,0.03795732
1976-06-10,5.06,5.0600,131,0.03862595
1976-06-11,5.1,5.1000,130,0.03923077
1976-06-14,5.08,5.0800,130.3,0.03898695
1976-06-15,4.98,4.9800,130.1,0.03827825
1976-06-16,4.97,4.9700,129.4,0.03840804
1976-06-17,5,5.0000,130,0.03846154
1976-06-18,5,5.0000,130.1,0.03843198
1976-06-21,5,5.0000,130.2,0.03840246
1976-06-22,5.05,5.0500,128.9,0.03917766
1976-06-23,4.81,4.8100,128.3,0.03749026
1976-06-24,4.95,4.9500,128.3,0.03858145
1976-06-25,4.78,4.7800,128.1,0.03731460
1976-06-28,4.76,4.7600,126.2,0.03771791
1976-06-29,4.86,4.8600,126.3,0.03847981
1976-06-30,4.89,4.8900,126,0.03880952
1976-07-01,5.05,5.0500,125.8,0.04014308
1976-07-02,5.06,5.0600,126.3,0.04006334
1976-07-06,5.19,5.1900,126.6,0.04099526
1976-07-07,5.2,5.2000,126.4,0.04113924
1976-07-08,5.14,5.1400,126.2,0.04072900
1976-07-09,5.2,5.2000,125.5,0.04143426
1976-07-12,5.02,5.0200,124.7,0.04025662
1976-07-13,5.05,5.0500,125.6,0.04020701
1976-07-14,5.16,5.1600,125.7,0.04105012
1976-07-15,4.99,4.9900,120,0.04158333
1976-07-16,4.8,4.8000,120.1,0.03996669
1976-07-19,4.73,4.7300,114.6,0.04127400
1976-07-20,4.62,4.6200,110.9,0.04165915
1976-07-21,4.68,4.6800,114.8,0.04076655
1976-07-22,4.6,4.6000,113,0.04070796
1976-07-23,4.73,4.7300,113.3,0.04174757
1976-07-26,4.67,4.6700,114.3,0.04085739
1976-07-27,4.74,4.7400,115.4,0.04107452
1976-07-28,4.72,4.7200,115.2,0.04097222
1976-07-29,4.68,4.6800,113.7,0.04116095
1976-07-30,4.64,4.6400,114.2,0.04063047
1976-08-02,4.46,4.4600,113.3,0.03936452
1976-08-03,4.41,4.4100,113.9,0.03871817
1976-08-04,4.51,4.5100,114.3,0.03945757
1976-08-05,4.36,4.3600,113.3,0.03848191
1976-08-06,4.37,4.3700,113.8,0.03840070
1976-08-09,4.28,4.2800,113.6,0.03767606
1976-08-10,4.41,4.4100,114.7,0.03844813
1976-08-11,4.47,4.4700,114.5,0.03903930
1976-08-12,4.5,4.5000,113.9,0.03950834
1976-08-13,4.51,4.5100,114.5,0.03938865
1976-08-16,4.48,4.4800,114,0.03929825
1976-08-17,4.39,4.3900,112.2,0.03912656
1976-08-18,4.38,4.3800,108.8,0.04025735
1976-08-19,4.5,4.5000,108.9,0.04132231
1976-08-20,4.41,4.4100,108.6,0.04060773
1976-08-23,4.33,4.3300,104.5,0.04143541
1976-08-24,4.21,4.2100,103.4,0.04071567
1976-08-25,4.25,4.2500,106.1,0.04005655
1976-08-26,4.25,4.2500,104.9,0.04051478
1976-08-27,4.25,4.2500,103.1,0.04122211
1976-08-30,4.24,4.2400,102.8,0.04124514
1976-08-31,4.21,4.2100,103.2,0.04079457
1976-09-01,4.39,4.3900,105.4,0.04165085
1976-09-02,4.42,4.4200,105.4,0.04193548
1976-09-03,4.39,4.3900,108,0.04064815
1976-09-07,4.53,4.5300,111.8,0.04051878
1976-09-08,4.4,4.4000,112.4,0.03914591
1976-09-09,4.38,4.3800,113.9,0.03845478
1976-09-10,4.26,4.2600,118.4,0.03597973
1976-09-13,4.28,4.2800,114.7,0.03731473
1976-09-14,4.34,4.3400,110.8,0.03916968
1976-09-15,4.32,4.3200,112.3,0.03846839
1976-09-16,4.4,4.4000,114,0.03859649
1976-09-17,4.43,4.4300,117.5,0.03770213
1976-09-20,4.38,4.3800,115,0.03808696
1976-09-21,4.52,4.5200,119.1,0.03795130
1976-09-22,4.57,4.5700,118.5,0.03856540
1976-09-23,4.54,4.5400,117.8,0.03853990
1976-09-24,4.6,4.6000,118.6,0.03878583
1976-09-27,4.58,4.5800,117.7,0.03891249
1976-09-28,4.51,4.5100,116.2,0.03881239
1976-09-29,4.55,4.5500,116.1,0.03919035
1976-09-30,4.52,4.5200,116.1,0.03893196
1976-10-01,4.52,4.5200,116,0.03896552
1976-10-04,4.52,4.5200,114.2,0.03957968
1976-10-05,4.47,4.4700,114.5,0.03903930
1976-10-06,4.46,4.4600,116.6,0.03825043
1976-10-07,4.43,4.4300,115.5,0.03835498
1976-10-08,4.36,4.3600,114,0.03824561
1976-10-11,4.28,4.2800,114.6,0.03734729
1976-10-12,4.32,4.3200,114.7,0.03766347
1976-10-13,4.38,4.3800,115,0.03808696
1976-10-14,4.31,4.3100,114.9,0.03751088
1976-10-15,4.37,4.3700,117,0.03735043
1976-10-18,4.38,4.3800,116.9,0.03746792
1976-10-19,4.37,4.3700,115.3,0.03790113
1976-10-20,4.38,4.3800,114.9,0.03812010
1976-10-21,4.37,4.3700,116.3,0.03757524
1976-10-22,4.32,4.3200,115.8,0.03730570
1976-10-25,4.29,4.2900,116.9,0.03669803
1976-10-26,4.29,4.2900,118.4,0.03623311
1976-10-27,4.46,4.4600,120,0.03716667
1976-10-28,4.41,4.4100,125.8,0.03505564
1976-10-29,4.45,4.4500,123.8,0.03594507
1976-11-01,4.45,4.4500,123.7,0.03597413
1976-11-03,4.55,4.5500,125.2,0.03634185
1976-11-04,4.49,4.4900,126,0.03563492
1976-11-05,4.52,4.5200,128,0.03531250
1976-11-08,4.51,4.5100,133,0.03390977
1976-11-09,4.71,4.7100,133.2,0.03536036
1976-11-10,4.81,4.8100,137.1,0.03508388
1976-11-11,4.78,4.7800,135.8,0.03519882
1976-11-12,4.8,4.8000,136.9,0.03506209
1976-11-15,4.57,4.5700,135.9,0.03362767
1976-11-16,4.58,4.5800,133.3,0.03435859
1976-11-17,4.52,4.5200,136.9,0.03301680
1976-11-18,4.51,4.5100,128.6,0.03506998
1976-11-19,4.56,4.5600,130.8,0.03486239
1976-11-22,4.61,4.6100,138.3,0.03333333
1976-11-23,4.56,4.5600,135.6,0.03362832
1976-11-24,4.52,4.5200,136.1,0.03321087
1976-11-26,4.49,4.4900,132.6,0.03386124
1976-11-29,4.55,4.5500,133.4,0.03410795
1976-11-30,4.54,4.5400,132.6,0.03423831
1976-12-01,4.6,4.6000,132.2,0.03479576
1976-12-02,4.58,4.5800,132.1,0.03467070
1976-12-03,4.62,4.6200,133.3,0.03465866
1976-12-06,4.62,4.6200,136,0.03397059
1976-12-07,4.54,4.5400,140.8,0.03224432
1976-12-08,4.63,4.6300,138.1,0.03352643
1976-12-09,4.64,4.6400,138.6,0.03347763
1976-12-10,4.62,4.6200,143.7,0.03215031
1976-12-13,4.6,4.6000,140.9,0.03264727
1976-12-14,4.64,4.6400,139,0.03338129
1976-12-15,4.59,4.5900,138,0.03326087
1976-12-16,4.63,4.6300,139.3,0.03323762
1976-12-17,4.56,4.5600,133.9,0.03405527
1976-12-20,4.57,4.5700,134.2,0.03405365
1976-12-21,4.62,4.6200,137,0.03372263
1976-12-22,4.59,4.5900,136.2,0.03370044
1976-12-23,4.61,4.6100,135.7,0.03397200
1976-12-27,4.6,4.6000,138.5,0.03321300
1976-12-28,4.61,4.6100,136.5,0.03377289
1976-12-29,4.61,4.6100,137.1,0.03362509
1976-12-30,4.59,4.5900,137.7,0.03333333
1977-01-03,4.64,4.6400,138.2,0.03357453
1977-01-04,4.65,4.6500,138.6,0.03354978
1977-01-05,4.62,4.6200,137.8,0.03352685
1977-01-06,4.64,4.6400,140.8,0.03295455
1977-01-07,4.56,4.5600,138.8,0.03285303
1977-01-10,4.53,4.5300,127.6,0.03550157
1977-01-11,4.54,4.5400,130.7,0.03473604
1977-01-12,4.57,4.5700,131.7,0.03470008
1977-01-13,4.57,4.5700,132.3,0.03454271
1977-01-14,4.55,4.5500,136.9,0.03323594
1977-01-17,4.62,4.6200,138.1,0.03345402
1977-01-18,4.61,4.6100,132.5,0.03479245
1977-01-19,4.62,4.6200,138.7,0.03330930
1977-01-20,4.64,4.6400,138.7,0.03345350
1977-01-21,4.65,4.6500,133.4,0.03485757
1977-01-24,4.74,4.7400,138.5,0.03422383
1977-01-25,4.74,4.7400,140.3,0.03378475
1977-01-26,4.78,4.7800,132.7,0.03602110
1977-01-27,4.7,4.7000,132.2,0.03555219
1977-01-28,4.69,4.6900,132.9,0.03528969
1977-01-31,4.7,4.7000,138.8,0.03386167
1977-02-01,4.68,4.6800,136,0.03441176
1977-02-02,4.71,4.7100,138.7,0.03395818
1977-02-03,4.71,4.7100,137.2,0.03432945
1977-02-04,4.74,4.7400,138.7,0.03417448
1977-02-07,4.75,4.7500,136.4,0.03482405
1977-02-08,4.75,4.7500,140.6,0.03378378
1977-02-09,4.74,4.7400,137.1,0.03457330
1977-02-10,4.71,4.7100,141.2,0.03335694
1977-02-11,4.7,4.7000,141.8,0.03314528
1977-02-14,4.71,4.7100,141.4,0.03330976
1977-02-15,4.69,4.6900,141.1,0.03323884
1977-02-16,4.74,4.7400,142.1,0.03335679
1977-02-17,4.75,4.7500,142.6,0.03330996
1977-02-18,4.75,4.7500,143.2,0.03317039
1977-02-22,4.77,4.7700,141,0.03382979
1977-02-23,4.84,4.8400,142,0.03408451
1977-02-24,4.83,4.8300,143.4,0.03368201
1977-02-25,4.89,4.8900,143.6,0.03405292
1977-02-28,4.95,4.9500,146,0.03390411
1977-03-01,4.97,4.9700,145,0.03427586
1977-03-02,5.02,5.0200,148.9,0.03371390
1977-03-03,4.96,4.9600,147.5,0.03362712
1977-03-04,5.08,5.0800,149.7,0.03393454
1977-03-07,5.08,5.0800,149.7,0.03393454
1977-03-08,5.05,5.0500,149.6,0.03375668
1977-03-09,5.08,5.0800,149.5,0.03397993
1977-03-10,4.99,4.9900,148.3,0.03364801
1977-03-11,5.01,5.0100,147.7,0.03392011
1977-03-14,4.99,4.9900,147.2,0.03389946
1977-03-15,5.07,5.0700,149.6,0.03389037
1977-03-16,5.08,5.0800,150.7,0.03370936
1977-03-17,5.1,5.1000,151.8,0.03359684
1977-03-18,5.12,5.1200,152.6,0.03355177
1977-03-21,5.18,5.1800,155.3,0.03335480
1977-03-22,5.11,5.1100,152.6,0.03348624
1977-03-23,5.18,5.1800,155.5,0.03331190
1977-03-24,5.12,5.1200,154.6,0.03311772
1977-03-25,5.07,5.0700,154.8,0.03275194
1977-03-28,4.98,4.9800,151.5,0.03287129
1977-03-29,5,5.0000,150.2,0.03328895
1977-03-30,5.01,5.0100,151.5,0.03306931
1977-03-31,5.01,5.0100,151,0.03317881
1977-04-01,5.09,5.0900,152.2,0.03344284
1977-04-04,5.04,5.0400,151.1,0.03335539
1977-04-05,4.89,4.8900,147.7,0.03310765
1977-04-06,4.89,4.8900,149,0.03281879
1977-04-07,4.94,4.9400,149.5,0.03304348
1977-04-11,4.95,4.9500,150.7,0.03284672
1977-04-12,4.92,4.9200,151.3,0.03251818
1977-04-13,4.95,4.9500,153.8,0.03218466
1977-04-14,4.97,4.9700,153.3,0.03242009
1977-04-15,5.04,5.0400,152.7,0.03300589
1977-04-18,5.05,5.0500,152.3,0.03315824
1977-04-19,5.01,5.0100,151.1,0.03315685
1977-04-20,4.99,4.9900,149.2,0.03344504
1977-04-21,5.01,5.0100,150,0.03340000
1977-04-22,5.01,5.0100,150.1,0.03337775
1977-04-25,4.94,4.9400,148.3,0.03331086
1977-04-26,4.94,4.9400,146.7,0.03367416
1977-04-27,4.89,4.8900,146.9,0.03328795
1977-04-28,4.87,4.8700,146.2,0.03331053
1977-04-29,4.93,4.9300,148,0.03331081
1977-05-02,4.96,4.9600,149.6,0.03315508
1977-05-03,4.92,4.9200,147.9,0.03326572
1977-05-04,4.9,4.9000,148,0.03310811
1977-05-05,4.88,4.8800,147.6,0.03306233
1977-05-06,4.89,4.8900,148.5,0.03292929
1977-05-09,4.9,4.9000,148.2,0.03306343
1977-05-10,4.94,4.9400,148,0.03337838
1977-05-11,4.91,4.9100,147.5,0.03328814
1977-05-12,4.94,4.9400,148,0.03337838
1977-05-13,4.93,4.9300,148.3,0.03324343
1977-05-16,4.94,4.9400,148.5,0.03326599
1977-05-17,4.9,4.9000,147.5,0.03322034
1977-05-18,4.89,4.8900,146.8,0.03331063
1977-05-19,4.87,4.8700,151.5,0.03214521
1977-05-20,4.79,4.7900,151.4,0.03163804
1977-05-23,4.8,4.8000,149.5,0.03210702
1977-05-24,4.83,4.8300,148.2,0.03259109
1977-05-25,4.71,4.7100,148.3,0.03175995
1977-05-26,4.8,4.8000,146.6,0.03274216
1977-05-27,4.71,4.7100,148.1,0.03180284
1977-05-31,4.7,4.7000,147.1,0.03195105
1977-06-01,4.74,4.7400,147.9,0.03204868
1977-06-02,4.69,4.6900,146.4,0.03203552
1977-06-03,4.74,4.7400,146.4,0.03237705
1977-06-06,4.77,4.7700,147.1,0.03242692
1977-06-07,4.68,4.6800,146.4,0.03196721
1977-06-08,4.58,4.5800,145.5,0.03147766
1977-06-09,4.58,4.5800,143.4,0.03193863
1977-06-10,4.52,4.5200,142.1,0.03180859
1977-06-13,4.54,4.5400,141.1,0.03217576
1977-06-14,4.55,4.5500,140.1,0.03247680
1977-06-15,4.51,4.5100,142.9,0.03156053
1977-06-16,4.59,4.5900,142.7,0.03216538
1977-06-17,4.63,4.6300,143.1,0.03235500
1977-06-20,4.59,4.5900,143.5,0.03198606
1977-06-21,4.63,4.6300,144.2,0.03210818
1977-06-22,4.62,4.6200,143.2,0.03226257
1977-06-23,4.57,4.5700,144.1,0.03171409
1977-06-24,4.6,4.6000,144.3,0.03187803
1977-06-27,4.62,4.6200,147,0.03142857
1977-06-28,4.68,4.6800,145.5,0.03216495
1977-06-29,4.72,4.7200,146.2,0.03228454
1977-06-30,4.6,4.6000,146.1,0.03148528
1977-07-01,4.59,4.5900,144.4,0.03178670
1977-07-05,4.59,4.5900,143.1,0.03207547
1977-07-06,4.62,4.6200,143.6,0.03217270
1977-07-07,4.59,4.5900,144.3,0.03180873
1977-07-08,4.6,4.6000,144.7,0.03178991
1977-07-11,4.64,4.6400,143.9,0.03224461
1977-07-12,4.66,4.6600,145.9,0.03193968
1977-07-13,4.7,4.7000,147.5,0.03186441
1977-07-15,4.72,4.7200,147.2,0.03206522
1977-07-18,4.71,4.7100,148.3,0.03175995
1977-07-19,4.78,4.7800,147.7,0.03236290
1977-07-20,4.75,4.7500,147.3,0.03224711
1977-07-21,4.73,4.7300,146.6,0.03226467
1977-07-22,4.76,4.7600,147.7,0.03222749
1977-07-25,4.86,4.8600,149.7,0.03246493
1977-07-26,4.78,4.7800,149.1,0.03205902
1977-07-27,4.72,4.7200,147.8,0.03193505
1977-07-28,4.67,4.6700,146.4,0.03189891
1977-07-29,4.67,4.6700,147.1,0.03174711
1977-08-01,4.67,4.6700,148.2,0.03151147
1977-08-02,4.75,4.7500,148.3,0.03202967
1977-08-03,4.78,4.7800,149.1,0.03205902
1977-08-04,4.76,4.7600,148.6,0.03203230
1977-08-05,4.78,4.7800,149.2,0.03203753
1977-08-08,4.66,4.6600,149.3,0.03121232
1977-08-09,4.64,4.6400,148.5,0.03124579
1977-08-10,4.64,4.6400,148.6,0.03122476
1977-08-11,4.61,4.6100,148.6,0.03102288
1977-08-12,4.51,4.5100,146,0.03089041
1977-08-15,4.4,4.4000,144.7,0.03040774
1977-08-16,4.45,4.4500,145.9,0.03050034
1977-08-17,4.45,4.4500,146.4,0.03039617
1977-08-18,4.49,4.4900,147,0.03054422
1977-08-19,4.49,4.4900,146.8,0.03058583
1977-08-22,4.44,4.4400,146.2,0.03036936
1977-08-23,4.47,4.4700,146.4,0.03053279
1977-08-24,4.47,4.4700,146.9,0.03042886
1977-08-25,4.44,4.4400,146.4,0.03032787
1977-08-26,4.48,4.4800,148.6,0.03014805
1977-08-29,4.46,4.4600,148.1,0.03011479
1977-08-30,4.54,4.5400,148.5,0.03057239
1977-08-31,4.54,4.5400,148.1,0.03065496
1977-09-01,4.53,4.5300,148.3,0.03054619
1977-09-02,4.58,4.5800,150.8,0.03037135
1977-09-06,4.54,4.5400,149.3,0.03040857
1977-09-07,4.58,4.5800,150.6,0.03041169
1977-09-08,4.52,4.5200,149.4,0.03025435
1977-09-09,4.54,4.5400,150.4,0.03018617
1977-09-12,4.51,4.5100,150.3,0.03000665
1977-09-13,4.5,4.5000,150,0.03000000
1977-09-14,4.51,4.5100,150.4,0.02998670
1977-09-15,4.54,4.5400,150.3,0.03020625
1977-09-16,4.62,4.6200,151.5,0.03049505
1977-09-19,4.74,4.7400,152,0.03118421
1977-09-20,4.67,4.6700,153.5,0.03042345
1977-09-21,4.8,4.8000,154,0.03116883
1977-09-22,4.78,4.7800,154.1,0.03101882
1977-09-23,4.76,4.7600,154,0.03090909
1977-09-26,4.83,4.8300,155.9,0.03098140
1977-09-27,4.8,4.8000,155.3,0.03090792
1977-09-28,4.8,4.8000,155.6,0.03084833
1977-09-29,4.83,4.8300,156,0.03096154
1977-09-30,4.83,4.8300,156.4,0.03088235
1977-10-03,4.85,4.8500,157.8,0.03073511
1977-10-04,4.87,4.8700,157.8,0.03086185
1977-10-05,4.83,4.8300,156.8,0.03080357
1977-10-06,4.83,4.8300,155.5,0.03106109
1977-10-07,4.84,4.8400,157.3,0.03076923
1977-10-10,4.94,4.9400,159,0.03106918
1977-10-11,4.98,4.9800,160.2,0.03108614
1977-10-12,4.97,4.9700,160,0.03106250
1977-10-13,4.93,4.9300,159.5,0.03090909
1977-10-14,5.01,5.0100,162.1,0.03090685
1977-10-17,5.04,5.0400,164.1,0.03071298
1977-10-18,5.01,5.0100,162.6,0.03081181
1977-10-19,4.96,4.9600,160.2,0.03096130
1977-10-20,4.97,4.9700,162.5,0.03058462
1977-10-21,5.01,5.0100,164.3,0.03049300
1977-10-24,5.08,5.0800,166.6,0.03049220
1977-10-25,5.07,5.0700,166.5,0.03045045
1977-10-26,5.02,5.0200,164.1,0.03059110
1977-10-27,4.92,4.9200,161.7,0.03042672
1977-10-28,5,5.0000,162,0.03086420
1977-10-31,5.16,5.1600,162.7,0.03171481
1977-11-01,5.04,5.0400,163.6,0.03080685
1977-11-02,5.01,5.0100,163.4,0.03066095
1977-11-03,5.29,5.2900,166.1,0.03184828
1977-11-04,5.05,5.0500,168.3,0.03000594
1977-11-07,5.19,5.1900,166.2,0.03122744
1977-11-08,5.1,5.1000,167.5,0.03044776
1977-11-09,5.12,5.1200,168.2,0.03043995
1977-11-10,5.12,5.1200,168.7,0.03034973
1977-11-11,5.04,5.0400,168.9,0.02984014
1977-11-14,4.91,4.9100,164.3,0.02988436
1977-11-15,4.92,4.9200,163.5,0.03009174
1977-11-16,4.9,4.9000,158.4,0.03093434
1977-11-17,4.93,4.9300,160.6,0.03069738
1977-11-18,4.95,4.9500,161.5,0.03065015
1977-11-21,5.13,5.1300,155.2,0.03305412
1977-11-22,5.14,5.1400,155.9,0.03296985
1977-11-23,4.8,4.8000,160.7,0.02986932
1977-11-25,4.84,4.8400,161.8,0.02991347
1977-11-28,4.82,4.8200,163,0.02957055
1977-11-29,4.84,4.8400,162.8,0.02972973
1977-11-30,4.85,4.8500,162.3,0.02988293
1977-12-01,4.75,4.7500,159.6,0.02976190
1977-12-02,4.77,4.7700,160.1,0.02979388
1977-12-05,4.83,4.8300,161.7,0.02987013
1977-12-06,4.82,4.8200,161.8,0.02978986
1977-12-07,4.88,4.8800,163.6,0.02982885
1977-12-08,4.85,4.8500,162,0.02993827
1977-12-09,4.81,4.8100,160,0.03006250
1977-12-12,4.7,4.7000,157.2,0.02989822
1977-12-13,4.74,4.7400,159.5,0.02971787
1977-12-14,4.72,4.7200,161.5,0.02922601
1977-12-15,4.73,4.7300,161.5,0.02928793
1977-12-16,4.74,4.7400,161.6,0.02933168
1977-12-19,4.7,4.7000,160.8,0.02922886
1977-12-20,4.77,4.7700,161.5,0.02953560
1977-12-21,4.71,4.7100,161.2,0.02921836
1977-12-22,4.78,4.7800,162.9,0.02934316
1977-12-23,4.8,4.8000,164.7,0.02914390
1977-12-27,4.82,4.8200,166.2,0.02900120
1977-12-28,4.84,4.8400,166.2,0.02912154
1977-12-29,4.87,4.8700,167.7,0.02903995
1977-12-30,4.85,4.8500,167.5,0.02895522
1978-01-03,4.99,4.9900,173,0.02884393
1978-01-04,4.87,4.8700,168,0.02898810
1978-01-05,4.94,4.9400,170.8,0.02892272
1978-01-06,4.92,4.9200,171.3,0.02872154
1978-01-09,4.97,4.9700,173.3,0.02867859
1978-01-10,4.96,4.9600,172.8,0.02870370
1978-01-11,5.48,5.4800,175,0.03131429
1978-01-12,4.93,4.9300,172.6,0.02856315
1978-01-13,5.04,5.0400,175.5,0.02871795
1978-01-16,5.45,5.4500,181.3,0.03006067
1978-01-17,5.47,5.4700,179,0.03055866
1978-01-18,5.35,5.3500,177.3,0.03017484
1978-01-19,5.38,5.3800,178.7,0.03010632
1978-01-23,5.57,5.5700,182,0.03060440
1978-01-24,5.57,5.5700,182,0.03060440
1978-01-25,5.59,5.5900,181.9,0.03073117
1978-01-26,5.52,5.5200,181.4,0.03042999
1978-01-27,5.5,5.5000,180,0.03055556
1978-01-30,5.4,5.4000,179.3,0.03011712
1978-01-31,5.44,5.4400,181.5,0.02997245
1978-02-01,5.41,5.4100,180.5,0.02997230
1978-02-02,5.34,5.3400,178.6,0.02989922
1978-02-03,5.34,5.3400,179.1,0.02981575
1978-02-06,5.35,5.3500,179.9,0.02973874
1978-02-08,5.27,5.2700,178.2,0.02957351
1978-02-09,5.3,5.3000,178.8,0.02964206
1978-02-10,5.49,5.4900,180.5,0.03041551
1978-02-13,5.54,5.5400,182.3,0.03038947
1978-02-14,5.49,5.4900,181.8,0.03019802
1978-02-15,5.59,5.5900,184.6,0.03028169
1978-02-16,5.64,5.6400,185.2,0.03045356
1978-02-17,5.62,5.6200,183.9,0.03056009
1978-02-21,5.65,5.6500,185.7,0.03042542
1978-02-22,5.58,5.5800,184.7,0.03021115
1978-02-23,5.62,5.6200,187.3,0.03000534
1978-02-24,5.54,5.5400,184.2,0.03007600
1978-02-27,5.55,5.5500,185.3,0.02995143
1978-02-28,5.56,5.5600,187.1,0.02971673
1978-03-01,5.54,5.5400,186.7,0.02967327
1978-03-02,5.6,5.6000,187.7,0.02983484
1978-03-03,5.59,5.5900,187.3,0.02984517
1978-03-06,5.66,5.6600,189.8,0.02982086
1978-03-07,5.32,5.3200,192,0.02770833
1978-03-08,5.98,5.9800,193.5,0.03090439
1978-03-09,5.93,5.9300,190.8,0.03107966
1978-03-10,5.97,5.9700,191.6,0.03115866
1978-03-13,6.1,6.1000,192.2,0.03173777
1978-03-14,6.02,6.0200,188.9,0.03186871
1978-03-15,6.04,6.0400,186.3,0.03242083
1978-03-16,6.11,6.1100,188.3,0.03244822
1978-03-17,5.96,5.9600,184.5,0.03230352
1978-03-20,5.78,5.7800,178.5,0.03238095
1978-03-21,5.79,5.7900,179.7,0.03222037
1978-03-22,5.87,5.8700,182.9,0.03209404
1978-03-23,5.91,5.9100,183.4,0.03222465
1978-03-27,6.02,6.0200,185.8,0.03240043
1978-03-28,5.98,5.9800,185.1,0.03230686
1978-03-29,5.93,5.9300,181.7,0.03263621
1978-03-30,5.92,5.9200,182.9,0.03236741
1978-03-31,6.08,6.0800,186.2,0.03265306
1978-04-03,5.91,5.9100,179.8,0.03286986
1978-04-04,5.82,5.8200,179.2,0.03247768
1978-04-05,5.84,5.8400,180.4,0.03237251
1978-04-06,5.87,5.8700,182.5,0.03216438
1978-04-07,5.81,5.8100,179.5,0.03236769
1978-04-10,5.85,5.8500,180.5,0.03240997
1978-04-11,5.93,5.9300,182,0.03258242
1978-04-12,5.88,5.8800,181.2,0.03245033
1978-04-13,5.81,5.8100,179.6,0.03234967
1978-04-14,5.79,5.7900,178.3,0.03247336
1978-04-17,5.59,5.5900,173,0.03231214
1978-04-18,5.63,5.6300,174.6,0.03224513
1978-04-19,5.61,5.6100,174.3,0.03218589
1978-04-20,5.52,5.5200,171.4,0.03220537
1978-04-21,5.54,5.5400,171.5,0.03230321
1978-04-24,5.42,5.4200,168.4,0.03218527
1978-04-25,5.45,5.4500,168.4,0.03236342
1978-04-26,5.48,5.4800,169.4,0.03234947
1978-04-27,5.52,5.5200,171.7,0.03214910
1978-04-28,5.5,5.5000,170.6,0.03223916
1978-05-01,5.47,5.4700,169.8,0.03221437
1978-05-02,5.52,5.5200,170.7,0.03233743
1978-05-03,5.56,5.5600,172.2,0.03228804
1978-05-04,5.61,5.6100,174.1,0.03222286
1978-05-05,5.6,5.6000,174,0.03218391
1978-05-08,5.56,5.5600,172.6,0.03221321
1978-05-09,5.54,5.5400,172.8,0.03206019
1978-05-10,5.59,5.5900,174.9,0.03196112
1978-05-11,5.55,5.5500,174.4,0.03182339
1978-05-12,5.55,5.5500,174.4,0.03182339
1978-05-15,5.59,5.5900,176.6,0.03165345
1978-05-16,5.64,5.6400,177.6,0.03175676
1978-05-17,5.64,5.6400,177.2,0.03182844
1978-05-18,5.7,5.7000,179,0.03184358
1978-05-19,5.67,5.6700,178.6,0.03174692
1978-05-22,5.68,5.6800,179.9,0.03157310
1978-05-23,5.71,5.7100,181.8,0.03140814
1978-05-24,5.67,5.6700,179.4,0.03160535
1978-05-25,5.74,5.7400,188.3,0.03048327
1978-05-26,5.76,5.7600,188.2,0.03060574
1978-05-30,5.84,5.8400,192.4,0.03035343
1978-05-31,5.92,5.9200,192.8,0.03070539
1978-06-01,5.86,5.8600,192.5,0.03044156
1978-06-02,5.84,5.8400,190.9,0.03059193
1978-06-05,5.74,5.7400,189.6,0.03027426
1978-06-06,5.77,5.7700,189.9,0.03038441
1978-06-07,5.66,5.6600,188.2,0.03007439
1978-06-08,5.7,5.7000,189.5,0.03007916
1978-06-09,5.67,5.6700,189,0.03000000
1978-06-12,5.63,5.6300,188.8,0.02981992
1978-06-13,5.81,5.8100,191.1,0.03040293
1978-06-14,5.75,5.7500,190.6,0.03016789
1978-06-15,5.8,5.8000,191.5,0.03028721
1978-06-16,5.83,5.8300,193.5,0.03012920
1978-06-19,5.8,5.8000,194.3,0.02985075
1978-06-20,5.87,5.8700,193.8,0.03028896
1978-06-21,5.83,5.8300,193.7,0.03009809
1978-06-22,5.81,5.8100,194,0.02994845
1978-06-23,5.81,5.8100,193.4,0.03004137
1978-06-26,5.73,5.7300,192.4,0.02978170
1978-06-27,5.84,5.8400,192.4,0.03035343
1978-06-28,5.84,5.8400,191.9,0.03043252
1978-06-29,5.64,5.6400,189.5,0.02976253
1978-06-30,5.61,5.6100,189.2,0.02965116
1978-07-03,5.65,5.6500,190.4,0.02967437
1978-07-05,5.64,5.6400,190.5,0.02960630
1978-07-06,5.58,5.5800,189.4,0.02946146
1978-07-07,5.63,5.6300,192.2,0.02929240
1978-07-10,5.67,5.6700,193.1,0.02936302
1978-07-11,5.66,5.6600,192.5,0.02940260
1978-07-12,5.67,5.6700,193.1,0.02936302
1978-07-13,5.64,5.6400,192,0.02937500
1978-07-14,5.63,5.6300,192.5,0.02924675
1978-07-17,5.58,5.5800,190.4,0.02930672
1978-07-18,5.68,5.6800,191.6,0.02964509
1978-07-19,5.72,5.7200,193.2,0.02960663
1978-07-20,6.07,6.0700,198.3,0.03061019
1978-07-21,5.94,5.9400,202.5,0.02933333
1978-07-24,6.18,6.1800,200,0.03090000
1978-07-25,6.07,6.0700,201.7,0.03009420
1978-07-26,6.02,6.0200,201.2,0.02992048
1978-07-27,6.09,6.0900,204.5,0.02977995
1978-07-28,6.26,6.2600,206.9,0.03025616
1978-07-31,6.35,6.3500,209.8,0.03026692
1978-08-01,6.24,6.2400,207.5,0.03007229
1978-08-02,5.99,5.9900,208.4,0.02874280
1978-08-03,6.16,6.1600,205.7,0.02994652
1978-08-04,6.21,6.2100,209.6,0.02962786
1978-08-07,6.08,6.0800,213.1,0.02853121
1978-08-08,6.07,6.0700,214,0.02836449
1978-08-09,6.01,6.0100,210.8,0.02851044
1978-08-10,6.05,6.0500,215.3,0.02810033
1978-08-11,6.13,6.1300,216,0.02837963
1978-08-14,6.22,6.2200,220.3,0.02823423
1978-08-15,6.27,6.2700,218,0.02876147
1978-08-16,6.07,6.0700,217.3,0.02793373
1978-08-17,5.92,5.9200,211.7,0.02796410
1978-08-18,5.88,5.8800,212.7,0.02764457
1978-08-21,5.91,5.9100,212.7,0.02778561
1978-08-22,5.89,5.8900,209.5,0.02811456
1978-08-23,5.91,5.9100,207.1,0.02853694
1978-08-24,5.92,5.9200,204.8,0.02890625
1978-08-25,5.91,5.9100,202.6,0.02917078
1978-08-28,5.87,5.8700,202.8,0.02894477
1978-08-29,5.98,5.9800,211.4,0.02828761
1978-08-30,5.99,5.9900,211.6,0.02830813
1978-08-31,5.99,5.9900,210.6,0.02844255
1978-09-01,6.05,6.0500,215.5,0.02807425
1978-09-05,6.08,6.0800,217.6,0.02794118
1978-09-06,6.02,6.0200,216.5,0.02780600
1978-09-07,5.95,5.9500,211.3,0.02815902
1978-09-08,6.06,6.0600,210.2,0.02882969
1978-09-11,6.07,6.0700,210.4,0.02884981
1978-09-12,5.96,5.9600,211.5,0.02817967
1978-09-13,6.2,6.2000,215.6,0.02875696
1978-09-14,6.16,6.1600,214.2,0.02875817
1978-09-15,6.18,6.1800,214.5,0.02881119
1978-09-18,6.19,6.1900,216.3,0.02861766
1978-09-19,6.17,6.1700,214.4,0.02877799
1978-09-20,6.29,6.2900,219.4,0.02866910
1978-09-21,6.28,6.2800,220.1,0.02853249
1978-09-22,6.3,6.3000,222.8,0.02827648
1978-09-25,6.28,6.2800,221.7,0.02832657
1978-09-26,6.24,6.2400,219.7,0.02840237
1978-09-27,6.28,6.2800,222.3,0.02825011
1978-09-28,6.28,6.2800,221.4,0.02836495
1978-09-29,6.24,6.2400,220.9,0.02824808
1978-10-02,6.34,6.3400,223.1,0.02841775
1978-10-03,6.41,6.4100,226.4,0.02831272
1978-10-04,6.41,6.4100,227,0.02823789
1978-10-05,6.43,6.4300,227.2,0.02830106
1978-10-06,6.37,6.3700,225.5,0.02824834
1978-10-09,6.47,6.4700,227.1,0.02848965
1978-10-10,6.5,6.5000,227.9,0.02852128
1978-10-11,6.55,6.5500,230.7,0.02839185
1978-10-12,6.46,6.4600,226.3,0.02854618
1978-10-13,6.46,6.4600,226.9,0.02847069
1978-10-16,6.49,6.4900,229.6,0.02826655
1978-10-17,6.5,6.5000,231.1,0.02812635
1978-10-18,6.48,6.4800,230.9,0.02806410
1978-10-19,6.41,6.4100,227.7,0.02815108
1978-10-20,6.4,6.4000,230,0.02782609
1978-10-23,6.37,6.3700,227.8,0.02796313
1978-10-24,6.42,6.4200,229.8,0.02793734
1978-10-25,6.62,6.6200,235.5,0.02811040
1978-10-26,6.65,6.6500,236.5,0.02811839
1978-10-27,6.74,6.7400,239.4,0.02815372
1978-10-30,6.77,6.7700,247,0.02740891
1978-10-31,6.76,6.7600,240.7,0.02808475
1978-11-01,6.56,6.5600,230.7,0.02843520
1978-11-02,6.42,6.4200,220.7,0.02908926
1978-11-03,6.25,6.2500,215,0.02906977
1978-11-06,6.4,6.4000,213.2,0.03001876
1978-11-08,6.44,6.4400,218.3,0.02950069
1978-11-09,6.24,6.2400,208.5,0.02992806
1978-11-10,6.25,6.2500,210.2,0.02973359
1978-11-13,6.2,6.2000,211.2,0.02935606
1978-11-14,6.47,6.4700,209,0.03095694
1978-11-15,6.42,6.4200,199.1,0.03224510
1978-11-16,6.52,6.5200,199.3,0.03271450
1978-11-17,6.66,6.6600,200,0.03330000
1978-11-20,6.4,6.4000,198.3,0.03227433
1978-11-21,6.5,6.5000,197.9,0.03284487
1978-11-22,6.57,6.5700,205,0.03204878
1978-11-24,6.68,6.6800,205.1,0.03256948
1978-11-27,6.49,6.4900,200.4,0.03238523
1978-11-28,6.53,6.5300,196.2,0.03328236
1978-11-29,6.53,6.5300,195.4,0.03341863
1978-11-30,6.61,6.6100,196.4,0.03365580
1978-12-01,6.44,6.4400,200.1,0.03218391
1978-12-04,6.5,6.5000,199.9,0.03251626
1978-12-05,6.49,6.4900,199.1,0.03259669
1978-12-06,6.31,6.3100,200.9,0.03140866
1978-12-07,6.45,6.4500,202.2,0.03189911
1978-12-08,6.5,6.5000,207.6,0.03131021
1978-12-11,6.51,6.5100,206.2,0.03157129
1978-12-12,6.5,6.5000,208.3,0.03120499
1978-12-13,6.5,6.5000,204.6,0.03176931
1978-12-14,6.49,6.4900,207.1,0.03133752
1978-12-15,6.21,6.2100,208.1,0.02984142
1978-12-18,6.57,6.5700,217.6,0.03019301
1978-12-19,6.63,6.6300,223.7,0.02963791
1978-12-20,6.32,6.3200,217.6,0.02904412
1978-12-21,6.3,6.3000,217.6,0.02895221
1978-12-22,6.27,6.2700,216.7,0.02893401
1978-12-26,6.59,6.5900,221.6,0.02973827
1978-12-27,6.65,6.6500,249.6,0.02664263
1978-12-28,6.63,6.6300,225.1,0.02945358
1978-12-29,6.38,6.3800,229,0.02786026
1979-01-02,6.07,6.0700,224.1,0.02708612
1979-01-03,6.31,6.3100,223,0.02829596
1979-01-04,6.59,6.5900,226.9,0.02904363
1979-01-05,6.6,6.6000,224.8,0.02935943
1979-01-08,6.64,6.6400,226.7,0.02928981
1979-01-09,6.61,6.6100,222,0.02977477
1979-01-10,6.6,6.6000,223.4,0.02954342
1979-01-11,6.5,6.5000,218.6,0.02973468
1979-01-12,6.56,6.5600,219.4,0.02989973
1979-01-15,6.64,6.6400,220,0.03018182
1979-01-16,6.28,6.2800,226.3,0.02775077
1979-01-17,6.32,6.3200,227.4,0.02779244
1979-01-18,6.34,6.3400,230.8,0.02746967
1979-01-19,6.84,6.8400,237,0.02886076
1979-01-22,6.86,6.8600,235.7,0.02910479
1979-01-23,6.91,6.9100,237.7,0.02907026
1979-01-24,7.09,7.0900,242.7,0.02921302
1979-01-25,7.12,7.1200,239,0.02979079
1979-01-26,7.14,7.1400,240.2,0.02972523
1979-01-29,7.14,7.1400,236.2,0.03022862
1979-01-30,7.21,7.2100,238,0.03029412
1979-01-31,7.21,7.2100,236.6,0.03047337
1979-02-01,7.18,7.1800,235.2,0.03052721
1979-02-02,6.92,6.9200,242.5,0.02853608
1979-02-05,7.58,7.5800,250.4,0.03027157
1979-02-06,7.7,7.7000,247,0.03117409
1979-02-07,7.9,7.9000,257,0.03073930
1979-02-08,7.72,7.7200,247,0.03125506
1979-02-09,7.9,7.9000,247.3,0.03194501
1979-02-12,7.87,7.8700,248.6,0.03165728
1979-02-13,7.67,7.6700,241.9,0.03170732
1979-02-14,7.87,7.8700,249,0.03160643
1979-02-15,7.94,7.9400,248,0.03201613
1979-02-16,8.14,8.1400,250.6,0.03248204
1979-02-20,8.34,8.3400,252.7,0.03300356
1979-02-21,8.38,8.3800,252.6,0.03317498
1979-02-22,8.35,8.3500,253.8,0.03289992
1979-02-23,8.42,8.4200,255.7,0.03292921
1979-02-26,8.22,8.2200,247.7,0.03318530
1979-02-27,8.33,8.3300,251.2,0.03316083
1979-02-28,7.83,7.8300,252.9,0.03096085
1979-03-01,8.3,8.3000,252,0.03293651
1979-03-02,8.1,8.1000,243.2,0.03330592
1979-03-05,7.9,7.9000,236.7,0.03337558
1979-03-06,7.93,7.9300,239.7,0.03308302
1979-03-07,7.3,7.3000,242.5,0.03010309
1979-03-08,7.3,7.3000,244.3,0.02988129
1979-03-09,7.78,7.7800,245.9,0.03163888
1979-03-12,7.18,7.1800,244.3,0.02939009
1979-03-13,7.7,7.7000,244.4,0.03150573
1979-03-14,7.79,7.7900,244.4,0.03187398
1979-03-15,7.97,7.9700,248.3,0.03209827
1979-03-16,7.93,7.9300,248,0.03197581
1979-03-19,7.91,7.9100,248.4,0.03184380
1979-03-20,7.92,7.9200,243.7,0.03249897
1979-03-21,8.12,8.1200,247.4,0.03282134
1979-03-22,8.18,8.1800,246.6,0.03317113
1979-03-23,8.16,8.1600,246.4,0.03311688
1979-03-26,8.3,8.3000,251,0.03306773
1979-03-27,8.15,8.1500,247.6,0.03291599
1979-03-28,8.19,8.1900,246.9,0.03317132
1979-03-29,8.03,8.0300,243.9,0.03292333
1979-03-30,7.98,7.9800,243.8,0.03273175
1979-04-02,7.99,7.9900,243.8,0.03277276
1979-04-03,7.86,7.8600,242.8,0.03237232
1979-04-04,7.95,7.9500,245.3,0.03240929
1979-04-05,7.95,7.9500,243.5,0.03264887
1979-04-06,8.06,8.0600,244.3,0.03299222
1979-04-09,8.13,8.1300,243.2,0.03342928
1979-04-10,8.1,8.1000,242.4,0.03341584
1979-04-11,7.94,7.9400,235.3,0.03374416
1979-04-12,7.95,7.9500,235.6,0.03374363
1979-04-16,7.66,7.6600,233.1,0.03286143
1979-04-17,7.53,7.5300,235.6,0.03196095
1979-04-18,7.65,7.6500,242.5,0.03154639
1979-04-19,7.52,7.5200,240.5,0.03126819
1979-04-20,7.5,7.5000,239,0.03138075
1979-04-23,7.57,7.5700,243.8,0.03105004
1979-04-24,7.58,7.5800,244.2,0.03104013
1979-04-25,7.69,7.6900,245.4,0.03133659
1979-04-26,7.71,7.7100,245.1,0.03145655
1979-04-27,7.89,7.8900,248.5,0.03175050
1979-04-30,8.09,8.0900,249.2,0.03246388
1979-05-01,8.04,8.0400,247.8,0.03244552
1979-05-02,8.06,8.0600,248.5,0.03243461
1979-05-03,8.15,8.1500,249.5,0.03266533
1979-05-04,8.36,8.3600,250.3,0.03339992
1979-05-07,8.52,8.5200,251.7,0.03384982
1979-05-08,8.31,8.3100,247.7,0.03354865
1979-05-09,8.46,8.4600,252.3,0.03353151
1979-05-10,8.52,8.5200,252.6,0.03372922
1979-05-11,8.35,8.3500,249.8,0.03342674
1979-05-14,8.48,8.4800,254.2,0.03335956
1979-05-15,8.45,8.4500,255.8,0.03303362
1979-05-16,8.46,8.4600,258.7,0.03270197
1979-05-17,8.45,8.4500,259.7,0.03253754
1979-05-18,8.39,8.3900,274.4,0.03057580
1979-05-21,8.59,8.5900,272.4,0.03153451
1979-05-22,8.79,8.7900,270.6,0.03248337
1979-05-23,8.69,8.6900,279.1,0.03113579
1979-05-24,8.73,8.7300,280,0.03117857
1979-05-25,8.93,8.9300,275.3,0.03243734
1979-05-29,8.72,8.7200,274.4,0.03177843
1979-05-30,8.67,8.6700,276.3,0.03137894
1979-05-31,8.77,8.7700,281.1,0.03119886
1979-06-01,8.57,8.5700,276.9,0.03094980
1979-06-04,8.62,8.6200,279.9,0.03079671
1979-06-05,8.63,8.6300,283.9,0.03039803
1979-06-06,8.54,8.5400,293.9,0.02905750
1979-06-07,8.46,8.4600,281.6,0.03004261
1979-06-08,8.61,8.6100,284.6,0.03025299
1979-06-11,8.6,8.6000,284.6,0.03021785
1979-06-12,8.4,8.4000,279.4,0.03006442
1979-06-13,8.44,8.4400,283,0.02982332
1979-06-14,8.48,8.4800,281.1,0.03016720
1979-06-15,8.52,8.5200,283.1,0.03009537
1979-06-18,8.76,8.7600,281.2,0.03115220
1979-06-19,8.77,8.7700,285,0.03077193
1979-06-20,8.86,8.8600,282.6,0.03135173
1979-06-21,8.9,8.9000,284.5,0.03128295
1979-06-22,8.88,8.8800,284.6,0.03120169
1979-06-25,8.86,8.8600,286.5,0.03092496
1979-06-26,8.69,8.6900,281.9,0.03082653
1979-06-27,8.67,8.6700,280,0.03096429
1979-06-28,8.58,8.5800,280.3,0.03061006
1979-06-29,8.78,8.7800,283.8,0.03093728
1979-07-02,8.69,8.6900,284,0.03059859
1979-07-03,8.84,8.8400,296.1,0.02985478
1979-07-05,9.04,9.0400,292.8,0.03087432
1979-07-06,9,9.0000,301.4,0.02986065
1979-07-09,9.2,9.2000,303.6,0.03030303
1979-07-10,9.25,9.2500,302.9,0.03053813
1979-07-11,9.29,9.2900,303.9,0.03056927
1979-07-12,9.18,9.1800,302,0.03039735
1979-07-13,9.09,9.0900,301.4,0.03015926
1979-07-16,9.29,9.2900,308.2,0.03014276
1979-07-17,9.88,9.8800,310.1,0.03186069
1979-07-18,9.49,9.4900,312.6,0.03035829
1979-07-19,9.9,9.9000,312.2,0.03171044
1979-07-20,10.06,10.0600,313.7,0.03206886
1979-07-23,10.04,10.0400,317.5,0.03162205
1979-07-24,9.97,9.9700,318.7,0.03128334
1979-07-25,9.96,9.9600,316.4,0.03147914
1979-07-26,10.04,10.0400,317.2,0.03165195
1979-07-27,9.89,9.8900,317.3,0.03116924
1979-07-30,9.69,9.6900,307.3,0.03153270
1979-07-31,9.49,9.4900,297.3,0.03192062
1979-08-01,9.57,9.5700,300.9,0.03180459
1979-08-02,9.42,9.4200,295.5,0.03187817
1979-08-03,9.47,9.4700,295.8,0.03201487
1979-08-06,9.27,9.2700,290.4,0.03192149
1979-08-07,9.19,9.1900,294.2,0.03123725
1979-08-08,9.39,9.3900,303,0.03099010
1979-08-09,9.54,9.5400,309.1,0.03086380
1979-08-10,9.54,9.5400,312.7,0.03050847
1979-08-13,9.38,9.3800,305.8,0.03067364
1979-08-14,9.38,9.3800,308.8,0.03037565
1979-08-15,9.4,9.4000,309.6,0.03036176
1979-08-16,9.46,9.4600,310.2,0.03049645
1979-08-17,9.47,9.4700,307.3,0.03081679
1979-08-20,9.6,9.6000,307,0.03127036
1979-08-21,9.59,9.5900,316.2,0.03032891
1979-08-22,9.78,9.7800,320.4,0.03052434
1979-08-23,9.98,9.9800,324.7,0.03073606
1979-08-24,10.16,10.1600,320.7,0.03168070
1979-08-27,10.19,10.1900,323.9,0.03146033
1979-08-28,10.39,10.3900,326.8,0.03179315
1979-08-29,10.54,10.5400,326,0.03233129
1979-08-30,10.73,10.7300,329.2,0.03259417
1979-08-31,10.86,10.8600,326.7,0.03324151
1979-09-04,11.26,11.2600,330.6,0.03405929
1979-09-05,11.66,11.6600,340.6,0.03423371
1979-09-06,12.06,12.0600,339,0.03557522
1979-09-07,12.19,12.1900,346.3,0.03520069
1979-09-10,12.59,12.5900,348.9,0.03608484
1979-09-11,12.89,12.8900,346,0.03725434
1979-09-12,12.5,12.5000,343.3,0.03641130
1979-09-13,12.9,12.9000,352.9,0.03655426
1979-09-14,13.46,13.4600,354.4,0.03797968
1979-09-17,14.06,14.0600,364.4,0.03858397
1979-09-18,14.87,14.8700,374.4,0.03971688
1979-09-19,15.66,15.6600,384.8,0.04069647
1979-09-20,15.89,15.8900,381.5,0.04165138
1979-09-21,16.29,16.2900,384.2,0.04239979
1979-09-24,16.68,16.6800,383.2,0.04352818
1979-09-25,16.08,16.0800,381,0.04220472
1979-09-26,16.47,16.4700,389,0.04233933
1979-09-27,16.87,16.8700,408,0.04134804
1979-09-28,17.19,17.1900,404.5,0.04249691
1979-10-01,17.59,17.5900,424.5,0.04143698
1979-10-02,17.7,17.7000,421,0.04204276
1979-10-03,17.71,17.7100,402.5,0.04400000
1979-10-04,17.31,17.3100,382.5,0.04525490
1979-10-05,16.91,16.9100,393,0.04302799
1979-10-08,16.31,16.3100,374.5,0.04355140
1979-10-09,17.11,17.1100,399.5,0.04282854
1979-10-10,17.91,17.9100,424.5,0.04219081
1979-10-11,18.21,18.2100,396,0.04598485
1979-10-12,18.23,18.2300,404,0.04512376
1979-10-15,18.3,18.3000,407,0.04496314
1979-10-16,17.9,17.9000,396,0.04520202
1979-10-17,17.85,17.8500,393,0.04541985
1979-10-18,18.05,18.0500,393.5,0.04587039
1979-10-19,18.33,18.3300,400,0.04582500
1979-10-22,18.21,18.2100,396.8,0.04589214
1979-10-23,18.15,18.1500,392.5,0.04624204
1979-10-24,18.33,18.3300,402.5,0.04554037
1979-10-25,18.06,18.0600,394.7,0.04575627
1979-10-26,17.66,17.6600,377.7,0.04675669
1979-10-29,17.26,17.2600,379.5,0.04548090
1979-10-30,17.17,17.1700,383.5,0.04477184
1979-10-31,17.36,17.3600,385.7,0.04500907
1979-11-01,16.96,16.9600,372,0.04559140
1979-11-02,16.84,16.8400,378.5,0.04449141
1979-11-05,17.05,17.0500,383.3,0.04448213
1979-11-06,17.45,17.4500,397.5,0.04389937
1979-11-07,17.34,17.3400,396,0.04378788
1979-11-08,17.26,17.2600,394,0.04380711
1979-11-09,17.02,17.0200,391.2,0.04350716
1979-11-12,17.02,17.0200,397,0.04287154
1979-11-13,16.61,16.6100,387,0.04291990
1979-11-14,16.89,16.8900,392.4,0.04304281
1979-11-15,16.77,16.7700,388.3,0.04318826
1979-11-16,16.93,16.9300,410.9,0.04120224
1979-11-19,16.95,16.9500,408.6,0.04148311
1979-11-20,16.95,16.9500,393.5,0.04307497
1979-11-21,16.68,16.6800,394.2,0.04231355
1979-11-23,17,17.0000,415.7,0.04089488
1979-11-26,17.07,17.0700,401,0.04256858
1979-11-27,17.47,17.4700,408.6,0.04275575
1979-11-28,17.87,17.8700,422.5,0.04229586
1979-11-29,18.47,18.4700,419.5,0.04402861
1979-11-30,19.27,19.2700,430.5,0.04476190
1979-12-03,20.07,20.0700,443.7,0.04523327
1979-12-04,20.4,20.4000,438.5,0.04652223
1979-12-05,20.17,20.1700,444,0.04542793
1979-12-06,19.81,19.8100,436.7,0.04536295
1979-12-07,19.37,19.3700,436,0.04442661
1979-12-10,19.8,19.8000,446,0.04439462
1979-12-11,20.3,20.3000,460,0.04413043
1979-12-12,20.75,20.7500,459.3,0.04517744
1979-12-13,21.5,21.5000,472,0.04555085
1979-12-14,22.38,22.3800,474.5,0.04716544
1979-12-17,23.15,23.1500,479,0.04832985
1979-12-18,24.15,24.1500,492,0.04908537
1979-12-19,24.5,24.5000,480,0.05104167
1979-12-20,24.3,24.3000,481,0.05051975
1979-12-21,25.05,25.0500,495.5,0.05055499
1979-12-26,26.05,26.0500,514.3,0.05065137
1979-12-27,27.05,27.0500,523.5,0.05167144
1979-12-28,28.05,28.0500,525,0.05342857
1979-12-31,29.05,29.0500,541,0.05369686
1980-01-02,30.05,30.0500,582.8,0.05156143
1980-01-03,31.05,31.0500,607.8,0.05108588
1980-01-04,32.05,32.0500,611,0.05245499
1980-01-07,33.05,33.0500,634,0.05212934
1980-01-08,32.75,32.7500,609,0.05377668
1980-01-09,33.5,33.5000,605,0.05537190
1980-01-10,34.5,34.5000,603,0.05721393
1980-01-11,35.5,35.5000,628,0.05652866
1980-01-14,36.5,36.5000,722.4,0.05052602
1980-01-15,37.5,37.5000,704.8,0.05320658
1980-01-16,38.5,38.5000,754.8,0.05100689
1980-01-17,39.5,39.5000,790.5,0.04996837
1980-01-18,40.5,40.5000,845,0.04792899
1980-01-21,41.5,41.5000,834,0.04976019
1980-01-22,40.5,40.5000,909.9,0.04451039
1980-01-23,39.5,39.5000,859.9,0.04593557
1980-01-24,40.37,40.3700,809.9,0.04984566
1980-01-25,37.5,37.5000,661,0.05673222
1980-01-28,36.5,36.5000,659.2,0.05537015
1980-01-29,37,37.0000,709.2,0.05217146
1980-01-30,36.5,36.5000,681,0.05359765
1980-01-31,35.75,35.7500,704,0.05078125
1980-02-01,34.75,34.7500,704,0.04936080
1980-02-04,33.75,33.7500,677,0.04985229
1980-02-05,35.25,35.2500,702,0.05021368
1980-02-06,36.25,36.2500,727,0.04986245
1980-02-07,38.1,38.1000,710,0.05366197
1980-02-08,39.1,39.1000,717.5,0.05449477
1980-02-11,40.1,40.1000,726,0.05523416
1980-02-12,40.45,40.4500,718.5,0.05629784
1980-02-13,39.6,39.6000,709,0.05585331
1980-02-14,38.83,38.8300,690.5,0.05623461
1980-02-15,38.25,38.2500,680.5,0.05620867
1980-02-19,37.25,37.2500,655.5,0.05682685
1980-02-20,36.25,36.2500,673,0.05386330
1980-02-21,36.81,36.8100,666.5,0.05522881
1980-02-22,34.5,34.5000,641.5,0.05378020
1980-02-25,36.45,36.4500,659,0.05531108
1980-02-26,34.49,34.4900,635.5,0.05427223
1980-02-27,34.59,34.5900,639,0.05413146
1980-02-28,35.34,35.3400,650.5,0.05432744
1980-02-29,36.34,36.3400,640,0.05678125
1980-03-03,35.98,35.9800,641,0.05613105
1980-03-04,36.85,36.8500,651.5,0.05656178
1980-03-05,36.8,36.8000,643,0.05723173
1980-03-06,36.05,36.0500,618,0.05833333
1980-03-07,35.05,35.0500,605,0.05793388
1980-03-10,34.05,34.0500,567.5,0.06000000
1980-03-11,33.05,33.0500,570.5,0.05793164
1980-03-12,32.05,32.0500,581.5,0.05511608
1980-03-13,31.05,31.0500,544,0.05707721
1980-03-14,30.05,30.0500,530,0.05669811
1980-03-17,29.05,29.0500,480,0.06052083
1980-03-18,28.05,28.0500,488.5,0.05742068
1980-03-19,27.05,27.0500,538.5,0.05023213
1980-03-20,26.05,26.0500,538.5,0.04837512
1980-03-21,25.05,25.0500,565,0.04433628
1980-03-24,24.05,24.0500,549,0.04380692
1980-03-25,23.05,23.0500,529,0.04357278
1980-03-26,22.05,22.0500,521,0.04232246
1980-03-27,21.05,21.0500,463,0.04546436
1980-03-28,21.47,21.4700,525,0.04089524
1980-03-31,19.05,19.0500,519,0.03670520
1980-04-01,18.05,18.0500,515,0.03504854
1980-04-02,17.05,17.0500,506,0.03369565
1980-04-03,17.47,17.4700,501.5,0.03483549
1980-04-07,15.35,15.3500,526.5,0.02915480
1980-04-08,16.82,16.8200,551.5,0.03049864
1980-04-09,16.01,16.0100,550,0.02910909
1980-04-10,16.11,16.1100,544.5,0.02958678
1980-04-11,15.96,15.9600,544,0.02933824
1980-04-14,15.21,15.2100,519.5,0.02927815
1980-04-15,14.45,14.4500,530,0.02726415
1980-04-16,14.68,14.6800,516,0.02844961
1980-04-17,14.3,14.3000,522,0.02739464
1980-04-18,14.57,14.5700,520,0.02801923
1980-04-21,14.07,14.0700,497,0.02830986
1980-04-22,14.03,14.0300,510,0.02750980
1980-04-23,14.03,14.0300,515,0.02724272
1980-04-24,14.53,14.5300,538,0.02700743
1980-04-25,15.03,15.0300,547,0.02747715
1980-04-28,14.28,14.2800,522,0.02735632
1980-04-29,14,14.0000,529,0.02646503
1980-04-30,13,13.0000,507,0.02564103
1980-05-01,12.38,12.3800,520,0.02380769
1980-05-02,13.38,13.3800,516,0.02593023
1980-05-05,13.4,13.4000,523,0.02562141
1980-05-06,13.05,13.0500,510,0.02558824
1980-05-07,13.31,13.3100,517,0.02574468
1980-05-08,13.1,13.1000,512.5,0.02556098
1980-05-09,13.1,13.1000,515.7,0.02540237
1980-05-12,12.65,12.6500,510,0.02480392
1980-05-13,13.08,13.0800,520,0.02515385
1980-05-14,13.15,13.1500,524.5,0.02507150
1980-05-15,12.65,12.6500,514.5,0.02458698
1980-05-16,12.62,12.6200,514.8,0.02451437
1980-05-19,12.12,12.1200,511,0.02371820
1980-05-20,11.8,11.8000,512,0.02304688
1980-05-21,11.4,11.4000,506.5,0.02250740
1980-05-22,11.67,11.6700,515,0.02266019
1980-05-23,12.05,12.0500,510,0.02362745
1980-05-27,12.55,12.5500,524,0.02395038
1980-05-28,12.95,12.9500,529,0.02448015
1980-05-29,13.2,13.2000,537.5,0.02455814
1980-05-30,13.95,13.9500,555,0.02513514
1980-06-02,14.75,14.7500,576.5,0.02558543
1980-06-03,14.75,14.7500,569,0.02592267
1980-06-04,15.5,15.5000,592.5,0.02616034
1980-06-05,16.05,16.0500,597,0.02688442
1980-06-06,16.9,16.9000,616,0.02743506
1980-06-09,17.65,17.6500,633.5,0.02786109
1980-06-10,16.65,16.6500,608.5,0.02736237
1980-06-11,15.65,15.6500,594.5,0.02632464
1980-06-12,15.85,15.8500,609.5,0.02600492
1980-06-13,16.3,16.3000,613,0.02659054
1980-06-16,15.55,15.5500,598,0.02600334
1980-06-17,15.8,15.8000,606.5,0.02605111
1980-06-18,15.35,15.3500,603,0.02545605
1980-06-19,15.7,15.7000,613,0.02561175
1980-06-20,15.93,15.9300,609.5,0.02613618
1980-06-23,15.59,15.5900,610,0.02555738
1980-06-24,16.05,16.0500,624,0.02572115
1980-06-25,16.03,16.0300,623.5,0.02570970
1980-06-26,16.29,16.2900,633,0.02573460
1980-06-27,16.79,16.7900,657.5,0.02553612
1980-06-30,16.9,16.9000,654,0.02584098
1980-07-01,17.1,17.1000,676,0.02529586
1980-07-02,17.08,17.0800,667.5,0.02558801
1980-07-03,17.28,17.2800,676,0.02556213
1980-07-07,17.6,17.6000,684,0.02573099
1980-07-08,17.1,17.1000,678.5,0.02520265
1980-07-09,16.63,16.6300,666.5,0.02495124
1980-07-10,16.1,16.1000,672,0.02395833
1980-07-11,16.55,16.5500,670.5,0.02468307
1980-07-14,16.05,16.0500,645.5,0.02486445
1980-07-15,15.55,15.5500,620.5,0.02506044
1980-07-16,15.76,15.7600,628.5,0.02507558
1980-07-17,15.8,15.8000,620.2,0.02547565
1980-07-18,15.7,15.7000,614,0.02557003
1980-07-21,15.75,15.7500,635.1,0.02479924
1980-07-22,16.25,16.2500,638,0.02547022
1980-07-23,16.2,16.2000,631.5,0.02565321
1980-07-24,16.53,16.5300,639.5,0.02584832
1980-07-25,16.84,16.8400,678,0.02483776
1980-07-28,16.6,16.6000,673.2,0.02465835
1980-07-29,16.42,16.4200,661,0.02484115
1980-07-30,15.92,15.9200,636,0.02503145
1980-07-31,15.55,15.5500,642,0.02422118
1980-08-01,15.84,15.8400,640,0.02475000
1980-08-04,15.95,15.9500,650,0.02453846
1980-08-05,16.07,16.0700,649.5,0.02474211
1980-08-06,16.43,16.4300,654,0.02512232
1980-08-07,16.38,16.3800,656,0.02496951
1980-08-08,16.02,16.0200,647,0.02476043
1980-08-11,15.6,15.6000,623,0.02504013
1980-08-12,15.85,15.8500,633,0.02503949
1980-08-13,15.82,15.8200,635,0.02491339
1980-08-14,16.48,16.4800,647.4,0.02545567
1980-08-15,16.29,16.2900,635,0.02565354
1980-08-18,16.32,16.3200,640.5,0.02548009
1980-08-19,16.41,16.4100,642,0.02556075
1980-08-20,16.91,16.9100,667,0.02535232
1980-08-21,16.81,16.8100,659,0.02550835
1980-08-22,16.86,16.8600,658,0.02562310
1980-08-25,16.5,16.5000,643.3,0.02564900
1980-08-26,16.61,16.6100,651,0.02551459
1980-08-27,16.66,16.6600,653.5,0.02549350
1980-08-28,16.64,16.6400,654,0.02544343
1980-08-29,16.84,16.8400,656,0.02567073
1980-09-02,16.87,16.8700,660,0.02556061
1980-09-03,16.77,16.7700,658,0.02548632
1980-09-04,17.27,17.2700,673,0.02566122
1980-09-05,17.77,17.7700,670,0.02652239
1980-09-08,18.52,18.5200,695,0.02664748
1980-09-09,19.52,19.5200,693.5,0.02814708
1980-09-10,20.18,20.1800,703.5,0.02868515
1980-09-11,21.18,21.1800,713.5,0.02968465
1980-09-12,21.4,21.4000,704,0.03039773
1980-09-15,20.4,20.4000,685,0.02978102
1980-09-16,21.4,21.4000,700,0.03057143
1980-09-17,21.4,21.4000,692,0.03092486
1980-09-18,21.43,21.4300,693,0.03092352
1980-09-19,22.18,22.1800,708,0.03132768
1980-09-22,23.18,23.1800,733,0.03162347
1980-09-23,23.93,23.9300,731.5,0.03271360
1980-09-24,23.3,23.3000,729.5,0.03193968
1980-09-25,23.35,23.3500,728.5,0.03205216
1980-09-26,22.6,22.6000,703.5,0.03212509
1980-09-29,21.6,21.6000,678.5,0.03183493
1980-09-30,21.25,21.2500,688.5,0.03086420
1980-10-01,22.1,22.1000,696.5,0.03173008
1980-10-02,21.35,21.3500,685,0.03116788
1980-10-03,20.65,20.6500,684.5,0.03016801
1980-10-06,21.65,21.6500,693.5,0.03121846
1980-10-07,21.13,21.1300,688,0.03071221
1980-10-08,21.44,21.4400,690,0.03107246
1980-10-09,22.14,22.1400,699.5,0.03165118
1980-10-10,22,22.0000,700,0.03142857
1980-10-13,21.5,21.5000,691.7,0.03108284
1980-10-14,21.65,21.6500,691.5,0.03130875
1980-10-15,21.35,21.3500,686,0.03112245
1980-10-16,21,21.0000,677.5,0.03099631
1980-10-17,20.5,20.5000,665,0.03082707
1980-10-20,19.95,19.9500,667,0.02991004
1980-10-21,20.09,20.0900,668,0.03007485
1980-10-22,19.8,19.8000,660,0.03000000
1980-10-23,19.05,19.0500,635,0.03000000
1980-10-24,19,19.0000,639,0.02973396
1980-10-27,18.88,18.8800,640.5,0.02947697
1980-10-28,18.95,18.9500,642,0.02951713
1980-10-29,19.43,19.4300,645,0.03012403
1980-10-30,19.5,19.5000,647.5,0.03011583
1980-10-31,19.1,19.1000,642,0.02975078
1980-11-03,19.6,19.6000,655,0.02992366
1980-11-05,19.15,19.1500,643,0.02978227
1980-11-06,18.68,18.6800,618,0.03022654
1980-11-07,18.18,18.1800,607,0.02995058
1980-11-10,18.08,18.0800,609.5,0.02966366
1980-11-11,17.9,17.9000,617,0.02901135
1980-11-12,18.4,18.4000,618.5,0.02974939
1980-11-13,18.75,18.7500,611,0.03068740
1980-11-14,18.52,18.5200,621,0.02982287
1980-11-17,19.26,19.2600,617,0.03121556
1980-11-18,19.48,19.4800,621.5,0.03134352
1980-11-19,19.98,19.9800,634,0.03151420
1980-11-20,20.36,20.3600,645,0.03156589
1980-11-21,20.33,20.3300,638.5,0.03184025
1980-11-24,19.58,19.5800,637.5,0.03071373
1980-11-25,19.47,19.4700,647.8,0.03005557
1980-11-26,19.44,19.4400,642.5,0.03025681
1980-11-28,19.45,19.4500,644.5,0.03017843
1980-12-01,19.45,19.4500,647,0.03006182
1980-12-02,19.15,19.1500,641.5,0.02985191
1980-12-03,19.4,19.4000,647.3,0.02997065
1980-12-04,18.95,18.9500,639.5,0.02963253
1980-12-05,18.73,18.7300,638,0.02935737
1980-12-08,18.23,18.2300,630.4,0.02891815
1980-12-09,17.73,17.7300,608,0.02916118
1980-12-10,16.98,16.9800,583,0.02912521
1980-12-11,15.98,15.9800,558,0.02863799
1980-12-12,15.85,15.8500,587,0.02700170
1980-12-15,15.82,15.8200,587.5,0.02692766
1980-12-16,15.4,15.4000,580,0.02655172
1980-12-17,16.15,16.1500,588,0.02746599
1980-12-18,15.9,15.9000,583,0.02727273
1980-12-19,16.75,16.7500,607.5,0.02757202
1980-12-22,16.45,16.4500,604,0.02723510
1980-12-23,17.18,17.1800,616,0.02788961
1980-12-24,17.12,17.1200,617,0.02774716
1980-12-29,16.12,16.1200,595,0.02709244
1980-12-30,15.7,15.7000,595,0.02638655
1980-12-31,16.12,16.1200,599.5,0.02688907
1981-01-02,16.05,16.0500,594.5,0.02699748
1981-01-05,16.7,16.7000,601.5,0.02776392
1981-01-06,16.7,16.7000,605,0.02760331
1981-01-07,16.2,16.2000,580,0.02793103
1981-01-08,15.7,15.7000,577.5,0.02718615
1981-01-09,15.54,15.5400,581,0.02674699
1981-01-12,15.28,15.2800,566.5,0.02697264
1981-01-13,15.33,15.3300,565.5,0.02710875
1981-01-14,15.6,15.6000,573.5,0.02720139
1981-01-15,15.15,15.1500,562,0.02695730
1981-01-16,15.43,15.4300,567.5,0.02718943
1981-01-19,15.42,15.4200,565.5,0.02726790
1981-01-20,15.65,15.6500,571,0.02740806
1981-01-21,15.2,15.2000,568,0.02676056
1981-01-22,14.8,14.8000,557,0.02657092
1981-01-23,14.57,14.5700,552.5,0.02637104
1981-01-26,14.07,14.0700,527.5,0.02667299
1981-01-27,13.65,13.6500,520.5,0.02622478
1981-01-28,13.55,13.5500,521.4,0.02598773
1981-01-29,13.95,13.9500,529,0.02637051
1981-01-30,13.45,13.4500,512.5,0.02624390
1981-02-02,12.97,12.9700,492.5,0.02633503
1981-02-03,13.12,13.1200,505,0.02598020
1981-02-04,13,13.0000,500,0.02600000
1981-02-05,13.23,13.2300,510,0.02594118
1981-02-06,13.68,13.6800,514,0.02661479
1981-02-09,14.18,14.1800,527.5,0.02688152
1981-02-10,13.6,13.6000,517.5,0.02628019
1981-02-11,13.13,13.1300,507,0.02589744
1981-02-12,12.64,12.6400,504,0.02507937
1981-02-13,12.75,12.7500,501,0.02544910
1981-02-17,13.15,13.1500,507,0.02593688
1981-02-18,12.77,12.7700,500.5,0.02551449
1981-02-19,13.23,13.2300,515.5,0.02566440
1981-02-20,13.15,13.1500,514.5,0.02555879
1981-02-23,12.88,12.8800,505,0.02550495
1981-02-24,12.96,12.9600,511,0.02536204
1981-02-25,13.19,13.1900,504,0.02617063
1981-02-26,12.69,12.6900,499,0.02543086
1981-02-27,12.5,12.5000,486.5,0.02569373
1981-03-02,12,12.0000,465,0.02580645
1981-03-03,12.38,12.3800,476,0.02600840
1981-03-04,11.88,11.8800,461,0.02577007
1981-03-05,11.97,11.9700,466.5,0.02565916
1981-03-06,12,12.0000,467,0.02569593
1981-03-09,12.08,12.0800,475,0.02543158
1981-03-10,12.26,12.2600,485.5,0.02525232
1981-03-11,11.93,11.9300,478,0.02495816
1981-03-12,12.16,12.1600,485,0.02507216
1981-03-13,12.38,12.3800,488.5,0.02534289
1981-03-16,12.58,12.5800,495.5,0.02538850
1981-03-17,12.98,12.9800,509,0.02550098
1981-03-18,13.3,13.3000,508.5,0.02615536
1981-03-19,13.17,13.1700,512,0.02572266
1981-03-20,13.67,13.6700,537,0.02545624
1981-03-23,13.17,13.1700,527,0.02499051
1981-03-24,13.35,13.3500,536.5,0.02488350
1981-03-25,13,13.0000,544,0.02389706
1981-03-26,13.42,13.4200,558.4,0.02403295
1981-03-27,12.92,12.9200,542.5,0.02381567
1981-03-30,12.42,12.4200,524.5,0.02367969
1981-03-31,12.03,12.0300,525.5,0.02289248
1981-04-01,12.2,12.2000,528,0.02310606
1981-04-02,12.24,12.2400,528.5,0.02315989
1981-04-03,12.3,12.3000,532.5,0.02309859
1981-04-06,12.35,12.3500,538,0.02295539
1981-04-07,11.92,11.9200,522.5,0.02281340
1981-04-08,11.7,11.7000,524.5,0.02230696
1981-04-09,11.34,11.3400,501.5,0.02261216
1981-04-10,11.21,11.2100,496,0.02260081
1981-04-13,11.25,11.2500,487,0.02310062
1981-04-14,11.38,11.3800,492,0.02313008
1981-04-15,11.17,11.1700,482.3,0.02315986
1981-04-16,11.45,11.4500,495.5,0.02310797
1981-04-20,11.57,11.5700,495.7,0.02334073
1981-04-21,11.54,11.5400,497.5,0.02319598
1981-04-22,11.36,11.3600,496,0.02290323
1981-04-23,11.4,11.4000,498,0.02289157
1981-04-24,11.55,11.5500,491.3,0.02350906
1981-04-27,11.56,11.5600,491,0.02354379
1981-04-28,11.46,11.4600,489.8,0.02339731
1981-04-29,11.3,11.3000,484.5,0.02332301
1981-04-30,11.38,11.3800,489,0.02327198
1981-05-01,11.41,11.4100,496,0.02300403
1981-05-04,11.26,11.2600,486.5,0.02314491
1981-05-05,11.26,11.2600,486.5,0.02314491
1981-05-06,11.24,11.2400,484.5,0.02319917
1981-05-07,11.29,11.2900,487,0.02318275
1981-05-08,11.78,11.7800,496.5,0.02372608
1981-05-11,11.47,11.4700,488,0.02350410
1981-05-12,11.28,11.2800,491.5,0.02295015
1981-05-13,11.23,11.2300,482,0.02329876
1981-05-14,11.14,11.1400,486.5,0.02289825
1981-05-15,11.2,11.2000,479.5,0.02335766
1981-05-18,11.26,11.2600,485,0.02321649
1981-05-19,11.18,11.1800,478.5,0.02336468
1981-05-20,11.16,11.1600,482.5,0.02312953
1981-05-21,10.88,10.8800,468,0.02324786
1981-05-22,10.73,10.7300,471,0.02278132
1981-05-26,10.44,10.4400,465.5,0.02242750
1981-05-27,10.62,10.6200,483.5,0.02196484
1981-05-28,10.9,10.9000,494.5,0.02204247
1981-05-29,10.88,10.8800,492.5,0.02209137
1981-06-01,10.67,10.6700,487.5,0.02188718
1981-06-02,10.67,10.6700,487,0.02190965
1981-06-03,10.39,10.3900,481.5,0.02157840
1981-06-04,10.22,10.2200,476,0.02147059
1981-06-05,10,10.0000,462.5,0.02162162
1981-06-08,10.25,10.2500,473,0.02167019
1981-06-09,10.08,10.0800,469,0.02149254
1981-06-10,10.28,10.2800,477,0.02155136
1981-06-11,10.43,10.4300,476,0.02191176
1981-06-12,10.57,10.5700,476,0.02220588
1981-06-15,10.28,10.2800,472,0.02177966
1981-06-16,10.18,10.1800,472.5,0.02154497
1981-06-17,10.18,10.1800,469,0.02170576
1981-06-18,10.04,10.0400,467,0.02149893
1981-06-19,10.02,10.0200,467.5,0.02143316
1981-06-22,10.18,10.1800,472.3,0.02155410
1981-06-23,10.19,10.1900,471.2,0.02162564
1981-06-24,9.98,9.9800,460.5,0.02167210
1981-06-25,9.78,9.7800,451,0.02168514
1981-06-26,9.55,9.5500,447,0.02136465
1981-06-29,9.05,9.0500,432,0.02094907
1981-06-30,8.8,8.8000,428.5,0.02053676
1981-07-01,8.56,8.5600,419,0.02042959
1981-07-02,8.62,8.6200,416.5,0.02069628
1981-07-06,8.48,8.4800,404,0.02099010
1981-07-07,8.7,8.7000,409.5,0.02124542
1981-07-08,8.87,8.8700,407,0.02179361
1981-07-09,9.1,9.1000,415.5,0.02190132
1981-07-10,9.33,9.3300,422,0.02210900
1981-07-13,8.95,8.9500,409,0.02188264
1981-07-14,8.91,8.9100,414.5,0.02149578
1981-07-15,8.92,8.9200,414,0.02154589
1981-07-16,9.05,9.0500,417.5,0.02167665
1981-07-17,9.18,9.1800,420,0.02185714
1981-07-20,8.84,8.8400,411,0.02150852
1981-07-21,8.85,8.8500,411.5,0.02150668
1981-07-22,8.77,8.7700,408,0.02149510
1981-07-23,8.71,8.7100,408.7,0.02131148
1981-07-24,8.67,8.6700,408.2,0.02123959
1981-07-27,8.53,8.5300,402,0.02121891
1981-07-28,8.78,8.7800,406.5,0.02159902
1981-07-29,8.71,8.7100,403.5,0.02158612
1981-07-30,8.6,8.6000,424.4,0.02026390
1981-07-31,8.64,8.6400,423.2,0.02041588
1981-08-03,8.37,8.3700,406.5,0.02059041
1981-08-04,8.38,8.3800,408.5,0.02051408
1981-08-05,8.41,8.4100,409.3,0.02054728
1981-08-06,8.78,8.7800,418.2,0.02099474
1981-08-07,8.63,8.6300,414.8,0.02080521
1981-08-10,8.74,8.7400,415.5,0.02103490
1981-08-11,9.12,9.1200,429,0.02125874
1981-08-12,9.02,9.0200,423,0.02132388
1981-08-13,9.6,9.6000,429,0.02237762
1981-08-14,9.52,9.5200,430.5,0.02211382
1981-08-17,9.64,9.6400,433,0.02226328
1981-08-18,9.94,9.9400,455.5,0.02182217
1981-08-19,10.22,10.2200,456,0.02241228
1981-08-20,10.04,10.0400,448,0.02241071
1981-08-21,10.08,10.0800,452.5,0.02227624
1981-08-24,9.58,9.5800,433,0.02212471
1981-08-25,9.2,9.2000,427.5,0.02152047
1981-08-26,9.29,9.2900,430.5,0.02157956
1981-08-27,9.6,9.6000,436,0.02201835
1981-08-28,9.67,9.6700,445,0.02173034
1981-08-31,9.72,9.7200,443.5,0.02191657
1981-09-01,9.76,9.7600,444.7,0.02194738
1981-09-02,10.09,10.0900,452.5,0.02229834
1981-09-03,10.58,10.5800,462.5,0.02287568
1981-09-04,10.42,10.4200,455.5,0.02287596
1981-09-08,10.49,10.4900,448.5,0.02338907
1981-09-09,10.99,10.9900,463.5,0.02371090
1981-09-10,11.47,11.4700,464.5,0.02469322
1981-09-11,11.54,11.5400,470,0.02455319
1981-09-14,11.74,11.7400,476.4,0.02464316
1981-09-15,11.55,11.5500,469,0.02462687
1981-09-16,11.34,11.3400,466,0.02433476
1981-09-17,10.84,10.8400,456.5,0.02374589
1981-09-18,10.34,10.3400,465,0.02223656
1981-09-21,10.83,10.8300,482,0.02246888
1981-09-22,10.53,10.5300,475,0.02216842
1981-09-23,10.24,10.2400,469.5,0.02181044
1981-09-24,9.74,9.7400,459.5,0.02119695
1981-09-25,9.24,9.2400,441.5,0.02092865
1981-09-28,9.08,9.0800,441.8,0.02055229
1981-09-29,9.28,9.2800,441.5,0.02101925
1981-09-30,9.38,9.3800,443,0.02117381
1981-10-01,9.58,9.5800,440,0.02177273
1981-10-02,9.71,9.7100,447.5,0.02169832
1981-10-05,9.25,9.2500,445.5,0.02076319
1981-10-06,9.68,9.6800,461.5,0.02097508
1981-10-07,9.4,9.4000,453.5,0.02072767
1981-10-08,9.65,9.6500,457.5,0.02109290
1981-10-09,9.66,9.6600,457,0.02113786
1981-10-12,9.46,9.4600,452,0.02092920
1981-10-13,9.78,9.7800,456,0.02144737
1981-10-14,9.79,9.7900,452,0.02165929
1981-10-15,9.59,9.5900,450.2,0.02130164
1981-10-16,9.57,9.5700,447.5,0.02138547
1981-10-19,9.3,9.3000,442.7,0.02100745
1981-10-20,9.18,9.1800,437.5,0.02098286
1981-10-21,9.2,9.2000,438,0.02100457
1981-10-22,9.27,9.2700,439.2,0.02110656
1981-10-23,9.28,9.2800,436,0.02128440
1981-10-26,9.01,9.0100,429.8,0.02096324
1981-10-27,9.22,9.2200,435.3,0.02118079
1981-10-28,9.11,9.1100,428,0.02128505
1981-10-29,9.38,9.3800,433.3,0.02164782
1981-10-30,9.25,9.2500,431.2,0.02145176
1981-11-02,9.18,9.1800,432.5,0.02122543
1981-11-03,9.24,9.2400,434.2,0.02128052
1981-11-04,9.24,9.2400,433.3,0.02132472
1981-11-05,9.23,9.2300,431.2,0.02140538
1981-11-06,9.21,9.2100,430.9,0.02137387
1981-11-09,8.88,8.8800,423.5,0.02096812
1981-11-10,8.75,8.7500,414.5,0.02110977
1981-11-11,8.59,8.5900,412.1,0.02084446
1981-11-12,8.7,8.7000,414,0.02101449
1981-11-13,8.67,8.6700,415.2,0.02088150
1981-11-16,8.24,8.2400,401.4,0.02052815
1981-11-17,8.29,8.2900,405,0.02046914
1981-11-18,8.26,8.2600,398,0.02075377
1981-11-19,8.16,8.1600,400.5,0.02037453
1981-11-20,8.41,8.4100,398,0.02113065
1981-11-23,8.25,8.2500,394,0.02093909
1981-11-24,8.31,8.3100,401.8,0.02068193
1981-11-25,8.54,8.5400,419,0.02038186
1981-11-27,8.57,8.5700,419.8,0.02041448
1981-11-30,8.44,8.4400,413.3,0.02042100
1981-12-01,8.34,8.3400,412,0.02024272
1981-12-02,8.78,8.7800,429,0.02046620
1981-12-03,8.87,8.8700,428,0.02072430
1981-12-04,9.12,9.1200,429,0.02125874
1981-12-07,9.09,9.0900,424,0.02143868
1981-12-08,9,9.0000,415.8,0.02164502
1981-12-09,8.8,8.8000,416.8,0.02111324
1981-12-10,8.62,8.6200,413.5,0.02084643
1981-12-11,8.73,8.7300,412.5,0.02116364
1981-12-14,8.94,8.9400,419.5,0.02131108
1981-12-15,8.9,8.9000,423,0.02104019
1981-12-16,9.08,9.0800,428.3,0.02120009
1981-12-17,9.08,9.0800,422.3,0.02150130
1981-12-18,8.9,8.9000,418.2,0.02128168
1981-12-21,8.45,8.4500,405.8,0.02082307
1981-12-22,8.47,8.4700,408.4,0.02073947
1981-12-23,8.43,8.4300,408,0.02066176
1981-12-24,8.41,8.4100,406.3,0.02069899
1981-12-28,8.16,8.1600,397.2,0.02054381
1981-12-29,8.19,8.1900,399,0.02052632
1981-12-30,8.38,8.3800,403,0.02079404
1981-12-31,8.29,8.2900,402.8,0.02058093
1982-01-04,8.38,8.3800,407.3,0.02057452
1982-01-05,8.48,8.4800,405.6,0.02090730
1982-01-06,8.44,8.4400,403,0.02094293
1982-01-07,8.43,8.4300,402,0.02097015
1982-01-08,8.33,8.3300,397.5,0.02095597
1982-01-11,8.21,8.2100,388,0.02115979
1982-01-12,8.23,8.2300,390,0.02110256
1982-01-13,8.02,8.0200,379.6,0.02112750
1982-01-14,7.99,7.9900,378.6,0.02110407
1982-01-15,7.87,7.8700,372,0.02115591
1982-01-18,8.02,8.0200,377,0.02127321
1982-01-19,7.93,7.9300,371.2,0.02136315
1982-01-20,7.97,7.9700,374.5,0.02128171
1982-01-21,7.94,7.9400,376.5,0.02108898
1982-01-22,7.93,7.9300,378.5,0.02095112
1982-01-25,7.95,7.9500,375.6,0.02116613
1982-01-26,8.03,8.0300,376.4,0.02133369
1982-01-27,8.24,8.2400,391.6,0.02104188
1982-01-28,8.29,8.2900,392.4,0.02112640
1982-01-29,8.28,8.2800,391.8,0.02113323
1982-02-01,8.25,8.2500,389.2,0.02119733
1982-02-02,8.22,8.2200,384.7,0.02136730
1982-02-03,8.34,8.3400,386.8,0.02156153
1982-02-04,8.61,8.6100,393.8,0.02186389
1982-02-05,8.67,8.6700,392,0.02211735
1982-02-08,8.48,8.4800,386.8,0.02192347
1982-02-09,8.55,8.5500,387.6,0.02205882
1982-02-10,8.8,8.8000,391.3,0.02248914
1982-02-11,8.66,8.6600,384,0.02255208
1982-02-12,8.64,8.6400,384.9,0.02244739
1982-02-16,8.51,8.5100,381.8,0.02228916
1982-02-17,8.44,8.4400,381.1,0.02214642
1982-02-18,8.34,8.3400,374.1,0.02229350
1982-02-19,8.21,8.2100,369.3,0.02223125
1982-02-22,8.21,8.2100,368.8,0.02226139
1982-02-23,8.04,8.0400,367.7,0.02186565
1982-02-24,8.19,8.1900,372.4,0.02199248
1982-02-25,8.09,8.0900,369.8,0.02187669
1982-02-26,7.94,7.9400,364.5,0.02178326
1982-03-01,8.08,8.0800,365.8,0.02208857
1982-03-02,8,8.0000,361.6,0.02212389
1982-03-03,7.84,7.8400,354.2,0.02213439
1982-03-04,7.67,7.6700,346.8,0.02211649
1982-03-05,7.46,7.4600,336.3,0.02218258
1982-03-08,7.17,7.1700,331,0.02166163
1982-03-09,7.3,7.3000,336,0.02172619
1982-03-10,7.39,7.3900,338.8,0.02181228
1982-03-11,7.29,7.2900,330,0.02209091
1982-03-12,7.1,7.1000,319.6,0.02221527
1982-03-15,7.33,7.3300,326.2,0.02247088
1982-03-16,7.17,7.1700,314.5,0.02279809
1982-03-17,7.22,7.2200,319.3,0.02261196
1982-03-18,7.29,7.2900,325.2,0.02241697
1982-03-19,7.15,7.1500,317.7,0.02250551
1982-03-22,7.33,7.3300,324.6,0.02258164
1982-03-23,7.29,7.2900,327,0.02229358
1982-03-24,7.39,7.3900,334.2,0.02211251
1982-03-25,7.18,7.1800,333.6,0.02152278
1982-03-26,7.13,7.1300,329.2,0.02165857
1982-03-29,7.18,7.1800,330.5,0.02172466
1982-03-30,7.12,7.1200,326.5,0.02180704
1982-03-31,7.23,7.2300,334.2,0.02163375
1982-04-01,7.16,7.1600,332.8,0.02151442
1982-04-02,7.25,7.2500,336.8,0.02152613
1982-04-05,7.53,7.5300,353.3,0.02131333
1982-04-06,7.67,7.6700,367,0.02089918
1982-04-07,7.51,7.5100,357,0.02103641
1982-04-08,7.6,7.6000,366,0.02076503
1982-04-12,7.43,7.4300,357.5,0.02078322
1982-04-13,7.48,7.4800,362.7,0.02062310
1982-04-14,7.64,7.6400,376,0.02031915
1982-04-15,7.59,7.5900,371.8,0.02041420
1982-04-16,7.62,7.6200,366,0.02081967
1982-04-19,7.18,7.1800,346.5,0.02072150
1982-04-20,7.2,7.2000,350.5,0.02054208
1982-04-21,7.21,7.2100,349.1,0.02065311
1982-04-22,7.36,7.3600,349.6,0.02105263
1982-04-23,7.43,7.4300,356.7,0.02082983
1982-04-26,7.26,7.2600,356.5,0.02036466
1982-04-27,7.32,7.3200,360,0.02033333
1982-04-28,7.26,7.2600,359.1,0.02021721
1982-04-29,7.18,7.1800,360.5,0.01991678
1982-04-30,7.02,7.0200,346.5,0.02025974
1982-05-03,7.04,7.0400,349,0.02017192
1982-05-04,7.03,7.0300,346.5,0.02028860
1982-05-05,7,7.0000,339.8,0.02060035
1982-05-06,6.97,6.9700,335,0.02080597
1982-05-07,6.92,6.9200,336.5,0.02056464
1982-05-10,6.77,6.7700,331.5,0.02042232
1982-05-11,6.81,6.8100,335.8,0.02027993
1982-05-12,6.79,6.7900,335,0.02026866
1982-05-13,6.75,6.7500,333.5,0.02023988
1982-05-14,6.89,6.8900,340,0.02026471
1982-05-17,6.76,6.7600,336.2,0.02010708
1982-05-18,6.82,6.8200,342.1,0.01993569
1982-05-19,6.8,6.8000,342.5,0.01985401
1982-05-20,6.84,6.8400,344,0.01988372
1982-05-21,6.8,6.8000,337.2,0.02016607
1982-05-24,6.62,6.6200,328.8,0.02013382
1982-05-25,6.61,6.6100,329.5,0.02006070
1982-05-26,6.49,6.4900,331.7,0.01956587
1982-05-27,6.44,6.4400,333.3,0.01932193
1982-05-28,6.29,6.2900,329,0.01911854
1982-06-01,6.08,6.0800,323.8,0.01877702
1982-06-02,6.12,6.1200,326.4,0.01875000
1982-06-03,5.95,5.9500,323.5,0.01839258
1982-06-04,5.92,5.9200,325.3,0.01819859
1982-06-07,6.22,6.2200,342.5,0.01816058
1982-06-08,6.09,6.0900,337.3,0.01805514
1982-06-09,5.92,5.9200,333.2,0.01776711
1982-06-10,6.05,6.0500,332.6,0.01819002
1982-06-11,6.01,6.0100,333.2,0.01803721
1982-06-14,5.55,5.5500,322.5,0.01720930
1982-06-15,5.45,5.4500,321,0.01697819
1982-06-16,5.5,5.5000,321.4,0.01711263
1982-06-17,5.15,5.1500,312.2,0.01649584
1982-06-18,5.11,5.1100,308.5,0.01656402
1982-06-21,4.99,4.9900,305,0.01636066
1982-06-22,5.05,5.0500,301.5,0.01674959
1982-06-23,5.24,5.2400,311,0.01684887
1982-06-24,5.17,5.1700,307.5,0.01681301
1982-06-25,5.32,5.3200,310.2,0.01715023
1982-06-28,5.5,5.5000,313.7,0.01753267
1982-06-29,5.97,5.9700,318,0.01877358
1982-06-30,6.16,6.1600,317.8,0.01938326
1982-07-01,6.04,6.0400,316.5,0.01908373
1982-07-02,6.02,6.0200,315,0.01911111
1982-07-06,5.75,5.7500,311.5,0.01845907
1982-07-07,5.83,5.8300,313.5,0.01859649
1982-07-08,6.22,6.2200,324.7,0.01915614
1982-07-09,6.51,6.5100,348,0.01870690
1982-07-12,6.34,6.3400,343.5,0.01845706
1982-07-13,6.66,6.6600,359.5,0.01852573
1982-07-14,6.57,6.5700,349.2,0.01881443
1982-07-15,6.44,6.4400,345.7,0.01862887
1982-07-16,6.61,6.6100,351.5,0.01880512
1982-07-19,6.59,6.5900,346.5,0.01901876
1982-07-20,7.03,7.0300,360.3,0.01951152
1982-07-21,6.95,6.9500,356.2,0.01951151
1982-07-22,7.06,7.0600,359.5,0.01963839
1982-07-23,7.33,7.3300,361.2,0.02029347
1982-07-26,7.45,7.4500,355.5,0.02095640
1982-07-27,7.31,7.3100,352.2,0.02075525
1982-07-28,6.81,6.8100,339.5,0.02005891
1982-07-29,6.6,6.6000,338.6,0.01949203
1982-07-30,6.74,6.7400,355.5,0.01895921
1982-08-02,7.15,7.1500,366.1,0.01953018
1982-08-03,6.95,6.9500,358,0.01941341
1982-08-04,7.06,7.0600,363.1,0.01944368
1982-08-05,6.9,6.9000,356.8,0.01933857
1982-08-06,6.83,6.8300,355.5,0.01921238
1982-08-09,6.38,6.3800,346.5,0.01841270
1982-08-10,6.26,6.2600,343.3,0.01823478
1982-08-11,6.24,6.2400,344.5,0.01811321
1982-08-12,6.61,6.6100,348.5,0.01896700
1982-08-13,6.44,6.4400,344.9,0.01867208
1982-08-16,6.62,6.6200,348.4,0.01900115
1982-08-17,6.76,6.7600,354.5,0.01906911
1982-08-18,7.26,7.2600,368.9,0.01968013
1982-08-19,7.47,7.4700,384.5,0.01942783
1982-08-20,7.97,7.9700,396,0.02012626
1982-08-23,8.22,8.2200,408.7,0.02011255
1982-08-24,7.95,7.9500,413.2,0.01924008
1982-08-25,8.17,8.1700,417,0.01959233
1982-08-26,8.65,8.6500,437.5,0.01977143
1982-08-27,8.15,8.1500,413,0.01973366
1982-08-30,7.99,7.9900,419.5,0.01904648
1982-08-31,8.04,8.0400,418.5,0.01921147
1982-09-01,7.84,7.8400,415.5,0.01886883
1982-09-02,8.34,8.3400,440.5,0.01893303
1982-09-03,8.84,8.8400,465.5,0.01899033
1982-09-07,9.22,9.2200,481,0.01916840
1982-09-08,9.72,9.7200,497,0.01955734
1982-09-09,9.22,9.2200,472,0.01953390
1982-09-10,8.98,8.9800,452,0.01986726
1982-09-13,9.12,9.1200,457,0.01995624
1982-09-14,8.95,8.9500,447,0.02002237
1982-09-15,9.23,9.2300,454.5,0.02030803
1982-09-16,9.27,9.2700,454,0.02041850
1982-09-17,9.09,9.0900,443,0.02051919
1982-09-20,8.85,8.8500,436,0.02029817
1982-09-21,9.18,9.1800,447,0.02053691
1982-09-22,9.19,9.1900,445.5,0.02062851
1982-09-23,9.19,9.1900,447.3,0.02054550
1982-09-24,8.8,8.8000,424.3,0.02074004
1982-09-27,8.37,8.3700,412,0.02031553
1982-09-28,8.65,8.6500,420.5,0.02057075
1982-09-29,8.24,8.2400,400,0.02060000
1982-09-30,8.24,8.2400,404.8,0.02035573
1982-10-01,8.52,8.5200,413,0.02062954
1982-10-04,8.09,8.0900,392.5,0.02061146
1982-10-05,8.16,8.1600,398.4,0.02048193
1982-10-06,8.33,8.3300,403.8,0.02062902
1982-10-07,8.83,8.8300,428.8,0.02059235
1982-10-08,9.12,9.1200,424.5,0.02148410
1982-10-11,9.62,9.6200,449.5,0.02140156
1982-10-12,9.73,9.7300,443.5,0.02193912
1982-10-13,10.15,10.1500,460,0.02206522
1982-10-14,9.98,9.9800,445.5,0.02240180
1982-10-15,9.77,9.7700,433,0.02256351
1982-10-18,10.07,10.0700,439.5,0.02291240
1982-10-19,10.02,10.0200,427,0.02346604
1982-10-20,10.27,10.2700,437,0.02350114
1982-10-21,10.2,10.2000,427.5,0.02385965
1982-10-22,10.63,10.6300,435.5,0.02440873
1982-10-25,10.13,10.1300,420.5,0.02409037
1982-10-26,9.8,9.8000,426.7,0.02296696
1982-10-27,10,10.0000,425,0.02352941
1982-10-28,9.96,9.9600,422.7,0.02356281
1982-10-29,10.09,10.0900,423,0.02385343
1982-11-01,10.59,10.5900,432.5,0.02448555
1982-11-03,10.53,10.5300,426,0.02471831
1982-11-04,10.77,10.7700,429.3,0.02508735
1982-11-05,10.64,10.6400,419,0.02539379
1982-11-08,10.15,10.1500,407.5,0.02490798
1982-11-09,10.28,10.2800,414,0.02483092
1982-11-10,9.78,9.7800,405,0.02414815
1982-11-11,9.52,9.5200,406,0.02344828
1982-11-12,9.6,9.6000,410.5,0.02338611
1982-11-15,9.57,9.5700,406.5,0.02354244
1982-11-16,9.81,9.8100,411.5,0.02383961
1982-11-17,9.6,9.6000,408.5,0.02350061
1982-11-18,9.77,9.7700,413.2,0.02364472
1982-11-19,9.79,9.7900,414.8,0.02360174
1982-11-22,9.29,9.2900,406,0.02288177
1982-11-23,8.98,8.9800,405.3,0.02215643
1982-11-24,9.39,9.3900,411.5,0.02281896
1982-11-26,9.72,9.7200,433.9,0.02240147
1982-11-29,9.9,9.9000,440.6,0.02246936
1982-11-30,10.33,10.3300,449,0.02300668
1982-12-01,10.4,10.4000,441.7,0.02354539
1982-12-02,10.66,10.6600,449.5,0.02371524
1982-12-03,10.6,10.6000,447.8,0.02367128
1982-12-06,10.93,10.9300,452,0.02418142
1982-12-07,11.29,11.2900,458.5,0.02462377
1982-12-08,10.79,10.7900,444.5,0.02427447
1982-12-09,10.75,10.7500,449.2,0.02393143
1982-12-10,10.52,10.5200,441.5,0.02382786
1982-12-13,10.85,10.8500,449.5,0.02413793
1982-12-14,10.35,10.3500,436.8,0.02369505
1982-12-15,10.59,10.5900,443.7,0.02386748
1982-12-16,10.65,10.6500,446,0.02387892
1982-12-17,10.59,10.5900,444.2,0.02384061
1982-12-20,10.69,10.6900,446.9,0.02392034
1982-12-21,10.99,10.9900,455.5,0.02412733
1982-12-22,10.83,10.8300,448,0.02417411
1982-12-23,10.9,10.9000,450.8,0.02417924
1982-12-27,11.32,11.3200,462.2,0.02449156
1982-12-28,11.22,11.2200,460,0.02439130
1982-12-29,11.38,11.3800,465.5,0.02444683
1982-12-30,11.1,11.1000,453,0.02450331
1983-01-03,11.14,11.1400,453.4,0.02456992
1983-01-04,11.2,11.2000,456.7,0.02452376
1983-01-05,11.54,11.5400,461,0.02503254
1983-01-06,11.44,11.4400,456.5,0.02506024
1983-01-07,11.74,11.7400,469.5,0.02500532
1983-01-10,12.16,12.1600,483.2,0.02516556
1983-01-11,12.16,12.1600,482.4,0.02520730
1983-01-12,12.64,12.6400,492.6,0.02565976
1983-01-13,12.67,12.6700,490,0.02585714
1983-01-14,12.93,12.9300,490,0.02638776
1983-01-17,12.94,12.9400,492.5,0.02627411
1983-01-18,13.24,13.2400,503.8,0.02628027
1983-01-19,12.83,12.8300,489.6,0.02620507
1983-01-20,12.99,12.9900,492.5,0.02637563
1983-01-21,12.77,12.7700,485,0.02632990
1983-01-24,12.84,12.8400,482.5,0.02661140
1983-01-25,13.18,13.1800,490,0.02689796
1983-01-26,13.22,13.2200,499.1,0.02648768
1983-01-27,13.6,13.6000,504.1,0.02697877
1983-01-28,13.71,13.7100,502.8,0.02726730
1983-01-31,14.21,14.2100,518.2,0.02742184
1983-02-01,14.08,14.0800,511.5,0.02752688
1983-02-02,14.55,14.5500,515,0.02825243
1983-02-03,14.13,14.1300,504,0.02803571
1983-02-04,14.03,14.0300,501,0.02800399
1983-02-07,14,14.0000,501,0.02794411
1983-02-08,13.88,13.8800,499.2,0.02780449
1983-02-09,13.89,13.8900,498.3,0.02787477
1983-02-10,14.18,14.1800,509.5,0.02783121
1983-02-11,14.46,14.4600,510,0.02835294
1983-02-14,14.7,14.7000,514.2,0.02858810
1983-02-15,14.7,14.7000,511.5,0.02873900
1983-02-16,14.75,14.7500,511,0.02886497
1983-02-17,14.53,14.5300,508,0.02860236
1983-02-18,14.56,14.5600,510.5,0.02852106
1983-02-22,14.06,14.0600,485.5,0.02895984
1983-02-23,13.8,13.8000,471.5,0.02926829
1983-02-24,13.62,13.6200,473.7,0.02875237
1983-02-25,12.87,12.8700,448.7,0.02868286
1983-02-28,10.3,10.3000,423.7,0.02430965
1983-03-01,10.87,10.8700,415,0.02619277
1983-03-02,10.87,10.8700,436,0.02493119
1983-03-03,11.02,11.0200,433,0.02545035
1983-03-04,10.31,10.3100,420,0.02454762
1983-03-07,10.95,10.9500,429.5,0.02549476
1983-03-08,10.73,10.7300,424.5,0.02527680
1983-03-09,10.81,10.8100,426.3,0.02535773
1983-03-10,11.26,11.2600,433,0.02600462
1983-03-11,11.04,11.0400,429.3,0.02571628
1983-03-14,11.54,11.5400,438.5,0.02631699
1983-03-15,11.18,11.1800,427.8,0.02613371
1983-03-16,10.73,10.7300,419.5,0.02557807
1983-03-17,10.66,10.6600,420.8,0.02533270
1983-03-18,10.45,10.4500,416.5,0.02509004
1983-03-21,10.6,10.6000,421,0.02517815
1983-03-22,10.6,10.6000,419.5,0.02526818
1983-03-23,10.7,10.7000,418.5,0.02556750
1983-03-24,10.45,10.4500,410.5,0.02545676
1983-03-25,10.6,10.6000,414.5,0.02557298
1983-03-28,10.5,10.5000,412.3,0.02546689
1983-03-29,10.74,10.7400,422.2,0.02543818
1983-03-30,10.68,10.6800,419.5,0.02545888
1983-03-31,10.75,10.7500,422,0.02547393
1983-04-04,11.04,11.0400,433.5,0.02546713
1983-04-05,11.28,11.2800,434.8,0.02594296
1983-04-06,11.3,11.3000,435.5,0.02594719
1983-04-07,11.27,11.2700,431,0.02614849
1983-04-08,11.04,11.0400,427.2,0.02584270
1983-04-11,11.36,11.3600,436.8,0.02600733
1983-04-12,11.32,11.3200,437,0.02590389
1983-04-13,11.46,11.4600,437.4,0.02620027
1983-04-14,11.91,11.9100,443,0.02688488
1983-04-15,12.22,12.2200,442.2,0.02763455
1983-04-18,12.65,12.6500,449.8,0.02812361
1983-04-19,12.15,12.1500,437.5,0.02777143
1983-04-20,12.3,12.3000,443,0.02776524
1983-04-21,12,12.0000,439.7,0.02729134
1983-04-22,12.35,12.3500,443.3,0.02785924
1983-04-25,12.5,12.5000,440.8,0.02835753
1983-04-26,12.53,12.5300,442.3,0.02832919
1983-04-27,12.13,12.1300,435,0.02788506
1983-04-28,12.17,12.1700,434.2,0.02802856
1983-04-29,12.24,12.2400,433.5,0.02823529
1983-05-02,12.24,12.2400,432.3,0.02831367
1983-05-03,12.55,12.5500,436.4,0.02875802
1983-05-04,12.75,12.7500,437.7,0.02912954
1983-05-05,12.63,12.6300,434.8,0.02904784
1983-05-06,12.87,12.8700,439.5,0.02928328
1983-05-09,13.05,13.0500,443.8,0.02940514
1983-05-10,13.3,13.3000,445.3,0.02986751
1983-05-11,13.31,13.3100,445.7,0.02986314
1983-05-12,13.12,13.1200,440.4,0.02979110
1983-05-13,13.31,13.3100,442.8,0.03005872
1983-05-16,13.19,13.1900,440.2,0.02996365
1983-05-17,13.64,13.6400,444.3,0.03069998
1983-05-18,13.57,13.5700,441.2,0.03075703
1983-05-19,13.35,13.3500,439.3,0.03038926
1983-05-20,13.23,13.2300,438,0.03020548
1983-05-23,13.37,13.3700,439,0.03045558
1983-05-24,13.31,13.3100,437.5,0.03042286
1983-05-25,13.53,13.5300,440.1,0.03074301
1983-05-26,13.52,13.5200,444.4,0.03042304
1983-05-27,13.6,13.6000,442.8,0.03071364
1983-05-31,13.1,13.1000,418.5,0.03130227
1983-06-01,12.6,12.6000,411.5,0.03061968
1983-06-02,12.05,12.0500,417.8,0.02884155
1983-06-03,12.02,12.0200,418,0.02875598
1983-06-06,11.52,11.5200,407.5,0.02826994
1983-06-07,11.18,11.1800,409.9,0.02727495
1983-06-08,11.18,11.1800,408,0.02740196
1983-06-09,11.68,11.6800,418,0.02794258
1983-06-10,11.52,11.5200,412.4,0.02793404
1983-06-13,11.92,11.9200,418.5,0.02848268
1983-06-14,11.69,11.6900,416.2,0.02808746
1983-06-15,11.49,11.4900,413.9,0.02776033
1983-06-16,11.82,11.8200,419.7,0.02816297
1983-06-17,11.72,11.7200,417.8,0.02805170
1983-06-20,11.88,11.8800,420.3,0.02826552
1983-06-21,12.02,12.0200,422.8,0.02842952
1983-06-22,12.21,12.2100,424.2,0.02878359
1983-06-23,12.27,12.2700,425.3,0.02885022
1983-06-24,12.27,12.2700,426.8,0.02874883
1983-06-27,11.77,11.7700,419,0.02809069
1983-06-28,11.58,11.5800,417.5,0.02773653
1983-06-29,11.8,11.8000,419.3,0.02814214
1983-06-30,11.76,11.7600,418.5,0.02810036
1983-07-01,11.95,11.9500,421.2,0.02837132
1983-07-05,11.63,11.6300,416,0.02795673
1983-07-06,11.77,11.7700,415.5,0.02832732
1983-07-07,12.27,12.2700,432.8,0.02835028
1983-07-08,12.23,12.2300,430.3,0.02842203
1983-07-11,12.5,12.5000,432.7,0.02888838
1983-07-12,12.47,12.4700,430,0.02900000
1983-07-13,12.38,12.3800,426.5,0.02902696
1983-07-14,12.05,12.0500,422.3,0.02853422
1983-07-15,12.01,12.0100,421.7,0.02847996
1983-07-18,12.33,12.3300,426.3,0.02892329
1983-07-19,12.3,12.3000,424.8,0.02895480
1983-07-20,12.62,12.6200,430.2,0.02933519
1983-07-21,12.42,12.4200,423.8,0.02930628
1983-07-22,12.44,12.4400,425.7,0.02922246
1983-07-25,12.58,12.5800,428.3,0.02937194
1983-07-26,12.58,12.5800,426.7,0.02948207
1983-07-27,12.4,12.4000,425,0.02917647
1983-07-28,12.34,12.3400,440.2,0.02803271
1983-07-29,11.91,11.9100,427.4,0.02786617
1983-08-01,11.89,11.8900,426.5,0.02787808
1983-08-02,12.03,12.0300,428,0.02810748
1983-08-03,12.12,12.1200,429.2,0.02823858
1983-08-04,11.77,11.7700,424.4,0.02773327
1983-08-05,11.8,11.8000,426.8,0.02764761
1983-08-08,11.69,11.6900,425.3,0.02748648
1983-08-09,11.61,11.6100,423,0.02744681
1983-08-10,11.78,11.7800,424.9,0.02772417
1983-08-11,11.77,11.7700,423.6,0.02778565
1983-08-12,11.93,11.9300,426.2,0.02799155
1983-08-15,12.43,12.4300,432.8,0.02871996
1983-08-16,12.37,12.3700,432.2,0.02862101
1983-08-17,12.57,12.5700,434,0.02896313
1983-08-18,12.39,12.3900,432.7,0.02863416
1983-08-19,12.22,12.2200,430.3,0.02839879
1983-08-22,13.05,13.0500,437.6,0.02982176
1983-08-23,13.04,13.0400,436.8,0.02985348
1983-08-24,12.9,12.9000,433.4,0.02976465
1983-08-25,12.45,12.4500,428.7,0.02904129
1983-08-26,12.58,12.5800,430.8,0.02920149
1983-08-29,12.54,12.5400,428.5,0.02926488
1983-08-30,12.48,12.4800,428.5,0.02912485
1983-08-31,12.41,12.4100,424.8,0.02921375
1983-09-01,12.42,12.4200,425.8,0.02916862
1983-09-02,12.53,12.5300,427,0.02934426
1983-09-06,12.46,12.4600,422.3,0.02950509
1983-09-07,12.46,12.4600,423.9,0.02939372
1983-09-08,12.49,12.4900,424.3,0.02943672
1983-09-09,12.45,12.4500,422.9,0.02943958
1983-09-12,12.09,12.0900,414,0.02920290
1983-09-13,12.02,12.0200,415.7,0.02891508
1983-09-14,12.01,12.0100,416.5,0.02883553
1983-09-15,11.91,11.9100,413.2,0.02882381
1983-09-16,12.15,12.1500,418.7,0.02901839
1983-09-19,12.22,12.2200,421.5,0.02899170
1983-09-20,12.1,12.1000,419.2,0.02886450
1983-09-21,12.07,12.0700,419.1,0.02879981
1983-09-22,12.07,12.0700,419.5,0.02877235
1983-09-23,12.32,12.3200,423.6,0.02908404
1983-09-26,12.21,12.2100,421.9,0.02894051
1983-09-27,12.11,12.1100,420.2,0.02881961
1983-09-28,12.01,12.0100,417.6,0.02875958
1983-09-29,11.51,11.5100,411.5,0.02797084
1983-09-30,11.07,11.0700,407.8,0.02714566
1983-10-03,10.39,10.3900,396.4,0.02621090
1983-10-04,10.26,10.2600,398.8,0.02572718
1983-10-05,10.5,10.5000,402.3,0.02609993
1983-10-06,10.42,10.4200,400.5,0.02601748
1983-10-07,10.58,10.5800,405.3,0.02610412
1983-10-10,10.77,10.7700,408.4,0.02637120
1983-10-11,10.53,10.5300,403,0.02612903
1983-10-12,10.34,10.3400,401.8,0.02573420
1983-10-13,10.49,10.4900,403.7,0.02598464
1983-10-14,10.51,10.5100,403.7,0.02603418
1983-10-17,10.3,10.3000,401.6,0.02564741
1983-10-18,10.18,10.1800,400.3,0.02543093
1983-10-19,9.68,9.6800,394.8,0.02451874
1983-10-20,9.62,9.6200,397.5,0.02420126
1983-10-21,9.6,9.6000,396.8,0.02419355
1983-10-24,9.73,9.7300,401.8,0.02421603
1983-10-25,9.68,9.6800,400.8,0.02415170
1983-10-26,9.18,9.1800,389.3,0.02358079
1983-10-27,8.87,8.8700,389,0.02280206
1983-10-28,9.13,9.1300,389.8,0.02342227
1983-10-31,8.63,8.6300,378.8,0.02278247
1983-11-01,8.73,8.7300,380.8,0.02292542
1983-11-02,8.88,8.8800,385.5,0.02303502
1983-11-03,8.93,8.9300,385,0.02319481
1983-11-04,9,9.0000,382.3,0.02354172
1983-11-07,9.07,9.0700,383.4,0.02365676
1983-11-08,9.05,9.0500,383,0.02362924
1983-11-09,8.97,8.9700,383.5,0.02338983
1983-11-10,8.93,8.9300,383.4,0.02329160
1983-11-11,9.02,9.0200,385.7,0.02338605
1983-11-14,9.09,9.0900,384.1,0.02366571
1983-11-15,9.1,9.1000,384.2,0.02368558
1983-11-16,8.6,8.6000,376.3,0.02285411
1983-11-17,8.69,8.6900,378.2,0.02297726
1983-11-18,8.55,8.5500,376.3,0.02272123
1983-11-21,8.66,8.6600,376.7,0.02298912
1983-11-22,8.57,8.5700,376.2,0.02278044
1983-11-23,8.53,8.5300,375.7,0.02270429
1983-11-25,8.6,8.6000,377.2,0.02279958
1983-11-28,9.32,9.3200,401.7,0.02320139
1983-11-29,9.66,9.6600,403.8,0.02392273
1983-11-30,9.85,9.8500,409,0.02408313
1983-12-01,9.9,9.9000,406.9,0.02433030
1983-12-02,9.75,9.7500,404.1,0.02412769
1983-12-05,9.79,9.7900,404.5,0.02420272
1983-12-06,9.81,9.8100,404.4,0.02425816
1983-12-07,10.16,10.1600,408.8,0.02485323
1983-12-08,9.66,9.6600,394,0.02451777
1983-12-09,9.58,9.5800,393.4,0.02435180
1983-12-12,9.54,9.5400,395.5,0.02412137
1983-12-13,9.59,9.5900,395.3,0.02426006
1983-12-14,9.5,9.5000,393.4,0.02414845
1983-12-15,9,9.0000,385.1,0.02337055
1983-12-16,8.77,8.7700,377,0.02326260
1983-12-19,8.77,8.7700,377.3,0.02324410
1983-12-20,8.89,8.8900,383.4,0.02318727
1983-12-21,8.87,8.8700,381.7,0.02323815
1983-12-22,9.15,9.1500,385.7,0.02372310
1983-12-23,8.92,8.9200,383.6,0.02325339
1983-12-27,8.95,8.9500,382.9,0.02337425
1983-12-28,8.97,8.9700,381.6,0.02350629
1983-12-29,9.07,9.0700,385.5,0.02352789
1983-12-30,9.15,9.1500,388,0.02358247
1984-01-03,8.73,8.7300,381.7,0.02287136
1984-01-04,8.64,8.6400,379.7,0.02275481
1984-01-05,8.66,8.6600,377.7,0.02292825
1984-01-06,8.16,8.1600,370,0.02205405
1984-01-09,7.94,7.9400,367.7,0.02159369
1984-01-10,8.1,8.1000,370.2,0.02188006
1984-01-11,8.15,8.1500,372.9,0.02185573
1984-01-12,8.19,8.1900,371.8,0.02202797
1984-01-13,8.31,8.3100,372.5,0.02230872
1984-01-16,8.16,8.1600,371.3,0.02197684
1984-01-17,8.14,8.1400,370.8,0.02195254
1984-01-18,8.12,8.1200,370.2,0.02193409
1984-01-19,8.42,8.4200,375.3,0.02243539
1984-01-20,8.33,8.3300,372.4,0.02236842
1984-01-23,8.12,8.1200,366.3,0.02216762
1984-01-24,8.15,8.1500,366.8,0.02221919
1984-01-25,8.16,8.1600,367.5,0.02220408
1984-01-26,8.15,8.1500,366.3,0.02224952
1984-01-27,8.38,8.3800,375.4,0.02232286
1984-01-30,8.42,8.4200,375.8,0.02240553
1984-01-31,8.66,8.6600,379.2,0.02283755
1984-02-01,8.86,8.8600,384.9,0.02301897
1984-02-02,9.02,9.0200,391.8,0.02302195
1984-02-03,9,9.0000,391.5,0.02298851
1984-02-06,8.81,8.8100,387,0.02276486
1984-02-07,8.84,8.8400,386.2,0.02288969
1984-02-08,9.02,9.0200,387.3,0.02328944
1984-02-09,8.79,8.7900,383.6,0.02291449
1984-02-10,8.79,8.7900,382.5,0.02298039
1984-02-13,8.74,8.7400,381.8,0.02289157
1984-02-14,9.13,9.1300,387.8,0.02354306
1984-02-15,9.12,9.1200,385.7,0.02364532
1984-02-16,9.1,9.1000,387.4,0.02348993
1984-02-17,9.18,9.1800,388.7,0.02361719
1984-02-21,9.27,9.2700,392.4,0.02362385
1984-02-22,9.73,9.7300,403.5,0.02411400
1984-02-23,9.78,9.7800,402.8,0.02428004
1984-02-24,9.62,9.6200,399.5,0.02408010
1984-02-27,10.06,10.0600,405,0.02483951
1984-02-28,9.8,9.8000,398.3,0.02460457
1984-02-29,9.81,9.8100,398.9,0.02459263
1984-03-01,9.81,9.8100,397.8,0.02466063
1984-03-02,10.05,10.0500,403.7,0.02489472
1984-03-05,10.21,10.2100,407.3,0.02506752
1984-03-06,10.14,10.1400,407,0.02491400
1984-03-07,9.9,9.9000,401.2,0.02467597
1984-03-08,10.12,10.1200,405.3,0.02496916
1984-03-09,10.03,10.0300,402.8,0.02490070
1984-03-12,9.82,9.8200,398.3,0.02465478
1984-03-13,9.88,9.8800,400.4,0.02467532
1984-03-14,9.61,9.6100,395.8,0.02427994
1984-03-15,9.62,9.6200,394.7,0.02437294
1984-03-16,9.6,9.6000,395.3,0.02428535
1984-03-19,9.7,9.7000,395.5,0.02452592
1984-03-20,9.74,9.7400,395.3,0.02463951
1984-03-21,9.72,9.7200,394,0.02467005
1984-03-22,9.42,9.4200,387.8,0.02429087
1984-03-23,9.45,9.4500,386.8,0.02443123
1984-03-26,9.61,9.6100,388.5,0.02473616
1984-03-27,9.61,9.6100,387.3,0.02481281
1984-03-28,9.89,9.8900,397.2,0.02489930
1984-03-29,9.84,9.8400,396.7,0.02480464
1984-03-30,9.9,9.9000,394.3,0.02510779
1984-04-02,9.4,9.4000,385.7,0.02437127
1984-04-03,9.43,9.4300,387.5,0.02433548
1984-04-04,9.44,9.4400,388.2,0.02431736
1984-04-05,9.16,9.1600,385.4,0.02376751
1984-04-06,9.23,9.2300,387.1,0.02384397
1984-04-09,9.31,9.3100,388,0.02399485
1984-04-10,9.33,9.3300,387.9,0.02405259
1984-04-11,9.31,9.3100,388.7,0.02395163
1984-04-12,9.18,9.1800,384.7,0.02386275
1984-04-13,9.29,9.2900,387,0.02400517
1984-04-16,9.21,9.2100,384.5,0.02395319
1984-04-17,9.27,9.2700,385.6,0.02404046
1984-04-18,9.44,9.4400,392,0.02408163
1984-04-19,9.34,9.3400,388.8,0.02402263
1984-04-23,9.46,9.4600,390.6,0.02421915
1984-04-24,9.27,9.2700,386.1,0.02400932
1984-04-25,9.29,9.2900,385.9,0.02407359
1984-04-26,9.24,9.2400,381.2,0.02423924
1984-04-27,9.23,9.2300,381.5,0.02419397
1984-04-30,9.11,9.1100,379.6,0.02399895
1984-05-01,9.16,9.1600,380.3,0.02408625
1984-05-02,9.22,9.2200,381.3,0.02418044
1984-05-03,9.19,9.1900,381.3,0.02410176
1984-05-04,9,9.0000,378.5,0.02377807
1984-05-07,8.75,8.7500,374.5,0.02336449
1984-05-08,8.82,8.8200,375.9,0.02346369
1984-05-09,8.75,8.7500,373.3,0.02343959
1984-05-10,8.91,8.9100,375,0.02376000
1984-05-11,8.86,8.8600,373.3,0.02373426
1984-05-14,8.96,8.9600,375.5,0.02386152
1984-05-15,9.01,9.0100,376.4,0.02393730
1984-05-16,9.19,9.1900,378.1,0.02430574
1984-05-17,9.03,9.0300,376.4,0.02399044
1984-05-18,9.23,9.2300,379.6,0.02431507
1984-05-21,9.2,9.2000,380.2,0.02419779
1984-05-22,9.21,9.2100,380.4,0.02421136
1984-05-23,9.07,9.0700,377.2,0.02404560
1984-05-24,9.16,9.1600,379,0.02416887
1984-05-25,9.43,9.4300,390,0.02417949
1984-05-29,9.23,9.2300,392.3,0.02352791
1984-05-30,9.25,9.2500,391.6,0.02362104
1984-05-31,9.34,9.3400,393.6,0.02372967
1984-06-01,9.36,9.3600,397,0.02357683
1984-06-04,9.47,9.4700,402.2,0.02354550
1984-06-05,9.46,9.4600,401.1,0.02358514
1984-06-06,9.34,9.3400,398.9,0.02341439
1984-06-07,9.25,9.2500,396.4,0.02333502
1984-06-08,9.08,9.0800,389.5,0.02331194
1984-06-11,8.68,8.6800,378.9,0.02290842
1984-06-12,8.73,8.7300,379.5,0.02300395
1984-06-13,8.66,8.6600,379.2,0.02283755
1984-06-14,8.62,8.6200,379.9,0.02269018
1984-06-15,8.55,8.5500,375.3,0.02278177
1984-06-18,8.63,8.6300,375.7,0.02297046
1984-06-19,8.6,8.6000,375.8,0.02288451
1984-06-20,8.53,8.5300,376.6,0.02265003
1984-06-21,8.63,8.6300,377.6,0.02285487
1984-06-22,8.63,8.6300,376.6,0.02291556
1984-06-25,8.35,8.3500,372.5,0.02241611
1984-06-26,8.39,8.3900,374.5,0.02240320
1984-06-27,8.46,8.4600,373.7,0.02263848
1984-06-28,8.58,8.5800,376.9,0.02276466
1984-06-29,8.55,8.5500,376.1,0.02273332
1984-07-02,8.45,8.4500,373.6,0.02261777
1984-07-03,8.3,8.3000,372.4,0.02228786
1984-07-05,7.83,7.8300,362,0.02162983
1984-07-06,7.64,7.6400,347.2,0.02200461
1984-07-09,7.78,7.7800,349.8,0.02224128
1984-07-10,7.58,7.5800,345.3,0.02195193
1984-07-11,7.46,7.4600,343.3,0.02173027
1984-07-12,7.41,7.4100,339.5,0.02182622
1984-07-13,7.56,7.5600,345.8,0.02186235
1984-07-16,7.6,7.6000,349.8,0.02172670
1984-07-17,7.49,7.4900,347.3,0.02156637
1984-07-18,7.7,7.7000,350.3,0.02198116
1984-07-19,7.55,7.5500,348.3,0.02167672
1984-07-20,7.42,7.4200,340,0.02182353
1984-07-23,7.25,7.2500,337.8,0.02146240
1984-07-24,7.21,7.2100,337.8,0.02134399
1984-07-25,7.32,7.3200,343.7,0.02129764
1984-07-26,7.01,7.0100,333.8,0.02100060
1984-07-27,7.13,7.1300,342,0.02084795
1984-07-30,7.17,7.1700,355.1,0.02019150
1984-07-31,7.08,7.0800,350.3,0.02021125
1984-08-01,7.5,7.5000,358,0.02094972
1984-08-02,7.52,7.5200,357.1,0.02105853
1984-08-03,7.76,7.7600,363,0.02137741
1984-08-06,7.63,7.6300,361.5,0.02110650
1984-08-07,7.55,7.5500,356.3,0.02119001
1984-08-08,7.58,7.5800,356.7,0.02125035
1984-08-09,7.89,7.8900,361.3,0.02183781
1984-08-10,7.68,7.6800,354.8,0.02164600
1984-08-13,7.91,7.9100,362.7,0.02180866
1984-08-14,8.06,8.0600,366.8,0.02197383
1984-08-15,8.03,8.0300,365.7,0.02195789
1984-08-16,7.9,7.9000,362.2,0.02181115
1984-08-17,7.86,7.8600,362.3,0.02169473
1984-08-20,7.49,7.4900,354.8,0.02111048
1984-08-21,7.46,7.4600,357.1,0.02089051
1984-08-22,7.71,7.7100,365,0.02112329
1984-08-23,7.62,7.6200,360.4,0.02114317
1984-08-24,7.72,7.7200,362.3,0.02130831
1984-08-27,7.63,7.6300,358.9,0.02125940
1984-08-28,7.83,7.8300,358.7,0.02182883
1984-08-29,7.83,7.8300,360,0.02175000
1984-08-30,7.69,7.6900,358.2,0.02146845
1984-08-31,7.66,7.6600,358,0.02139665
1984-09-04,7.32,7.3200,347.3,0.02107688
1984-09-05,7.38,7.3800,348.8,0.02115826
1984-09-06,7.49,7.4900,352.7,0.02123618
1984-09-07,7.28,7.2800,344.3,0.02114435
1984-09-10,7.4,7.4000,347.2,0.02131336
1984-09-11,7.37,7.3700,347.7,0.02119643
1984-09-12,7.36,7.3600,346.8,0.02122261
1984-09-13,7.28,7.2800,346.2,0.02102831
1984-09-14,7.36,7.3600,348.1,0.02114335
1984-09-17,7.18,7.1800,343.5,0.02090247
1984-09-18,7.26,7.2600,348.3,0.02084410
1984-09-19,7.28,7.2800,348,0.02091954
1984-09-20,7.41,7.4100,349.3,0.02121386
1984-09-21,7.8,7.8000,354.3,0.02201524
1984-09-24,7.77,7.7700,352.3,0.02205507
1984-09-25,7.77,7.7700,352.4,0.02204881
1984-09-26,7.59,7.5900,348.7,0.02176656
1984-09-27,7.64,7.6400,350.3,0.02180988
1984-09-28,7.62,7.6200,351.3,0.02169086
1984-10-01,7.67,7.6700,350.9,0.02185808
1984-10-02,7.75,7.7500,353.4,0.02192982
1984-10-03,7.71,7.7100,351.9,0.02190963
1984-10-04,7.74,7.7400,352.8,0.02193878
1984-10-05,7.4,7.4000,347,0.02132565
1984-10-08,7.42,7.4200,347.8,0.02133410
1984-10-09,7.24,7.2400,342,0.02116959
1984-10-10,7.27,7.2700,343.6,0.02115832
1984-10-11,7.2,7.2000,341.3,0.02109581
1984-10-12,7.43,7.4300,346.3,0.02145539
1984-10-15,7.41,7.4100,345.2,0.02146582
1984-10-16,7.34,7.3400,343.2,0.02138695
1984-10-17,7.23,7.2300,340.7,0.02122102
1984-10-18,7.39,7.3900,344.3,0.02146384
1984-10-19,7.3,7.3000,342.4,0.02132009
1984-10-22,7.3,7.3000,342,0.02134503
1984-10-23,7.42,7.4200,343.4,0.02160745
1984-10-24,7.38,7.3800,342.9,0.02152231
1984-10-25,7.35,7.3500,340.4,0.02159224
1984-10-26,7.37,7.3700,340.3,0.02165736
1984-10-29,7.23,7.2300,338,0.02139053
1984-10-30,7.23,7.2300,336.5,0.02148588
1984-10-31,7.28,7.2800,336,0.02166667
1984-11-01,7.42,7.4200,338,0.02195266
1984-11-02,7.57,7.5700,345.4,0.02191662
1984-11-05,7.73,7.7300,349.8,0.02209834
1984-11-06,7.62,7.6200,347.2,0.02194700
1984-11-07,7.85,7.8500,352.5,0.02226950
1984-11-08,7.78,7.7800,349.7,0.02224764
1984-11-09,7.69,7.6900,347.5,0.02212950
1984-11-12,7.76,7.7600,349.2,0.02222222
1984-11-13,7.66,7.6600,347.7,0.02203049
1984-11-14,7.7,7.7000,347.8,0.02213916
1984-11-15,7.62,7.6200,345.8,0.02203586
1984-11-16,7.62,7.6200,345,0.02208696
1984-11-19,7.54,7.5400,343.3,0.02196330
1984-11-20,7.55,7.5500,343.8,0.02196044
1984-11-21,7.59,7.5900,342.9,0.02213473
1984-11-23,7.55,7.5500,345.5,0.02185239
1984-11-26,7.36,7.3600,331.5,0.02220211
1984-11-27,7.12,7.1200,327.4,0.02174710
1984-11-28,7.24,7.2400,335.6,0.02157330
1984-11-29,7.28,7.2800,335.4,0.02170543
1984-11-30,7.17,7.1700,333.5,0.02149925
1984-12-03,7.25,7.2500,336.1,0.02157096
1984-12-04,7.22,7.2200,334.1,0.02161030
1984-12-05,7.22,7.2200,334.3,0.02159737
1984-12-06,7.19,7.1900,334.7,0.02148192
1984-12-07,7.03,7.0300,330.8,0.02125151
1984-12-10,6.92,6.9200,329.4,0.02100789
1984-12-11,6.88,6.8800,329.3,0.02089280
1984-12-12,6.96,6.9600,329.5,0.02112291
1984-12-13,6.87,6.8700,327.8,0.02095790
1984-12-14,6.83,6.8300,325.4,0.02098955
1984-12-17,6.53,6.5300,316.9,0.02060587
1984-12-18,6.4,6.4000,311.5,0.02054575
1984-12-19,6.39,6.3900,311.1,0.02054002
1984-12-20,6.42,6.4200,309.6,0.02073643
1984-12-21,6.55,6.5500,313.2,0.02091315
1984-12-26,6.67,6.6700,314.2,0.02122852
1984-12-27,6.44,6.4400,309.2,0.02082794
1984-12-28,6.47,6.4700,310,0.02087097
1984-12-31,6.38,6.3800,309.7,0.02060058
1985-01-02,6.18,6.1800,304.2,0.02031558
1985-01-03,6.14,6.1400,303.2,0.02025066
1985-01-04,5.93,5.9300,299.7,0.01978645
1985-01-07,6.12,6.1200,303.7,0.02015147
1985-01-08,5.93,5.9300,298,0.01989933
1985-01-09,6.22,6.2200,305.5,0.02036007
1985-01-10,6.15,6.1500,304.3,0.02021032
1985-01-11,6.03,6.0300,300.3,0.02007992
1985-01-14,6.08,6.0800,303.9,0.02000658
1985-01-15,6.08,6.0800,302.3,0.02011247
1985-01-16,6.17,6.1700,304.5,0.02026273
1985-01-17,6.34,6.3400,308.5,0.02055105
1985-01-18,6.33,6.3300,307.2,0.02060547
1985-01-21,6.33,6.3300,308.4,0.02052529
1985-01-22,6.16,6.1600,303.9,0.02026983
1985-01-23,6.04,6.0400,301.7,0.02001989
1985-01-24,6.04,6.0400,299.7,0.02015349
1985-01-25,6.04,6.0400,300.4,0.02010652
1985-01-28,6.34,6.3400,306.3,0.02069866
1985-01-29,6.2,6.2000,305.3,0.02030789
1985-01-30,6.33,6.3300,307.9,0.02055862
1985-01-31,6.39,6.3900,307.4,0.02078725
1985-02-01,6.26,6.2600,306.5,0.02042414
1985-02-04,6.2,6.2000,305.4,0.02030124
1985-02-05,6.21,6.2100,305.5,0.02032733
1985-02-06,6.24,6.2400,305.3,0.02043891
1985-02-07,6.16,6.1600,302.7,0.02035018
1985-02-08,6.16,6.1600,303.4,0.02030323
1985-02-11,6.31,6.3100,307.5,0.02052033
1985-02-12,6.23,6.2300,304.7,0.02044634
1985-02-13,6.29,6.2900,305.7,0.02057573
1985-02-14,6.25,6.2500,305.9,0.02043151
1985-02-15,6.3,6.3000,306.9,0.02052786
1985-02-19,6.29,6.2900,306.4,0.02052872
1985-02-20,6.26,6.2600,306,0.02045752
1985-02-21,6.07,6.0700,301.1,0.02015942
1985-02-22,5.92,5.9200,296.5,0.01996627
1985-02-25,5.54,5.5400,284.1,0.01950018
1985-02-26,5.68,5.6800,290,0.01958621
1985-02-27,5.73,5.7300,289.8,0.01977226
1985-02-28,5.7,5.7000,288.7,0.01974368
1985-03-01,5.79,5.7900,291.6,0.01985597
1985-03-04,5.84,5.8400,291.9,0.02000685
1985-03-05,5.74,5.7400,287.9,0.01993748
1985-03-06,5.8,5.8000,292.9,0.01980198
1985-03-07,5.78,5.7800,291,0.01986254
1985-03-08,5.66,5.6600,288.5,0.01961872
1985-03-11,5.58,5.5800,290.1,0.01923475
1985-03-12,5.67,5.6700,292.3,0.01939788
1985-03-13,5.75,5.7500,291.9,0.01969853
1985-03-14,5.74,5.7400,291.8,0.01967101
1985-03-15,5.75,5.7500,295.2,0.01947832
1985-03-18,6.03,6.0300,303.8,0.01984858
1985-03-19,6.53,6.5300,328.8,0.01986010
1985-03-20,6.32,6.3200,324.3,0.01948813
1985-03-21,6.37,6.3700,317.5,0.02006299
1985-03-22,6.38,6.3800,316.8,0.02013889
1985-03-25,6.34,6.3400,320.9,0.01975693
1985-03-26,6.51,6.5100,324.4,0.02006782
1985-03-27,6.65,6.6500,332.4,0.02000602
1985-03-28,6.62,6.6200,331.4,0.01997586
1985-03-29,6.72,6.7200,334.1,0.02011374
1985-04-01,6.47,6.4700,322.7,0.02004958
1985-04-02,6.6,6.6000,326.2,0.02023299
1985-04-03,6.47,6.4700,320.7,0.02017462
1985-04-04,6.59,6.5900,324,0.02033951
1985-04-08,6.74,6.7400,329,0.02048632
1985-04-09,6.65,6.6500,327.9,0.02028057
1985-04-10,6.63,6.6300,330,0.02009091
1985-04-11,6.71,6.7100,336.4,0.01994649
1985-04-12,6.66,6.6600,331.6,0.02008444
1985-04-15,6.59,6.5900,333.2,0.01977791
1985-04-16,6.51,6.5100,330.8,0.01967956
1985-04-17,6.47,6.4700,327.9,0.01973163
1985-04-18,6.44,6.4400,330.8,0.01946796
1985-04-19,6.46,6.4600,331.3,0.01949894
1985-04-22,6.38,6.3800,330.1,0.01932748
1985-04-23,6.2,6.2000,325.6,0.01904177
1985-04-24,6.28,6.2800,325.3,0.01930526
1985-04-25,6.37,6.3700,326.2,0.01952790
1985-04-26,6.39,6.3900,325.2,0.01964945
1985-04-29,6.44,6.4400,327.2,0.01968215
1985-04-30,6.24,6.2400,316.5,0.01971564
1985-05-01,6.25,6.2500,315.3,0.01982239
1985-05-02,6.32,6.3200,316.3,0.01998103
1985-05-03,6.24,6.2400,313.3,0.01991701
1985-05-06,6.19,6.1900,310.5,0.01993559
1985-05-07,6.39,6.3900,316.5,0.02018957
1985-05-08,6.36,6.3600,314.2,0.02024188
1985-05-09,6.39,6.3900,314.3,0.02033089
1985-05-10,6.42,6.4200,317.5,0.02022047
1985-05-13,6.67,6.6700,326.3,0.02044131
1985-05-14,6.64,6.6400,325.8,0.02038060
1985-05-15,6.61,6.6100,323.9,0.02040753
1985-05-16,6.54,6.5400,321.5,0.02034215
1985-05-17,6.55,6.5500,321,0.02040498
1985-05-20,6.14,6.1400,314,0.01955414
1985-05-21,6.26,6.2600,317.9,0.01969173
1985-05-22,6.2,6.2000,316.1,0.01961405
1985-05-23,6.18,6.1800,316.1,0.01955078
1985-05-24,6.2,6.2000,314.8,0.01969504
1985-05-28,6.03,6.0300,310.3,0.01943281
1985-05-29,6.22,6.2200,315.5,0.01971474
1985-05-30,6.17,6.1700,316.6,0.01948831
1985-05-31,6.19,6.1900,319.5,0.01937402
1985-06-03,6.19,6.1900,320.3,0.01932563
1985-06-04,6.13,6.1300,319.1,0.01921028
1985-06-05,6.14,6.1400,318.4,0.01928392
1985-06-06,6.21,6.2100,318.9,0.01947319
1985-06-07,6.16,6.1600,317.7,0.01938936
1985-06-10,6.17,6.1700,317.2,0.01945145
1985-06-11,6.18,6.1800,316.9,0.01950142
1985-06-12,6.21,6.2100,316.7,0.01960846
1985-06-13,6.19,6.1900,317.4,0.01950221
1985-06-14,6.27,6.2700,322,0.01947205
1985-06-17,6.25,6.2500,321.8,0.01942200
1985-06-18,6.5,6.5000,330.5,0.01966717
1985-06-19,6.33,6.3300,324.8,0.01948892
1985-06-20,6.12,6.1200,316,0.01936709
1985-06-21,6.13,6.1300,316.6,0.01936197
1985-06-24,6.14,6.1400,317.9,0.01931425
1985-06-25,6.16,6.1600,318.3,0.01935281
1985-06-26,6.22,6.2200,317.8,0.01957206
1985-06-27,6.22,6.2200,319,0.01949843
1985-06-28,6.19,6.1900,317.7,0.01948379
1985-07-01,6,6.0000,310.8,0.01930502
1985-07-02,5.97,5.9700,311.4,0.01917148
1985-07-03,6,6.0000,311.4,0.01926782
1985-07-08,6.09,6.0900,316.6,0.01923563
1985-07-09,6.1,6.1000,314.5,0.01939587
1985-07-10,6.14,6.1400,316.2,0.01941809
1985-07-11,6.07,6.0700,315.1,0.01926373
1985-07-12,6.16,6.1600,319.2,0.01929825
1985-07-15,6.18,6.1800,318.4,0.01940955
1985-07-16,6.25,6.2500,321,0.01947040
1985-07-17,6.29,6.2900,324,0.01941358
1985-07-18,6.17,6.1700,318.8,0.01935383
1985-07-19,6.17,6.1700,318.8,0.01935383
1985-07-22,6.2,6.2000,322.3,0.01923674
1985-07-23,6.15,6.1500,318.3,0.01932139
1985-07-24,6.12,6.1200,319.3,0.01916693
1985-07-25,6.14,6.1400,319.6,0.01921151
1985-07-26,6.32,6.3200,322,0.01962733
1985-07-29,6.31,6.3100,324.2,0.01946329
1985-07-30,6.32,6.3200,332,0.01903614
1985-07-31,6.33,6.3300,335.2,0.01888425
1985-08-01,6.22,6.2200,328,0.01896341
1985-08-02,6.24,6.2400,329.7,0.01892630
1985-08-05,6.2,6.2000,330.6,0.01875378
1985-08-06,6.17,6.1700,328.6,0.01877663
1985-08-07,6.18,6.1800,330.2,0.01871593
1985-08-08,6.17,6.1700,329.6,0.01871966
1985-08-09,6.32,6.3200,336.3,0.01879274
1985-08-12,6.33,6.3300,334.7,0.01891246
1985-08-13,6.33,6.3300,334.3,0.01893509
1985-08-14,6.32,6.3200,334.2,0.01891083
1985-08-15,6.33,6.3300,340.4,0.01859577
1985-08-16,6.42,6.4200,345.6,0.01857639
1985-08-19,6.33,6.3300,345.8,0.01830538
1985-08-20,6.28,6.2800,343,0.01830904
1985-08-21,6.33,6.3300,346.2,0.01828423
1985-08-22,6.24,6.2400,345.2,0.01807648
1985-08-23,6.37,6.3700,342.7,0.01858769
1985-08-26,6.45,6.4500,342.9,0.01881015
1985-08-27,6.47,6.4700,344,0.01880814
1985-08-28,6.46,6.4600,347.3,0.01860063
1985-08-29,6.35,6.3500,341.6,0.01858899
1985-08-30,6.37,6.3700,339.8,0.01874632
1985-09-03,6.13,6.1300,331,0.01851964
1985-09-04,6.17,6.1700,331.1,0.01863485
1985-09-05,6.17,6.1700,326.3,0.01890898
1985-09-06,6.24,6.2400,326.6,0.01910594
1985-09-09,6.12,6.1200,325.2,0.01881919
1985-09-10,6.16,6.1600,327.6,0.01880342
1985-09-11,6.16,6.1600,326.7,0.01885522
1985-09-12,6.13,6.1300,326.3,0.01878639
1985-09-13,6.12,6.1200,324,0.01888889
1985-09-16,6.12,6.1200,324.5,0.01885978
1985-09-17,6.03,6.0300,321.5,0.01875583
1985-09-18,6.01,6.0100,319.8,0.01879300
1985-09-19,6.11,6.1100,324.6,0.01882317
1985-09-20,6.09,6.0900,323.8,0.01880791
1985-09-23,6.26,6.2600,333.7,0.01875936
1985-09-24,6.26,6.2600,334.8,0.01869773
1985-09-25,6.25,6.2500,334.3,0.01869578
1985-09-26,6.15,6.1500,332.2,0.01851294
1985-09-27,6.17,6.1700,332.9,0.01853409
1985-09-30,6.09,6.0900,327.1,0.01861816
1985-10-01,6.12,6.1200,327.1,0.01870987
1985-10-02,6.13,6.1300,328.3,0.01867195
1985-10-03,6.46,6.4600,333.9,0.01934711
1985-10-04,6.4,6.4000,332.2,0.01926550
1985-10-07,6.41,6.4100,330.5,0.01939486
1985-10-08,6.36,6.3600,328.6,0.01935484
1985-10-09,6.29,6.2900,329,0.01911854
1985-10-10,6.28,6.2800,329.1,0.01908235
1985-10-11,6.33,6.3300,330.7,0.01914122
1985-10-14,6.33,6.3300,329.8,0.01919345
1985-10-15,6.3,6.3000,329.1,0.01914312
1985-10-16,6.16,6.1600,326.8,0.01884945
1985-10-17,6.2,6.2000,328.4,0.01887942
1985-10-18,6.23,6.2300,329.7,0.01889597
1985-10-21,6.21,6.2100,329.4,0.01885246
1985-10-22,6.26,6.2600,330.1,0.01896395
1985-10-23,6.22,6.2200,329,0.01890578
1985-10-24,6.24,6.2400,328.2,0.01901280
1985-10-25,6.24,6.2400,329.4,0.01894353
1985-10-28,6.22,6.2200,328.9,0.01891152
1985-10-29,6.25,6.2500,329.3,0.01897965
1985-10-30,6.17,6.1700,327.8,0.01882245
1985-10-31,6.12,6.1200,326.7,0.01873278
1985-11-01,6.17,6.1700,328.1,0.01880524
1985-11-04,6.12,6.1200,327.1,0.01870987
1985-11-05,6.12,6.1200,326.2,0.01876150
1985-11-06,6.12,6.1200,325.5,0.01880184
1985-11-07,6.05,6.0500,323.1,0.01872485
1985-11-08,6.13,6.1300,325.6,0.01882678
1985-11-11,6.11,6.1100,324.5,0.01882897
1985-11-12,6.17,6.1700,325.8,0.01893800
1985-11-13,6.2,6.2000,326.2,0.01900674
1985-11-14,6.14,6.1400,325.8,0.01884592
1985-11-15,6.1,6.1000,324.7,0.01878657
1985-11-18,6.11,6.1100,324.7,0.01881737
1985-11-19,6.11,6.1100,324.7,0.01881737
1985-11-20,6.18,6.1800,326.8,0.01891065
1985-11-21,6.19,6.1900,327.4,0.01890654
1985-11-22,6.22,6.2200,327.4,0.01899817
1985-11-25,6.42,6.4200,332.7,0.01929666
1985-11-26,6.38,6.3800,335.6,0.01901073
1985-11-27,6.22,6.2200,330.2,0.01883707
1985-11-29,6.21,6.2100,327.3,0.01897342
1985-12-02,6.23,6.2300,326.5,0.01908116
1985-12-03,6.18,6.1800,326.7,0.01891644
1985-12-04,6.17,6.1700,325.7,0.01894381
1985-12-05,6.18,6.1800,326.9,0.01890486
1985-12-06,6.15,6.1500,326.2,0.01885346
1985-12-09,5.93,5.9300,319.8,0.01854284
1985-12-10,5.91,5.9100,321.2,0.01839975
1985-12-11,5.87,5.8700,320.1,0.01833802
1985-12-12,5.95,5.9500,320.4,0.01857054
1985-12-13,5.98,5.9800,322.2,0.01855990
1985-12-16,6.01,6.0100,324.9,0.01849800
1985-12-17,5.88,5.8800,323.9,0.01815375
1985-12-18,5.95,5.9500,327.3,0.01817904
1985-12-19,5.94,5.9400,327.2,0.01815403
1985-12-20,5.95,5.9500,328.7,0.01810161
1985-12-23,5.85,5.8500,328.3,0.01781907
1985-12-24,5.88,5.8800,328.2,0.01791590
1985-12-26,5.86,5.8600,327.7,0.01788221
1985-12-27,5.95,5.9500,329,0.01808511
1985-12-30,5.93,5.9300,330.6,0.01793708
1985-12-31,5.91,5.9100,331.1,0.01784959
1986-01-02,6.18,6.1800,328.9,0.01878991
1986-01-03,6.25,6.2500,330,0.01893939
1986-01-06,6.27,6.2700,330.7,0.01895978
1986-01-07,6.33,6.3300,332.8,0.01902043
1986-01-08,6.34,6.3400,336.1,0.01886343
1986-01-09,6.58,6.5800,339.9,0.01935863
1986-01-10,6.53,6.5300,343.3,0.01902126
1986-01-13,6.46,6.4600,341.5,0.01891654
1986-01-14,6.46,6.4600,341,0.01894428
1986-01-15,6.6,6.6000,350.7,0.01881950
1986-01-16,6.6,6.6000,357.6,0.01845638
1986-01-17,6.59,6.5900,358,0.01840782
1986-01-20,6.61,6.6100,355.1,0.01861447
1986-01-21,6.62,6.6200,352.8,0.01876417
1986-01-22,6.57,6.5700,351.5,0.01869132
1986-01-23,6.59,6.5900,351.9,0.01872691
1986-01-24,6.72,6.7200,358.4,0.01875000
1986-01-27,6.6,6.6000,354.3,0.01862828
1986-01-28,6.58,6.5800,357.1,0.01842621
1986-01-29,6.61,6.6100,360.2,0.01835092
1986-01-30,6.51,6.5100,359.4,0.01811352
1986-01-31,6.44,6.4400,352.9,0.01824880
1986-02-03,6.31,6.3100,347.4,0.01816350
1986-02-04,6.23,6.2300,337.4,0.01846473
1986-02-05,6.29,6.2900,339.3,0.01853817
1986-02-06,6.24,6.2400,340.4,0.01833137
1986-02-07,6.31,6.3100,342.5,0.01842336
1986-02-10,6.29,6.2900,340.8,0.01845657
1986-02-11,6.33,6.3300,341.6,0.01853044
1986-02-12,6.3,6.3000,340.8,0.01848592
1986-02-13,6.25,6.2500,335.3,0.01864002
1986-02-14,6.29,6.2900,336.2,0.01870910
1986-02-18,6.25,6.2500,339.7,0.01839859
1986-02-19,6.27,6.2700,339,0.01849558
1986-02-20,6.05,6.0500,341.4,0.01772115
1986-02-21,6.27,6.2700,343.3,0.01826391
1986-02-24,6.14,6.1400,351,0.01749288
1986-02-25,6.05,6.0500,350,0.01728571
1986-02-26,5.78,5.7800,338.5,0.01707533
1986-02-27,5.77,5.7700,339.2,0.01701061
1986-02-28,5.78,5.7800,341,0.01695015
1986-03-03,5.74,5.7400,340.5,0.01685756
1986-03-04,5.78,5.7800,346,0.01670520
1986-03-05,5.73,5.7300,344.5,0.01663280
1986-03-06,5.74,5.7400,344.3,0.01667151
1986-03-07,5.74,5.7400,345.7,0.01660399
1986-03-10,5.73,5.7300,343.3,0.01669094
1986-03-11,5.8,5.8000,344.9,0.01681647
1986-03-12,5.95,5.9500,353,0.01685552
1986-03-13,5.82,5.8200,349.2,0.01666667
1986-03-14,5.8,5.8000,348.9,0.01662367
1986-03-17,5.9,5.9000,350.8,0.01681870
1986-03-18,5.83,5.8300,350.3,0.01664288
1986-03-19,5.84,5.8400,350.8,0.01664766
1986-03-20,5.89,5.8900,352.7,0.01669974
1986-03-21,5.87,5.8700,357.4,0.01642417
1986-03-24,5.8,5.8000,351.3,0.01651011
1986-03-25,5.67,5.6700,344,0.01648256
1986-03-26,5.71,5.7100,348.5,0.01638451
1986-03-27,5.63,5.6300,347.2,0.01621544
1986-03-31,5.23,5.2300,334.8,0.01562127
1986-04-01,5.13,5.1300,337,0.01522255
1986-04-02,5.24,5.2400,339.5,0.01543446
1986-04-03,5.22,5.2200,338.4,0.01542553
1986-04-04,5.29,5.2900,338.4,0.01563239
1986-04-07,5.43,5.4300,342.5,0.01585401
1986-04-08,5.46,5.4600,342.9,0.01592301
1986-04-09,5.45,5.4500,342.2,0.01592636
1986-04-10,5.47,5.4700,341.7,0.01600819
1986-04-11,5.62,5.6200,347.5,0.01617266
1986-04-14,5.48,5.4800,344.2,0.01592098
1986-04-15,5.48,5.4800,343.4,0.01595807
1986-04-16,5.51,5.5100,341.9,0.01611582
1986-04-17,5.35,5.3500,341.5,0.01566618
1986-04-18,5.19,5.1900,346.7,0.01496971
1986-04-21,5.1,5.1000,345.7,0.01475268
1986-04-22,5.22,5.2200,349,0.01495702
1986-04-23,5.23,5.2300,348.1,0.01502442
1986-04-24,5.17,5.1700,347.1,0.01489484
1986-04-25,5.15,5.1500,346.2,0.01487579
1986-04-28,5.09,5.0900,345.8,0.01471949
1986-04-29,5.12,5.1200,346.9,0.01475930
1986-04-30,5.19,5.1900,348.1,0.01490951
1986-05-01,5.16,5.1600,342.8,0.01505251
1986-05-02,5.28,5.2800,344.7,0.01531767
1986-05-05,5.22,5.2200,344.2,0.01516560
1986-05-06,5.25,5.2500,344,0.01526163
1986-05-07,5.24,5.2400,345.8,0.01515327
1986-05-08,5.27,5.2700,345.5,0.01525326
1986-05-09,5.26,5.2600,345.5,0.01522431
1986-05-12,5.21,5.2100,345.5,0.01507959
1986-05-13,5.13,5.1300,345.1,0.01486526
1986-05-14,5.08,5.0800,343.1,0.01480618
1986-05-15,5.11,5.1100,343.4,0.01488061
1986-05-16,5.11,5.1100,343.8,0.01486329
1986-05-19,4.89,4.8900,340.7,0.01435280
1986-05-20,4.99,4.9900,339.8,0.01468511
1986-05-21,4.97,4.9700,339.8,0.01462625
1986-05-22,5.08,5.0800,342.6,0.01482779
1986-05-23,5.18,5.1800,342.4,0.01512850
1986-05-27,5.17,5.1700,341.8,0.01512580
1986-05-28,5.12,5.1200,342.5,0.01494891
1986-05-29,5.24,5.2400,347,0.01510086
1986-05-30,5.27,5.2700,347.1,0.01518294
1986-06-02,5.17,5.1700,345.1,0.01498116
1986-06-03,5.17,5.1700,345.3,0.01497249
1986-06-04,5.18,5.1800,344.8,0.01502320
1986-06-05,5.18,5.1800,344.6,0.01503192
1986-06-06,5.19,5.1900,344.8,0.01505220
1986-06-09,5.4,5.4000,354.2,0.01524562
1986-06-10,5.37,5.3700,351.2,0.01529043
1986-06-11,5.39,5.3900,351.7,0.01532556
1986-06-12,5.32,5.3200,349.8,0.01520869
1986-06-13,5.28,5.2800,348.8,0.01513761
1986-06-16,5.07,5.0700,337.5,0.01502222
1986-06-17,5.08,5.0800,339.3,0.01497200
1986-06-18,5.08,5.0800,340.5,0.01491924
1986-06-19,5.08,5.0800,340.9,0.01490173
1986-06-20,5.11,5.1100,342.7,0.01491100
1986-06-23,5.07,5.0700,343.3,0.01476842
1986-06-24,5.09,5.0900,345.2,0.01474508
1986-06-25,5.11,5.1100,347.1,0.01472198
1986-06-26,5.11,5.1100,346.6,0.01474322
1986-06-27,5.03,5.0300,346.9,0.01449986
1986-06-30,5.17,5.1700,347.7,0.01486914
1986-07-01,5.16,5.1600,345.8,0.01492192
1986-07-02,5.12,5.1200,344.9,0.01484488
1986-07-07,5.12,5.1200,345.9,0.01480197
1986-07-08,5.18,5.1800,351.2,0.01474943
1986-07-09,5.14,5.1400,349.6,0.01470252
1986-07-10,5.12,5.1200,348.6,0.01468732
1986-07-11,5.11,5.1100,347.8,0.01469235
1986-07-14,5.07,5.0700,346.4,0.01463626
1986-07-15,5.11,5.1100,349.1,0.01463764
1986-07-16,5.08,5.0800,348.7,0.01456840
1986-07-17,5.09,5.0900,348.7,0.01459707
1986-07-18,5.11,5.1100,356.5,0.01433380
1986-07-21,5.08,5.0800,355.6,0.01428571
1986-07-22,5.04,5.0400,353.7,0.01424936
1986-07-23,5.08,5.0800,349,0.01455587
1986-07-24,5.04,5.0400,349.3,0.01442886
1986-07-25,5.03,5.0300,348.2,0.01444572
1986-07-28,5.07,5.0700,355.1,0.01427767
1986-07-29,5.04,5.0400,358.6,0.01405466
1986-07-30,5.02,5.0200,358.6,0.01399888
1986-07-31,5.13,5.1300,369.7,0.01387612
1986-08-01,5.24,5.2400,367.5,0.01425850
1986-08-04,5.21,5.2100,367,0.01419619
1986-08-05,5.22,5.2200,366.1,0.01425840
1986-08-06,5.2,5.2000,367.5,0.01414966
1986-08-07,5.22,5.2200,369.3,0.01413485
1986-08-08,5.33,5.3300,382.5,0.01393464
1986-08-11,5.59,5.5900,398.5,0.01402760
1986-08-12,5.42,5.4200,392.4,0.01381244
1986-08-13,5.3,5.3000,391.7,0.01353076
1986-08-14,5.43,5.4300,393.7,0.01379223
1986-08-15,5.37,5.3700,390.2,0.01376217
1986-08-18,5.12,5.1200,382.8,0.01337513
1986-08-19,5.21,5.2100,381,0.01367454
1986-08-20,5.26,5.2600,385.1,0.01365879
1986-08-21,5.29,5.2900,390.6,0.01354327
1986-08-22,5.17,5.1700,379.5,0.01362319
1986-08-25,5.21,5.2100,386.5,0.01347995
1986-08-26,5.2,5.2000,385.6,0.01348548
1986-08-27,5.22,5.2200,386.3,0.01351281
1986-08-28,5.22,5.2200,392,0.01331633
1986-08-29,5.23,5.2300,393.3,0.01329774
1986-09-02,5.5,5.5000,411.5,0.01336574
1986-09-03,5.41,5.4100,410.3,0.01318547
1986-09-04,5.43,5.4300,415.5,0.01306859
1986-09-05,5.67,5.6700,428.3,0.01323838
1986-09-08,5.75,5.7500,416.4,0.01380884
1986-09-09,5.77,5.7700,414.4,0.01392375
1986-09-10,5.67,5.6700,409.8,0.01383602
1986-09-11,5.78,5.7800,413,0.01399516
1986-09-12,5.89,5.8900,421.5,0.01397390
1986-09-15,5.95,5.9500,422.3,0.01408951
1986-09-16,5.86,5.8600,420.2,0.01394574
1986-09-17,5.83,5.8300,418.8,0.01392073
1986-09-18,5.82,5.8200,422.6,0.01377189
1986-09-19,6.07,6.0700,441,0.01376417
1986-09-22,6.05,6.0500,445.2,0.01358940
1986-09-23,6,6.0000,436,0.01376147
1986-09-24,5.98,5.9800,436,0.01371560
1986-09-25,5.83,5.8300,438.8,0.01328624
1986-09-26,5.64,5.6400,431.5,0.01307068
1986-09-29,5.55,5.5500,427.1,0.01299461
1986-09-30,5.62,5.6200,429.8,0.01307585
1986-10-01,5.63,5.6300,429.2,0.01311743
1986-10-02,5.85,5.8500,441.1,0.01326230
1986-10-03,5.7,5.7000,437.5,0.01302857
1986-10-06,5.82,5.8200,442.8,0.01314363
1986-10-07,5.75,5.7500,444.8,0.01292716
1986-10-08,5.79,5.7900,442.4,0.01308770
1986-10-09,5.7,5.7000,433,0.01316397
1986-10-10,5.7,5.7000,434.5,0.01311853
1986-10-13,5.72,5.7200,437.2,0.01308326
1986-10-14,5.64,5.6400,430.5,0.01310105
1986-10-15,5.62,5.6200,428.7,0.01310940
1986-10-16,5.58,5.5800,427.4,0.01305569
1986-10-17,5.62,5.6200,422.2,0.01331123
1986-10-20,5.84,5.8400,428.9,0.01361623
1986-10-21,5.81,5.8100,427.9,0.01357794
1986-10-22,5.87,5.8700,428.7,0.01369256
1986-10-23,5.68,5.6800,417.5,0.01360479
1986-10-24,5.66,5.6600,409.7,0.01381499
1986-10-27,5.67,5.6700,410.3,0.01381916
1986-10-28,5.67,5.6700,413.9,0.01369896
1986-10-29,5.63,5.6300,407.3,0.01382274
1986-10-30,5.72,5.7200,409.9,0.01395462
1986-10-31,5.68,5.6800,405.5,0.01400740
1986-11-03,5.74,5.7400,406.8,0.01411013
1986-11-04,5.75,5.7500,411.1,0.01398686
1986-11-05,5.66,5.6600,408.5,0.01385557
1986-11-06,5.77,5.7700,412.4,0.01399127
1986-11-07,5.79,5.7900,410.6,0.01410132
1986-11-10,5.76,5.7600,407.5,0.01413497
1986-11-11,5.78,5.7800,409.3,0.01412167
1986-11-12,5.82,5.8200,409.4,0.01421593
1986-11-13,5.83,5.8300,409.5,0.01423687
1986-11-14,5.71,5.7100,398.8,0.01431795
1986-11-17,5.51,5.5100,389.3,0.01415361
1986-11-18,5.57,5.5700,394.5,0.01411914
1986-11-19,5.47,5.4700,388.5,0.01407979
1986-11-20,5.43,5.4300,391.7,0.01386265
1986-11-21,5.21,5.2100,379.3,0.01373583
1986-11-24,5.35,5.3500,382.4,0.01399059
1986-11-25,5.39,5.3900,385.6,0.01397822
1986-11-26,5.36,5.3600,387.1,0.01384655
1986-11-28,5.47,5.4700,394.8,0.01385512
1986-12-01,5.54,5.5400,397.5,0.01393711
1986-12-02,5.43,5.4300,392.9,0.01382031
1986-12-03,5.47,5.4700,395.8,0.01382011
1986-12-04,5.44,5.4400,391.7,0.01388818
1986-12-05,5.46,5.4600,392.9,0.01389667
1986-12-08,5.46,5.4600,393.7,0.01386843
1986-12-09,5.4,5.4000,390.4,0.01383197
1986-12-10,5.45,5.4500,393.1,0.01386416
1986-12-11,5.46,5.4600,393.7,0.01386843
1986-12-12,5.47,5.4700,395.8,0.01382011
1986-12-15,5.56,5.5600,398.4,0.01395582
1986-12-16,5.43,5.4300,396.3,0.01370174
1986-12-17,5.43,5.4300,395.3,0.01373640
1986-12-18,5.46,5.4600,397.8,0.01372549
1986-12-19,5.45,5.4500,395.8,0.01376958
1986-12-22,5.44,5.4400,396.3,0.01372697
1986-12-23,5.36,5.3600,391.5,0.01369093
1986-12-24,5.37,5.3700,393,0.01366412
1986-12-29,5.36,5.3600,391.9,0.01367696
1986-12-30,5.34,5.3400,392.4,0.01360856
1986-12-31,5.46,5.4600,406.9,0.01341853
1987-01-02,5.49,5.4900,404,0.01358911
1987-01-05,5.49,5.4900,405,0.01355556
1987-01-06,5.43,5.4300,402.2,0.01350075
1987-01-07,5.46,5.4600,404.3,0.01350482
1987-01-08,5.46,5.4600,403.9,0.01351820
1987-01-09,5.54,5.5400,407.5,0.01359509
1987-01-12,5.6,5.6000,410.2,0.01365188
1987-01-13,5.58,5.5800,412.3,0.01353383
1987-01-14,5.64,5.6400,419.2,0.01345420
1987-01-15,5.65,5.6500,417,0.01354916
1987-01-16,5.65,5.6500,417.3,0.01353942
1987-01-19,5.71,5.7100,423.3,0.01348925
1987-01-20,5.51,5.5100,408.2,0.01349829
1987-01-21,5.56,5.5600,408.8,0.01360078
1987-01-22,5.61,5.6100,408.9,0.01371974
1987-01-23,5.59,5.5900,405.3,0.01379225
1987-01-26,5.69,5.6900,411.3,0.01383418
1987-01-27,5.71,5.7100,419.8,0.01360172
1987-01-28,5.63,5.6300,414.7,0.01357608
1987-01-29,5.66,5.6600,416.6,0.01358617
1987-01-30,5.53,5.5300,408.9,0.01352409
1987-02-02,5.51,5.5100,404.8,0.01361166
1987-02-03,5.54,5.5400,407.2,0.01360511
1987-02-04,5.53,5.5300,406.2,0.01361398
1987-02-05,5.58,5.5800,412,0.01354369
1987-02-06,5.56,5.5600,407.4,0.01364752
1987-02-09,5.58,5.5800,407.2,0.01370334
1987-02-10,5.58,5.5800,406.2,0.01373708
1987-02-11,5.54,5.5400,405.5,0.01366215
1987-02-12,5.46,5.4600,398.3,0.01370826
1987-02-13,5.46,5.4600,400.7,0.01362615
1987-02-17,5.41,5.4100,394.9,0.01369967
1987-02-18,5.41,5.4100,395.3,0.01368581
1987-02-19,5.47,5.4700,402.7,0.01358331
1987-02-20,5.54,5.5400,408.7,0.01355517
1987-02-23,5.54,5.5400,404.6,0.01369254
1987-02-24,5.53,5.5300,404.6,0.01366782
1987-02-25,5.53,5.5300,405.2,0.01364758
1987-02-26,5.52,5.5200,408.5,0.01351285
1987-02-27,5.49,5.4900,407.4,0.01347570
1987-03-02,5.54,5.5400,405.6,0.01365878
1987-03-03,5.53,5.5300,409.1,0.01351748
1987-03-04,5.55,5.5500,412.2,0.01346434
1987-03-05,5.63,5.6300,408.8,0.01377202
1987-03-06,5.63,5.6300,407.8,0.01380579
1987-03-09,5.61,5.6100,406.5,0.01380074
1987-03-10,5.61,5.6100,408.3,0.01373990
1987-03-11,5.6,5.6000,408.3,0.01371541
1987-03-12,5.69,5.6900,409.9,0.01388143
1987-03-13,5.63,5.6300,405,0.01390123
1987-03-16,5.62,5.6200,406.6,0.01382194
1987-03-17,5.61,5.6100,406.8,0.01379056
1987-03-18,5.62,5.6200,406,0.01384236
1987-03-19,5.62,5.6200,406.1,0.01383896
1987-03-20,5.58,5.5800,406.3,0.01373369
1987-03-23,5.78,5.7800,410.8,0.01407011
1987-03-24,5.95,5.9500,414.1,0.01436851
1987-03-25,5.93,5.9300,413.3,0.01434793
1987-03-26,5.96,5.9600,416.3,0.01431660
1987-03-27,6.24,6.2400,427.5,0.01459649
1987-03-30,6.33,6.3300,425.9,0.01486264
1987-03-31,6.22,6.2200,422.7,0.01471493
1987-04-01,6.3,6.3000,422.5,0.01491124
1987-04-02,6.36,6.3600,422.2,0.01506395
1987-04-03,6.45,6.4500,423.9,0.01521585
1987-04-06,6.58,6.5800,422.6,0.01557028
1987-04-07,6.76,6.7600,426.2,0.01586110
1987-04-08,6.63,6.6300,424.1,0.01563311
1987-04-09,6.86,6.8600,436.5,0.01571592
1987-04-10,6.8,6.8000,436.7,0.01557133
1987-04-13,6.87,6.8700,440.8,0.01558530
1987-04-14,7.28,7.2800,454.6,0.01601408
1987-04-15,7.25,7.2500,446.5,0.01623740
1987-04-16,7.3,7.3000,447.3,0.01632014
1987-04-20,7.78,7.7800,456.8,0.01703152
1987-04-21,7.87,7.8700,451,0.01745011
1987-04-22,8.04,8.0400,452.5,0.01776796
1987-04-23,8.64,8.6400,463.4,0.01864480
1987-04-24,9.14,9.1400,465.5,0.01963480
1987-04-27,8.39,8.3900,446,0.01881166
1987-04-28,7.75,7.7500,454.7,0.01704420
1987-04-29,8.01,8.0100,453.5,0.01766262
1987-04-30,8.08,8.0800,456.5,0.01769989
1987-05-01,8.26,8.2600,459.5,0.01797606
1987-05-04,8.76,8.7600,465.2,0.01883061
1987-05-05,8.4,8.4000,460.8,0.01822917
1987-05-06,8.39,8.3900,460.8,0.01820747
1987-05-07,8.36,8.3600,459.6,0.01818973
1987-05-08,8.38,8.3800,456.7,0.01834903
1987-05-11,8.64,8.6400,457.7,0.01887699
1987-05-12,8.81,8.8100,461.5,0.01908992
1987-05-13,8.73,8.7300,460,0.01897826
1987-05-14,8.87,8.8700,465.6,0.01905069
1987-05-15,9.5,9.5000,476.2,0.01994960
1987-05-18,9.13,9.1300,472.8,0.01931049
1987-05-19,9.42,9.4200,478.3,0.01969475
1987-05-20,9.21,9.2100,473.3,0.01945912
1987-05-21,8.86,8.8600,470.3,0.01883904
1987-05-22,8.28,8.2800,464.6,0.01782178
1987-05-26,7.58,7.5800,451.8,0.01677734
1987-05-27,7.38,7.3800,448.5,0.01645485
1987-05-28,7.67,7.6700,459.5,0.01669206
1987-05-29,7.67,7.6700,456,0.01682018
1987-06-01,7.46,7.4600,451.6,0.01651904
1987-06-02,7.84,7.8400,461.8,0.01697705
1987-06-03,7.62,7.6200,455.5,0.01672887
1987-06-04,7.85,7.8500,458.2,0.01713226
1987-06-05,7.83,7.8300,458.8,0.01706626
1987-06-08,7.63,7.6300,454.3,0.01679507
1987-06-09,7.91,7.9100,462.8,0.01709162
1987-06-10,7.88,7.8800,461.3,0.01708216
1987-06-11,8,8.0000,468.3,0.01708307
1987-06-12,7.74,7.7400,458.9,0.01686642
1987-06-15,7.68,7.6800,456.7,0.01681629
1987-06-16,7.52,7.5200,451.9,0.01664085
1987-06-17,7.45,7.4500,451.8,0.01648960
1987-06-18,7.48,7.4800,454.6,0.01645403
1987-06-19,7.17,7.1700,448.7,0.01597950
1987-06-22,6.72,6.7200,440.8,0.01524501
1987-06-23,6.89,6.8900,443.8,0.01552501
1987-06-24,6.94,6.9400,446.4,0.01554659
1987-06-25,6.86,6.8600,443.8,0.01545741
1987-06-26,6.96,6.9600,450.1,0.01546323
1987-06-29,7.2,7.2000,449.4,0.01602136
1987-06-30,7.41,7.4100,452.2,0.01638655
1987-07-01,7.53,7.5300,449.4,0.01675567
1987-07-02,7.5,7.5000,448.8,0.01671123
1987-07-06,7.66,7.6600,450.3,0.01701088
1987-07-07,7.56,7.5600,446.1,0.01694687
1987-07-08,7.72,7.7200,446.8,0.01727842
1987-07-09,7.76,7.7600,446.8,0.01736795
1987-07-10,7.67,7.6700,446,0.01719731
1987-07-13,7.69,7.6900,448.6,0.01714222
1987-07-14,7.68,7.6800,449.5,0.01708565
1987-07-15,7.87,7.8700,455.3,0.01728531
1987-07-16,7.82,7.8200,455.4,0.01717172
1987-07-17,7.51,7.5100,449.3,0.01671489
1987-07-20,7.71,7.7100,452.3,0.01704621
1987-07-21,7.76,7.7600,453.7,0.01710381
1987-07-22,7.83,7.8300,455.7,0.01718236
1987-07-23,7.76,7.7600,455.7,0.01702875
1987-07-24,7.78,7.7800,454.5,0.01711771
1987-07-27,7.78,7.7800,454.2,0.01712902
1987-07-28,8.01,8.0100,457,0.01752735
1987-07-29,8.06,8.0600,468.8,0.01719283
1987-07-30,8.37,8.3700,473.3,0.01768434
1987-07-31,8.35,8.3500,475.1,0.01757525
1987-08-03,8.82,8.8200,488.3,0.01806267
1987-08-04,8.88,8.8800,488.9,0.01816322
1987-08-05,8.38,8.3800,477.6,0.01754606
1987-08-06,8.3,8.3000,478.6,0.01734225
1987-08-07,7.62,7.6200,464.8,0.01639415
1987-08-10,7.76,7.7600,470.6,0.01648959
1987-08-11,7.86,7.8600,474.2,0.01657528
1987-08-12,7.89,7.8900,473,0.01668076
1987-08-13,7.67,7.6700,467.8,0.01639590
1987-08-14,7.42,7.4200,461.2,0.01608846
1987-08-17,7.58,7.5800,463.1,0.01636796
1987-08-18,7.72,7.7200,467.7,0.01650631
1987-08-19,7.83,7.8300,467.3,0.01675583
1987-08-20,7.5,7.5000,462.2,0.01622674
1987-08-21,7.82,7.8200,465.7,0.01679193
1987-08-24,7.95,7.9500,469.3,0.01694012
1987-08-25,7.84,7.8400,465.8,0.01683126
1987-08-26,7.87,7.8700,465.8,0.01689566
1987-08-27,7.69,7.6900,463.7,0.01658400
1987-08-28,7.5,7.5000,461.3,0.01625840
1987-08-31,7.53,7.5300,458.7,0.01641596
1987-09-01,7.47,7.4700,462.8,0.01614088
1987-09-02,7.93,7.9300,473.4,0.01675116
1987-09-03,7.84,7.8400,471.7,0.01662073
1987-09-04,7.77,7.7700,470.8,0.01650382
1987-09-08,7.62,7.6200,465.5,0.01636950
1987-09-09,7.66,7.6600,464.5,0.01649085
1987-09-10,8.17,8.1700,470.6,0.01736082
1987-09-11,7.83,7.8300,464.3,0.01686410
1987-09-14,7.77,7.7700,463.8,0.01675291
1987-09-15,7.75,7.7500,465.9,0.01663447
1987-09-16,7.58,7.5800,465.1,0.01629757
1987-09-17,7.7,7.7000,466.9,0.01649175
1987-09-18,7.49,7.4900,465.3,0.01609714
1987-09-21,7.79,7.7900,469.3,0.01659919
1987-09-22,7.71,7.7100,468.9,0.01644274
1987-09-23,7.77,7.7700,468.7,0.01657777
1987-09-24,7.74,7.7400,468.7,0.01651376
1987-09-25,7.7,7.7000,466.6,0.01650236
1987-09-28,7.71,7.7100,466.4,0.01653087
1987-09-29,7.75,7.7500,464.4,0.01668820
1987-09-30,7.61,7.6100,458.8,0.01658675
1987-10-01,7.64,7.6400,459.7,0.01661953
1987-10-02,7.65,7.6500,460.3,0.01661960
1987-10-05,7.72,7.7200,462.8,0.01668107
1987-10-06,7.74,7.7400,462.7,0.01672790
1987-10-07,7.75,7.7500,463.4,0.01672421
1987-10-08,7.94,7.9400,466.5,0.01702036
1987-10-09,7.91,7.9100,466.9,0.01694153
1987-10-12,7.88,7.8800,466.7,0.01688451
1987-10-13,7.79,7.7900,464,0.01678879
1987-10-14,7.89,7.8900,465.8,0.01693860
1987-10-15,7.84,7.8400,467.8,0.01675930
1987-10-16,7.96,7.9600,476.3,0.01671216
1987-10-19,8.28,8.2800,486.8,0.01700904
1987-10-20,7.29,7.2900,467.5,0.01559358
1987-10-21,7.46,7.4600,471.7,0.01581514
1987-10-22,7.49,7.4900,473.2,0.01582840
1987-10-23,7.6,7.6000,476.7,0.01594294
1987-10-26,7.48,7.4800,479.4,0.01560284
1987-10-27,7.41,7.4100,478.8,0.01547619
1987-10-28,7.39,7.3900,480.5,0.01537981
1987-10-29,6.92,6.9200,468.7,0.01476424
1987-10-30,6.99,6.9900,471.2,0.01483447
1987-11-02,6.96,6.9600,472.5,0.01473016
1987-11-03,6.84,6.8400,470.6,0.01453464
1987-11-04,6.7,6.7000,468.2,0.01431012
1987-11-05,6.3,6.3000,459.2,0.01371951
1987-11-06,6.5,6.5000,462.1,0.01406622
1987-11-09,6.54,6.5400,463.3,0.01411612
1987-11-10,6.53,6.5300,462.4,0.01412197
1987-11-11,6.57,6.5700,463.1,0.01418700
1987-11-12,6.64,6.6400,464.7,0.01428879
1987-11-13,6.74,6.7400,465.6,0.01447595
1987-11-16,6.63,6.6300,464.3,0.01427956
1987-11-17,6.73,6.7300,465.8,0.01444826
1987-11-18,6.63,6.6300,464.8,0.01426420
1987-11-19,6.58,6.5800,465.8,0.01412623
1987-11-20,6.67,6.6700,470.3,0.01418244
1987-11-23,6.95,6.9500,476,0.01460084
1987-11-24,6.92,6.9200,475.4,0.01455616
1987-11-25,7.07,7.0700,476.9,0.01482491
1987-11-27,7.29,7.2900,492.3,0.01480804
1987-11-30,7.19,7.1900,497.2,0.01446098
1987-12-01,7.08,7.0800,496.2,0.01426844
1987-12-02,7.11,7.1100,493.7,0.01440146
1987-12-03,7.03,7.0300,493.8,0.01423653
1987-12-04,6.87,6.8700,487.8,0.01408364
1987-12-07,6.8,6.8000,486.5,0.01397739
1987-12-08,6.84,6.8400,488.6,0.01399918
1987-12-09,6.86,6.8600,489.4,0.01401716
1987-12-10,7.06,7.0600,497.2,0.01419952
1987-12-11,7.04,7.0400,502,0.01402390
1987-12-14,7.11,7.1100,500.4,0.01420863
1987-12-15,6.77,6.7700,487.2,0.01389573
1987-12-16,6.88,6.8800,490.1,0.01403795
1987-12-17,6.92,6.9200,489.7,0.01413110
1987-12-18,6.88,6.8800,484,0.01421488
1987-12-21,6.91,6.9100,483.7,0.01428571
1987-12-22,6.92,6.9200,487.9,0.01418323
1987-12-23,6.83,6.8300,486.5,0.01403905
1987-12-24,6.91,6.9100,489.6,0.01411356
1987-12-28,6.95,6.9500,491.1,0.01415190
1987-12-29,6.81,6.8100,489.4,0.01391500
1987-12-30,6.71,6.7100,485.5,0.01382080
1987-12-31,6.77,6.7700,488.9,0.01384741
1988-01-04,6.55,6.5500,480.5,0.01363163
1988-01-05,6.92,6.9200,483.2,0.01432119
1988-01-06,7.14,7.1400,485.3,0.01471255
1988-01-07,7.01,7.0100,483.1,0.01451045
1988-01-08,7.06,7.0600,485.5,0.01454171
1988-01-11,6.94,6.9400,483.6,0.01435070
1988-01-12,6.81,6.8100,482.3,0.01411984
1988-01-13,6.84,6.8400,481.6,0.01420266
1988-01-14,6.93,6.9300,488.2,0.01419500
1988-01-15,6.66,6.6600,474.5,0.01403583
1988-01-18,6.72,6.7200,476.8,0.01409396
1988-01-19,6.75,6.7500,478.2,0.01411543
1988-01-20,6.68,6.6800,476.8,0.01401007
1988-01-21,6.75,6.7500,478.8,0.01409774
1988-01-22,6.83,6.8300,477.8,0.01429468
1988-01-25,6.63,6.6300,469.5,0.01412141
1988-01-26,6.66,6.6600,474.8,0.01402696
1988-01-27,6.69,6.6900,472.2,0.01416773
1988-01-28,6.67,6.6700,471.5,0.01414634
1988-01-29,6.54,6.5400,458.5,0.01426390
1988-02-01,6.61,6.6100,458.4,0.01441972
1988-02-02,6.55,6.5500,458.3,0.01429195
1988-02-03,6.36,6.3600,442.5,0.01437288
1988-02-04,6.43,6.4300,448.2,0.01434627
1988-02-05,6.33,6.3300,443.2,0.01428249
1988-02-08,6.33,6.3300,444,0.01425676
1988-02-09,6.29,6.2900,444.9,0.01413801
1988-02-10,6.3,6.3000,443.9,0.01419239
1988-02-11,6.32,6.3200,443.2,0.01425993
1988-02-12,6.39,6.3900,448.7,0.01424114
1988-02-16,6.38,6.3800,447.6,0.01425380
1988-02-17,6.45,6.4500,449.2,0.01435886
1988-02-18,6.35,6.3500,445.8,0.01424406
1988-02-19,6.4,6.4000,448,0.01428571
1988-02-22,6.41,6.4100,447.6,0.01432082
1988-02-23,6.3,6.3000,444.3,0.01417961
1988-02-24,6.2,6.2000,434.1,0.01428242
1988-02-25,6.33,6.3300,434.7,0.01456177
1988-02-26,6.24,6.2400,431.1,0.01447460
1988-02-29,6.32,6.3200,431.9,0.01463302
1988-03-01,6.3,6.3000,432.4,0.01456984
1988-03-02,6.29,6.2900,432.2,0.01455345
1988-03-03,6.33,6.3300,429.1,0.01475181
1988-03-04,6.5,6.5000,438.8,0.01481313
1988-03-07,6.46,6.4600,438.6,0.01472868
1988-03-08,6.38,6.3800,436.6,0.01461292
1988-03-09,6.37,6.3700,437.5,0.01456000
1988-03-10,6.33,6.3300,444.5,0.01424072
1988-03-11,6.24,6.2400,442.6,0.01409851
1988-03-14,6.3,6.3000,443.1,0.01421801
1988-03-15,6.42,6.4200,447.5,0.01434637
1988-03-16,6.38,6.3800,446.5,0.01428891
1988-03-17,6.36,6.3600,444.9,0.01429535
1988-03-18,6.42,6.4200,445.2,0.01442049
1988-03-21,6.5,6.5000,450.2,0.01443803
1988-03-22,6.51,6.5100,449.6,0.01447954
1988-03-23,6.66,6.6600,452,0.01473451
1988-03-24,6.79,6.7900,454.3,0.01494607
1988-03-25,6.71,6.7100,453.3,0.01480256
1988-03-28,6.71,6.7100,455.9,0.01471814
1988-03-29,6.75,6.7500,459.8,0.01468030
1988-03-30,6.79,6.7900,461.3,0.01471927
1988-03-31,6.79,6.7900,457.9,0.01482857
1988-04-04,6.83,6.8300,459.5,0.01486398
1988-04-05,6.68,6.6800,456.2,0.01464270
1988-04-06,6.46,6.4600,451.3,0.01431420
1988-04-07,6.43,6.4300,452.7,0.01420367
1988-04-08,6.44,6.4400,453.7,0.01419440
1988-04-11,6.47,6.4700,454.7,0.01422916
1988-04-12,6.42,6.4200,453.7,0.01415032
1988-04-13,6.34,6.3400,449.6,0.01410142
1988-04-14,6.47,6.4700,456.5,0.01417306
1988-04-15,6.47,6.4700,458.5,0.01411123
1988-04-18,6.44,6.4400,461.7,0.01394845
1988-04-19,6.46,6.4600,460.4,0.01403128
1988-04-20,6.45,6.4500,459,0.01405229
1988-04-21,6.46,6.4600,457.2,0.01412948
1988-04-22,6.42,6.4200,452.4,0.01419098
1988-04-25,6.37,6.3700,450.1,0.01415241
1988-04-26,6.47,6.4700,451.3,0.01433636
1988-04-27,6.59,6.5900,454.3,0.01450583
1988-04-28,6.55,6.5500,452.6,0.01447194
1988-04-29,6.58,6.5800,452.6,0.01453822
1988-05-02,6.43,6.4300,447.2,0.01437835
1988-05-03,6.38,6.3800,445.1,0.01433386
1988-05-04,6.41,6.4100,446.6,0.01435289
1988-05-05,6.44,6.4400,447,0.01440716
1988-05-06,6.46,6.4600,445.3,0.01450707
1988-05-09,6.54,6.5400,448.8,0.01457219
1988-05-10,6.64,6.6400,451.6,0.01470328
1988-05-11,6.62,6.6200,451.2,0.01467199
1988-05-12,6.64,6.6400,453.3,0.01464814
1988-05-13,6.7,6.7000,453.7,0.01476747
1988-05-16,6.65,6.6500,456,0.01458333
1988-05-17,6.61,6.6100,456.4,0.01448291
1988-05-18,6.75,6.7500,458.1,0.01473477
1988-05-19,6.67,6.6700,458.2,0.01455696
1988-05-20,6.75,6.7500,458.7,0.01471550
1988-05-23,6.79,6.7900,462.8,0.01467156
1988-05-24,6.81,6.8100,461.1,0.01476903
1988-05-25,6.64,6.6400,454.8,0.01459982
1988-05-26,6.66,6.6600,458.7,0.01451929
1988-05-27,6.58,6.5800,456,0.01442982
1988-05-31,6.65,6.6500,459.8,0.01446281
1988-06-01,6.87,6.8700,462.4,0.01485727
1988-06-02,7.3,7.3000,471.5,0.01548250
1988-06-03,7.27,7.2700,469.3,0.01549116
1988-06-06,7.32,7.3200,468.1,0.01563768
1988-06-07,7.28,7.2800,464.8,0.01566265
1988-06-08,7.13,7.1300,460.7,0.01547645
1988-06-09,7.18,7.1800,461.7,0.01555122
1988-06-10,7.01,7.0100,453.3,0.01546437
1988-06-13,7.05,7.0500,453.8,0.01553548
1988-06-14,7.07,7.0700,454.6,0.01555213
1988-06-15,7.16,7.1600,455.8,0.01570864
1988-06-16,7.14,7.1400,453.9,0.01573034
1988-06-17,7.25,7.2500,458.3,0.01581933
1988-06-20,7.2,7.2000,454.5,0.01584158
1988-06-21,7.2,7.2000,455.4,0.01581028
1988-06-22,7.02,7.0200,453,0.01549669
1988-06-23,6.99,6.9900,450.9,0.01550233
1988-06-24,6.81,6.8100,446,0.01526906
1988-06-27,6.94,6.9400,445.9,0.01556403
1988-06-28,6.86,6.8600,440.5,0.01557321
1988-06-29,6.72,6.7200,438.3,0.01533196
1988-06-30,6.78,6.7800,437.7,0.01549006
1988-07-01,6.79,6.7900,439.6,0.01544586
1988-07-05,6.86,6.8600,440.3,0.01558029
1988-07-06,6.91,6.9100,440.7,0.01567960
1988-07-07,7.02,7.0200,441.1,0.01591476
1988-07-08,7.08,7.0800,441,0.01605442
1988-07-11,7.02,7.0200,436.4,0.01608616
1988-07-12,7.06,7.0600,438.7,0.01609300
1988-07-13,7.25,7.2500,441.8,0.01641014
1988-07-14,7.36,7.3600,439.9,0.01673108
1988-07-15,7.39,7.3900,441.3,0.01674598
1988-07-18,7.22,7.2200,438.8,0.01645397
1988-07-19,7.8,7.8000,447.5,0.01743017
1988-07-20,7.9,7.9000,445.7,0.01772493
1988-07-21,7.81,7.8100,442.7,0.01764174
1988-07-22,7.67,7.6700,442.9,0.01731768
1988-07-25,7.1,7.1000,426.6,0.01664323
1988-07-26,6.94,6.9400,431.7,0.01607598
1988-07-27,7.02,7.0200,444.5,0.01579303
1988-07-28,6.76,6.7600,443.8,0.01523209
1988-07-29,6.86,6.8600,447.3,0.01533646
1988-08-01,6.92,6.9200,445.6,0.01552962
1988-08-02,6.84,6.8400,442.5,0.01545763
1988-08-03,6.88,6.8800,444.3,0.01548503
1988-08-04,6.9,6.9000,443.8,0.01554754
1988-08-05,6.89,6.8900,442.6,0.01556710
1988-08-08,6.71,6.7100,440.8,0.01522232
1988-08-09,6.63,6.6300,437.8,0.01514390
1988-08-10,6.71,6.7100,439.4,0.01527082
1988-08-11,6.71,6.7100,439.2,0.01527778
1988-08-12,6.74,6.7400,441.2,0.01527652
1988-08-15,6.79,6.7900,442.9,0.01533077
1988-08-16,6.63,6.6300,438.8,0.01510939
1988-08-17,6.67,6.6700,440.9,0.01512815
1988-08-18,6.69,6.6900,442.1,0.01513232
1988-08-19,6.67,6.6700,441.4,0.01511101
1988-08-22,6.74,6.7400,443.2,0.01520758
1988-08-23,6.74,6.7400,441.8,0.01525577
1988-08-24,6.79,6.7900,444.4,0.01527903
1988-08-25,6.88,6.8800,442.2,0.01555857
1988-08-26,6.82,6.8200,441.4,0.01545084
1988-08-29,6.68,6.6800,438.7,0.01522681
1988-08-30,6.65,6.6500,437.7,0.01519305
1988-08-31,6.71,6.7100,439.9,0.01525347
1988-09-01,6.72,6.7200,438.7,0.01531798
1988-09-02,6.66,6.6600,437.4,0.01522634
1988-09-06,6.62,6.6200,434.8,0.01522539
1988-09-07,6.68,6.6800,435.7,0.01533165
1988-09-08,6.75,6.7500,436.3,0.01547101
1988-09-09,6.57,6.5700,428.5,0.01533256
1988-09-12,6.57,6.5700,428,0.01535047
1988-09-13,6.6,6.6000,428.2,0.01541336
1988-09-14,6.61,6.6100,428,0.01544393
1988-09-15,6.58,6.5800,425,0.01548235
1988-09-16,6.44,6.4400,418.2,0.01539933
1988-09-19,6.47,6.4700,415.4,0.01557535
1988-09-20,6.36,6.3600,411.3,0.01546317
1988-09-21,6.28,6.2800,404,0.01554455
1988-09-22,6.35,6.3500,404.6,0.01569451
1988-09-23,6.26,6.2600,399.3,0.01567744
1988-09-26,6.21,6.2100,400.3,0.01551336
1988-09-27,6.26,6.2600,402.5,0.01555280
1988-09-28,6.26,6.2600,403.4,0.01551810
1988-09-29,6.26,6.2600,401.6,0.01558765
1988-09-30,6.22,6.2200,399.2,0.01558116
1988-10-03,6.33,6.3300,402.2,0.01573844
1988-10-04,6.33,6.3300,402.7,0.01571890
1988-10-05,6.38,6.3800,405.3,0.01574143
1988-10-06,6.37,6.3700,408,0.01561275
1988-10-07,6.41,6.4100,407.3,0.01573779
1988-10-10,6.42,6.4200,412.7,0.01555609
1988-10-11,6.28,6.2800,408.4,0.01537708
1988-10-12,6.39,6.3900,412.2,0.01550218
1988-10-13,6.38,6.3800,410.4,0.01554581
1988-10-14,6.43,6.4300,412.5,0.01558788
1988-10-17,6.47,6.4700,415.5,0.01557160
1988-10-18,6.42,6.4200,415.1,0.01546615
1988-10-19,6.41,6.4100,414.7,0.01545696
1988-10-20,6.41,6.4100,415.4,0.01543091
1988-10-21,6.29,6.2900,411.5,0.01528554
1988-10-24,6.25,6.2500,408.8,0.01528865
1988-10-25,6.28,6.2800,409.4,0.01533952
1988-10-26,6.28,6.2800,411.1,0.01527609
1988-10-27,6.25,6.2500,410.1,0.01524019
1988-10-28,6.33,6.3300,414.9,0.01525669
1988-10-31,6.35,6.3500,415.1,0.01529752
1988-11-01,6.33,6.3300,414,0.01528986
1988-11-02,6.53,6.5300,424.2,0.01539368
1988-11-03,6.45,6.4500,423.7,0.01522304
1988-11-04,6.46,6.4600,423.5,0.01525384
1988-11-07,6.53,6.5300,424.7,0.01537556
1988-11-08,6.42,6.4200,421.2,0.01524217
1988-11-09,6.58,6.5800,424.7,0.01549329
1988-11-10,6.44,6.4400,420.5,0.01531510
1988-11-11,6.42,6.4200,423.1,0.01517372
1988-11-14,6.45,6.4500,425.2,0.01516933
1988-11-15,6.39,6.3900,425.6,0.01501410
1988-11-16,6.3,6.3000,425.6,0.01480263
1988-11-17,6.19,6.1900,421.1,0.01469960
1988-11-18,6.08,6.0800,418.1,0.01454198
1988-11-21,6.03,6.0300,416.5,0.01447779
1988-11-22,6.08,6.0800,418.1,0.01454198
1988-11-23,6.09,6.0900,420.1,0.01449655
1988-11-28,6.27,6.2700,423.3,0.01481219
1988-11-29,6.19,6.1900,427.1,0.01449309
1988-11-30,6.29,6.2900,429.6,0.01464153
1988-12-01,6.25,6.2500,428.6,0.01458236
1988-12-02,6.33,6.3300,436.7,0.01449508
1988-12-05,6.31,6.3100,434.2,0.01453247
1988-12-06,6.3,6.3000,432.6,0.01456311
1988-12-07,6.28,6.2800,427.7,0.01468319
1988-12-08,6.26,6.2600,426.7,0.01467073
1988-12-09,6.3,6.3000,427.6,0.01473340
1988-12-12,6.3,6.3000,424.6,0.01483749
1988-12-13,6.29,6.2900,424.1,0.01483141
1988-12-14,6.3,6.3000,425.7,0.01479915
1988-12-15,6.18,6.1800,416.6,0.01483437
1988-12-16,6.21,6.2100,417.6,0.01487069
1988-12-19,6.23,6.2300,418,0.01490431
1988-12-20,6.21,6.2100,417.5,0.01487425
1988-12-21,6.23,6.2300,418.8,0.01487584
1988-12-22,6.27,6.2700,421.3,0.01488251
1988-12-23,6.28,6.2800,421.6,0.01489564
1988-12-27,6.25,6.2500,420.9,0.01484913
1988-12-28,6.19,6.1900,416.6,0.01485838
1988-12-29,6.09,6.0900,410.5,0.01483557
1988-12-30,6.13,6.1300,412.3,0.01486781
1989-01-03,6.12,6.1200,413.4,0.01480406
1989-01-04,6.03,6.0300,411,0.01467153
1989-01-05,6.05,6.0500,410.1,0.01475250
1989-01-06,6.08,6.0800,408.1,0.01489831
1989-01-09,6.04,6.0400,406.7,0.01485124
1989-01-10,6,6.0000,405.6,0.01479290
1989-01-11,6,6.0000,405.2,0.01480750
1989-01-12,5.99,5.9900,405.8,0.01476097
1989-01-13,5.96,5.9600,403.5,0.01477076
1989-01-16,5.96,5.9600,403.3,0.01477808
1989-01-17,6.01,6.0100,404,0.01487624
1989-01-18,5.97,5.9700,403.3,0.01480288
1989-01-19,6.04,6.0400,404.5,0.01493201
1989-01-20,6.25,6.2500,409.3,0.01526997
1989-01-23,6.25,6.2500,408.5,0.01529988
1989-01-24,6.19,6.1900,406.3,0.01523505
1989-01-25,6.22,6.2200,406.4,0.01530512
1989-01-26,6.16,6.1600,403.2,0.01527778
1989-01-27,5.93,5.9300,400.2,0.01481759
1989-01-30,5.88,5.8800,399.6,0.01471471
1989-01-31,5.83,5.8300,395.8,0.01472966
1989-02-01,5.88,5.8800,397.2,0.01480363
1989-02-02,5.86,5.8600,395.9,0.01480172
1989-02-03,5.88,5.8800,396.3,0.01483724
1989-02-06,5.93,5.9300,396.9,0.01494079
1989-02-07,5.89,5.8900,395.5,0.01489254
1989-02-08,5.95,5.9500,399.1,0.01490854
1989-02-09,5.92,5.9200,398,0.01487437
1989-02-10,5.83,5.8300,391.7,0.01488384
1989-02-13,5.84,5.8400,389.7,0.01498589
1989-02-14,5.85,5.8500,389,0.01503856
1989-02-15,5.91,5.9100,388.2,0.01522411
1989-02-16,5.89,5.8900,387.1,0.01521571
1989-02-17,5.94,5.9400,384.3,0.01545667
1989-02-21,5.93,5.9300,389.4,0.01522856
1989-02-22,5.94,5.9400,390.2,0.01522296
1989-02-23,5.93,5.9300,394,0.01505076
1989-02-24,6.04,6.0400,392.6,0.01538462
1989-02-27,5.96,5.9600,389.8,0.01528989
1989-02-28,5.93,5.9300,390.4,0.01518955
1989-03-01,5.84,5.8400,387.1,0.01508654
1989-03-02,5.85,5.8500,386.6,0.01513192
1989-03-03,5.89,5.8900,389.3,0.01512972
1989-03-06,5.9,5.9000,390.5,0.01510883
1989-03-07,5.96,5.9600,395.7,0.01506192
1989-03-08,5.95,5.9500,395.4,0.01504805
1989-03-09,6.09,6.0900,397.3,0.01532847
1989-03-10,6.15,6.1500,396.5,0.01551072
1989-03-13,6.16,6.1600,396.4,0.01553986
1989-03-14,6.25,6.2500,398.1,0.01569957
1989-03-15,6.17,6.1700,393.8,0.01566785
1989-03-16,6.13,6.1300,391.3,0.01566573
1989-03-17,6.2,6.2000,395,0.01569620
1989-03-20,6.18,6.1800,397.4,0.01555108
1989-03-21,6.13,6.1300,395.6,0.01549545
1989-03-22,6.12,6.1200,400.2,0.01529235
1989-03-23,6.06,6.0600,393.4,0.01540417
1989-03-27,6,6.0000,396.4,0.01513623
1989-03-28,5.85,5.8500,388,0.01507732
1989-03-29,5.81,5.8100,387.5,0.01499355
1989-03-30,5.78,5.7800,386.2,0.01496634
1989-03-31,5.82,5.8200,390,0.01492308
1989-04-03,5.83,5.8300,391.1,0.01490667
1989-04-04,5.86,5.8600,390.9,0.01499105
1989-04-05,5.84,5.8400,388.6,0.01502831
1989-04-06,5.83,5.8300,388.7,0.01499871
1989-04-07,5.8,5.8000,388,0.01494845
1989-04-10,5.85,5.8500,390.3,0.01498847
1989-04-11,5.86,5.8600,389.9,0.01502949
1989-04-12,5.89,5.8900,392.1,0.01502168
1989-04-13,5.89,5.8900,394.2,0.01494165
1989-04-14,5.83,5.8300,389.8,0.01495639
1989-04-17,5.83,5.8300,390.1,0.01494489
1989-04-18,5.78,5.7800,387.4,0.01491998
1989-04-19,5.76,5.7600,387.1,0.01487988
1989-04-20,5.79,5.7900,389.3,0.01487285
1989-04-21,5.76,5.7600,388.2,0.01483771
1989-04-24,5.83,5.8300,391,0.01491049
1989-04-25,5.79,5.7900,388.8,0.01489198
1989-04-26,5.87,5.8700,388.2,0.01512107
1989-04-27,5.75,5.7500,386.1,0.01489251
1989-04-28,5.71,5.7100,380.5,0.01500657
1989-05-01,5.75,5.7500,380.7,0.01510376
1989-05-02,5.72,5.7200,380.1,0.01504867
1989-05-03,5.73,5.7300,380.4,0.01506309
1989-05-04,5.71,5.7100,379.6,0.01504215
1989-05-05,5.69,5.6900,379.3,0.01500132
1989-05-08,5.68,5.6800,378.4,0.01501057
1989-05-09,5.75,5.7500,380.3,0.01511964
1989-05-10,5.7,5.7000,379,0.01503958
1989-05-11,5.74,5.7400,382.1,0.01502225
1989-05-12,5.61,5.6100,378.9,0.01480602
1989-05-15,5.57,5.5700,376.5,0.01479416
1989-05-16,5.57,5.5700,376.2,0.01480595
1989-05-17,5.5,5.5000,373.9,0.01470982
1989-05-18,5.47,5.4700,370.3,0.01477181
1989-05-19,5.29,5.2900,366.6,0.01442990
1989-05-22,5.17,5.1700,363.7,0.01421501
1989-05-23,5.23,5.2300,364.3,0.01435630
1989-05-24,5.23,5.2300,364.7,0.01434055
1989-05-25,5.32,5.3200,367.2,0.01448802
1989-05-26,5.3,5.3000,365.9,0.01448483
1989-05-30,5.28,5.2800,369.7,0.01428185
1989-05-31,5.21,5.2100,366.5,0.01421555
1989-06-01,5.24,5.2400,367.3,0.01426627
1989-06-02,5.34,5.3400,371.9,0.01435870
1989-06-05,5.3,5.3000,370.8,0.01429342
1989-06-06,5.47,5.4700,383.2,0.01427453
1989-06-07,5.5,5.5000,380.8,0.01444328
1989-06-08,5.48,5.4800,378.1,0.01449352
1989-06-09,5.19,5.1900,362,0.01433702
1989-06-12,5.23,5.2300,365.8,0.01429743
1989-06-13,5.25,5.2500,366.8,0.01431298
1989-06-14,5.28,5.2800,367.5,0.01436735
1989-06-15,5.33,5.3300,370.7,0.01437820
1989-06-16,5.3,5.3000,368.8,0.01437093
1989-06-19,5.34,5.3400,370.6,0.01440907
1989-06-20,5.25,5.2500,369.6,0.01420455
1989-06-21,5.3,5.3000,375.7,0.01410700
1989-06-22,5.3,5.3000,374.2,0.01416355
1989-06-23,5.34,5.3400,381.8,0.01398638
1989-06-26,5.31,5.3100,378.3,0.01403648
1989-06-27,5.4,5.4000,379.8,0.01421801
1989-06-28,5.38,5.3800,379.2,0.01418776
1989-06-29,5.21,5.2100,373.9,0.01393421
1989-06-30,5.24,5.2400,377.3,0.01388815
1989-07-03,5.32,5.3200,381.1,0.01395959
1989-07-05,5.47,5.4700,388.4,0.01408342
1989-07-06,5.46,5.4600,388.6,0.01405044
1989-07-07,5.29,5.2900,385.7,0.01371532
1989-07-10,5.3,5.3000,386.6,0.01370926
1989-07-11,5.33,5.3300,383.3,0.01390556
1989-07-12,5.25,5.2500,380.4,0.01380126
1989-07-13,5.26,5.2600,378.5,0.01389696
1989-07-14,5.27,5.2700,372.2,0.01415905
1989-07-17,5.33,5.3300,372.2,0.01432026
1989-07-18,5.3,5.3000,373.8,0.01417871
1989-07-19,5.21,5.2100,369.3,0.01410777
1989-07-20,5.24,5.2400,372.2,0.01407845
1989-07-21,5.24,5.2400,373,0.01404826
1989-07-24,5.25,5.2500,373.9,0.01404119
1989-07-25,5.26,5.2600,382.6,0.01374804
1989-07-26,5.28,5.2800,375,0.01408000
1989-07-27,5.26,5.2600,382,0.01376963
1989-07-28,5.18,5.1800,375.4,0.01379861
1989-07-31,5.31,5.3100,378.7,0.01402165
1989-08-01,5.29,5.2900,378.8,0.01396515
1989-08-02,5.26,5.2600,377.8,0.01392271
1989-08-03,5.33,5.3300,381.4,0.01397483
1989-08-04,5.2,5.2000,375.4,0.01385189
1989-08-07,5.16,5.1600,373.4,0.01381896
1989-08-08,5.19,5.1900,373.6,0.01389186
1989-08-09,5.18,5.1800,373.9,0.01385397
1989-08-10,5.19,5.1900,374.2,0.01386959
1989-08-11,5.22,5.2200,371.4,0.01405493
1989-08-14,5.22,5.2200,373.2,0.01398714
1989-08-15,5.26,5.2600,377.5,0.01393377
1989-08-16,5.21,5.2100,374.7,0.01390446
1989-08-17,5.26,5.2600,374.6,0.01404164
1989-08-18,5.25,5.2500,373.9,0.01404119
1989-08-21,5.24,5.2400,374.5,0.01399199
1989-08-22,5.24,5.2400,374.5,0.01399199
1989-08-23,5.17,5.1700,371.9,0.01390159
1989-08-24,5.17,5.1700,370.6,0.01395035
1989-08-25,5.24,5.2400,366.7,0.01428961
1989-08-28,5.22,5.2200,366,0.01426230
1989-08-29,5.22,5.2200,369.3,0.01413485
1989-08-30,5.21,5.2100,367.6,0.01417301
1989-08-31,5.17,5.1700,365.4,0.01414888
1989-09-01,5.2,5.2000,366.1,0.01420377
1989-09-05,5.18,5.1800,365.1,0.01418789
1989-09-06,5.22,5.2200,367.4,0.01420795
1989-09-07,5.23,5.2300,366,0.01428962
1989-09-08,5.17,5.1700,365,0.01416438
1989-09-11,5.16,5.1600,364.6,0.01415250
1989-09-12,5.18,5.1800,364.8,0.01419956
1989-09-13,5.17,5.1700,365,0.01416438
1989-09-14,5.16,5.1600,365.5,0.01411765
1989-09-15,5.18,5.1800,368.9,0.01404175
1989-09-18,5.16,5.1600,366.5,0.01407913
1989-09-19,5.16,5.1600,366.2,0.01409066
1989-09-20,5.21,5.2100,370.1,0.01407728
1989-09-21,5.28,5.2800,370.3,0.01425871
1989-09-22,5.38,5.3800,370.7,0.01451308
1989-09-25,5.38,5.3800,374.6,0.01436199
1989-09-26,5.36,5.3600,373.1,0.01436612
1989-09-27,5.33,5.3300,372.3,0.01431641
1989-09-28,5.35,5.3500,372.8,0.01435086
1989-09-29,5.31,5.3100,372,0.01427419
1989-10-02,5.3,5.3000,372.1,0.01424348
1989-10-03,5.3,5.3000,371.4,0.01427033
1989-10-04,5.33,5.3300,371.5,0.01434724
1989-10-05,5.24,5.2400,367.9,0.01424300
1989-10-06,5.19,5.1900,368.2,0.01409560
1989-10-09,5.12,5.1200,367.4,0.01393576
1989-10-10,5.1,5.1000,365.2,0.01396495
1989-10-11,5.14,5.1400,366.1,0.01403988
1989-10-12,5.15,5.1500,367.4,0.01401742
1989-10-13,5.14,5.1400,367.3,0.01399401
1989-10-16,5.16,5.1600,371.2,0.01390086
1989-10-17,5.16,5.1600,371.2,0.01390086
1989-10-18,5.16,5.1600,372.4,0.01385607
1989-10-19,5.13,5.1300,370.6,0.01384242
1989-10-20,5.14,5.1400,370.6,0.01386940
1989-10-23,5.14,5.1400,370.2,0.01388439
1989-10-24,5.2,5.2000,373.4,0.01392608
1989-10-25,5.16,5.1600,372.3,0.01385979
1989-10-26,5.24,5.2400,375.4,0.01395844
1989-10-27,5.32,5.3200,381.2,0.01395593
1989-10-30,5.28,5.2800,380.8,0.01386555
1989-10-31,5.22,5.2200,377.6,0.01382415
1989-11-01,5.19,5.1900,376.9,0.01377023
1989-11-02,5.29,5.2900,382.9,0.01381562
1989-11-03,5.26,5.2600,381,0.01380577
1989-11-06,5.27,5.2700,383.8,0.01373111
1989-11-07,5.29,5.2900,388.4,0.01361998
1989-11-08,5.29,5.2900,390.8,0.01353634
1989-11-09,5.31,5.3100,389,0.01365039
1989-11-10,5.26,5.2600,388.6,0.01353577
1989-11-13,5.32,5.3200,392.7,0.01354724
1989-11-14,5.41,5.4100,394.9,0.01369967
1989-11-15,5.54,5.5400,392.8,0.01410387
1989-11-16,5.59,5.5900,392.7,0.01423478
1989-11-17,5.68,5.6800,395.8,0.01435068
1989-11-20,5.7,5.7000,399.3,0.01427498
1989-11-21,5.84,5.8400,404.4,0.01444115
1989-11-22,5.81,5.8100,411.6,0.01411565
1989-11-24,6.01,6.0100,419.3,0.01433341
1989-11-27,5.83,5.8300,414.1,0.01407872
1989-11-28,5.83,5.8300,419.4,0.01390081
1989-11-29,5.73,5.7300,415.5,0.01379061
1989-11-30,5.79,5.7900,417.5,0.01386826
1989-12-01,5.79,5.7900,419.3,0.01380873
1989-12-04,5.63,5.6300,406.6,0.01384653
1989-12-05,5.66,5.6600,408.9,0.01384202
1989-12-06,5.67,5.6700,410.1,0.01382590
1989-12-07,5.74,5.7400,415,0.01383133
1989-12-08,5.76,5.7600,416.8,0.01381958
1989-12-11,5.8,5.8000,421.8,0.01375059
1989-12-12,5.79,5.7900,422.8,0.01369442
1989-12-13,5.66,5.6600,412.9,0.01370792
1989-12-14,5.66,5.6600,412.8,0.01371124
1989-12-15,5.71,5.7100,418.3,0.01365049
1989-12-18,5.67,5.6700,416.1,0.01362653
1989-12-19,5.63,5.6300,416.1,0.01353040
1989-12-20,5.65,5.6500,417.5,0.01353293
1989-12-21,5.64,5.6400,415.5,0.01357401
1989-12-22,5.65,5.6500,416.7,0.01355892
1989-12-26,5.6,5.6000,410.1,0.01365521
1989-12-27,5.32,5.3200,403.8,0.01317484
1989-12-28,5.22,5.2200,401.4,0.01300448
1989-12-29,5.27,5.2700,405.2,0.01300592
1990-01-02,5.25,5.2500,402.1,0.01305645
1990-01-03,5.22,5.2200,396.4,0.01316852
1990-01-04,5.33,5.3300,400.8,0.01329840
1990-01-05,5.38,5.3800,408.5,0.01317013
1990-01-08,5.31,5.3100,405,0.01311111
1990-01-09,5.3,5.3000,406.2,0.01304776
1990-01-10,5.37,5.3700,414.2,0.01296475
1990-01-11,5.37,5.3700,415.6,0.01292108
1990-01-12,5.39,5.3900,414.7,0.01299735
1990-01-15,5.3,5.3000,415.1,0.01276801
1990-01-16,5.29,5.2900,412.2,0.01283358
1990-01-17,5.31,5.3100,413.7,0.01283539
1990-01-18,5.24,5.2400,411.2,0.01274319
1990-01-19,5.25,5.2500,410.9,0.01277683
1990-01-22,5.32,5.3200,408,0.01303922
1990-01-23,5.34,5.3400,413.7,0.01290790
1990-01-24,5.26,5.2600,417.7,0.01259277
1990-01-25,5.25,5.2500,416.3,0.01261110
1990-01-26,5.26,5.2600,420.3,0.01251487
1990-01-29,5.25,5.2500,425.1,0.01235004
1990-01-30,5.25,5.2500,423.9,0.01238500
1990-01-31,5.23,5.2300,417.8,0.01251795
1990-02-01,5.33,5.3300,423.3,0.01259154
1990-02-02,5.34,5.3400,423.4,0.01261219
1990-02-05,5.36,5.3600,427.5,0.01253801
1990-02-06,5.33,5.3300,426.4,0.01250000
1990-02-07,5.34,5.3400,423.1,0.01262113
1990-02-08,5.34,5.3400,423.5,0.01260921
1990-02-09,5.27,5.2700,420.6,0.01252972
1990-02-12,5.3,5.3000,423.6,0.01251180
1990-02-13,5.33,5.3300,422,0.01263033
1990-02-14,5.33,5.3300,420.7,0.01266936
1990-02-15,5.33,5.3300,416.2,0.01280634
1990-02-16,5.34,5.3400,420.8,0.01269011
1990-02-20,5.34,5.3400,423.6,0.01260623
1990-02-21,5.28,5.2800,421.6,0.01252372
1990-02-22,5.27,5.2700,419,0.01257757
1990-02-23,5.24,5.2400,418.2,0.01252989
1990-02-26,5.23,5.2300,411.8,0.01270034
1990-02-27,5.16,5.1600,411,0.01255474
1990-02-28,5.21,5.2100,408.9,0.01274150
1990-03-01,5.23,5.2300,409,0.01278729
1990-03-02,5.2,5.2000,405.6,0.01282051
1990-03-05,5.19,5.1900,406.6,0.01276439
1990-03-06,5.19,5.1900,406.1,0.01278010
1990-03-07,5.19,5.1900,402.3,0.01290082
1990-03-08,5.18,5.1800,401.9,0.01288878
1990-03-09,5.16,5.1600,401.6,0.01284861
1990-03-12,5.1,5.1000,401.1,0.01271503
1990-03-13,5.12,5.1200,400.7,0.01277764
1990-03-14,5.14,5.1400,399.5,0.01286608
1990-03-15,5.13,5.1300,399.6,0.01283784
1990-03-16,5.14,5.1400,400.9,0.01282115
1990-03-19,5.15,5.1500,401.9,0.01281413
1990-03-20,5.09,5.0900,393.3,0.01294177
1990-03-21,5.1,5.1000,392.5,0.01299363
1990-03-22,5.13,5.1300,394.7,0.01299721
1990-03-23,5.09,5.0900,389.4,0.01307139
1990-03-26,5,5.0000,366.2,0.01365374
1990-03-27,4.99,4.9900,369.1,0.01351937
1990-03-28,4.96,4.9600,374.2,0.01325494
1990-03-29,4.98,4.9800,376,0.01324468
1990-03-30,4.98,4.9800,375,0.01328000
1990-04-02,4.98,4.9800,374.5,0.01329773
1990-04-03,5.04,5.0400,380.1,0.01325967
1990-04-04,5.19,5.1900,381.8,0.01359350
1990-04-05,5.17,5.1700,379.3,0.01363037
1990-04-06,5.19,5.1900,385.2,0.01347352
1990-04-09,5.13,5.1300,380.4,0.01348580
1990-04-10,5.11,5.1100,379.3,0.01347219
1990-04-11,5.15,5.1500,378.4,0.01360994
1990-04-12,5.11,5.1100,379.7,0.01345799
1990-04-16,5.08,5.0800,378.9,0.01340723
1990-04-17,5.11,5.1100,378.8,0.01348997
1990-04-18,5.08,5.0800,379.7,0.01337898
1990-04-19,5.08,5.0800,380.7,0.01334384
1990-04-20,5.11,5.1100,379.9,0.01345091
1990-04-23,5.1,5.1000,382.1,0.01334729
1990-04-24,5.08,5.0800,379,0.01340369
1990-04-25,5,5.0000,373.6,0.01338330
1990-04-26,5,5.0000,373.3,0.01339405
1990-04-27,5,5.0000,374,0.01336898
1990-04-30,5.01,5.0100,371.4,0.01348950
1990-05-01,5.09,5.0900,372.7,0.01365710
1990-05-02,5.07,5.0700,372,0.01362903
1990-05-03,5.07,5.0700,373.7,0.01356703
1990-05-04,5.07,5.0700,373.1,0.01358885
1990-05-07,5.09,5.0900,374,0.01360963
1990-05-08,5.06,5.0600,372,0.01360215
1990-05-09,5.09,5.0900,373.7,0.01362055
1990-05-10,5.15,5.1500,371.9,0.01384781
1990-05-11,5.11,5.1100,370.5,0.01379217
1990-05-14,5.12,5.1200,369.9,0.01384158
1990-05-15,5.07,5.0700,372.3,0.01361805
1990-05-16,5.07,5.0700,370.3,0.01369160
1990-05-17,5.08,5.0800,370.6,0.01370750
1990-05-18,5.17,5.1700,375.6,0.01376464
1990-05-21,5.18,5.1800,374.1,0.01384657
1990-05-22,5.33,5.3300,376.4,0.01416047
1990-05-23,5.28,5.2800,364.6,0.01448162
1990-05-24,5.28,5.2800,371.3,0.01422031
1990-05-25,5.26,5.2600,368.4,0.01427796
1990-05-29,5.18,5.1800,367.4,0.01409907
1990-05-30,5.08,5.0800,368.9,0.01377067
1990-05-31,5.11,5.1100,368.6,0.01386327
1990-06-01,5.08,5.0800,363.5,0.01397524
1990-06-04,5.08,5.0800,362.4,0.01401766
1990-06-05,5.1,5.1000,363.6,0.01402640
1990-06-06,5.06,5.0600,361,0.01401662
1990-06-07,5.04,5.0400,358.1,0.01407428
1990-06-08,5.03,5.0300,359.2,0.01400334
1990-06-11,5.04,5.0400,359.7,0.01401168
1990-06-12,5.04,5.0400,359.1,0.01403509
1990-06-13,4.93,4.9300,355.1,0.01388341
1990-06-14,4.79,4.7900,349.8,0.01369354
1990-06-15,4.83,4.8300,352.3,0.01370991
1990-06-18,4.84,4.8400,352,0.01375000
1990-06-19,4.83,4.8300,351.8,0.01372939
1990-06-20,4.84,4.8400,353.1,0.01370717
1990-06-21,4.83,4.8300,353.1,0.01367884
1990-06-22,4.82,4.8200,352.8,0.01366213
1990-06-25,4.9,4.9000,356.2,0.01375632
1990-06-26,4.91,4.9100,352.9,0.01391329
1990-06-27,4.88,4.8800,353.2,0.01381653
1990-06-28,4.89,4.8900,354.1,0.01380966
1990-06-29,4.96,4.9600,359.9,0.01378161
1990-07-02,5.01,5.0100,360.8,0.01388581
1990-07-03,4.99,4.9900,364.1,0.01370503
1990-07-05,4.94,4.9400,363.3,0.01359758
1990-07-06,4.93,4.9300,362.9,0.01358501
1990-07-09,4.87,4.8700,359.9,0.01353154
1990-07-10,4.88,4.8800,357.1,0.01366564
1990-07-11,4.9,4.9000,355.6,0.01377953
1990-07-12,4.95,4.9500,359.5,0.01376912
1990-07-13,4.96,4.9600,365.7,0.01356303
1990-07-16,4.9,4.9000,364.5,0.01344307
1990-07-17,4.87,4.8700,363,0.01341598
1990-07-18,4.93,4.9300,362.5,0.01360000
1990-07-19,4.9,4.9000,362.1,0.01353217
1990-07-20,4.89,4.8900,362,0.01350829
1990-07-23,4.93,4.9300,369.7,0.01333514
1990-07-24,4.86,4.8600,368.4,0.01319218
1990-07-25,4.87,4.8700,372.4,0.01307734
1990-07-26,4.89,4.8900,369.6,0.01323052
1990-07-27,4.87,4.8700,368,0.01323370
1990-07-30,4.84,4.8400,376.8,0.01284501
1990-07-31,4.82,4.8200,379.2,0.01271097
1990-08-01,4.86,4.8600,382.4,0.01270921
1990-08-02,4.87,4.8700,385.9,0.01261985
1990-08-03,4.87,4.8700,386.4,0.01260352
1990-08-06,4.92,4.9200,393.8,0.01249365
1990-08-07,4.89,4.8900,393.7,0.01242062
1990-08-08,4.87,4.8700,392.2,0.01241713
1990-08-09,4.88,4.8800,394.8,0.01236069
1990-08-10,4.99,4.9900,405.9,0.01229367
1990-08-14,5.21,5.2100,414,0.01258454
1990-08-15,5.09,5.0900,411.3,0.01237540
1990-08-16,5.18,5.1800,417.9,0.01239531
1990-08-17,5.2,5.2000,418.3,0.01243127
1990-08-20,5.26,5.2600,418.8,0.01255969
1990-08-21,5.22,5.2200,416,0.01254808
1990-08-22,5.26,5.2600,419.3,0.01254472
1990-08-23,5.25,5.2500,420.3,0.01249108
1990-08-24,5.32,5.3200,423.2,0.01257089
1990-08-27,4.96,4.9600,396.2,0.01251893
1990-08-28,4.96,4.9600,392.8,0.01262729
1990-08-29,4.94,4.9400,392.7,0.01257958
1990-08-30,4.92,4.9200,393.7,0.01249682
1990-08-31,4.87,4.8700,389.2,0.01251285
1990-09-04,4.83,4.8300,390.5,0.01236876
1990-09-05,4.84,4.8400,393,0.01231552
1990-09-06,4.87,4.8700,396.2,0.01229177
1990-09-07,4.89,4.8900,396,0.01234848
1990-09-10,4.85,4.8500,384.8,0.01260395
1990-09-11,4.87,4.8700,386.6,0.01259700
1990-09-12,4.89,4.8900,388.1,0.01259985
1990-09-13,4.86,4.8600,388.8,0.01250000
1990-09-14,4.84,4.8400,391,0.01237852
1990-09-17,4.85,4.8500,395.2,0.01227227
1990-09-18,4.88,4.8800,393.3,0.01240783
1990-09-19,4.85,4.8500,391.4,0.01239142
1990-09-20,4.86,4.8600,394.2,0.01232877
1990-09-21,4.87,4.8700,394.5,0.01234474
1990-09-24,5,5.0000,408.3,0.01224590
1990-09-25,4.92,4.9200,407.6,0.01207066
1990-09-26,4.87,4.8700,412.8,0.01179748
1990-09-27,4.84,4.8400,410.8,0.01178189
1990-09-28,4.83,4.8300,408.1,0.01183533
1990-10-01,4.71,4.7100,391.6,0.01202758
1990-10-02,4.75,4.7500,393.9,0.01205890
1990-10-03,4.75,4.7500,398.5,0.01191970
1990-10-04,4.73,4.7300,396.9,0.01191736
1990-10-05,4.73,4.7300,398.1,0.01188144
1990-10-08,4.73,4.7300,399.3,0.01184573
1990-10-09,4.65,4.6500,394,0.01180203
1990-10-10,4.46,4.4600,392.2,0.01137175
1990-10-11,4.29,4.2900,393.6,0.01089939
1990-10-12,4.36,4.3600,391.3,0.01114235
1990-10-15,4.18,4.1800,378.5,0.01104359
1990-10-16,4.19,4.1900,365.1,0.01147631
1990-10-17,4.24,4.2400,369.8,0.01146566
1990-10-18,4.24,4.2400,373,0.01136729
1990-10-19,4.3,4.3000,375.7,0.01144530
1990-10-22,4.23,4.2300,372.4,0.01135875
1990-10-23,4.26,4.2600,373.9,0.01139342
1990-10-24,4.26,4.2600,376,0.01132979
1990-10-25,4.24,4.2400,378.3,0.01120804
1990-10-26,4.08,4.0800,373.2,0.01093248
1990-10-29,4.16,4.1600,375.8,0.01106972
1990-10-30,4.25,4.2500,381.7,0.01113440
1990-10-31,4.18,4.1800,381.3,0.01096250
1990-11-01,4.26,4.2600,383.1,0.01111981
1990-11-02,4.18,4.1800,378,0.01105820
1990-11-05,4.23,4.2300,381.1,0.01109945
1990-11-06,4.26,4.2600,388.1,0.01097655
1990-11-07,4.29,4.2900,387.9,0.01105955
1990-11-08,4.28,4.2800,388.9,0.01100540
1990-11-09,4.24,4.2400,386.3,0.01097593
1990-11-12,4.21,4.2100,383.3,0.01098356
1990-11-13,4.21,4.2100,387,0.01087855
1990-11-14,4.17,4.1700,378.5,0.01101717
1990-11-15,4.12,4.1200,380,0.01084211
1990-11-16,4.15,4.1500,379.8,0.01092680
1990-11-19,4.14,4.1400,382.3,0.01082919
1990-11-20,4.11,4.1100,378.5,0.01085865
1990-11-21,4.12,4.1200,379.8,0.01084781
1990-11-23,4.13,4.1300,384.5,0.01074122
1990-11-26,4.15,4.1500,386.7,0.01073183
1990-11-27,4.1,4.1000,385.8,0.01062727
1990-11-28,4.21,4.2100,385.7,0.01091522
1990-11-29,4.18,4.1800,391.7,0.01067143
1990-11-30,4.22,4.2200,385.7,0.01094115
1990-12-03,4.23,4.2300,378.5,0.01117569
1990-12-04,4.24,4.2400,380.5,0.01114323
1990-12-05,4.24,4.2400,375.8,0.01128260
1990-12-06,4.21,4.2100,373.2,0.01128081
1990-12-07,4.13,4.1300,372.1,0.01109917
1990-12-10,4.13,4.1300,375.9,0.01098696
1990-12-11,4.14,4.1400,373.6,0.01108137
1990-12-12,4.1,4.1000,374.5,0.01094793
1990-12-13,4.08,4.0800,376.1,0.01084818
1990-12-14,4,4.0000,378.6,0.01056524
1990-12-17,4.02,4.0200,379.3,0.01059847
1990-12-18,4.03,4.0300,378.4,0.01065011
1990-12-19,4.16,4.1600,388,0.01072165
1990-12-20,4.26,4.2600,386.7,0.01101629
1990-12-21,4.09,4.0900,384.3,0.01064273
1990-12-26,4.16,4.1600,387.4,0.01073826
1990-12-27,4.16,4.1600,387.6,0.01073271
1990-12-28,4.25,4.2500,396.2,0.01072691
1990-12-31,4.25,4.2500,396.2,0.01072691
1991-01-02,4.17,4.1700,391.1,0.01066223
1991-01-03,4.27,4.2700,388.9,0.01097969
1991-01-04,4.21,4.2100,387.2,0.01087293
1991-01-07,4.34,4.3400,396.2,0.01095406
1991-01-08,4.18,4.1800,392.3,0.01065511
1991-01-09,4.17,4.1700,393,0.01061069
1991-01-10,4.14,4.1400,392.1,0.01055853
1991-01-11,4.17,4.1700,393.3,0.01060259
1991-01-14,4.26,4.2600,401.6,0.01060757
1991-01-15,4.22,4.2200,400.2,0.01054473
1991-01-16,4.24,4.2400,404.5,0.01048208
1991-01-17,4.04,4.0400,374.4,0.01079060
1991-01-18,4.01,4.0100,375.1,0.01069048
1991-01-21,4.02,4.0200,379.5,0.01059289
1991-01-22,4.03,4.0300,380.1,0.01060247
1991-01-23,3.94,3.9400,378.9,0.01039852
1991-01-24,3.79,3.7900,373.5,0.01014726
1991-01-25,3.82,3.8200,376.1,0.01015687
1991-01-28,3.84,3.8400,377.1,0.01018298
1991-01-29,3.87,3.8700,376.4,0.01028162
1991-01-30,3.83,3.8300,371.5,0.01030956
1991-01-31,3.85,3.8500,368.5,0.01044776
1991-02-01,3.87,3.8700,368.7,0.01049634
1991-02-04,3.86,3.8600,371.6,0.01038751
1991-02-05,3.86,3.8600,368.9,0.01046354
1991-02-06,3.79,3.7900,365.2,0.01037788
1991-02-07,3.81,3.8100,370,0.01029730
1991-02-08,3.83,3.8300,372.4,0.01028464
1991-02-11,3.7,3.7000,369.1,0.01002438
1991-02-12,3.71,3.7100,370.3,0.01001890
1991-02-13,3.75,3.7500,369.5,0.01014885
1991-02-14,3.83,3.8300,370.2,0.01034576
1991-02-15,3.79,3.7900,366.1,0.01035236
1991-02-19,3.69,3.6900,366.1,0.01007921
1991-02-20,3.68,3.6800,366.1,0.01005190
1991-02-21,3.64,3.6400,364.1,0.00999725
1991-02-22,3.51,3.5100,358.3,0.00979626
1991-02-25,3.58,3.5800,360.8,0.00992239
1991-02-26,3.61,3.6100,360.2,0.01002221
1991-02-27,3.62,3.6200,363.3,0.00996422
1991-02-28,3.77,3.7700,369,0.01021680
1991-03-01,3.82,3.8200,368.6,0.01036354
1991-03-04,3.9,3.9000,369.5,0.01055480
1991-03-05,3.88,3.8800,366.3,0.01059241
1991-03-06,3.91,3.9100,367.5,0.01063946
1991-03-07,4.01,4.0100,368.5,0.01088195
1991-03-08,4.21,4.2100,371.2,0.01134159
1991-03-11,4.11,4.1100,366.2,0.01122338
1991-03-12,4.04,4.0400,366.1,0.01103524
1991-03-13,4.14,4.1400,368.1,0.01124694
1991-03-14,4.07,4.0700,366.3,0.01111111
1991-03-15,4.12,4.1200,365.8,0.01126299
1991-03-18,3.98,3.9800,363.7,0.01094308
1991-03-19,4.05,4.0500,364.5,0.01111111
1991-03-20,3.96,3.9600,363.6,0.01089109
1991-03-21,4.02,4.0200,363.5,0.01105915
1991-03-22,3.99,3.9900,363.5,0.01097662
1991-03-25,3.95,3.9500,359.4,0.01099054
1991-03-26,3.91,3.9100,360.1,0.01085809
1991-03-27,3.83,3.8300,358.4,0.01068638
1991-03-28,3.87,3.8700,359.4,0.01076795
1991-04-01,3.96,3.9600,362.4,0.01092715
1991-04-02,4.01,4.0100,360.5,0.01112344
1991-04-03,4.08,4.0800,362.2,0.01126449
1991-04-04,4.06,4.0600,361.7,0.01122477
1991-04-05,3.95,3.9500,362.1,0.01090859
1991-04-08,3.98,3.9800,364,0.01093407
1991-04-09,4.03,4.0300,367.2,0.01097495
1991-04-10,3.98,3.9800,366.3,0.01086541
1991-04-11,3.98,3.9800,364.8,0.01091009
1991-04-12,3.99,3.9900,362.7,0.01100083
1991-04-15,3.99,3.9900,363.2,0.01098568
1991-04-16,4.02,4.0200,363.1,0.01107133
1991-04-17,4.09,4.0900,363.7,0.01124553
1991-04-18,3.94,3.9400,360.2,0.01093837
1991-04-19,3.91,3.9100,359,0.01089136
1991-04-22,3.94,3.9400,359.7,0.01095357
1991-04-23,3.99,3.9900,358.9,0.01111730
1991-04-24,3.97,3.9700,358.1,0.01108629
1991-04-25,3.94,3.9400,355.8,0.01107364
1991-04-26,3.96,3.9600,355.5,0.01113924
1991-04-29,3.96,3.9600,354.1,0.01118328
1991-04-30,4.01,4.0100,357.7,0.01121051
1991-05-01,3.99,3.9900,357.7,0.01115460
1991-05-02,4.04,4.0400,356.7,0.01132604
1991-05-03,3.98,3.9800,355.5,0.01119550
1991-05-06,4.04,4.0400,356.9,0.01131970
1991-05-07,4.07,4.0700,358.1,0.01136554
1991-05-08,4.08,4.0800,358.5,0.01138075
1991-05-09,4.08,4.0800,359.3,0.01135541
1991-05-10,4.06,4.0600,358.3,0.01133129
1991-05-13,4.02,4.0200,359.8,0.01117287
1991-05-14,4.08,4.0800,361.2,0.01129568
1991-05-15,4.13,4.1300,360.9,0.01144361
1991-05-16,4.04,4.0400,357.1,0.01131336
1991-05-17,4.03,4.0300,356,0.01132022
1991-05-20,4.05,4.0500,358.1,0.01130969
1991-05-21,4.06,4.0600,357.9,0.01134395
1991-05-22,4.06,4.0600,356.8,0.01137892
1991-05-23,4.06,4.0600,355.5,0.01142053
1991-05-24,4.05,4.0500,356.8,0.01135090
1991-05-28,4.17,4.1700,363.7,0.01146549
1991-05-29,4.17,4.1700,364.2,0.01144975
1991-05-30,4.17,4.1700,366.5,0.01137790
1991-05-31,4.12,4.1200,364.8,0.01129386
1991-06-03,4.17,4.1700,366.4,0.01138100
1991-06-04,4.16,4.1600,365.8,0.01137233
1991-06-05,4.18,4.1800,365.7,0.01143013
1991-06-06,4.43,4.4300,368.1,0.01203477
1991-06-07,4.47,4.4700,369.5,0.01209743
1991-06-10,4.56,4.5600,376.6,0.01210834
1991-06-11,4.51,4.5100,373.9,0.01206205
1991-06-12,4.5,4.5000,373.1,0.01206111
1991-06-13,4.52,4.5200,372.9,0.01212121
1991-06-14,4.43,4.4300,369.8,0.01197945
1991-06-17,4.45,4.4500,370.8,0.01200108
1991-06-18,4.46,4.4600,370.9,0.01202480
1991-06-19,4.44,4.4400,371.1,0.01196443
1991-06-20,4.45,4.4500,370.4,0.01201404
1991-06-21,4.38,4.3800,368.1,0.01189894
1991-06-24,4.35,4.3500,365.2,0.01191128
1991-06-25,4.38,4.3800,366.7,0.01194437
1991-06-26,4.41,4.4100,367.9,0.01198695
1991-06-27,4.44,4.4400,367.9,0.01206850
1991-06-28,4.47,4.4700,370,0.01208108
1991-07-01,4.49,4.4900,369.9,0.01213842
1991-07-02,4.46,4.4600,369.4,0.01207363
1991-07-03,4.53,4.5300,371.6,0.01219053
1991-07-08,4.51,4.5100,372.1,0.01212040
1991-07-09,4.47,4.4700,370.6,0.01206152
1991-07-10,4.46,4.4600,371.2,0.01201509
1991-07-11,4.38,4.3800,368.9,0.01187314
1991-07-12,4.4,4.4000,369.6,0.01190476
1991-07-15,4.39,4.3900,370.1,0.01186166
1991-07-16,4.4,4.4000,369.8,0.01189832
1991-07-17,4.45,4.4500,370.5,0.01201080
1991-07-18,4.41,4.4100,370.9,0.01189000
1991-07-19,4.42,4.4200,371.2,0.01190733
1991-07-22,4.36,4.3600,368.1,0.01184461
1991-07-23,4.29,4.2900,368.5,0.01164179
1991-07-24,4.01,4.0100,364.7,0.01099534
1991-07-25,4.08,4.0800,364.7,0.01118728
1991-07-26,4.1,4.1000,366.3,0.01119301
1991-07-29,4.08,4.0800,370.8,0.01100324
1991-07-30,4.07,4.0700,369.8,0.01100595
1991-07-31,4.08,4.0800,370.8,0.01100324
1991-08-01,4.05,4.0500,370.3,0.01093708
1991-08-02,3.94,3.9400,362.3,0.01087497
1991-08-05,3.94,3.9400,362.7,0.01086297
1991-08-06,3.96,3.9600,363.1,0.01090609
1991-08-07,3.97,3.9700,362.8,0.01094267
1991-08-08,3.93,3.9300,363.3,0.01081751
1991-08-09,3.98,3.9800,364.4,0.01092206
1991-08-12,3.96,3.9600,363.5,0.01089409
1991-08-13,3.94,3.9400,362.2,0.01087797
1991-08-14,3.96,3.9600,363.6,0.01089109
1991-08-15,3.93,3.9300,362.7,0.01083540
1991-08-16,4,4.0000,363.5,0.01100413
1991-08-19,4.07,4.0700,364.1,0.01117825
1991-08-20,4.01,4.0100,361.3,0.01109881
1991-08-21,4,4.0000,362.1,0.01104667
1991-08-22,3.98,3.9800,359.4,0.01107401
1991-08-23,4.01,4.0100,358.6,0.01118238
1991-08-26,4,4.0000,360.3,0.01110186
1991-08-27,3.98,3.9800,359.5,0.01107093
1991-08-28,3.99,3.9900,358.9,0.01111730
1991-08-29,3.88,3.8800,355.7,0.01090807
1991-08-30,3.87,3.8700,352.9,0.01096628
1991-09-03,3.97,3.9700,352.9,0.01124965
1991-09-04,3.96,3.9600,353,0.01121813
1991-09-05,3.92,3.9200,351.4,0.01115538
1991-09-06,4.03,4.0300,353.4,0.01140351
1991-09-09,4.1,4.1000,355.2,0.01154279
1991-09-10,4.04,4.0400,354,0.01141243
1991-09-11,4,4.0000,349.4,0.01144820
1991-09-12,4.01,4.0100,348.2,0.01151637
1991-09-13,4.04,4.0400,348.2,0.01160253
1991-09-16,4.05,4.0500,348.3,0.01162791
1991-09-17,4.11,4.1100,350.4,0.01172945
1991-09-18,4.13,4.1300,352.3,0.01172296
1991-09-19,4.12,4.1200,352,0.01170455
1991-09-20,4.14,4.1400,352.1,0.01175802
1991-09-23,4.22,4.2200,354.3,0.01191081
1991-09-24,4.3,4.3000,357.2,0.01203807
1991-09-25,4.26,4.2600,356.3,0.01195622
1991-09-26,4.16,4.1600,354.1,0.01174809
1991-09-27,4.12,4.1200,352.4,0.01169126
1991-09-30,4.17,4.1700,357.3,0.01167086
1991-10-01,4.2,4.2000,357.3,0.01175483
1991-10-02,4.18,4.1800,358.6,0.01165644
1991-10-03,4.22,4.2200,360.6,0.01170272
1991-10-04,4.17,4.1700,361.7,0.01152889
1991-10-07,4.15,4.1500,362,0.01146409
1991-10-08,4.08,4.0800,360.2,0.01132704
1991-10-09,4.11,4.1100,362.1,0.01135046
1991-10-10,4.08,4.0800,361.3,0.01129255
1991-10-11,4.15,4.1500,362.4,0.01145143
1991-10-14,4.1,4.1000,361.3,0.01134791
1991-10-15,4.08,4.0800,360.1,0.01133019
1991-10-16,4.13,4.1300,360.5,0.01145631
1991-10-17,4.12,4.1200,362.3,0.01137179
1991-10-18,4.16,4.1600,364.4,0.01141603
1991-10-21,4.17,4.1700,365.9,0.01139656
1991-10-22,4.16,4.1600,366,0.01136612
1991-10-23,4.12,4.1200,364.3,0.01130936
1991-10-24,4.13,4.1300,364,0.01134615
1991-10-25,4.11,4.1100,362.7,0.01133168
1991-10-28,4.08,4.0800,360.8,0.01130820
1991-10-29,4.12,4.1200,361.1,0.01140958
1991-10-30,4.11,4.1100,360.5,0.01140083
1991-10-31,4.11,4.1100,359.5,0.01143255
1991-11-01,4.06,4.0600,356.9,0.01137574
1991-11-04,4.08,4.0800,358.1,0.01139347
1991-11-05,4.06,4.0600,355.4,0.01142375
1991-11-06,4.07,4.0700,355.8,0.01143901
1991-11-07,4,4.0000,354.7,0.01127714
1991-11-08,4,4.0000,355.2,0.01126126
1991-11-11,4.01,4.0100,356.2,0.01125772
1991-11-12,4.04,4.0400,356.7,0.01132604
1991-11-13,4.05,4.0500,357.3,0.01133501
1991-11-14,3.98,3.9800,355.7,0.01118920
1991-11-15,4.03,4.0300,360.1,0.01119134
1991-11-18,4.03,4.0300,361.5,0.01114799
1991-11-19,4.07,4.0700,364.4,0.01116905
1991-11-20,4.08,4.0800,364.7,0.01118728
1991-11-21,4.12,4.1200,368.6,0.01117743
1991-11-22,4.13,4.1300,369.6,0.01117424
1991-11-25,4.14,4.1400,368.3,0.01124084
1991-11-26,4.14,4.1400,369.3,0.01121040
1991-11-27,4.12,4.1200,371.2,0.01109914
1991-11-29,4.11,4.1100,371.1,0.01107518
1991-12-02,4.11,4.1100,369.9,0.01111111
1991-12-03,4.06,4.0600,366.4,0.01108079
1991-12-04,4.06,4.0600,367.9,0.01103561
1991-12-05,4.08,4.0800,370,0.01102703
1991-12-06,4.07,4.0700,371.9,0.01094380
1991-12-09,4.06,4.0600,371.6,0.01092573
1991-12-10,4.02,4.0200,371.1,0.01083266
1991-12-11,3.95,3.9500,368.6,0.01071622
1991-12-12,3.86,3.8600,359.9,0.01072520
1991-12-13,3.88,3.8800,361.3,0.01073900
1991-12-16,3.86,3.8600,360.9,0.01069548
1991-12-17,3.87,3.8700,359.1,0.01077694
1991-12-18,3.87,3.8700,360.8,0.01072616
1991-12-19,3.86,3.8600,359.1,0.01074909
1991-12-20,3.88,3.8800,360.3,0.01076880
1991-12-23,3.94,3.9400,361,0.01091413
1991-12-24,3.94,3.9400,360.7,0.01092320
1991-12-26,3.93,3.9300,355.9,0.01104243
1991-12-27,3.89,3.8900,355,0.01095775
1991-12-30,3.88,3.8800,353.9,0.01096355
1991-12-31,3.91,3.9100,355.2,0.01100788
1992-01-02,3.98,3.9800,353.2,0.01126840
1992-01-03,3.97,3.9700,351.5,0.01129445
1992-01-06,3.97,3.9700,350.3,0.01133314
1992-01-07,3.94,3.9400,350.5,0.01124108
1992-01-08,3.97,3.9700,351.5,0.01129445
1992-01-09,4.15,4.1500,357.5,0.01160839
1992-01-10,4.11,4.1100,356.9,0.01151583
1992-01-13,4.09,4.0900,354.5,0.01153738
1992-01-14,4.1,4.1000,355.2,0.01154279
1992-01-15,4.16,4.1600,354.7,0.01172822
1992-01-16,4.34,4.3400,357,0.01215686
1992-01-17,4.29,4.2900,354.5,0.01210155
1992-01-20,4.28,4.2800,358.2,0.01194863
1992-01-21,4.29,4.2900,358.4,0.01196987
1992-01-22,4.29,4.2900,358.3,0.01197321
1992-01-23,4.22,4.2200,354.9,0.01189067
1992-01-24,4.16,4.1600,354.7,0.01172822
1992-01-27,4.17,4.1700,355,0.01174648
1992-01-28,4.19,4.1900,357.9,0.01170718
1992-01-29,4.25,4.2500,358.2,0.01186488
1992-01-30,4.14,4.1400,355.6,0.01164229
1992-01-31,4.18,4.1800,358.9,0.01164670
1992-02-03,4.17,4.1700,358.4,0.01163504
1992-02-04,4.17,4.1700,357.9,0.01165130
1992-02-05,4.2,4.2000,357.3,0.01175483
1992-02-06,4.22,4.2200,357.4,0.01180750
1992-02-07,4.19,4.1900,356.5,0.01175316
1992-02-10,4.2,4.2000,357.4,0.01175154
1992-02-11,4.18,4.1800,357.8,0.01168250
1992-02-12,4.21,4.2100,359.6,0.01170745
1992-02-13,4.2,4.2000,357.3,0.01175483
1992-02-14,4.16,4.1600,355.1,0.01171501
1992-02-18,4.06,4.0600,354.7,0.01144629
1992-02-19,4.05,4.0500,354.5,0.01142454
1992-02-20,4.12,4.1200,354.7,0.01161545
1992-02-21,4.1,4.1000,352.5,0.01163121
1992-02-24,4.09,4.0900,351.1,0.01164910
1992-02-25,4.1,4.1000,350.6,0.01169424
1992-02-26,4.09,4.0900,350.8,0.01165906
1992-02-27,4.14,4.1400,355,0.01166197
1992-02-28,4.13,4.1300,354.1,0.01166337
1992-03-02,4.15,4.1500,352.5,0.01177305
1992-03-03,4.13,4.1300,351.4,0.01175299
1992-03-04,4.14,4.1400,351.6,0.01177474
1992-03-05,4.17,4.1700,352.3,0.01183650
1992-03-06,4.18,4.1800,350.3,0.01193263
1992-03-09,4.19,4.1900,349.7,0.01198170
1992-03-10,4.17,4.1700,349.8,0.01192110
1992-03-11,4.17,4.1700,351.4,0.01186682
1992-03-12,4.11,4.1100,348,0.01181034
1992-03-13,4.12,4.1200,347.3,0.01186294
1992-03-16,4.09,4.0900,343.9,0.01189299
1992-03-17,4.07,4.0700,340.6,0.01194950
1992-03-18,4.05,4.0500,338.8,0.01195396
1992-03-19,4.14,4.1400,339.1,0.01220879
1992-03-20,4.13,4.1300,338.5,0.01220089
1992-03-23,4.11,4.1100,338.5,0.01214180
1992-03-24,4.11,4.1100,339.8,0.01209535
1992-03-25,4.1,4.1000,341.3,0.01201289
1992-03-26,4.11,4.1100,343,0.01198251
1992-03-27,4.16,4.1600,344.4,0.01207898
1992-03-30,4.14,4.1400,343.8,0.01204188
1992-03-31,4.14,4.1400,345.5,0.01198263
1992-04-01,4.1,4.1000,344.6,0.01189785
1992-04-02,4.09,4.0900,342.4,0.01194509
1992-04-03,4.09,4.0900,342.7,0.01193464
1992-04-06,4.11,4.1100,341.8,0.01202458
1992-04-07,4.08,4.0800,340.1,0.01199647
1992-04-08,4.09,4.0900,339.3,0.01205423
1992-04-09,4.11,4.1100,340.9,0.01205632
1992-04-10,4.11,4.1100,342.5,0.01200000
1992-04-13,4.09,4.0900,340.6,0.01200822
1992-04-14,4.11,4.1100,340.8,0.01205986
1992-04-15,4.01,4.0100,337,0.01189911
1992-04-16,3.97,3.9700,338.3,0.01173515
1992-04-20,3.97,3.9700,337.7,0.01175600
1992-04-21,4,4.0000,341.7,0.01170618
1992-04-22,4.05,4.0500,339.8,0.01191878
1992-04-23,4.05,4.0500,339.3,0.01193634
1992-04-24,4,4.0000,337.5,0.01185185
1992-04-27,3.97,3.9700,337.1,0.01177692
1992-04-28,3.97,3.9700,337.2,0.01177343
1992-04-29,3.98,3.9800,336.4,0.01183115
1992-04-30,4.01,4.0100,337.9,0.01186742
1992-05-01,4.03,4.0300,339.3,0.01187739
1992-05-04,4.03,4.0300,337.6,0.01193720
1992-05-05,4.08,4.0800,337.8,0.01207815
1992-05-06,4.09,4.0900,337.5,0.01211852
1992-05-07,4.06,4.0600,335.9,0.01208693
1992-05-08,4.1,4.1000,336.3,0.01219150
1992-05-11,4.11,4.1100,337,0.01219585
1992-05-12,4.11,4.1100,335.8,0.01223943
1992-05-13,4.1,4.1000,336.1,0.01219875
1992-05-14,4.12,4.1200,338.4,0.01217494
1992-05-15,4.1,4.1000,339.1,0.01209083
1992-05-18,4.1,4.1000,339.3,0.01208370
1992-05-19,4.09,4.0900,338.2,0.01209344
1992-05-20,4.09,4.0900,338.4,0.01208629
1992-05-21,4.08,4.0800,337.4,0.01209247
1992-05-22,4.1,4.1000,338.1,0.01212659
1992-05-26,4.1,4.1000,338.4,0.01211584
1992-05-27,4.09,4.0900,340,0.01202941
1992-05-28,4.07,4.0700,339,0.01200590
1992-05-29,4.02,4.0200,338.4,0.01187943
1992-06-01,4.05,4.0500,339.6,0.01192580
1992-06-02,4.08,4.0800,341.2,0.01195780
1992-06-03,4.07,4.0700,340.6,0.01194950
1992-06-04,4.08,4.0800,340.6,0.01197886
1992-06-05,4.06,4.0600,340.7,0.01191664
1992-06-08,4.05,4.0500,340.1,0.01190826
1992-06-09,4.05,4.0500,340.2,0.01190476
1992-06-10,4.06,4.0600,339.8,0.01194820
1992-06-11,4.11,4.1100,342.3,0.01200701
1992-06-12,4.13,4.1300,344.7,0.01198143
1992-06-15,4.14,4.1400,344.9,0.01200348
1992-06-16,4.1,4.1000,344,0.01191860
1992-06-17,4.09,4.0900,342.9,0.01192768
1992-06-18,4.09,4.0900,344.2,0.01188263
1992-06-19,4.02,4.0200,342.4,0.01174065
1992-06-22,4.04,4.0400,345.2,0.01170336
1992-06-23,4.03,4.0300,346,0.01164740
1992-06-24,4.02,4.0200,344.3,0.01167586
1992-06-25,4,4.0000,344.6,0.01160766
1992-06-26,4,4.0000,343.9,0.01163129
1992-06-29,4.04,4.0400,345.1,0.01170675
1992-06-30,4.06,4.0600,344.4,0.01178862
1992-07-01,4.06,4.0600,345.6,0.01174769
1992-07-02,4.06,4.0600,347.6,0.01168009
1992-07-06,4.05,4.0500,347.5,0.01165468
1992-07-07,3.9,3.9000,347.1,0.01123596
1992-07-08,3.9,3.9000,348.4,0.01119403
1992-07-09,3.95,3.9500,349.4,0.01130509
1992-07-10,3.94,3.9400,349,0.01128940
1992-07-13,3.94,3.9400,349.8,0.01126358
1992-07-14,3.96,3.9600,351.8,0.01125640
1992-07-15,3.96,3.9600,354.7,0.01116436
1992-07-16,3.93,3.9300,353.2,0.01112684
1992-07-17,3.99,3.9900,358,0.01114525
1992-07-20,3.98,3.9800,359.6,0.01106785
1992-07-21,3.96,3.9600,358.1,0.01105836
1992-07-22,3.99,3.9900,359.3,0.01110493
1992-07-23,3.98,3.9800,358.9,0.01108944
1992-07-24,3.98,3.9800,359.5,0.01107093
1992-07-27,3.96,3.9600,358.1,0.01105836
1992-07-28,3.96,3.9600,362.9,0.01091210
1992-07-29,3.9,3.9000,360.4,0.01082131
1992-07-30,3.93,3.9300,360.6,0.01089850
1992-07-31,3.94,3.9400,361.4,0.01090205
1992-08-03,3.89,3.8900,356.5,0.01091164
1992-08-04,3.88,3.8800,356.5,0.01088359
1992-08-05,3.89,3.8900,352.9,0.01102295
1992-08-06,3.92,3.9200,352.7,0.01111426
1992-08-07,3.97,3.9700,353.9,0.01121786
1992-08-10,3.96,3.9600,354,0.01118644
1992-08-11,3.9,3.9000,350.9,0.01111428
1992-08-12,3.77,3.7700,342,0.01102339
1992-08-13,3.81,3.8100,337.2,0.01129893
1992-08-14,3.83,3.8300,337.8,0.01133807
1992-08-17,3.82,3.8200,339.9,0.01123860
1992-08-18,3.81,3.8100,338.7,0.01124889
1992-08-19,3.81,3.8100,340.8,0.01117958
1992-08-20,3.77,3.7700,340.2,0.01108172
1992-08-21,3.76,3.7600,340,0.01105882
1992-08-24,3.75,3.7500,344.3,0.01089166
1992-08-25,3.74,3.7400,343.3,0.01089426
1992-08-26,3.71,3.7100,340.9,0.01088296
1992-08-27,3.74,3.7400,341.7,0.01094527
1992-08-28,3.71,3.7100,342.4,0.01083528
1992-08-31,3.77,3.7700,345.3,0.01091804
1992-09-01,3.75,3.7500,343.4,0.01092021
1992-09-02,3.73,3.7300,341.1,0.01093521
1992-09-03,3.76,3.7600,343.4,0.01094933
1992-09-04,3.73,3.7300,343.8,0.01084933
1992-09-08,3.74,3.7400,344.6,0.01085316
1992-09-09,3.74,3.7400,344.2,0.01086578
1992-09-10,3.73,3.7300,344.2,0.01083672
1992-09-11,3.71,3.7100,342.9,0.01081948
1992-09-14,3.8,3.8000,348.8,0.01089450
1992-09-15,3.83,3.8300,348.4,0.01099311
1992-09-16,3.85,3.8500,351.7,0.01094683
1992-09-17,3.79,3.7900,349.8,0.01083476
1992-09-18,3.87,3.8700,353,0.01096317
1992-09-21,3.83,3.8300,349.4,0.01096165
1992-09-22,3.85,3.8500,350.7,0.01097804
1992-09-23,3.83,3.8300,350.4,0.01093037
1992-09-24,3.84,3.8400,351,0.01094017
1992-09-25,3.82,3.8200,351.1,0.01088009
1992-09-28,3.75,3.7500,349.4,0.01073268
1992-09-29,3.75,3.7500,349.9,0.01071735
1992-09-30,3.76,3.7600,349.4,0.01076131
1992-10-01,3.74,3.7400,349.1,0.01071326
1992-10-02,3.76,3.7600,349.6,0.01075515
1992-10-05,3.77,3.7700,352,0.01071023
1992-10-06,3.75,3.7500,351.4,0.01067160
1992-10-07,3.75,3.7500,352.2,0.01064736
1992-10-08,3.75,3.7500,351,0.01068376
1992-10-09,3.78,3.7800,351.4,0.01075697
1992-10-12,3.75,3.7500,346.1,0.01083502
1992-10-13,3.71,3.7100,344.9,0.01075674
1992-10-14,3.71,3.7100,343.7,0.01079430
1992-10-15,3.7,3.7000,341.9,0.01082188
1992-10-16,3.72,3.7200,343.2,0.01083916
1992-10-19,3.73,3.7300,343.4,0.01086197
1992-10-20,3.79,3.7900,344.6,0.01099826
1992-10-21,3.81,3.8100,344.8,0.01104988
1992-10-22,3.79,3.7900,343.7,0.01102706
1992-10-23,3.78,3.7800,344.2,0.01098199
1992-10-26,3.76,3.7600,341.7,0.01100380
1992-10-27,3.75,3.7500,338,0.01109467
1992-10-28,3.77,3.7700,340.1,0.01108498
1992-10-29,3.77,3.7700,340.2,0.01108172
1992-10-30,3.76,3.7600,340.1,0.01105557
1992-11-02,3.79,3.7900,340.6,0.01112742
1992-11-03,3.78,3.7800,338.2,0.01117682
1992-11-04,3.85,3.8500,337.7,0.01140065
1992-11-05,3.94,3.9400,336.8,0.01169834
1992-11-06,3.88,3.8800,336.2,0.01154075
1992-11-09,3.7,3.7000,333.1,0.01110778
1992-11-10,3.65,3.6500,330.1,0.01105726
1992-11-11,3.67,3.6700,332.1,0.01105089
1992-11-12,3.78,3.7800,333.5,0.01133433
1992-11-13,3.75,3.7500,335.4,0.01118068
1992-11-16,3.75,3.7500,334,0.01122754
1992-11-17,3.76,3.7600,334.4,0.01124402
1992-11-18,3.76,3.7600,335.2,0.01121718
1992-11-19,3.76,3.7600,335.4,0.01121049
1992-11-20,3.76,3.7600,335.3,0.01121384
1992-11-23,3.75,3.7500,334.4,0.01121411
1992-11-24,3.79,3.7900,335.3,0.01130331
1992-11-25,3.79,3.7900,334.7,0.01132357
1992-11-27,3.76,3.7600,335.5,0.01120715
1992-11-30,3.77,3.7700,335.5,0.01123696
1992-12-01,3.77,3.7700,336.1,0.01121690
1992-12-02,3.77,3.7700,336.9,0.01119026
1992-12-03,3.78,3.7800,336.4,0.01123662
1992-12-04,3.78,3.7800,336.6,0.01122995
1992-12-07,3.79,3.7900,337,0.01124629
1992-12-08,3.77,3.7700,336.3,0.01121023
1992-12-09,3.72,3.7200,334.5,0.01112108
1992-12-10,3.74,3.7400,335,0.01116418
1992-12-11,3.74,3.7400,336,0.01113095
1992-12-14,3.74,3.7400,335.4,0.01115086
1992-12-15,3.72,3.7200,335.3,0.01109454
1992-12-16,3.76,3.7600,338.7,0.01110127
1992-12-17,3.8,3.8000,339.2,0.01120283
1992-12-18,3.79,3.7900,337.7,0.01122298
1992-12-21,3.76,3.7600,334.6,0.01123730
1992-12-22,3.71,3.7100,332.8,0.01114784
1992-12-23,3.71,3.7100,333.4,0.01112777
1992-12-24,3.69,3.6900,333.4,0.01106779
1992-12-28,3.69,3.6900,333.4,0.01106779
1992-12-29,3.67,3.6700,332.8,0.01102764
1992-12-30,3.69,3.6900,333.3,0.01107111
1992-12-31,3.69,3.6900,333.1,0.01107775
1993-01-04,3.65,3.6500,328.4,0.01111449
1993-01-05,3.69,3.6900,329,0.01121581
1993-01-06,3.71,3.7100,330.1,0.01123902
1993-01-07,3.67,3.6700,329,0.01115502
1993-01-08,3.69,3.6900,329.5,0.01119879
1993-01-11,3.67,3.6700,327.8,0.01119585
1993-01-12,3.7,3.7000,328.8,0.01125304
1993-01-13,3.7,3.7000,327.6,0.01129426
1993-01-14,3.67,3.6700,327.3,0.01121295
1993-01-15,3.67,3.6700,327,0.01122324
1993-01-18,3.68,3.6800,328,0.01121951
1993-01-19,3.69,3.6900,328.6,0.01122946
1993-01-20,3.74,3.7400,329.8,0.01134021
1993-01-21,3.72,3.7200,329.3,0.01129669
1993-01-22,3.71,3.7100,328.6,0.01129032
1993-01-25,3.69,3.6900,328.8,0.01122263
1993-01-26,3.7,3.7000,331.1,0.01117487
1993-01-27,3.68,3.6800,330.4,0.01113801
1993-01-28,3.71,3.7100,331.1,0.01120507
1993-01-29,3.66,3.6600,330.7,0.01106743
1993-02-01,3.67,3.6700,330.7,0.01109767
1993-02-02,3.67,3.6700,330.6,0.01110103
1993-02-03,3.66,3.6600,329.5,0.01110774
1993-02-04,3.67,3.6700,329.2,0.01114824
1993-02-05,3.66,3.6600,328.9,0.01112800
1993-02-08,3.67,3.6700,329.1,0.01115163
1993-02-09,3.7,3.7000,329.6,0.01122573
1993-02-10,3.76,3.7600,333.7,0.01126761
1993-02-11,3.76,3.7600,332.7,0.01130147
1993-02-12,3.69,3.6900,330,0.01118182
1993-02-16,3.71,3.7100,333.4,0.01112777
1993-02-17,3.65,3.6500,331.5,0.01101056
1993-02-18,3.63,3.6300,331.5,0.01095023
1993-02-19,3.56,3.5600,331,0.01075529
1993-02-22,3.52,3.5200,328.8,0.01070560
1993-02-23,3.61,3.6100,331.6,0.01088661
1993-02-24,3.58,3.5800,330.4,0.01083535
1993-02-25,3.56,3.5600,330.6,0.01076830
1993-02-26,3.6,3.6000,329.1,0.01093892
1993-03-01,3.58,3.5800,329.3,0.01087155
1993-03-02,3.59,3.5900,330.5,0.01086233
1993-03-03,3.58,3.5800,329.7,0.01085836
1993-03-04,3.58,3.5800,329.6,0.01086165
1993-03-05,3.59,3.5900,330.4,0.01086562
1993-03-08,3.56,3.5600,327.7,0.01086359
1993-03-09,3.58,3.5800,327.2,0.01094132
1993-03-10,3.58,3.5800,326.9,0.01095136
1993-03-11,3.64,3.6400,327.6,0.01111111
1993-03-12,3.64,3.6400,328.5,0.01108067
1993-03-15,3.67,3.6700,329.8,0.01112796
1993-03-16,3.67,3.6700,329.6,0.01113471
1993-03-17,3.64,3.6400,329.7,0.01104034
1993-03-18,3.69,3.6900,331.2,0.01114130
1993-03-19,3.69,3.6900,332.3,0.01110442
1993-03-22,3.69,3.6900,333.3,0.01107111
1993-03-23,3.66,3.6600,332.3,0.01101414
1993-03-24,3.69,3.6900,332.7,0.01109107
1993-03-25,3.72,3.7200,334.4,0.01112440
1993-03-26,3.73,3.7300,334.2,0.01116098
1993-03-29,3.75,3.7500,333.9,0.01123091
1993-03-30,3.9,3.9000,338.8,0.01151122
1993-03-31,3.89,3.8900,339.3,0.01146478
1993-04-01,3.91,3.9100,340.2,0.01149324
1993-04-02,3.97,3.9700,342.3,0.01159801
1993-04-05,3.92,3.9200,341,0.01149560
1993-04-06,3.85,3.8500,339.3,0.01134689
1993-04-07,3.87,3.8700,339.7,0.01139241
1993-04-08,3.84,3.8400,338.9,0.01133078
1993-04-12,3.88,3.8800,338.2,0.01147250
1993-04-13,3.88,3.8800,338.8,0.01145218
1993-04-14,3.94,3.9400,340.8,0.01156103
1993-04-15,3.88,3.8800,338.3,0.01146911
1993-04-16,3.95,3.9500,340.2,0.01161082
1993-04-19,3.94,3.9400,341.5,0.01153734
1993-04-20,3.95,3.9500,341.1,0.01158018
1993-04-21,3.93,3.9300,340.7,0.01153507
1993-04-22,3.94,3.9400,341.2,0.01154748
1993-04-23,3.98,3.9800,347.5,0.01145324
1993-04-26,4.09,4.0900,353.8,0.01156020
1993-04-27,4.12,4.1200,352.1,0.01170122
1993-04-28,4.21,4.2100,354.4,0.01187923
1993-04-29,4.38,4.3800,357.4,0.01225518
1993-04-30,4.42,4.4200,357.2,0.01237402
1993-05-03,4.32,4.3200,355.3,0.01215874
1993-05-04,4.29,4.2900,355.7,0.01206073
1993-05-05,4.32,4.3200,355.5,0.01215190
1993-05-06,4.38,4.3800,358.3,0.01222439
1993-05-07,4.29,4.2900,357.4,0.01200336
1993-05-10,4.28,4.2800,357.2,0.01198208
1993-05-11,4.27,4.2700,357.3,0.01195074
1993-05-12,4.39,4.3900,361.8,0.01213378
1993-05-13,4.48,4.4800,369.3,0.01213106
1993-05-14,4.46,4.4600,368.3,0.01210969
1993-05-17,4.42,4.4200,368,0.01201087
1993-05-18,4.62,4.6200,376,0.01228723
1993-05-19,4.54,4.5400,374.2,0.01213255
1993-05-20,4.53,4.5300,374.7,0.01208967
1993-05-21,4.68,4.6800,377.9,0.01238423
1993-05-24,4.55,4.5500,374.2,0.01215927
1993-05-25,4.64,4.6400,378.7,0.01225244
1993-05-26,4.56,4.5600,377.4,0.01208267
1993-05-27,4.7,4.7000,383.4,0.01225874
1993-05-28,4.62,4.6200,380.3,0.01214830
1993-06-01,4.41,4.4100,371.3,0.01187719
1993-06-02,4.37,4.3700,370.8,0.01178533
1993-06-03,4.46,4.4600,376.2,0.01185540
1993-06-04,4.45,4.4500,378.5,0.01175694
1993-06-07,4.42,4.4200,375.7,0.01176471
1993-06-08,4.4,4.4000,375.6,0.01171459
1993-06-09,4.34,4.3400,373,0.01163539
1993-06-10,4.31,4.3100,371,0.01161725
1993-06-11,4.19,4.1900,367.5,0.01140136
1993-06-14,4.22,4.2200,366.6,0.01151118
1993-06-15,4.29,4.2900,370.8,0.01156958
1993-06-16,4.33,4.3300,371.5,0.01165545
1993-06-17,4.34,4.3400,372.2,0.01166040
1993-06-18,4.29,4.2900,372.5,0.01151678
1993-06-21,4.29,4.2900,371.1,0.01156023
1993-06-22,4.26,4.2600,369.7,0.01152286
1993-06-23,4.39,4.3900,375.5,0.01169108
1993-06-24,4.39,4.3900,376.1,0.01167243
1993-06-25,4.49,4.4900,378.1,0.01187517
1993-06-28,4.48,4.4800,376.1,0.01191173
1993-06-29,4.59,4.5900,379.5,0.01209486
1993-06-30,4.59,4.5900,379.2,0.01210443
1993-07-01,4.8,4.8000,388.2,0.01236476
1993-07-02,4.89,4.8900,386.7,0.01264546
1993-07-06,5.12,5.1200,393.1,0.01302468
1993-07-07,5.13,5.1300,397.8,0.01289593
1993-07-08,5.08,5.0800,395.6,0.01284125
1993-07-09,5.03,5.0300,392.3,0.01282182
1993-07-12,5.08,5.0800,394.9,0.01286402
1993-07-13,5.07,5.0700,394.5,0.01285171
1993-07-14,4.96,4.9600,391.4,0.01267246
1993-07-15,5.07,5.0700,393.9,0.01287129
1993-07-16,5.07,5.0700,392.9,0.01290405
1993-07-19,5.07,5.0700,392.4,0.01292049
1993-07-20,5.06,5.0600,392.2,0.01290158
1993-07-21,4.96,4.9600,389.5,0.01273427
1993-07-22,5.01,5.0100,391.3,0.01280348
1993-07-23,4.98,4.9800,390,0.01276923
1993-07-26,5.1,5.1000,393.1,0.01297380
1993-07-27,5.08,5.0800,395.6,0.01284125
1993-07-28,5.17,5.1700,397.8,0.01299648
1993-07-29,5.22,5.2200,402.2,0.01297862
1993-07-30,5.41,5.4100,411.3,0.01315342
1993-08-02,5.46,5.4600,410.2,0.01331058
1993-08-03,5.38,5.3800,407.6,0.01319921
1993-08-04,5.26,5.2600,403.3,0.01304240
1993-08-05,4.78,4.7800,380.7,0.01255582
1993-08-06,4.58,4.5800,379.9,0.01205580
1993-08-09,4.77,4.7700,386.8,0.01233195
1993-08-10,4.76,4.7600,384.4,0.01238293
1993-08-11,4.68,4.6800,378.7,0.01235807
1993-08-12,4.56,4.5600,370.7,0.01230105
1993-08-13,4.67,4.6700,372.6,0.01253355
1993-08-16,4.79,4.7900,376.4,0.01272582
1993-08-17,4.75,4.7500,374.9,0.01267005
1993-08-18,4.75,4.7500,377.5,0.01258278
1993-08-19,4.7,4.7000,374.4,0.01255342
1993-08-20,4.84,4.8400,376.4,0.01285866
1993-08-23,4.81,4.8100,375.5,0.01280959
1993-08-24,4.78,4.7800,374.9,0.01275007
1993-08-25,4.78,4.7800,375.5,0.01272969
1993-08-26,4.72,4.7200,370.8,0.01272923
1993-08-27,4.79,4.7900,372.1,0.01287288
1993-08-30,4.88,4.8800,373.3,0.01307260
1993-08-31,4.88,4.8800,375.7,0.01298909
1993-09-01,4.79,4.7900,372.6,0.01285561
1993-09-02,4.61,4.6100,366.3,0.01258531
1993-09-03,4.56,4.5600,367.1,0.01242168
1993-09-07,4.3,4.3000,352.5,0.01219858
1993-09-08,4.26,4.2600,353.6,0.01204751
1993-09-09,4.28,4.2800,356.5,0.01200561
1993-09-10,4.1,4.1000,352.4,0.01163451
1993-09-13,3.94,3.9400,344.8,0.01142691
1993-09-14,4,4.0000,346.9,0.01153070
1993-09-15,4.01,4.0100,349.6,0.01147025
1993-09-16,4.1,4.1000,354.7,0.01155906
1993-09-17,4.07,4.0700,352.8,0.01153628
1993-09-20,4.12,4.1200,355.5,0.01158931
1993-09-21,4.21,4.2100,365,0.01153425
1993-09-22,4.07,4.0700,356,0.01143258
1993-09-23,4.18,4.1800,360,0.01161111
1993-09-24,4.14,4.1400,359.4,0.01151920
1993-09-27,4.07,4.0700,355.7,0.01144223
1993-09-28,4.1,4.1000,357.3,0.01147495
1993-09-29,4.04,4.0400,354.7,0.01138991
1993-09-30,4.08,4.0800,357.1,0.01142537
1993-10-01,4.06,4.0600,356.9,0.01137574
1993-10-04,4.08,4.0800,354.6,0.01150592
1993-10-05,4.08,4.0800,354.8,0.01149944
1993-10-06,4.29,4.2900,358.2,0.01197655
1993-10-07,4.38,4.3800,358.5,0.01221757
1993-10-08,4.36,4.3600,361.5,0.01206086
1993-10-11,4.33,4.3300,361.7,0.01197125
1993-10-12,4.44,4.4400,369.2,0.01202600
1993-10-13,4.43,4.4300,367.6,0.01205114
1993-10-14,4.35,4.3500,366.6,0.01186579
1993-10-15,4.36,4.3600,366.2,0.01190606
1993-10-18,4.42,4.4200,369.6,0.01195887
1993-10-19,4.43,4.4300,370.3,0.01196327
1993-10-20,4.54,4.5400,373.8,0.01214553
1993-10-21,4.53,4.5300,372.8,0.01215129
1993-10-22,4.46,4.4600,371.3,0.01201185
1993-10-25,4.42,4.4200,370.5,0.01192982
1993-10-26,4.39,4.3900,370.3,0.01185525
1993-10-27,4.46,4.4600,370.7,0.01203129
1993-10-28,4.39,4.3900,370.2,0.01185845
1993-10-29,4.37,4.3700,369.6,0.01182359
1993-11-01,4.22,4.2200,362.1,0.01165424
1993-11-02,4.19,4.1900,363.6,0.01152365
1993-11-03,4.31,4.3100,368,0.01171196
1993-11-04,4.38,4.3800,372.4,0.01176155
1993-11-05,4.5,4.5000,377.8,0.01191106
1993-11-08,4.5,4.5000,375.5,0.01198402
1993-11-09,4.53,4.5300,376.6,0.01202868
1993-11-10,4.58,4.5800,377.4,0.01213567
1993-11-11,4.55,4.5500,376.4,0.01208820
1993-11-12,4.51,4.5100,373.6,0.01207173
1993-11-15,4.55,4.5500,375.7,0.01211073
1993-11-16,4.56,4.5600,374.6,0.01217298
1993-11-17,4.6,4.6000,377.2,0.01219512
1993-11-18,4.67,4.6700,376.7,0.01239713
1993-11-19,4.71,4.7100,378.3,0.01245044
1993-11-22,4.7,4.7000,378.5,0.01241744
1993-11-23,4.71,4.7100,377.3,0.01248343
1993-11-24,4.69,4.6900,379.2,0.01236814
1993-11-29,4.49,4.4900,371.5,0.01208614
1993-11-30,4.46,4.4600,371.9,0.01199247
1993-12-01,4.69,4.6900,376.6,0.01245353
1993-12-02,4.65,4.6500,375.6,0.01238019
1993-12-03,4.85,4.8500,378.6,0.01281035
1993-12-06,4.86,4.8600,377.8,0.01286395
1993-12-07,4.95,4.9500,379.3,0.01305036
1993-12-08,5.01,5.0100,385.7,0.01298937
1993-12-09,5,5.0000,384.4,0.01300728
1993-12-10,5.06,5.0600,384.9,0.01314627
1993-12-13,5.17,5.1700,388.6,0.01330417
1993-12-14,5.1,5.1000,386.7,0.01318852
1993-12-15,5.1,5.1000,386.85,0.01318340
1993-12-16,5.01,5.0100,385.5,0.01299611
1993-12-17,5.03,5.0300,387,0.01299742
1993-12-20,5.11,5.1100,389,0.01313625
1993-12-21,5.06,5.0600,387.2,0.01306818
1993-12-22,5.05,5.0500,386.2,0.01307613
1993-12-23,5.05,5.0500,385.8,0.01308968
1993-12-24,5.02,5.0200,386.5,0.01298836
1993-12-27,5.1,5.1000,387.7,0.01315450
1993-12-28,5.08,5.0800,387.3,0.01311645
1993-12-29,5.11,5.1100,390,0.01310256
1993-12-30,5.09,5.0900,390.5,0.01303457
1993-12-31,5.1,5.1000,390.5,0.01306018
1994-01-03,5.22,5.2200,393.5,0.01326557
1994-01-04,5.19,5.1900,393.35,0.01319436
1994-01-05,5.04,5.0400,390.65,0.01290157
1994-01-06,5.1,5.1000,388.75,0.01311897
1994-01-07,5,5.0000,386.3,0.01294331
1994-01-10,5.02,5.0200,384.6,0.01305252
1994-01-11,5.11,5.1100,387.7,0.01318029
1994-01-12,5.07,5.0700,386,0.01313472
1994-01-13,5.19,5.1900,389.7,0.01331794
1994-01-14,5.22,5.2200,389.3,0.01340868
1994-01-17,5.31,5.3100,391.2,0.01357362
1994-01-18,5.31,5.3100,392.5,0.01352866
1994-01-19,5.33,5.3300,392.35,0.01358481
1994-01-20,5.26,5.2600,387.3,0.01358120
1994-01-21,5.1,5.1000,381.1,0.01338231
1994-01-24,5.12,5.1200,381.1,0.01343479
1994-01-25,5.09,5.0900,381.3,0.01334907
1994-01-26,5.13,5.1300,384.35,0.01334721
1994-01-27,4.96,4.9600,375.5,0.01320905
1994-01-28,5.01,5.0100,376.8,0.01329618
1994-01-31,5.13,5.1300,382,0.01342932
1994-02-01,5.28,5.2800,384.2,0.01374284
1994-02-02,5.32,5.3200,384.9,0.01382177
1994-02-03,5.43,5.4300,387.2,0.01402376
1994-02-04,5.4,5.4000,386.6,0.01396793
1994-02-07,5.19,5.1900,378.75,0.01370297
1994-02-08,5.26,5.2600,382,0.01376963
1994-02-09,5.31,5.3100,383.25,0.01385519
1994-02-10,5.3,5.3000,381.5,0.01389253
1994-02-11,5.25,5.2500,380.1,0.01381215
1994-02-14,5.34,5.3400,383.5,0.01392438
1994-02-15,5.23,5.2300,383,0.01365535
1994-02-16,5.26,5.2600,383.3,0.01372293
1994-02-17,5.23,5.2300,382.5,0.01367320
1994-02-18,5.17,5.1700,379.75,0.01361422
1994-02-21,5.18,5.1800,379.95,0.01363337
1994-02-22,5.21,5.2100,377.6,0.01379767
1994-02-23,5.23,5.2300,377.5,0.01385430
1994-02-24,5.17,5.1700,376.25,0.01374086
1994-02-25,5.22,5.2200,378.3,0.01379857
1994-02-28,5.36,5.3600,381.25,0.01405902
1994-03-01,5.29,5.2900,378.25,0.01398546
1994-03-02,5.28,5.2800,377.6,0.01398305
1994-03-03,5.24,5.2400,377.35,0.01388631
1994-03-04,5.24,5.2400,376.7,0.01391027
1994-03-07,5.18,5.1800,375.9,0.01378026
1994-03-08,5.2,5.2000,376.5,0.01381142
1994-03-09,5.3,5.3000,378.9,0.01398786
1994-03-10,5.37,5.3700,386.35,0.01389931
1994-03-11,5.37,5.3700,384.85,0.01395349
1994-03-14,5.44,5.4400,386.3,0.01408232
1994-03-15,5.46,5.4600,386.6,0.01412312
1994-03-16,5.39,5.3900,384.8,0.01400728
1994-03-17,5.35,5.3500,382.4,0.01399059
1994-03-18,5.4,5.4000,386.8,0.01396070
1994-03-21,5.4,5.4000,386.5,0.01397154
1994-03-22,5.63,5.6300,389,0.01447301
1994-03-23,5.58,5.5800,386.6,0.01443352
1994-03-24,5.72,5.7200,391,0.01462916
1994-03-25,5.78,5.7800,390.6,0.01479775
1994-03-28,5.69,5.6900,388,0.01466495
1994-03-29,5.64,5.6400,385.8,0.01461897
1994-03-30,5.62,5.6200,385.9,0.01456336
1994-03-31,5.76,5.7600,391.6,0.01470889
1994-04-01,5.76,5.7600,389.15,0.01480149
1994-04-04,5.6,5.6000,387.1,0.01446655
1994-04-05,5.55,5.5500,384.35,0.01443996
1994-04-06,5.49,5.4900,384.8,0.01426715
1994-04-07,5.45,5.4500,384.5,0.01417425
1994-04-08,5.48,5.4800,384,0.01427083
1994-04-11,5.26,5.2600,378.5,0.01389696
1994-04-12,5.3,5.3000,378.75,0.01399340
1994-04-13,5.3,5.3000,378.25,0.01401190
1994-04-14,5.3,5.3000,378.3,0.01401004
1994-04-15,5.24,5.2400,377.75,0.01387161
1994-04-18,5.27,5.2700,377,0.01397878
1994-04-19,5.2,5.2000,371.8,0.01398601
1994-04-20,5.24,5.2400,372.5,0.01406711
1994-04-21,5.22,5.2200,373.2,0.01398714
1994-04-22,5.09,5.0900,370.8,0.01372708
1994-04-25,5.13,5.1300,373.15,0.01374782
1994-04-26,5.18,5.1800,374,0.01385027
1994-04-27,5.16,5.1600,374,0.01379679
1994-04-28,5.26,5.2600,375.75,0.01399867
1994-04-29,5.34,5.3400,376.7,0.01417574
1994-05-02,5.3,5.3000,376.1,0.01409200
1994-05-03,5.25,5.2500,375.5,0.01398136
1994-05-04,5.18,5.1800,376.2,0.01376927
1994-05-05,5.1,5.1000,373.4,0.01365828
1994-05-06,5.45,5.4500,383.3,0.01421863
1994-05-09,5.4,5.4000,381.1,0.01416951
1994-05-10,5.28,5.2800,378.7,0.01394243
1994-05-11,5.43,5.4300,381.8,0.01422211
1994-05-12,5.36,5.3600,380,0.01410526
1994-05-13,5.4,5.4000,380.5,0.01419185
1994-05-16,5.55,5.5500,382.4,0.01451360
1994-05-17,5.5,5.5000,381,0.01443570
1994-05-18,5.53,5.5300,381.5,0.01449541
1994-05-19,5.52,5.5200,381.2,0.01448059
1994-05-20,5.63,5.6300,385.45,0.01460630
1994-05-23,5.74,5.7400,388.8,0.01476337
1994-05-24,5.61,5.6100,386.85,0.01450174
1994-05-25,5.54,5.5400,386.5,0.01433376
1994-05-26,5.46,5.4600,384.2,0.01421135
1994-05-27,5.45,5.4500,384.5,0.01417425
1994-05-30,5.46,5.4600,385,0.01418182
1994-05-31,5.53,5.5300,386.6,0.01430419
1994-06-01,5.34,5.3400,383.4,0.01392801
1994-06-02,5.37,5.3700,383.8,0.01399166
1994-06-03,5.29,5.2900,380.5,0.01390276
1994-06-06,5.25,5.2500,380.3,0.01380489
1994-06-07,5.29,5.2900,381.1,0.01388087
1994-06-08,5.36,5.3600,382,0.01403141
1994-06-09,5.36,5.3600,382.85,0.01400026
1994-06-10,5.35,5.3500,383.3,0.01395774
1994-06-13,5.38,5.3800,383.15,0.01404150
1994-06-14,5.39,5.3900,384.15,0.01403098
1994-06-15,5.49,5.4900,386.6,0.01420072
1994-06-16,5.46,5.4600,385.4,0.01416710
1994-06-17,5.59,5.5900,391.5,0.01427842
1994-06-20,5.48,5.4800,389.2,0.01408016
1994-06-21,5.57,5.5700,393.4,0.01415862
1994-06-22,5.37,5.3700,389.7,0.01377983
1994-06-23,5.38,5.3800,389.6,0.01380903
1994-06-24,5.39,5.3900,390.7,0.01379575
1994-06-27,5.26,5.2600,384.95,0.01366411
1994-06-28,5.29,5.2900,386.15,0.01369934
1994-06-29,5.27,5.2700,384.9,0.01369187
1994-06-30,5.36,5.3600,385.5,0.01390402
1994-07-01,5.41,5.4100,386.7,0.01399017
1994-07-04,5.39,5.3900,386.7,0.01393845
1994-07-05,5.32,5.3200,385.8,0.01378953
1994-07-06,5.25,5.2500,383.7,0.01368256
1994-07-07,5.23,5.2300,384.4,0.01360562
1994-07-08,5.26,5.2600,384.25,0.01368900
1994-07-11,5.31,5.3100,387,0.01372093
1994-07-12,5.25,5.2500,385.35,0.01362398
1994-07-13,5.14,5.1400,383.35,0.01340811
1994-07-14,5.19,5.1900,384,0.01351563
1994-07-15,5.25,5.2500,385.8,0.01360809
1994-07-18,5.25,5.2500,385.8,0.01360809
1994-07-19,5.31,5.3100,386.45,0.01374046
1994-07-20,5.28,5.2800,385.35,0.01370183
1994-07-21,5.24,5.2400,384.25,0.01363696
1994-07-22,5.26,5.2600,384.8,0.01366944
1994-07-25,5.29,5.2900,384.85,0.01374562
1994-07-26,5.31,5.3100,386.85,0.01372625
1994-07-27,5.35,5.3500,387.4,0.01381002
1994-07-28,5.34,5.3400,385.1,0.01386653
1994-07-29,5.31,5.3100,383.2,0.01385699
1994-08-01,5.31,5.3100,383.5,0.01384615
1994-08-02,5.2,5.2000,379.4,0.01370585
1994-08-03,5.19,5.1900,378,0.01373016
1994-08-04,5.16,5.1600,377.6,0.01366525
1994-08-05,5.14,5.1400,377.7,0.01360868
1994-08-08,5.11,5.1100,376.8,0.01356157
1994-08-09,5.14,5.1400,377.75,0.01360688
1994-08-10,5.14,5.1400,377.4,0.01361950
1994-08-11,5.19,5.1900,378.65,0.01370659
1994-08-12,5.07,5.0700,376.6,0.01346256
1994-08-15,5.07,5.0700,377.4,0.01343402
1994-08-16,5.1,5.1000,377.25,0.01351889
1994-08-17,5.11,5.1100,377.2,0.01354719
1994-08-18,5.17,5.1700,381.15,0.01356421
1994-08-19,5.21,5.2100,381.9,0.01364231
1994-08-22,5.21,5.2100,381.5,0.01365662
1994-08-23,5.21,5.2100,381.6,0.01365304
1994-08-24,5.25,5.2500,383.8,0.01367900
1994-08-25,5.25,5.2500,383.25,0.01369863
1994-08-26,5.21,5.2100,383.3,0.01359249
1994-08-29,5.4,5.4000,386.55,0.01396973
1994-08-30,5.36,5.3600,386.1,0.01388241
1994-08-31,5.43,5.4300,386,0.01406736
1994-09-01,5.42,5.4200,386.8,0.01401241
1994-09-02,5.42,5.4200,386.9,0.01400879
1994-09-05,5.41,5.4100,386.95,0.01398113
1994-09-06,5.47,5.4700,387.75,0.01410703
1994-09-07,5.49,5.4900,389.55,0.01409318
1994-09-08,5.44,5.4400,390.25,0.01393978
1994-09-09,5.51,5.5100,391.75,0.01406509
1994-09-12,5.47,5.4700,390.7,0.01400051
1994-09-13,5.47,5.4700,390.5,0.01400768
1994-09-14,5.42,5.4200,388.4,0.01395469
1994-09-15,5.37,5.3700,387.9,0.01384377
1994-09-16,5.42,5.4200,389.6,0.01391170
1994-09-19,5.43,5.4300,390.25,0.01391416
1994-09-20,5.61,5.6100,393.5,0.01425667
1994-09-21,5.6,5.6000,393.65,0.01422584
1994-09-22,5.71,5.7100,396.2,0.01441191
1994-09-23,5.69,5.6900,395.7,0.01437958
1994-09-26,5.62,5.6200,394,0.01426396
1994-09-27,5.7,5.7000,397.35,0.01434504
1994-09-28,5.59,5.5900,394.2,0.01418062
1994-09-29,5.63,5.6300,395.25,0.01424415
1994-09-30,5.61,5.6100,394.6,0.01421693
1994-10-03,5.63,5.6300,394.55,0.01426942
1994-10-04,5.6,5.6000,392.45,0.01426933
1994-10-05,5.6,5.6000,391.65,0.01429848
1994-10-06,5.62,5.6200,392.15,0.01433125
1994-10-07,5.6,5.6000,391,0.01432225
1994-10-10,5.56,5.5600,390.4,0.01424180
1994-10-11,5.49,5.4900,387.7,0.01416043
1994-10-12,5.47,5.4700,387.8,0.01410521
1994-10-13,5.37,5.3700,386.6,0.01389033
1994-10-14,5.35,5.3500,387.4,0.01381002
1994-10-17,5.41,5.4100,389.7,0.01388247
1994-10-18,5.34,5.3400,388.75,0.01373633
1994-10-19,5.38,5.3800,390.05,0.01379310
1994-10-20,5.4,5.4000,390.8,0.01381781
1994-10-21,5.3,5.3000,390.6,0.01356887
1994-10-24,5.32,5.3200,389.4,0.01366204
1994-10-25,5.3,5.3000,389.1,0.01362118
1994-10-26,5.37,5.3700,388.85,0.01380995
1994-10-27,5.39,5.3900,387.85,0.01389713
1994-10-28,5.34,5.3400,386.9,0.01380202
1994-10-31,5.25,5.2500,383.8,0.01367900
1994-11-01,5.27,5.2700,384.2,0.01371681
1994-11-02,5.32,5.3200,384.2,0.01384695
1994-11-03,5.27,5.2700,383.35,0.01374723
1994-11-04,5.25,5.2500,383.3,0.01369684
1994-11-07,5.19,5.1900,382.25,0.01357750
1994-11-08,5.22,5.2200,383.9,0.01359729
1994-11-09,5.12,5.1200,383.7,0.01334376
1994-11-10,5.17,5.1700,384.85,0.01343381
1994-11-11,5.16,5.1600,385,0.01340260
1994-11-14,5.17,5.1700,384.65,0.01344079
1994-11-15,5.2,5.2000,386.3,0.01346104
1994-11-16,5.22,5.2200,386.1,0.01351981
1994-11-17,5.23,5.2300,385.25,0.01357560
1994-11-18,5.14,5.1400,384.1,0.01338193
1994-11-21,5.16,5.1600,383.15,0.01346731
1994-11-22,5.14,5.1400,383.45,0.01340462
1994-11-23,5.15,5.1500,384.45,0.01339576
1994-11-24,5.15,5.1500,384.35,0.01339925
1994-11-25,5.17,5.1700,384.8,0.01343555
1994-11-28,5.12,5.1200,383.1,0.01336466
1994-11-29,5.06,5.0600,382.95,0.01321321
1994-11-30,4.92,4.9200,381.05,0.01291169
1994-12-01,4.92,4.9200,379.4,0.01296784
1994-12-02,4.71,4.7100,376.55,0.01250830
1994-12-05,4.6,4.6000,375.85,0.01223893
1994-12-06,4.66,4.6600,376.35,0.01238209
1994-12-07,4.64,4.6400,376.5,0.01232404
1994-12-08,4.71,4.7100,377.1,0.01249006
1994-12-09,4.7,4.7000,377.1,0.01246354
1994-12-12,4.79,4.7900,377.75,0.01268034
1994-12-13,4.75,4.7500,377.8,0.01257279
1994-12-14,4.77,4.7700,378.8,0.01259240
1994-12-15,4.8,4.8000,380.3,0.01262161
1994-12-16,4.79,4.7900,379,0.01263852
1994-12-19,4.79,4.7900,379.8,0.01261190
1994-12-20,4.82,4.8200,381.6,0.01263103
1994-12-21,4.8,4.8000,381.6,0.01257862
1994-12-22,4.77,4.7700,380.7,0.01252955
1994-12-23,4.76,4.7600,380.1,0.01252302
1994-12-26,4.76,4.7600,380.5,0.01250986
1994-12-27,4.79,4.7900,381.4,0.01255899
1994-12-28,4.9,4.9000,383.6,0.01277372
1994-12-29,4.87,4.8700,382.35,0.01273702
1994-12-30,4.88,4.8800,382.6,0.01275484
1995-01-02,4.88,4.8800,382.9,0.01274484
1995-01-03,4.74,4.7400,379.45,0.01249176
1995-01-04,4.61,4.6100,374.3,0.01231632
1995-01-05,4.7,4.7000,375.35,0.01252165
1995-01-06,4.63,4.6300,371.7,0.01245628
1995-01-09,4.67,4.6700,373.1,0.01251675
1995-01-10,4.68,4.6800,374.5,0.01249666
1995-01-11,4.73,4.7300,376.3,0.01256976
1995-01-12,4.84,4.8400,380,0.01273684
1995-01-13,4.81,4.8100,378.4,0.01271142
1995-01-16,4.82,4.8200,377.55,0.01276652
1995-01-17,4.87,4.8700,380.1,0.01281242
1995-01-18,4.88,4.8800,382.05,0.01277320
1995-01-19,4.88,4.8800,383,0.01274151
1995-01-20,4.91,4.9100,384.7,0.01276319
1995-01-23,4.81,4.8100,380.9,0.01262799
1995-01-24,4.83,4.8300,381.35,0.01266553
1995-01-25,4.77,4.7700,380.6,0.01253284
1995-01-26,4.79,4.7900,381.4,0.01255899
1995-01-27,4.67,4.6700,376.75,0.01239549
1995-01-30,4.72,4.7200,376.6,0.01253319
1995-01-31,4.66,4.6600,374.85,0.01243164
1995-02-01,4.68,4.6800,375.9,0.01245012
1995-02-02,4.71,4.7100,376.25,0.01251827
1995-02-03,4.66,4.6600,375.7,0.01240351
1995-02-06,4.71,4.7100,375.4,0.01254662
1995-02-07,4.67,4.6700,374.25,0.01247829
1995-02-08,4.72,4.7200,375.4,0.01257326
1995-02-09,4.75,4.7500,375.8,0.01263970
1995-02-10,4.76,4.7600,375.75,0.01266800
1995-02-13,4.73,4.7300,375.2,0.01260661
1995-02-14,4.76,4.7600,375.9,0.01266294
1995-02-15,4.74,4.7400,376.1,0.01260303
1995-02-16,4.73,4.7300,376.2,0.01257310
1995-02-17,4.77,4.7700,378.2,0.01261237
1995-02-20,4.78,4.7800,379.2,0.01260549
1995-02-21,4.74,4.7400,378.1,0.01253637
1995-02-22,4.83,4.8300,379.35,0.01273231
1995-02-23,4.81,4.8100,379,0.01269129
1995-02-24,4.63,4.6300,376.4,0.01230074
1995-02-27,4.49,4.4900,376.1,0.01193831
1995-02-28,4.52,4.5200,376.6,0.01200212
1995-03-01,4.38,4.3800,374.7,0.01168935
1995-03-02,4.43,4.4300,376.4,0.01176939
1995-03-03,4.4,4.4000,376.4,0.01168969
1995-03-06,4.48,4.4800,378.65,0.01183151
1995-03-07,4.69,4.6900,383.7,0.01222309
1995-03-08,4.55,4.5500,379.65,0.01198472
1995-03-09,4.61,4.6100,381.15,0.01209498
1995-03-10,4.59,4.5900,381.6,0.01202830
1995-03-13,4.71,4.7100,384.8,0.01224012
1995-03-14,4.7,4.7000,385.5,0.01219196
1995-03-15,4.75,4.7500,386.2,0.01229933
1995-03-16,4.73,4.7300,384.15,0.01231290
1995-03-17,4.73,4.7300,383.15,0.01234503
1995-03-20,4.69,4.6900,382.55,0.01225984
1995-03-21,4.6,4.6000,381.7,0.01205135
1995-03-22,4.65,4.6500,382.35,0.01216163
1995-03-23,4.69,4.6900,383.65,0.01222468
1995-03-24,4.62,4.6200,381.7,0.01210375
1995-03-27,4.62,4.6200,381.65,0.01210533
1995-03-28,4.74,4.7400,382.4,0.01239540
1995-03-29,4.76,4.7600,381.9,0.01246400
1995-03-30,5.18,5.1800,385.5,0.01343709
1995-03-31,5.29,5.2900,390.5,0.01354673
1995-04-03,5.29,5.2900,391.85,0.01350006
1995-04-04,5.29,5.2900,391.6,0.01350868
1995-04-05,5.44,5.4400,394.45,0.01379136
1995-04-06,5.42,5.4200,393.1,0.01378784
1995-04-07,5.37,5.3700,392.4,0.01368502
1995-04-10,5.24,5.2400,389.3,0.01346006
1995-04-11,5.34,5.3400,390.1,0.01368880
1995-04-12,5.32,5.3200,389.7,0.01365153
1995-04-13,5.36,5.3600,389.7,0.01375417
1995-04-14,5.45,5.4500,391,0.01393862
1995-04-17,5.69,5.6900,393.4,0.01446365
1995-04-18,6.03,6.0300,396,0.01522727
1995-04-19,5.76,5.7600,394.2,0.01461187
1995-04-20,5.69,5.6900,391.65,0.01452828
1995-04-21,5.68,5.6800,389.8,0.01457158
1995-04-24,5.66,5.6600,390.1,0.01450910
1995-04-25,5.71,5.7100,389.85,0.01464666
1995-04-26,5.59,5.5900,386,0.01448187
1995-04-27,5.84,5.8400,389,0.01501285
1995-04-28,5.72,5.7200,386.5,0.01479948
1995-05-01,5.84,5.8400,387.7,0.01506319
1995-05-02,5.91,5.9100,388.9,0.01519671
1995-05-03,5.99,5.9900,389.35,0.01538462
1995-05-04,6.08,6.0800,391,0.01554987
1995-05-05,6.04,6.0400,390.8,0.01545548
1995-05-08,5.97,5.9700,389.35,0.01533325
1995-05-09,5.5,5.5000,383.3,0.01434907
1995-05-10,5.42,5.4200,383.6,0.01412930
1995-05-11,5.33,5.3300,383,0.01391645
1995-05-12,5.32,5.3200,383.3,0.01387947
1995-05-15,5.43,5.4300,384.4,0.01412591
1995-05-16,5.41,5.4100,384.3,0.01407754
1995-05-17,5.37,5.3700,383,0.01402089
1995-05-18,5.41,5.4100,383.05,0.01412348
1995-05-19,5.38,5.3800,382,0.01408377
1995-05-22,5.29,5.2900,381.7,0.01385905
1995-05-23,5.41,5.4100,382.85,0.01413086
1995-05-24,5.51,5.5100,383.8,0.01435644
1995-05-25,5.47,5.4700,385.15,0.01420226
1995-05-26,5.44,5.4400,385.5,0.01411154
1995-05-29,5.47,5.4700,386.75,0.01414350
1995-05-30,5.29,5.2900,384,0.01377604
1995-05-31,5.3,5.3000,383.85,0.01380748
1995-06-01,5.35,5.3500,384.2,0.01392504
1995-06-02,5.23,5.2300,383.3,0.01364466
1995-06-05,5.32,5.3200,384.1,0.01385056
1995-06-06,5.29,5.2900,384.3,0.01376529
1995-06-07,5.36,5.3600,385.85,0.01389141
1995-06-08,5.31,5.3100,386.25,0.01374757
1995-06-09,5.45,5.4500,387.7,0.01405726
1995-06-12,5.37,5.3700,387,0.01387597
1995-06-13,5.35,5.3500,386.2,0.01385293
1995-06-14,5.31,5.3100,387.65,0.01369792
1995-06-15,5.44,5.4400,390.7,0.01392373
1995-06-16,5.42,5.4200,389.6,0.01391170
1995-06-19,5.49,5.4900,391.05,0.01403913
1995-06-20,5.47,5.4700,390.4,0.01401127
1995-06-21,5.46,5.4600,390.1,0.01399641
1995-06-22,5.37,5.3700,389.6,0.01378337
1995-06-23,5.36,5.3600,389.65,0.01375593
1995-06-26,5.3,5.3000,389.25,0.01361593
1995-06-27,5.33,5.3300,389.05,0.01370004
1995-06-28,5.24,5.2400,386.85,0.01354530
1995-06-29,5.31,5.3100,387.8,0.01369263
1995-06-30,5.04,5.0400,384.15,0.01311988
1995-07-03,5.08,5.0800,384.5,0.01321196
1995-07-04,5.07,5.0700,384.4,0.01318939
1995-07-05,5.06,5.0600,383.8,0.01318395
1995-07-06,5.11,5.1100,384.3,0.01329690
1995-07-07,5.16,5.1600,385.45,0.01338695
1995-07-10,5.15,5.1500,385.5,0.01335927
1995-07-11,5.16,5.1600,385.6,0.01338174
1995-07-12,5.24,5.2400,388.5,0.01348777
1995-07-13,5.2,5.2000,388.2,0.01339516
1995-07-14,5.24,5.2400,388.6,0.01348430
1995-07-17,5.35,5.3500,389,0.01375321
1995-07-18,5.32,5.3200,389.1,0.01367258
1995-07-19,5.2,5.2000,388,0.01340206
1995-07-20,5.13,5.1300,385.6,0.01330394
1995-07-21,5.2,5.2000,386.1,0.01346801
1995-07-24,5.18,5.1800,386.8,0.01339193
1995-07-25,5.16,5.1600,385.7,0.01337827
1995-07-26,5.2,5.2000,386.3,0.01346104
1995-07-27,5.1,5.1000,383.2,0.01330898
1995-07-28,5.07,5.0700,383,0.01323760
1995-07-31,5.04,5.0400,382.45,0.01317819
1995-08-01,5.16,5.1600,382.9,0.01347610
1995-08-02,5.11,5.1100,382.8,0.01334901
1995-08-03,5.16,5.1600,384.1,0.01343400
1995-08-04,5.17,5.1700,383.5,0.01348110
1995-08-07,5.2,5.2000,383.65,0.01355402
1995-08-08,5.28,5.2800,384.4,0.01373569
1995-08-09,5.27,5.2700,384.45,0.01370789
1995-08-10,5.31,5.3100,384.2,0.01382093
1995-08-11,5.26,5.2600,383.35,0.01372114
1995-08-14,5.38,5.3800,384.15,0.01400495
1995-08-15,5.35,5.3500,384.95,0.01389791
1995-08-16,5.38,5.3800,382.45,0.01406720
1995-08-17,5.63,5.6300,384.2,0.01465383
1995-08-18,5.7,5.7000,384.65,0.01481867
1995-08-21,5.8,5.8000,384.45,0.01508649
1995-08-22,5.66,5.6600,383,0.01477807
1995-08-23,5.64,5.6400,383.15,0.01472008
1995-08-24,5.6,5.6000,383.1,0.01461759
1995-08-25,5.6,5.6000,382.8,0.01462905
1995-08-28,5.62,5.6200,383,0.01467363
1995-08-29,5.47,5.4700,381.85,0.01432500
1995-08-30,5.27,5.2700,381.3,0.01382114
1995-08-31,5.34,5.3400,382.2,0.01397174
1995-09-01,5.31,5.3100,380.6,0.01395166
1995-09-04,5.3,5.3000,379.6,0.01396207
1995-09-05,5.24,5.2400,379.8,0.01379674
1995-09-06,5.33,5.3300,379.9,0.01403001
1995-09-07,5.44,5.4400,382.25,0.01423152
1995-09-08,5.38,5.3800,381.4,0.01410593
1995-09-11,5.51,5.5100,382.35,0.01441088
1995-09-12,5.52,5.5200,384.7,0.01434884
1995-09-13,5.43,5.4300,384.1,0.01413694
1995-09-14,5.52,5.5200,385.1,0.01433394
1995-09-15,5.48,5.4800,384.9,0.01423746
1995-09-18,5.55,5.5500,385.5,0.01439689
1995-09-19,5.5,5.5000,385,0.01428571
1995-09-20,5.43,5.4300,383.85,0.01414615
1995-09-21,5.5,5.5000,383.95,0.01432478
1995-09-22,5.43,5.4300,382.5,0.01419608
1995-09-25,5.44,5.4400,382.75,0.01421293
1995-09-26,5.49,5.4900,383.5,0.01431551
1995-09-27,5.46,5.4600,383,0.01425587
1995-09-28,5.5,5.5000,383.1,0.01435656
1995-09-29,5.48,5.4800,383.35,0.01429503
1995-10-02,5.31,5.3100,381.7,0.01391145
1995-10-03,5.29,5.2900,382.25,0.01383911
1995-10-04,5.34,5.3400,382.6,0.01395714
1995-10-05,5.3,5.3000,382.4,0.01385983
1995-10-06,5.37,5.3700,383.2,0.01401357
1995-10-09,5.45,5.4500,385,0.01415584
1995-10-10,5.43,5.4300,384.8,0.01411123
1995-10-11,5.43,5.4300,384.45,0.01412407
1995-10-12,5.39,5.3900,384.3,0.01402550
1995-10-13,5.38,5.3800,383.85,0.01401589
1995-10-16,5.34,5.3400,383.5,0.01392438
1995-10-17,5.34,5.3400,383.5,0.01392438
1995-10-18,5.35,5.3500,383.55,0.01394864
1995-10-19,5.33,5.3300,381.75,0.01396202
1995-10-20,5.36,5.3600,382.1,0.01402774
1995-10-23,5.35,5.3500,382.2,0.01399791
1995-10-24,5.35,5.3500,382.2,0.01399791
1995-10-25,5.43,5.4300,382.55,0.01419422
1995-10-26,5.42,5.4200,382.4,0.01417364
1995-10-27,5.31,5.3100,382.05,0.01389870
1995-10-30,5.33,5.3300,382,0.01395288
1995-10-31,5.34,5.3400,382.4,0.01396444
1995-11-01,5.31,5.3100,382.15,0.01389507
1995-11-02,5.33,5.3300,382.6,0.01393100
1995-11-03,5.29,5.2900,382.1,0.01384454
1995-11-06,5.28,5.2800,382.3,0.01381114
1995-11-07,5.36,5.3600,384.7,0.01393293
1995-11-08,5.36,5.3600,384.9,0.01392569
1995-11-09,5.38,5.3800,385.5,0.01395590
1995-11-10,5.44,5.4400,388.99,0.01398494
1995-11-13,5.32,5.3200,387.05,0.01374499
1995-11-14,5.32,5.3200,385.35,0.01380563
1995-11-15,5.34,5.3400,384.8,0.01387734
1995-11-16,5.32,5.3200,385.5,0.01380026
1995-11-17,5.36,5.3600,386.7,0.01386087
1995-11-20,5.35,5.3500,386.3,0.01384934
1995-11-21,5.29,5.2900,384.9,0.01374383
1995-11-22,5.19,5.1900,382.6,0.01356508
1995-11-23,5.21,5.2100,382.6,0.01361735
1995-11-24,5.24,5.2400,383.4,0.01366719
1995-11-27,5.22,5.2200,385,0.01355844
1995-11-28,5.23,5.2300,388.5,0.01346203
1995-11-29,5.18,5.1800,388.6,0.01332990
1995-11-30,5.23,5.2300,387.05,0.01351247
1995-12-01,5.2,5.2000,385.95,0.01347325
1995-12-04,5.2,5.2000,385.9,0.01347499
1995-12-05,5.24,5.2400,386.9,0.01354355
1995-12-06,5.25,5.2500,388.5,0.01351351
1995-12-07,5.24,5.2400,388.8,0.01347737
1995-12-08,5.22,5.2200,389.5,0.01340180
1995-12-11,5.21,5.2100,388.1,0.01342438
1995-12-12,5.17,5.1700,388,0.01332474
1995-12-13,5.12,5.1200,386.2,0.01325738
1995-12-14,5.14,5.1400,386,0.01331606
1995-12-15,5.13,5.1300,386,0.01329016
1995-12-18,5.17,5.1700,387.4,0.01334538
1995-12-19,5.14,5.1400,387.2,0.01327479
1995-12-20,5.17,5.1700,388.5,0.01330759
1995-12-21,5.15,5.1500,387.6,0.01328689
1995-12-22,5.16,5.1600,387,0.01333333
1995-12-26,5.17,5.1700,387.45,0.01334366
1995-12-27,5.15,5.1500,386.6,0.01332126
1995-12-28,5.15,5.1500,386.6,0.01332126
1995-12-29,5.18,5.1800,386.85,0.01339020
1996-01-02,5.34,5.3400,390.4,0.01367828
1996-01-03,5.35,5.3500,394.1,0.01357523
1996-01-04,5.38,5.3800,394.25,0.01364616
1996-01-05,5.52,5.5200,395.3,0.01396408
1996-01-08,5.53,5.5300,396.4,0.01395055
1996-01-09,5.53,5.5300,396.1,0.01396112
1996-01-10,5.6,5.6000,399.55,0.01401577
1996-01-11,5.5,5.5000,398.75,0.01379310
1996-01-12,5.51,5.5100,398.8,0.01381645
1996-01-15,5.44,5.4400,395.75,0.01374605
1996-01-16,5.47,5.4700,398.35,0.01373164
1996-01-17,5.5,5.5000,399.55,0.01376549
1996-01-18,5.44,5.4400,397.25,0.01369415
1996-01-19,5.45,5.4500,399.55,0.01364035
1996-01-22,5.59,5.5900,403.35,0.01385893
1996-01-23,5.56,5.5600,403.25,0.01378797
1996-01-24,5.5,5.5000,403.4,0.01363411
1996-01-25,5.57,5.5700,406.6,0.01369897
1996-01-26,5.54,5.5400,405.95,0.01364700
1996-01-29,5.54,5.5400,406.05,0.01364364
1996-01-30,5.56,5.5600,405.15,0.01372331
1996-01-31,5.58,5.5800,406.05,0.01374215
1996-02-01,5.78,5.7800,411.35,0.01405129
1996-02-02,5.83,5.8300,415.25,0.01403974
1996-02-05,5.81,5.8100,413.7,0.01404399
1996-02-06,5.77,5.7700,412.15,0.01399976
1996-02-07,5.7,5.7000,408.95,0.01393813
1996-02-08,5.72,5.7200,409.05,0.01398362
1996-02-09,5.66,5.6600,405.55,0.01395636
1996-02-12,5.67,5.6700,401.15,0.01413436
1996-02-13,5.69,5.6900,403.9,0.01408765
1996-02-14,5.73,5.7300,404.15,0.01417790
1996-02-15,5.65,5.6500,403.35,0.01400769
1996-02-16,5.67,5.6700,405.25,0.01399136
1996-02-19,5.71,5.7100,405.6,0.01407791
1996-02-20,5.66,5.6600,399.15,0.01418013
1996-02-21,5.53,5.5300,402.25,0.01374767
1996-02-22,5.54,5.5400,399.9,0.01385346
1996-02-23,5.48,5.4800,399.25,0.01372574
1996-02-26,5.5,5.5000,398.85,0.01378965
1996-02-27,5.52,5.5200,398.25,0.01386064
1996-02-28,5.45,5.4500,397.25,0.01371932
1996-02-29,5.52,5.5200,399.55,0.01381554
1996-03-01,5.5,5.5000,398.95,0.01378619
1996-03-04,5.41,5.4100,394,0.01373096
1996-03-05,5.38,5.3800,393.25,0.01368086
1996-03-06,5.39,5.3900,393.25,0.01370629
1996-03-07,5.39,5.3900,393.25,0.01370629
1996-03-08,5.5,5.5000,397.25,0.01384519
1996-03-11,5.51,5.5100,395.8,0.01392117
1996-03-12,5.57,5.5700,396.55,0.01404615
1996-03-13,5.56,5.5600,397,0.01400504
1996-03-14,5.58,5.5800,395.65,0.01410337
1996-03-15,5.58,5.5800,395.35,0.01411408
1996-03-18,5.55,5.5500,395.75,0.01402401
1996-03-19,5.55,5.5500,395.45,0.01403464
1996-03-20,5.58,5.5800,395.85,0.01409625
1996-03-21,5.6,5.6000,398.15,0.01406505
1996-03-22,5.62,5.6200,398.45,0.01410466
1996-03-25,5.62,5.6200,398,0.01412060
1996-03-26,5.71,5.7100,400.15,0.01426965
1996-03-27,5.68,5.6800,400.05,0.01419823
1996-03-28,5.53,5.5300,396.55,0.01394528
1996-03-29,5.54,5.5400,395.35,0.01401290
1996-04-01,5.55,5.5500,394.95,0.01405241
1996-04-02,5.51,5.5100,394.05,0.01398300
1996-04-03,5.52,5.5200,394.35,0.01399772
1996-04-04,5.43,5.4300,395.05,0.01374510
1996-04-05,5.45,5.4500,393.55,0.01384830
1996-04-08,5.45,5.4500,397.95,0.01369519
1996-04-09,5.46,5.4600,394.65,0.01383504
1996-04-10,5.49,5.4900,395.05,0.01389698
1996-04-11,5.57,5.5700,395.75,0.01407454
1996-04-12,5.52,5.5200,394.55,0.01399062
1996-04-15,5.49,5.4900,393.25,0.01396058
1996-04-16,5.3,5.3000,391.25,0.01354633
1996-04-17,5.31,5.3100,391.05,0.01357883
1996-04-18,5.29,5.2900,391.15,0.01352422
1996-04-19,5.28,5.2800,390.75,0.01351248
1996-04-22,5.35,5.3500,391.65,0.01366016
1996-04-23,5.36,5.3600,391.45,0.01369268
1996-04-24,5.31,5.3100,390.75,0.01358925
1996-04-25,5.4,5.4000,393.45,0.01372474
1996-04-26,5.35,5.3500,390.6,0.01369688
1996-04-29,5.3,5.3000,390.45,0.01357408
1996-04-30,5.34,5.3400,391.65,0.01363462
1996-05-01,5.37,5.3700,392.95,0.01366586
1996-05-02,5.37,5.3700,393.85,0.01363463
1996-05-03,5.45,5.4500,392.45,0.01388712
1996-05-06,5.47,5.4700,393.25,0.01390973
1996-05-07,5.49,5.4900,393.6,0.01394817
1996-05-08,5.45,5.4500,393.05,0.01386592
1996-05-09,5.43,5.4300,392.95,0.01381855
1996-05-10,5.36,5.3600,390.35,0.01373127
1996-05-13,5.38,5.3800,391.45,0.01374377
1996-05-14,5.39,5.3900,391.85,0.01375526
1996-05-15,5.4,5.4000,392.45,0.01375971
1996-05-16,5.41,5.4100,392.65,0.01377817
1996-05-17,5.34,5.3400,392.25,0.01361377
1996-05-20,5.29,5.2900,390.85,0.01353460
1996-05-21,5.29,5.2900,391.05,0.01352768
1996-05-22,5.32,5.3200,391.75,0.01358009
1996-05-23,5.35,5.3500,391.75,0.01365667
1996-05-24,5.33,5.3300,391,0.01363171
1996-05-27,5.33,5.3300,391,0.01363171
1996-05-28,5.37,5.3700,391.35,0.01372173
1996-05-29,5.34,5.3400,391.25,0.01364856
1996-05-30,5.35,5.3500,391.25,0.01367412
1996-05-31,5.33,5.3300,390.75,0.01364044
1996-06-03,5.39,5.3900,390.95,0.01378693
1996-06-04,5.22,5.2200,388.05,0.01345187
1996-06-05,5.21,5.2100,386.25,0.01348867
1996-06-06,5.2,5.2000,385.85,0.01347674
1996-06-07,5.19,5.1900,385.35,0.01346828
1996-06-10,5.2,5.2000,386.25,0.01346278
1996-06-11,5.11,5.1100,384.5,0.01328999
1996-06-12,5.11,5.1100,384.45,0.01329172
1996-06-13,5.07,5.0700,384.45,0.01318767
1996-06-14,5.07,5.0700,384.25,0.01319453
1996-06-17,5.21,5.2100,385.35,0.01352018
1996-06-18,5.21,5.2100,385.75,0.01350616
1996-06-19,5.14,5.1400,384.55,0.01336627
1996-06-20,5.15,5.1500,384.35,0.01339925
1996-06-21,5.14,5.1400,384.95,0.01335238
1996-06-24,5.17,5.1700,385.05,0.01342683
1996-06-25,5.18,5.1800,383.95,0.01349134
1996-06-26,5.09,5.0900,383.15,0.01328461
1996-06-27,5.03,5.0300,382.25,0.01315893
1996-06-28,5.04,5.0400,380.45,0.01324747
1996-07-01,5.07,5.0700,382,0.01327225
1996-07-02,5.1,5.1000,381.85,0.01335603
1996-07-03,5.13,5.1300,382.1,0.01342580
1996-07-04,5.09,5.0900,381,0.01335958
1996-07-05,5.08,5.0800,381.75,0.01330714
1996-07-08,5.08,5.0800,381.25,0.01332459
1996-07-09,5.11,5.1100,382.85,0.01334726
1996-07-10,5.1,5.1000,382.45,0.01333508
1996-07-11,5.14,5.1400,383.5,0.01340287
1996-07-12,5.12,5.1200,383.75,0.01334202
1996-07-15,5.08,5.0800,383,0.01326371
1996-07-16,5.12,5.1200,385,0.01329870
1996-07-17,5,5.0000,383.75,0.01302932
1996-07-18,5.01,5.0100,383.95,0.01304857
1996-07-19,5.03,5.0300,384.95,0.01306663
1996-07-22,5.02,5.0200,384.75,0.01304743
1996-07-23,4.99,4.9900,384.75,0.01296946
1996-07-24,4.99,4.9900,385.75,0.01293584
1996-07-25,5,5.0000,384.95,0.01298870
1996-07-26,5.1,5.1000,385.25,0.01323816
1996-07-29,5.08,5.0800,384.55,0.01321025
1996-07-30,5.07,5.0700,384.75,0.01317739
1996-07-31,5.12,5.1200,387.35,0.01321802
1996-08-01,5.12,5.1200,386.35,0.01325223
1996-08-02,5.1,5.1000,386.45,0.01319705
1996-08-05,5.09,5.0900,389.15,0.01307979
1996-08-06,5.05,5.0500,388.65,0.01299370
1996-08-07,5.06,5.0600,388.35,0.01302948
1996-08-08,5.04,5.0400,388.65,0.01296797
1996-08-09,5.07,5.0700,387.75,0.01307544
1996-08-12,5.08,5.0800,387.75,0.01310123
1996-08-13,5.09,5.0900,387.65,0.01313040
1996-08-14,5.06,5.0600,386.5,0.01309185
1996-08-15,5.07,5.0700,386.4,0.01312112
1996-08-16,5.08,5.0800,386.25,0.01315210
1996-08-19,5.22,5.2200,387.35,0.01347618
1996-08-20,5.21,5.2100,387.85,0.01343303
1996-08-21,5.18,5.1800,386.85,0.01339020
1996-08-22,5.22,5.2200,387.5,0.01347097
1996-08-23,5.23,5.2300,387.7,0.01348981
1996-08-26,5.27,5.2700,389.65,0.01352496
1996-08-27,5.26,5.2600,389.15,0.01351664
1996-08-28,5.2,5.2000,388.15,0.01339688
1996-08-29,5.2,5.2000,387.85,0.01340725
1996-08-30,5.16,5.1600,386.5,0.01335058
1996-09-02,5.18,5.1800,387,0.01338501
1996-09-03,5.17,5.1700,386.15,0.01338858
1996-09-04,5.19,5.1900,385.55,0.01346129
1996-09-05,5.15,5.1500,385.75,0.01335062
1996-09-06,5.11,5.1100,385.05,0.01327100
1996-09-09,5.08,5.0800,383.55,0.01324469
1996-09-10,5.09,5.0900,383.25,0.01328115
1996-09-11,5.11,5.1100,383.15,0.01333681
1996-09-12,5.03,5.0300,382.55,0.01314861
1996-09-13,5.06,5.0600,383.05,0.01320976
1996-09-16,5.05,5.0500,383.15,0.01318022
1996-09-17,5.07,5.0700,383.4,0.01322379
1996-09-18,5.08,5.0800,383.25,0.01325506
1996-09-19,4.92,4.9200,382.75,0.01285434
1996-09-20,4.87,4.8700,381.85,0.01275370
1996-09-23,4.89,4.8900,381.65,0.01281279
1996-09-24,4.89,4.8900,383.05,0.01276596
1996-09-25,4.91,4.9100,382.25,0.01284500
1996-09-26,4.88,4.8800,381.15,0.01280336
1996-09-27,4.92,4.9200,381,0.01291339
1996-09-30,4.87,4.8700,378.25,0.01287508
1996-10-01,4.91,4.9100,378.75,0.01296370
1996-10-02,4.94,4.9400,380.15,0.01299487
1996-10-03,4.91,4.9100,380.15,0.01291595
1996-10-04,4.9,4.9000,380.45,0.01287948
1996-10-07,4.88,4.8800,380.35,0.01283029
1996-10-08,4.89,4.8900,380.95,0.01283633
1996-10-09,4.96,4.9600,381.25,0.01300984
1996-10-10,5.05,5.0500,382.25,0.01321125
1996-10-11,5.01,5.0100,381.25,0.01314098
1996-10-14,5.03,5.0300,381.6,0.01318134
1996-10-15,5.02,5.0200,381.25,0.01316721
1996-10-16,5.06,5.0600,381.75,0.01325475
1996-10-17,4.93,4.9300,380.55,0.01295493
1996-10-18,4.89,4.8900,380.25,0.01285996
1996-10-21,4.93,4.9300,382,0.01290576
1996-10-22,4.97,4.9700,384.15,0.01293765
1996-10-23,4.97,4.9700,383.75,0.01295114
1996-10-24,4.92,4.9200,383,0.01284595
1996-10-25,4.91,4.9100,382.6,0.01283325
1996-10-28,4.93,4.9300,383,0.01287206
1996-10-29,4.82,4.8200,380.65,0.01266255
1996-10-30,4.83,4.8300,380.25,0.01270217
1996-10-31,4.81,4.8100,378.3,0.01271478
1996-11-01,4.81,4.8100,377.85,0.01272992
1996-11-04,4.81,4.8100,378.9,0.01269464
1996-11-05,4.8,4.8000,379.4,0.01265156
1996-11-06,4.8,4.8000,378.6,0.01267829
1996-11-07,4.77,4.7700,380.55,0.01253449
1996-11-08,4.82,4.8200,379.05,0.01271600
1996-11-11,4.91,4.9100,380.75,0.01289560
1996-11-12,4.89,4.8900,381.75,0.01280943
1996-11-13,4.91,4.9100,383.55,0.01280146
1996-11-14,4.89,4.8900,382.5,0.01278431
1996-11-15,4.85,4.8500,379.75,0.01277156
1996-11-18,4.91,4.9100,379,0.01295515
1996-11-19,4.89,4.8900,378.5,0.01291942
1996-11-20,4.95,4.9500,379.25,0.01305208
1996-11-21,4.92,4.9200,376.4,0.01307120
1996-11-22,4.89,4.8900,377.25,0.01296223
1996-11-25,4.75,4.7500,375.5,0.01264980
1996-11-26,4.73,4.7300,373.85,0.01265213
1996-11-27,4.74,4.7400,373.75,0.01268227
1996-11-28,4.74,4.7400,372.75,0.01271630
1996-11-29,4.74,4.7400,371.65,0.01275394
1996-12-02,4.71,4.7100,371.05,0.01269371
1996-12-03,4.82,4.8200,367.85,0.01310317
1996-12-04,4.83,4.8300,369.9,0.01305758
1996-12-05,4.86,4.8600,370.25,0.01312627
1996-12-06,4.8,4.8000,368.26,0.01303427
1996-12-09,4.79,4.7900,368.85,0.01298631
1996-12-10,4.82,4.8200,368.45,0.01308183
1996-12-11,4.81,4.8100,368.65,0.01304761
1996-12-12,4.86,4.8600,368.75,0.01317966
1996-12-13,4.85,4.8500,368.7,0.01315433
1996-12-16,4.81,4.8100,368.1,0.01306710
1996-12-17,4.86,4.8600,368.55,0.01318681
1996-12-18,4.86,4.8600,369.3,0.01316003
1996-12-19,4.87,4.8700,369.1,0.01319426
1996-12-20,4.83,4.8300,369.25,0.01308057
1996-12-23,4.84,4.8400,368.7,0.01312720
1996-12-24,4.84,4.8400,368.85,0.01312187
1996-12-25,4.85,4.8500,369.05,0.01314185
1996-12-26,4.84,4.8400,368.85,0.01312187
1996-12-27,4.9,4.9000,369.6,0.01325758
1996-12-30,4.8,4.8000,369.35,0.01299580
1996-12-31,4.82,4.8200,369.45,0.01304642
1997-01-01,4.78,4.7800,369.65,0.01293115
1997-01-02,4.72,4.7200,365.7,0.01290675
1997-01-03,4.68,4.6800,361.8,0.01293532
1997-01-06,4.64,4.6400,357.85,0.01296633
1997-01-07,4.7,4.7000,358.85,0.01309739
1997-01-08,4.65,4.6500,355.75,0.01307098
1997-01-09,4.71,4.7100,357.25,0.01318404
1997-01-10,4.76,4.7600,359.05,0.01325721
1997-01-13,4.7,4.7000,358.75,0.01310105
1997-01-14,4.7,4.7000,353.55,0.01329373
1997-01-15,4.68,4.6800,352.25,0.01328602
1997-01-16,4.76,4.7600,354.05,0.01344443
1997-01-17,4.77,4.7700,355.45,0.01341961
1997-01-20,4.75,4.7500,353.85,0.01342377
1997-01-21,4.73,4.7300,352.95,0.01340133
1997-01-22,4.7,4.7000,351,0.01339031
1997-01-23,4.83,4.8300,351.75,0.01373134
1997-01-24,4.92,4.9200,352.55,0.01395547
1997-01-27,5.03,5.0300,356.5,0.01410940
1997-01-28,4.96,4.9600,353.25,0.01404105
1997-01-29,4.94,4.9400,351.25,0.01406406
1997-01-30,4.96,4.9600,345.65,0.01434978
1997-01-31,4.92,4.9200,344.1,0.01429817
1997-02-03,4.91,4.9100,346.65,0.01416414
1997-02-04,4.86,4.8600,344.35,0.01411355
1997-02-05,4.88,4.8800,344.25,0.01417574
1997-02-06,4.84,4.8400,342.95,0.01411284
1997-02-07,4.93,4.9300,340.65,0.01447233
1997-02-10,4.94,4.9400,341.4,0.01446983
1997-02-11,4.84,4.8400,340,0.01423529
1997-02-12,5.14,5.1400,343.05,0.01498324
1997-02-13,5.15,5.1500,343.7,0.01498400
1997-02-14,5.26,5.2600,342.7,0.01534870
1997-02-17,5.21,5.2100,344,0.01514535
1997-02-18,5.24,5.2400,345.35,0.01517301
1997-02-19,5.19,5.1900,345.85,0.01500651
1997-02-20,5.23,5.2300,351,0.01490028
1997-02-21,5.25,5.2500,352.25,0.01490419
1997-02-24,5.2,5.2000,353.1,0.01472671
1997-02-25,5.24,5.2400,354.25,0.01479181
1997-02-26,5.19,5.1900,354.25,0.01465067
1997-02-27,5.26,5.2600,359.25,0.01464161
1997-02-28,5.33,5.3300,363.25,0.01467309
1997-03-03,5.32,5.3200,362.1,0.01469207
1997-03-04,5.24,5.2400,358.95,0.01459813
1997-03-05,5.18,5.1800,352.75,0.01468462
1997-03-06,5.21,5.2100,352.04,0.01479945
1997-03-07,5.21,5.2100,349,0.01492837
1997-03-10,5.25,5.2500,351.75,0.01492537
1997-03-11,5.26,5.2600,353.75,0.01486926
1997-03-12,5.21,5.2100,351.25,0.01483274
1997-03-13,5.28,5.2800,353.35,0.01494269
1997-03-14,5.29,5.2900,352.95,0.01498796
1997-03-17,5.23,5.2300,347.45,0.01505253
1997-03-18,5.18,5.1800,348.35,0.01487010
1997-03-19,5.24,5.2400,352.25,0.01487580
1997-03-20,5.19,5.1900,351.25,0.01477580
1997-03-21,5.15,5.1500,352.55,0.01460786
1997-03-24,5.18,5.1800,350.15,0.01479366
1997-03-25,5.13,5.1300,348.64,0.01471432
1997-03-26,5.15,5.1500,350.45,0.01469539
1997-03-27,5.12,5.1200,348.15,0.01470630
1997-03-28,5.14,5.1400,348.85,0.01473413
1997-03-31,5.08,5.0800,351.05,0.01447087
1997-04-01,4.99,4.9900,351.95,0.01417815
1997-04-02,4.88,4.8800,349.05,0.01398081
1997-04-03,4.74,4.7400,348.75,0.01359140
1997-04-04,4.74,4.7400,349,0.01358166
1997-04-07,4.79,4.7900,348.3,0.01375251
1997-04-08,4.79,4.7900,348.55,0.01374265
1997-04-09,4.79,4.7900,348.05,0.01376239
1997-04-10,4.8,4.8000,348,0.01379310
1997-04-11,4.74,4.7400,346.95,0.01366191
1997-04-14,4.73,4.7300,346.45,0.01365276
1997-04-15,4.72,4.7200,341.75,0.01381127
1997-04-16,4.8,4.8000,341.35,0.01406181
1997-04-17,4.73,4.7300,342.55,0.01380820
1997-04-18,4.74,4.7400,341.35,0.01388604
1997-04-21,4.76,4.7600,343.04,0.01387593
1997-04-22,4.75,4.7500,341.7,0.01390108
1997-04-23,4.73,4.7300,340.85,0.01387707
1997-04-24,4.72,4.7200,340.75,0.01385180
1997-04-25,4.74,4.7400,342.25,0.01384953
1997-04-28,4.64,4.6400,339.5,0.01366716
1997-04-29,4.66,4.6600,339.85,0.01371193
1997-04-30,4.72,4.7200,339.25,0.01391304
1997-05-01,4.76,4.7600,340.25,0.01398971
1997-05-02,4.71,4.7100,340.25,0.01384276
1997-05-05,4.76,4.7600,342.95,0.01387957
1997-05-06,4.72,4.7200,340.25,0.01387215
1997-05-07,4.74,4.7400,341.25,0.01389011
1997-05-08,4.85,4.8500,343.5,0.01411936
1997-05-09,4.88,4.8800,348,0.01402299
1997-05-12,4.84,4.8400,347.75,0.01391804
1997-05-13,4.87,4.8700,349.5,0.01393419
1997-05-14,4.87,4.8700,347.55,0.01401237
1997-05-15,4.84,4.8400,347.2,0.01394009
1997-05-16,4.69,4.6900,344.15,0.01362778
1997-05-19,4.68,4.6800,341.65,0.01369823
1997-05-20,4.7,4.7000,342.95,0.01370462
1997-05-21,4.7,4.7000,342.54,0.01372103
1997-05-22,4.69,4.6900,342.85,0.01367945
1997-05-23,4.74,4.7400,342.6,0.01383538
1997-05-26,4.74,4.7400,343.1,0.01381521
1997-05-27,4.75,4.7500,343.65,0.01382220
1997-05-28,4.72,4.7200,344.5,0.01370102
1997-05-29,4.77,4.7700,344.35,0.01385219
1997-06-02,4.74,4.7400,343.95,0.01378107
1997-06-03,4.73,4.7300,343.45,0.01377202
1997-06-04,4.75,4.7500,341.64,0.01390352
1997-06-05,4.81,4.8100,342.45,0.01404585
1997-06-06,4.83,4.8300,342.45,0.01410425
1997-06-09,4.81,4.8100,344,0.01398256
1997-06-10,4.79,4.7900,343.95,0.01392644
1997-06-11,4.78,4.7800,344.14,0.01388970
1997-06-12,4.73,4.7300,342.25,0.01382031
1997-06-13,4.71,4.7100,341.54,0.01379048
1997-06-16,4.72,4.7200,342,0.01380117
1997-06-17,4.79,4.7900,341.75,0.01401609
1997-06-18,4.73,4.7300,340.15,0.01390563
1997-06-19,4.75,4.7500,339.14,0.01400602
1997-06-20,4.73,4.7300,337.55,0.01401274
1997-06-23,4.78,4.7800,339.05,0.01409822
1997-06-24,4.78,4.7800,337.85,0.01414829
1997-06-25,4.79,4.7900,337.45,0.01419470
1997-06-26,4.78,4.7800,338.25,0.01413156
1997-06-27,4.73,4.7300,334.75,0.01412995
1997-06-30,4.64,4.6400,334,0.01389222
1997-07-01,4.68,4.6800,334.05,0.01400988
1997-07-02,4.64,4.6400,331.55,0.01399487
1997-07-03,4.58,4.5800,324.75,0.01410316
1997-07-04,4.56,4.5600,324.5,0.01405239
1997-07-07,4.29,4.2900,318.65,0.01346305
1997-07-08,4.35,4.3500,320.25,0.01358314
1997-07-09,4.31,4.3100,318.25,0.01354281
1997-07-10,4.33,4.3300,319.65,0.01354607
1997-07-11,4.38,4.3800,321.55,0.01362152
1997-07-14,4.29,4.2900,319.75,0.01341673
1997-07-15,4.31,4.3100,318.05,0.01355133
1997-07-16,4.32,4.3200,318,0.01358491
1997-07-17,4.27,4.2700,324,0.01317901
1997-07-18,4.27,4.2700,326.25,0.01308812
1997-07-21,4.31,4.3100,326.65,0.01319455
1997-07-22,4.32,4.3200,325.6,0.01326781
1997-07-23,4.3,4.3000,322,0.01335404
1997-07-24,4.3,4.3000,324,0.01327160
1997-07-25,4.36,4.3600,325.75,0.01338450
1997-07-28,4.38,4.3800,327.4,0.01337813
1997-07-29,4.35,4.3500,325.85,0.01334970
1997-07-30,4.39,4.3900,326.45,0.01344769
1997-07-31,4.46,4.4600,324.55,0.01374210
1997-08-01,4.48,4.4800,324.75,0.01379523
1997-08-04,4.52,4.5200,323.95,0.01395277
1997-08-05,4.34,4.3400,319.25,0.01359436
1997-08-06,4.35,4.3500,319.75,0.01360438
1997-08-07,4.39,4.3900,321.85,0.01363989
1997-08-08,4.45,4.4500,325.85,0.01365659
1997-08-11,4.46,4.4600,328.65,0.01357067
1997-08-12,4.43,4.4300,326.95,0.01354947
1997-08-13,4.52,4.5200,328.25,0.01376999
1997-08-14,4.43,4.4300,325,0.01363077
1997-08-15,4.42,4.4200,324.5,0.01362096
1997-08-18,4.52,4.5200,321.45,0.01406128
1997-08-19,4.54,4.5400,323.35,0.01404051
1997-08-20,4.53,4.5300,321.25,0.01410117
1997-08-21,4.54,4.5400,323.35,0.01404051
1997-08-22,4.65,4.6500,323.35,0.01438070
1997-08-25,4.64,4.6400,324.7,0.01429011
1997-08-26,4.65,4.6500,325.75,0.01427475
1997-08-27,4.67,4.6700,325.45,0.01434936
1997-08-28,4.69,4.6900,323.95,0.01447754
1997-08-29,4.73,4.7300,324.15,0.01459201
1997-09-01,4.66,4.6600,324.65,0.01435392
1997-09-02,4.63,4.6300,322.75,0.01434547
1997-09-03,4.68,4.6800,322.05,0.01453190
1997-09-04,4.69,4.6900,321.35,0.01459468
1997-09-05,4.73,4.7300,322.25,0.01467804
1997-09-08,4.69,4.6900,321.95,0.01456748
1997-09-09,4.76,4.7600,321.5,0.01480560
1997-09-10,4.74,4.7400,321.45,0.01474568
1997-09-11,4.76,4.7600,324.05,0.01468909
1997-09-12,4.77,4.7700,323.75,0.01473359
1997-09-15,4.76,4.7600,322.95,0.01473912
1997-09-16,4.63,4.6300,320.75,0.01443492
1997-09-17,4.6,4.6000,320.25,0.01436378
1997-09-18,4.7,4.7000,320.65,0.01465773
1997-09-19,4.72,4.7200,320.85,0.01471092
1997-09-22,4.7,4.7000,320.95,0.01464403
1997-09-23,4.71,4.7100,321.95,0.01462960
1997-09-24,4.76,4.7600,323.65,0.01470725
1997-09-25,4.79,4.7900,327.15,0.01464160
1997-09-26,4.83,4.8300,326.75,0.01478194
1997-09-29,5.1,5.1000,328.25,0.01553694
1997-09-30,5.23,5.2300,334.45,0.01563761
1997-10-01,5.18,5.1800,334,0.01550898
1997-10-02,5.16,5.1600,331.45,0.01556796
1997-10-03,5.3,5.3000,334.85,0.01582798
1997-10-06,5.21,5.2100,332.55,0.01566682
1997-10-07,5.2,5.2000,331.25,0.01569811
1997-10-08,5.24,5.2400,333.25,0.01572393
1997-10-09,5.14,5.1400,327.25,0.01570665
1997-10-10,5.21,5.2100,329.65,0.01580464
1997-10-13,5.16,5.1600,328.45,0.01571015
1997-10-14,5.09,5.0900,327.95,0.01552066
1997-10-15,5.08,5.0800,326.95,0.01553754
1997-10-16,4.94,4.9400,325.85,0.01516035
1997-10-17,4.97,4.9700,325.05,0.01528996
1997-10-20,4.95,4.9500,323.65,0.01529430
1997-10-21,4.99,4.9900,322.9,0.01545370
1997-10-22,5.04,5.0400,322.45,0.01563033
1997-10-23,4.96,4.9600,323.65,0.01532520
1997-10-24,4.87,4.8700,310.35,0.01569196
1997-10-27,4.81,4.8100,311.85,0.01542408
1997-10-28,4.84,4.8400,315.75,0.01532858
1997-10-29,4.82,4.8200,313.85,0.01535765
1997-10-30,4.88,4.8800,316.45,0.01542108
1997-10-31,4.76,4.7600,311.45,0.01528335
1997-11-03,4.85,4.8500,313.45,0.01547296
1997-11-04,4.85,4.8500,313.85,0.01545324
1997-11-05,4.88,4.8800,313.55,0.01556371
1997-11-06,4.9,4.9000,312.45,0.01568251
1997-11-07,4.86,4.8600,310.25,0.01566479
1997-11-10,4.88,4.8800,310.15,0.01573432
1997-11-11,4.99,4.9900,309.75,0.01610977
1997-11-12,4.91,4.9100,307.45,0.01597008
1997-11-13,5.16,5.1600,307.85,0.01676141
1997-11-14,5.11,5.1100,303.35,0.01684523
1997-11-17,5.14,5.1400,303.85,0.01691624
1997-11-18,5.12,5.1200,306.75,0.01669112
1997-11-19,5.25,5.2500,303.95,0.01727258
1997-11-20,5.26,5.2600,302.85,0.01736833
1997-11-21,5.44,5.4400,304.95,0.01783899
1997-11-24,5.41,5.4100,302.95,0.01785773
1997-11-25,5.26,5.2600,300.55,0.01750125
1997-11-26,5.24,5.2400,296.55,0.01766987
1997-11-27,5.27,5.2700,296.25,0.01778903
1997-11-28,5.31,5.3100,297,0.01787879
1997-12-01,5.31,5.3100,293.85,0.01807044
1997-12-02,5.32,5.3200,293.65,0.01811681
1997-12-03,5.31,5.3100,292.35,0.01816316
1997-12-04,5.29,5.2900,286.25,0.01848035
1997-12-05,5.41,5.4100,288.25,0.01876843
1997-12-08,5.4,5.4000,287.85,0.01875977
1997-12-09,5.47,5.4700,282.75,0.01934571
1997-12-10,5.9,5.9000,286.65,0.02058259
1997-12-11,5.81,5.8100,284.05,0.02045415
1997-12-12,5.89,5.8900,282.85,0.02082376
1997-12-15,5.92,5.9200,284.35,0.02081941
1997-12-16,5.98,5.9800,283.75,0.02107489
1997-12-17,5.98,5.9800,289.15,0.02068131
1997-12-18,6.08,6.0800,287.35,0.02115887
1997-12-19,6.07,6.0700,289.05,0.02099983
1997-12-22,6.08,6.0800,291.1,0.02088629
1997-12-23,6.27,6.2700,293.75,0.02134468
1997-12-24,6.38,6.3800,296.2,0.02153950
1997-12-26,6.36,6.3600,295.25,0.02154107
1997-12-29,6.31,6.3100,291,0.02168385
1997-12-30,6.15,6.1500,290.3,0.02118498
1997-12-31,5.99,5.9900,288.8,0.02074100
1998-01-01,5.95,5.9500,288.5,0.02062392
1998-01-02,5.97,5.9700,288.25,0.02071119
1998-01-05,5.93,5.9300,281.85,0.02103956
1998-01-06,6.09,6.0900,281.45,0.02163795
1998-01-07,6.04,6.0400,283.85,0.02127884
1998-01-08,5.75,5.7500,280.95,0.02046628
1998-01-09,5.67,5.6700,278.5,0.02035907
1998-01-12,5.51,5.5100,278.15,0.01980946
1998-01-13,5.72,5.7200,282.75,0.02022989
1998-01-14,5.73,5.7300,281.45,0.02035886
1998-01-15,5.89,5.8900,285.75,0.02061242
1998-01-16,5.84,5.8400,290.15,0.02012752
1998-01-19,5.78,5.7800,287.45,0.02010784
1998-01-20,5.73,5.7300,290.45,0.01972801
1998-01-21,5.86,5.8600,292.55,0.02003076
1998-01-22,5.78,5.7800,290.45,0.01990015
1998-01-23,5.94,5.9400,299.62,0.01982511
1998-01-26,5.99,5.9900,296.75,0.02018534
1998-01-27,6.2,6.2000,300.55,0.02062885
1998-01-28,6.11,6.1100,305.95,0.01997058
1998-01-29,6.09,6.0900,302.85,0.02010896
1998-01-30,6.19,6.1900,302.75,0.02044591
1998-02-02,6.35,6.3500,302.95,0.02096055
1998-02-03,6.66,6.6600,295.25,0.02255715
1998-02-04,7.31,7.3100,299.25,0.02442774
1998-02-05,7.64,7.6400,298.4,0.02560322
1998-02-06,7.25,7.2500,298.75,0.02426778
1998-02-09,7.15,7.1500,300,0.02383333
1998-02-10,7.2,7.2000,300.45,0.02396405
1998-02-11,7.08,7.0800,300.05,0.02359607
1998-02-12,7.08,7.0800,298.75,0.02369874
1998-02-13,7.17,7.1700,299.85,0.02391196
1998-02-16,7.06,7.0600,298.35,0.02366348
1998-02-17,6.83,6.8300,298,0.02291946
1998-02-18,6.62,6.6200,297.55,0.02224836
1998-02-19,6.85,6.8500,298.95,0.02291353
1998-02-20,6.57,6.5700,297.25,0.02210261
1998-02-23,6.49,6.4900,293.45,0.02211620
1998-02-24,6.4,6.4000,291.45,0.02195917
1998-02-25,6.07,6.0700,292.25,0.02076989
1998-02-26,6.2,6.2000,293.55,0.02112076
1998-02-27,6.5,6.5000,299.15,0.02172823
1998-03-02,6.61,6.6100,299.7,0.02205539
1998-03-03,6.41,6.4100,297.85,0.02152090
1998-03-04,6.38,6.3800,296.05,0.02155041
1998-03-05,6.38,6.3800,293.45,0.02174135
1998-03-06,6.09,6.0900,294.45,0.02068263
1998-03-09,6.09,6.0900,294.45,0.02068263
1998-03-10,6.32,6.3200,296,0.02135135
1998-03-11,6.17,6.1700,294.6,0.02094365
1998-03-12,6.22,6.2200,294.55,0.02111696
1998-03-13,6.17,6.1700,295.35,0.02089047
1998-03-16,6.12,6.1200,294.15,0.02080571
1998-03-17,5.9,5.9000,292.1,0.02019856
1998-03-18,6,6.0000,291.15,0.02060793
1998-03-19,5.97,5.9700,291.75,0.02046272
1998-03-20,6.23,6.2300,291.95,0.02133927
1998-03-23,6.47,6.4700,298.95,0.02164242
1998-03-24,6.43,6.4300,299.55,0.02146553
1998-03-25,6.36,6.3600,297.95,0.02134586
1998-03-26,6.35,6.3500,301.55,0.02105787
1998-03-27,6.4,6.4000,302.25,0.02117452
1998-03-30,6.38,6.3800,301.85,0.02113633
1998-03-31,6.52,6.5200,300.95,0.02166473
1998-04-01,6.38,6.3800,299.75,0.02128440
1998-04-02,6.56,6.5600,302.25,0.02170389
1998-04-03,6.61,6.6100,307.75,0.02147847
1998-04-06,6.42,6.4200,309.15,0.02076662
1998-04-07,6.43,6.4300,309.85,0.02075198
1998-04-08,6.47,6.4700,309.15,0.02092835
1998-04-09,6.46,6.4600,308.45,0.02094343
1998-04-10,6.3,6.3000,307.75,0.02047116
1998-04-13,6.45,6.4500,310.85,0.02074956
1998-04-15,6.35,6.3500,307.25,0.02066721
1998-04-16,6.33,6.3300,308.15,0.02054194
1998-04-17,6.28,6.2800,307.75,0.02040617
1998-04-20,6.26,6.2600,307.95,0.02032798
1998-04-21,6.26,6.2600,307.75,0.02034119
1998-04-22,6.31,6.3100,313.25,0.02014366
1998-04-23,6.31,6.3100,314.05,0.02009234
1998-04-24,6.27,6.2700,312.65,0.02005437
1998-04-27,6.23,6.2300,309.65,0.02011949
1998-04-28,6.19,6.1900,307.95,0.02010067
1998-04-29,6.24,6.2400,310.25,0.02011281
1998-04-30,6.27,6.2700,306.65,0.02044676
1998-05-01,6.23,6.2300,306.25,0.02034286
1998-05-04,6.27,6.2700,304.35,0.02060128
1998-05-05,6.13,6.1300,303.35,0.02020768
1998-05-06,5.93,5.9300,300.75,0.01971737
1998-05-07,5.98,5.9800,298.45,0.02003686
1998-05-08,5.97,5.9700,299.85,0.01990995
1998-05-11,5.75,5.7500,300.35,0.01914433
1998-05-12,5.6,5.6000,298.15,0.01878249
1998-05-13,5.55,5.5500,298.45,0.01859608
1998-05-14,5.61,5.6100,299.05,0.01875940
1998-05-15,5.6,5.6000,301.35,0.01858304
1998-05-18,5.31,5.3100,299.55,0.01772659
1998-05-19,5.2,5.2000,298.75,0.01740586
1998-05-20,5.34,5.3400,299.75,0.01781485
1998-05-22,5.3,5.3000,300.05,0.01766372
1998-05-25,5.28,5.2800,299.75,0.01761468
1998-05-26,5.14,5.1400,295.55,0.01739130
1998-05-27,5.14,5.1400,293.85,0.01749192
1998-05-28,5.05,5.0500,293.2,0.01722374
1998-05-29,5.12,5.1200,292.95,0.01747739
1998-06-01,5.09,5.0900,288.65,0.01763381
1998-06-02,5.21,5.2100,291.15,0.01789456
1998-06-04,5.25,5.2500,293.55,0.01788452
1998-06-05,5.3,5.3000,291.65,0.01817247
1998-06-08,5.44,5.4400,295.95,0.01838148
1998-06-09,5.36,5.3600,293.65,0.01825302
1998-06-10,5.36,5.3600,293.25,0.01827792
1998-06-11,5.19,5.1900,287.05,0.01808047
1998-06-12,5.15,5.1500,286,0.01800699
1998-06-15,5.11,5.1100,284.85,0.01793927
1998-06-16,5.2,5.2000,288.65,0.01801490
1998-06-17,5.38,5.3800,293.45,0.01833362
1998-06-18,5.29,5.2900,293.25,0.01803922
1998-06-19,5.39,5.3900,299.25,0.01801170
1998-06-22,5.36,5.3600,295.75,0.01812342
1998-06-23,5.37,5.3700,295.05,0.01820031
1998-06-24,5.28,5.2800,292.85,0.01802971
1998-06-25,5.37,5.3700,293.85,0.01827463
1998-06-26,5.33,5.3300,293.85,0.01813851
1998-06-29,5.34,5.3400,293.65,0.01818491
1998-06-30,5.54,5.5400,296.95,0.01865634
1998-07-01,5.48,5.4800,296.45,0.01848541
1998-07-02,5.34,5.3400,293.85,0.01817254
1998-07-03,5.36,5.3600,294.49,0.01820096
1998-07-06,5.34,5.3400,293.25,0.01820972
1998-07-07,5.41,5.4100,294.95,0.01834209
1998-07-08,5.36,5.3600,293.25,0.01827792
1998-07-09,5.34,5.3400,291.65,0.01830962
1998-07-10,5.31,5.3100,290.85,0.01825683
1998-07-13,5.34,5.3400,291.65,0.01830962
1998-07-14,5.33,5.3300,293.35,0.01816942
1998-07-15,5.36,5.3600,293.95,0.01823439
1998-07-16,5.35,5.3500,293.25,0.01824382
1998-07-17,5.37,5.3700,294.5,0.01823430
1998-07-20,5.48,5.4800,296,0.01851351
1998-07-21,5.53,5.5300,294.9,0.01875212
1998-07-22,5.68,5.6800,294.15,0.01930988
1998-07-23,5.81,5.8100,293.15,0.01981921
1998-07-24,5.82,5.8200,291.15,0.01998970
1998-07-27,5.66,5.6600,290.35,0.01949371
1998-07-28,5.68,5.6800,291.75,0.01946872
1998-07-29,5.6,5.6000,290.05,0.01930702
1998-07-30,5.53,5.5300,288.85,0.01914488
1998-07-31,5.46,5.4600,286.45,0.01906092
1998-08-03,5.37,5.3700,283.75,0.01892511
1998-08-04,5.48,5.4800,288.45,0.01899809
1998-08-05,5.42,5.4200,287.95,0.01882271
1998-08-06,5.44,5.4400,287.35,0.01893162
1998-08-07,5.29,5.2900,286.65,0.01845456
1998-08-10,5.34,5.3400,287.45,0.01857714
1998-08-11,5.19,5.1900,283.95,0.01827787
1998-08-12,5.18,5.1800,282.75,0.01832007
1998-08-13,5.2,5.2000,285.35,0.01822323
1998-08-14,5.18,5.1800,284.05,0.01823623
1998-08-17,5.13,5.1300,285.05,0.01799684
1998-08-18,5.1,5.1000,284.95,0.01789788
1998-08-19,5.1,5.1000,283.35,0.01799894
1998-08-20,5.18,5.1800,285.15,0.01816588
1998-08-21,5.16,5.1600,283.55,0.01819785
1998-08-24,5.15,5.1500,284.65,0.01809239
1998-08-25,5.05,5.0500,283.05,0.01784137
1998-08-26,4.97,4.9700,282.25,0.01760850
1998-08-27,4.88,4.8800,276.55,0.01764600
1998-08-28,4.67,4.6700,274.35,0.01702205
1998-08-31,4.69,4.6900,275.55,0.01702050
1998-09-01,4.81,4.8100,278.85,0.01724942
1998-09-03,4.96,4.9600,285.35,0.01738216
1998-09-04,5.03,5.0300,286.85,0.01753530
1998-09-07,5.05,5.0500,288.45,0.01750737
1998-09-08,4.92,4.9200,286.05,0.01719979
1998-09-09,4.96,4.9600,284.25,0.01744943
1998-09-10,5.05,5.0500,290.45,0.01738681
1998-09-11,5.03,5.0300,293.75,0.01712340
1998-09-14,4.97,4.9700,290.35,0.01711727
1998-09-15,4.97,4.9700,289.65,0.01715864
1998-09-16,4.94,4.9400,287.65,0.01717365
1998-09-17,5.02,5.0200,291.45,0.01722422
1998-09-18,4.98,4.9800,291.45,0.01708698
1998-09-21,4.87,4.8700,288.95,0.01685413
1998-09-22,4.91,4.9100,287.65,0.01706936
1998-09-23,5.06,5.0600,289.55,0.01747539
1998-09-24,5.17,5.1700,293.85,0.01759401
1998-09-25,5.17,5.1700,293.95,0.01758803
1998-09-28,5.29,5.2900,295.85,0.01788068
1998-09-29,5.38,5.3800,294.65,0.01825895
1998-09-30,5.4,5.4000,296.95,0.01818488
1998-10-01,5.31,5.3100,300.2,0.01768821
1998-10-02,5.25,5.2500,300.55,0.01746798
1998-10-05,5.12,5.1200,297.55,0.01720719
1998-10-06,5.1,5.1000,296.55,0.01719777
1998-10-07,5.15,5.1500,301,0.01710963
1998-10-08,5.02,5.0200,299.65,0.01675288
1998-10-09,4.8,4.8000,296.75,0.01617523
1998-10-12,4.84,4.8400,296.25,0.01633755
1998-10-13,4.85,4.8500,296.55,0.01635475
1998-10-14,4.82,4.8200,296.05,0.01628103
1998-10-15,4.91,4.9100,297.35,0.01651253
1998-10-16,4.95,4.9500,299.95,0.01650275
1998-10-19,4.9,4.9000,296.15,0.01654567
1998-10-20,4.9,4.9000,296.25,0.01654008
1998-10-21,4.9,4.9000,295.25,0.01659610
1998-10-22,4.9,4.9000,292.25,0.01676647
1998-10-23,4.88,4.8800,292.85,0.01666382
1998-10-26,5,5.0000,292.45,0.01709694
1998-10-27,4.97,4.9700,293.75,0.01691915
1998-10-28,5.06,5.0600,293.05,0.01726668
1998-10-29,5.09,5.0900,293.65,0.01733356
1998-10-30,5.05,5.0500,292.55,0.01726201
1998-11-02,5.05,5.0500,289.95,0.01741680
1998-11-03,4.94,4.9400,288.95,0.01709638
1998-11-04,4.96,4.9600,290.95,0.01704760
1998-11-05,5.06,5.0600,294.05,0.01720796
1998-11-06,5.03,5.0300,293.2,0.01715553
1998-11-09,5.06,5.0600,292.7,0.01728732
1998-11-10,5.01,5.0100,293.6,0.01706403
1998-11-11,5.02,5.0200,293.35,0.01711266
1998-11-12,5.15,5.1500,296.95,0.01734299
1998-11-13,5.05,5.0500,295.85,0.01706946
1998-11-17,4.94,4.9400,294.1,0.01679701
1998-11-18,4.99,4.9900,297.55,0.01677029
1998-11-19,4.97,4.9700,295.75,0.01680473
1998-11-20,4.92,4.9200,296.25,0.01660759
1998-11-23,4.93,4.9300,296,0.01665541
1998-11-24,4.92,4.9200,296.25,0.01660759
1998-11-25,4.95,4.9500,296.6,0.01668914
1998-11-26,4.94,4.9400,296.55,0.01665824
1998-11-27,4.94,4.9400,296.2,0.01667792
1998-11-30,4.87,4.8700,293.25,0.01660699
1998-12-01,4.89,4.8900,293.75,0.01664681
1998-12-02,4.72,4.7200,293.05,0.01610647
1998-12-03,4.79,4.7900,291.85,0.01641254
1998-12-04,4.78,4.7800,292.15,0.01636146
1998-12-07,4.82,4.8200,295.05,0.01633621
1998-12-08,4.79,4.7900,293.85,0.01630083
1998-12-09,4.83,4.8300,294.05,0.01642578
1998-12-10,4.84,4.8400,294.25,0.01644860
1998-12-11,4.81,4.8100,290.85,0.01653773
1998-12-14,4.9,4.9000,291.35,0.01681826
1998-12-15,4.91,4.9100,292.85,0.01676626
1998-12-16,5.01,5.0100,295.05,0.01698017
1998-12-17,4.98,4.9800,291.55,0.01708112
1998-12-21,4.92,4.9200,288.95,0.01702717
1998-12-22,4.93,4.9300,287.65,0.01713888
1998-12-23,4.92,4.9200,286.75,0.01715780
1998-12-24,4.94,4.9400,286.25,0.01725764
1998-12-28,4.94,4.9400,286.65,0.01723356
1998-12-29,5.01,5.0100,286.25,0.01750218
1998-12-30,5.06,5.0600,287.05,0.01762759
1998-12-31,5.04,5.0400,288.25,0.01748482
1999-01-01,5.05,5.0500,287.75,0.01754996
1999-01-04,4.96,4.9600,287.35,0.01726118
1999-01-05,5.07,5.0700,286.95,0.01766858
1999-01-06,5.19,5.1900,287.65,0.01804276
1999-01-07,5.25,5.2500,291.6,0.01800412
1999-01-08,5.3,5.3000,291.35,0.01819118
1999-01-11,5.37,5.3700,292.95,0.01833077
1999-01-12,5.27,5.2700,288.55,0.01826373
1999-01-13,5.21,5.2100,286.75,0.01816914
1999-01-14,5.2,5.2000,286.95,0.01812162
1999-01-15,5.14,5.1400,286.95,0.01791253
1999-01-18,5.13,5.1300,287.25,0.01785901
1999-01-19,5.14,5.1400,286.5,0.01794066
1999-01-20,5.17,5.1700,287.15,0.01800453
1999-01-21,5.13,5.1300,287.65,0.01783417
1999-01-22,5.12,5.1200,286.45,0.01787397
1999-01-25,5.19,5.1900,287.8,0.01803336
1999-01-26,5.14,5.1400,286,0.01797203
1999-01-27,5.13,5.1300,283.15,0.01811761
1999-01-28,5.26,5.2600,284.25,0.01850484
1999-01-29,5.25,5.2500,286.05,0.01835343
1999-02-01,5.35,5.3500,288.85,0.01852172
1999-02-02,5.48,5.4800,288.55,0.01899151
1999-02-03,5.55,5.5500,287.65,0.01929428
1999-02-04,5.8,5.8000,290.05,0.01999655
1999-02-05,5.67,5.6700,288.55,0.01964997
1999-02-08,5.64,5.6400,289.55,0.01947850
1999-02-09,5.53,5.5300,287.55,0.01923144
1999-02-10,5.52,5.5200,287.15,0.01922340
1999-02-11,5.55,5.5500,287.95,0.01927418
1999-02-12,5.67,5.6700,289.55,0.01958211
1999-02-15,5.75,5.7500,289.5,0.01986183
1999-02-16,5.43,5.4300,284.95,0.01905597
1999-02-17,5.45,5.4500,284.75,0.01913960
1999-02-18,5.56,5.5600,286.45,0.01941002
1999-02-19,5.64,5.6400,288.25,0.01956635
1999-02-22,5.51,5.5100,287.25,0.01918190
1999-02-23,5.51,5.5100,287.45,0.01916855
1999-02-24,5.5,5.5000,286.4,0.01920391
1999-02-25,5.59,5.5900,287.95,0.01941309
1999-02-26,5.65,5.6500,287.05,0.01968298
1999-03-01,5.56,5.5600,286.65,0.01939648
1999-03-02,5.34,5.3400,286.75,0.01862249
1999-03-03,5.27,5.2700,287.15,0.01835278
1999-03-04,5.31,5.3100,288.05,0.01843430
1999-03-05,5.22,5.2200,288.45,0.01809672
1999-03-08,5.3,5.3000,291.55,0.01817870
1999-03-09,5.26,5.2600,292.05,0.01801061
1999-03-10,5.3,5.3000,292.95,0.01809182
1999-03-11,5.36,5.3600,294.35,0.01820961
1999-03-12,5.33,5.3300,292.25,0.01823781
1999-03-15,5.11,5.1100,286.65,0.01782662
1999-03-16,5.09,5.0900,284.05,0.01791938
1999-03-17,5.05,5.0500,284,0.01778169
1999-03-18,5.03,5.0300,283.3,0.01775503
1999-03-19,5.07,5.0700,284.25,0.01783641
1999-03-22,5.11,5.1100,284.75,0.01794557
1999-03-23,5.13,5.1300,284.55,0.01802847
1999-03-24,5.1,5.1000,283.95,0.01796091
1999-03-25,5.14,5.1400,283.45,0.01813371
1999-03-26,5.1,5.1000,279.75,0.01823056
1999-03-29,5.12,5.1200,280.35,0.01826289
1999-03-30,5.03,5.0300,279.35,0.01800609
1999-03-31,4.98,4.9800,280.05,0.01778254
1999-04-01,5.04,5.0400,280.45,0.01797112
1999-04-05,4.92,4.9200,278.45,0.01766924
1999-04-06,4.98,4.9800,279.85,0.01779525
1999-04-07,4.98,4.9800,280.55,0.01775085
1999-04-08,4.91,4.9100,280.85,0.01748264
1999-04-09,4.96,4.9600,281.55,0.01761676
1999-04-12,4.92,4.9200,282.85,0.01739438
1999-04-13,4.95,4.9500,283.95,0.01743265
1999-04-14,4.89,4.8900,281.45,0.01737431
1999-04-15,5.03,5.0300,283.55,0.01773938
1999-04-16,5.07,5.0700,284.25,0.01783641
1999-04-19,5.17,5.1700,284.55,0.01816904
1999-04-20,5.15,5.1500,284.45,0.01810512
1999-04-21,5.19,5.1900,283.85,0.01828431
1999-04-22,5.19,5.1900,283.75,0.01829075
1999-04-23,5.17,5.1700,283.55,0.01823312
1999-04-26,5.13,5.1300,281.15,0.01824649
1999-04-27,5.2,5.2000,282.25,0.01842338
1999-04-28,5.28,5.2800,282.85,0.01866714
1999-04-29,5.37,5.3700,286.05,0.01877294
1999-04-30,5.42,5.4200,286.05,0.01894774
1999-05-03,5.26,5.2600,286.25,0.01837555
1999-05-04,5.32,5.3200,285.65,0.01862419
1999-05-05,5.4,5.4000,287.45,0.01878588
1999-05-06,5.4,5.4000,289.55,0.01864963
1999-05-07,5.45,5.4500,282.75,0.01927498
1999-05-10,5.44,5.4400,278.65,0.01952270
1999-05-11,5.42,5.4200,278.35,0.01947189
1999-05-12,5.39,5.3900,277.05,0.01945497
1999-05-13,5.53,5.5300,277.65,0.01991716
1999-05-14,5.39,5.3900,275.95,0.01953252
1999-05-17,5.38,5.3800,274.45,0.01960284
1999-05-18,5.34,5.3400,274.25,0.01947129
1999-05-19,5.29,5.2900,272.95,0.01938084
1999-05-20,5.31,5.3100,274.45,0.01934779
1999-05-21,5.21,5.2100,272.85,0.01909474
1999-05-24,5.08,5.0800,272.65,0.01863195
1999-05-25,5.07,5.0700,270.65,0.01873268
1999-05-26,5.06,5.0600,269.15,0.01879993
1999-05-27,4.96,4.9600,270.45,0.01833980
1999-05-28,4.9,4.9000,270.25,0.01813136
1999-05-31,4.94,4.9400,270.35,0.01827261
1999-06-01,5,5.0000,267.65,0.01868111
1999-06-02,5,5.0000,265.65,0.01882176
1999-06-04,4.9,4.9000,264.8,0.01850453
1999-06-07,5,5.0000,265.55,0.01882885
1999-06-08,4.96,4.9600,262.25,0.01891325
1999-06-09,5.05,5.0500,259.55,0.01945675
1999-06-10,5.11,5.1100,258.45,0.01977172
1999-06-11,5.13,5.1300,260.65,0.01968157
1999-06-14,5.12,5.1200,260.55,0.01965074
1999-06-15,5.07,5.0700,259.45,0.01954134
1999-06-16,5.05,5.0500,258.35,0.01954713
1999-06-17,5.1,5.1000,258.45,0.01973302
1999-06-18,4.97,4.9700,259.55,0.01914853
1999-06-21,5,5.0000,258.95,0.01930875
1999-06-22,5.06,5.0600,258.35,0.01958583
1999-06-23,5.12,5.1200,260.5,0.01965451
1999-06-24,5.14,5.1400,260.55,0.01972750
1999-06-25,5.08,5.0800,259.45,0.01957988
1999-06-28,5.16,5.1600,260.8,0.01978528
1999-06-29,5.19,5.1900,260.75,0.01990412
1999-06-30,5.24,5.2400,261.2,0.02006126
1999-07-01,5.27,5.2700,262.75,0.02005709
1999-07-02,5.26,5.2600,263.3,0.01997721
1999-07-05,5.27,5.2700,262.1,0.02010683
1999-07-06,5.22,5.2200,256.85,0.02032315
1999-07-07,5.23,5.2300,257.35,0.02032252
1999-07-08,5.25,5.2500,256.95,0.02043199
1999-07-09,5.24,5.2400,257.15,0.02037721
1999-07-12,5.24,5.2400,255.65,0.02049677
1999-07-13,5.14,5.1400,255.85,0.02008990
1999-07-14,5.09,5.0900,254.25,0.02001967
1999-07-15,5.11,5.1100,254.05,0.02011415
1999-07-16,5.09,5.0900,253.9,0.02004726
1999-07-19,5.06,5.0600,253.25,0.01998026
1999-07-20,5.07,5.0700,253.45,0.02000395
1999-07-21,5.12,5.1200,255.25,0.02005877
1999-07-22,5.15,5.1500,255.95,0.02012112
1999-07-23,5.16,5.1600,254.75,0.02025515
1999-07-26,5.15,5.1500,253.95,0.02027958
1999-07-27,5.16,5.1600,253.85,0.02032696
1999-07-28,5.26,5.2600,254.05,0.02070459
1999-07-29,5.4,5.4000,257.05,0.02100759
1999-07-30,5.45,5.4500,255.95,0.02129322
1999-08-02,5.42,5.4200,255.25,0.02123408
1999-08-03,5.45,5.4500,256.15,0.02127660
1999-08-04,5.5,5.5000,256.15,0.02147179
1999-08-05,5.43,5.4300,255.45,0.02125661
1999-08-06,5.41,5.4100,256.05,0.02112869
1999-08-09,5.32,5.3200,257.15,0.02068831
1999-08-10,5.34,5.3400,257.35,0.02074995
1999-08-11,5.41,5.4100,258.95,0.02089206
1999-08-12,5.36,5.3600,261.05,0.02053247
1999-08-13,5.33,5.3300,260.85,0.02043320
1999-08-16,5.24,5.2400,260.15,0.02014223
1999-08-17,5.26,5.2600,261.45,0.02011857
1999-08-18,5.23,5.2300,259.65,0.02014250
1999-08-19,5.2,5.2000,258.75,0.02009662
1999-08-20,5.24,5.2400,257.35,0.02036138
1999-08-23,5.14,5.1400,254.35,0.02020837
1999-08-24,5.14,5.1400,252.85,0.02032826
1999-08-25,5.1,5.1000,252.35,0.02021003
1999-08-26,5.14,5.1400,252.95,0.02032022
1999-08-31,5.17,5.1700,255.75,0.02021505
1999-09-01,5.16,5.1600,253.95,0.02031896
1999-09-03,5.17,5.1700,254.25,0.02033432
1999-09-06,5.14,5.1400,254.9,0.02016477
1999-09-07,5.21,5.2100,255.95,0.02035554
1999-09-08,5.21,5.2100,256.45,0.02031585
1999-09-09,5.23,5.2300,257.25,0.02033042
1999-09-10,5.21,5.2100,256.55,0.02030793
1999-09-13,5.17,5.1700,256.65,0.02014417
1999-09-14,5.13,5.1300,257.25,0.01994169
1999-09-15,5.1,5.1000,256.75,0.01986368
1999-09-16,5.11,5.1100,256.45,0.01992591
1999-09-17,5.11,5.1100,255.3,0.02001567
1999-09-20,5.1,5.1000,255.05,0.01999608
1999-09-21,5.26,5.2600,261.05,0.02014940
1999-09-22,5.28,5.2800,264.55,0.01995842
1999-09-23,5.27,5.2700,266.15,0.01980086
1999-09-24,5.25,5.2500,268.75,0.01953488
1999-09-27,5.35,5.3500,282.45,0.01894141
1999-09-28,5.76,5.7600,309.15,0.01863173
1999-09-29,5.62,5.6200,304,0.01848684
1999-09-30,5.64,5.6400,299.2,0.01885027
1999-10-01,5.6,5.6000,305.5,0.01833061
1999-10-04,5.64,5.6400,318.8,0.01769134
1999-10-05,5.57,5.5700,325.5,0.01711214
1999-10-06,5.53,5.5300,325.5,0.01698925
1999-10-07,5.6,5.6000,323.8,0.01729463
1999-10-08,5.55,5.5500,321.2,0.01727895
1999-10-11,5.53,5.5300,319.8,0.01729206
1999-10-12,5.59,5.5900,317.7,0.01759522
1999-10-13,5.6,5.6000,321.3,0.01742919
1999-10-14,5.4,5.4000,312.5,0.01728000
1999-10-15,5.33,5.3300,315.4,0.01689918
1999-10-18,5.24,5.2400,310.7,0.01686514
1999-10-19,5.27,5.2700,308.6,0.01707712
1999-10-20,5.2,5.2000,306.3,0.01697682
1999-10-21,5.23,5.2300,304.7,0.01716442
1999-10-22,5.25,5.2500,302.1,0.01737835
1999-10-25,5.27,5.2700,299.7,0.01758425
1999-10-26,5.21,5.2100,289.35,0.01800588
1999-10-27,5.2,5.2000,293.5,0.01771721
1999-10-28,5.3,5.3000,299.45,0.01769912
1999-10-29,5.23,5.2300,299.2,0.01747995
1999-11-01,5.23,5.2300,290.55,0.01800034
1999-11-02,5.23,5.2300,291.45,0.01794476
1999-11-03,5.27,5.2700,292.3,0.01802942
1999-11-04,5.23,5.2300,292.6,0.01787423
1999-11-05,5.09,5.0900,290.55,0.01751850
1999-11-08,5.09,5.0900,289.7,0.01756990
1999-11-09,5.1,5.1000,292.1,0.01745977
1999-11-10,5.17,5.1700,298,0.01734899
1999-11-11,5.12,5.1200,294,0.01741497
1999-11-12,5.07,5.0700,291.3,0.01740474
1999-11-15,5.14,5.1400,291.5,0.01763293
1999-11-16,5.21,5.2100,294.6,0.01768500
1999-11-17,5.14,5.1400,295.1,0.01741782
1999-11-18,5.14,5.1400,294.25,0.01746814
1999-11-19,5.17,5.1700,295,0.01752542
1999-11-22,5.24,5.2400,295,0.01776271
1999-11-23,5.33,5.3300,298.3,0.01786792
1999-11-24,5.22,5.2200,298.2,0.01750503
1999-11-25,5.21,5.2100,298.38,0.01746096
1999-11-26,5.2,5.2000,297.12,0.01750135
1999-11-29,5.19,5.1900,291.2,0.01782280
1999-11-30,5.22,5.2200,290.7,0.01795666
1999-12-01,5.19,5.1900,289.7,0.01791508
1999-12-02,5.1,5.1000,285,0.01789474
1999-12-03,5.12,5.1200,280.1,0.01827919
1999-12-06,5.13,5.1300,276.1,0.01858022
1999-12-07,5.16,5.1600,283.25,0.01821712
1999-12-08,5.14,5.1400,281.95,0.01823018
1999-12-09,5.13,5.1300,278.6,0.01841350
1999-12-10,5.14,5.1400,278.95,0.01842624
1999-12-13,5.14,5.1400,280.5,0.01832442
1999-12-14,5.21,5.2100,280.3,0.01858723
1999-12-15,5.2,5.2000,282.75,0.01839080
1999-12-16,5.22,5.2200,281.95,0.01851392
1999-12-17,5.24,5.2400,283.65,0.01847347
1999-12-20,5.21,5.2100,284.15,0.01833539
1999-12-21,5.18,5.1800,287.73,0.01800299
1999-12-22,5.24,5.2400,286.85,0.01826739
1999-12-23,5.22,5.2200,286.95,0.01819132
1999-12-24,5.2,5.2000,287.75,0.01807124
1999-12-27,5.22,5.2200,288,0.01812500
1999-12-28,5.22,5.2200,289.8,0.01801242
1999-12-29,5.39,5.3900,290.7,0.01854145
1999-12-30,5.43,5.4300,288.3,0.01883455
1999-12-31,5.42,5.4200,288.25,0.01880312
2000-01-03,5.36,5.3600,289,0.01854671
2000-01-04,5.33,5.3300,282.38,0.01887527
2000-01-05,5.19,5.1900,280.85,0.01847962
2000-01-06,5.14,5.1400,281.45,0.01826257
2000-01-07,5.17,5.1700,281.75,0.01834960
2000-01-10,5.17,5.1700,281.6,0.01835937
2000-01-11,5.17,5.1700,283.3,0.01824921
2000-01-12,5.11,5.1100,282.55,0.01808529
2000-01-13,5.13,5.1300,284.2,0.01805067
2000-01-14,5.13,5.1300,284.2,0.01805067
2000-01-17,5.12,5.1200,285.5,0.01793345
2000-01-18,5.14,5.1400,288.8,0.01779778
2000-01-19,5.16,5.1600,289.65,0.01781460
2000-01-20,5.22,5.2200,288.45,0.01809672
2000-01-21,5.21,5.2100,289.1,0.01802145
2000-01-24,5.25,5.2500,287.6,0.01825452
2000-01-25,5.26,5.2600,286.12,0.01838389
2000-01-26,5.22,5.2200,286.05,0.01824856
2000-01-27,5.37,5.3700,287.05,0.01870754
2000-01-28,5.27,5.2700,283.35,0.01859891
2000-01-31,5.24,5.2400,283.5,0.01848325
2000-02-01,5.21,5.2100,282.65,0.01843269
2000-02-02,5.18,5.1800,284.95,0.01817863
2000-02-03,5.23,5.2300,287.5,0.01819130
2000-02-04,5.53,5.5300,311.3,0.01776421
2000-02-07,5.31,5.3100,305,0.01740984
2000-02-08,5.29,5.2900,299.1,0.01768639
2000-02-09,5.36,5.3600,307.2,0.01744792
2000-02-10,5.36,5.3600,316.25,0.01694862
2000-02-11,5.29,5.2900,310.65,0.01702881
2000-02-14,5.23,5.2300,308.2,0.01696950
2000-02-15,5.22,5.2200,301.75,0.01729909
2000-02-16,5.26,5.2600,302.5,0.01738843
2000-02-17,5.25,5.2500,300.75,0.01745636
2000-02-18,5.24,5.2400,304.8,0.01719160
2000-02-21,5.23,5.2300,305.5,0.01711948
2000-02-22,5.26,5.2600,305.2,0.01723460
2000-02-23,5.23,5.2300,300.3,0.01741592
2000-02-24,5.16,5.1600,298.5,0.01728643
2000-02-25,5.06,5.0600,292.6,0.01729323
2000-02-28,5.06,5.0600,292.2,0.01731691
2000-02-29,5.07,5.0700,292.2,0.01735113
2000-03-01,5.08,5.0800,289.25,0.01756266
2000-03-02,5.04,5.0400,288.2,0.01748786
2000-03-03,5.04,5.0400,288.5,0.01746967
2000-03-06,5.06,5.0600,287.9,0.01757555
2000-03-07,5.08,5.0800,293.2,0.01732606
2000-03-08,5.09,5.0900,288.5,0.01764298
2000-03-09,5.1,5.1000,291.2,0.01751374
2000-03-10,5.08,5.0800,289,0.01757785
2000-03-13,5.07,5.0700,290.4,0.01745868
2000-03-14,5.09,5.0900,288.9,0.01761855
2000-03-15,5.12,5.1200,289,0.01771626
2000-03-16,5.09,5.0900,286.5,0.01776614
2000-03-17,5.1,5.1000,284.6,0.01791989
2000-03-20,5.04,5.0400,285.9,0.01762854
2000-03-21,5.11,5.1100,289.7,0.01763894
2000-03-22,5.12,5.1200,288,0.01777778
2000-03-23,5.09,5.0900,285.6,0.01782213
2000-03-24,5.11,5.1100,285,0.01792982
2000-03-27,5.09,5.0900,280.3,0.01815912
2000-03-28,5.06,5.0600,280,0.01807143
2000-03-29,4.96,4.9600,276.4,0.01794501
2000-03-30,4.96,4.9600,276.65,0.01792879
2000-03-31,5.01,5.0100,278.9,0.01796343
2000-04-03,5.03,5.0300,278.2,0.01808052
2000-04-04,5.14,5.1400,283.9,0.01810497
2000-04-05,5.1,5.1000,281.5,0.01811723
2000-04-06,5.11,5.1100,280.5,0.01821747
2000-04-07,5.09,5.0900,280.2,0.01816560
2000-04-10,5.13,5.1300,282,0.01819149
2000-04-11,5.11,5.1100,281.6,0.01814631
2000-04-12,5.11,5.1100,282.2,0.01810773
2000-04-13,5.16,5.1600,281.9,0.01830436
2000-04-14,5.14,5.1400,282.6,0.01818825
2000-04-17,5.1,5.1000,281.6,0.01811080
2000-04-18,5.11,5.1100,281.3,0.01816566
2000-04-19,5.1,5.1000,280.7,0.01816886
2000-04-20,4.97,4.9700,279.8,0.01776269
2000-04-21,4.98,4.9800,280,0.01778571
2000-04-24,4.94,4.9400,279.8,0.01765547
2000-04-25,5,5.0000,278.4,0.01795977
2000-04-26,4.94,4.9400,275.7,0.01791803
2000-04-27,4.96,4.9600,277.05,0.01790291
2000-04-28,4.96,4.9600,273.35,0.01814524
2000-05-01,5.02,5.0200,273.65,0.01834460
2000-05-02,5.02,5.0200,274.95,0.01825787
2000-05-03,5.01,5.0100,278.25,0.01800539
2000-05-04,5.1,5.1000,279.95,0.01821754
2000-05-05,4.99,4.9900,278.95,0.01788851
2000-05-08,5.01,5.0100,276.55,0.01811607
2000-05-09,5.03,5.0300,277.25,0.01814247
2000-05-10,5.02,5.0200,277.75,0.01807381
2000-05-11,5,5.0000,276.15,0.01810610
2000-05-12,5,5.0000,276.15,0.01810610
2000-05-15,5,5.0000,275.45,0.01815211
2000-05-16,5.08,5.0800,275.65,0.01842917
2000-05-17,5.01,5.0100,273.05,0.01834829
2000-05-18,5,5.0000,273.35,0.01829157
2000-05-19,4.97,4.9700,274.25,0.01812215
2000-05-22,4.99,4.9900,275.8,0.01809282
2000-05-23,5,5.0000,274.35,0.01822490
2000-05-24,4.97,4.9700,273.5,0.01817185
2000-05-25,4.91,4.9100,270.3,0.01816500
2000-05-26,4.92,4.9200,272.4,0.01806167
2000-05-29,4.93,4.9300,272.1,0.01811834
2000-05-30,4.91,4.9100,273.2,0.01797218
2000-05-31,4.92,4.9200,272.1,0.01808159
2000-06-01,4.92,4.9200,272.8,0.01803519
2000-06-02,4.99,4.9900,281.15,0.01774853
2000-06-05,5.02,5.0200,285.45,0.01758627
2000-06-06,5.06,5.0600,289.5,0.01747841
2000-06-07,5.07,5.0700,287.3,0.01764706
2000-06-08,5.06,5.0600,284.45,0.01778872
2000-06-09,5.03,5.0300,283.85,0.01772063
2000-06-12,5.01,5.0100,286.75,0.01747167
2000-06-13,5,5.0000,285.75,0.01749781
2000-06-14,5.06,5.0600,291.75,0.01734362
2000-06-15,5.05,5.0500,289.85,0.01742280
2000-06-16,5.06,5.0600,289.25,0.01749352
2000-06-19,5.02,5.0200,286.25,0.01753712
2000-06-20,5.02,5.0200,286.15,0.01754325
2000-06-21,4.96,4.9600,286.15,0.01733357
2000-06-22,4.96,4.9600,285.65,0.01736391
2000-06-23,4.95,4.9500,283.15,0.01748190
2000-06-26,4.98,4.9800,283.95,0.01753830
2000-06-27,4.94,4.9400,286.15,0.01726367
2000-06-28,4.97,4.9700,292.8,0.01697404
2000-06-29,5,5.0000,289.15,0.01729206
2000-06-30,5.03,5.0300,290.1,0.01733885
2000-07-03,5,5.0000,287.85,0.01737016
2000-07-04,4.99,4.9900,286.85,0.01739585
2000-07-05,4.98,4.9800,284.15,0.01752595
2000-07-06,5,5.0000,283.55,0.01763357
2000-07-07,4.97,4.9700,283.65,0.01752159
2000-07-10,4.99,4.9900,284.05,0.01756733
2000-07-11,4.96,4.9600,282.55,0.01755442
2000-07-12,4.97,4.9700,280.65,0.01770889
2000-07-13,4.98,4.9800,280.25,0.01776985
2000-07-14,4.99,4.9900,281.4,0.01773276
2000-07-17,5.01,5.0100,283.55,0.01766884
2000-07-18,5.02,5.0200,282.65,0.01776048
2000-07-19,4.97,4.9700,279.15,0.01780405
2000-07-20,4.98,4.9800,280.25,0.01776985
2000-07-21,4.93,4.9300,280.35,0.01758516
2000-07-24,4.94,4.9400,279.25,0.01769024
2000-07-25,4.98,4.9800,279.15,0.01783987
2000-07-26,4.95,4.9500,279.75,0.01769437
2000-07-27,4.97,4.9700,278.55,0.01784240
2000-07-28,4.96,4.9600,278.4,0.01781609
2000-07-31,4.99,4.9900,277.25,0.01799820
2000-08-01,4.98,4.9800,277.35,0.01795565
2000-08-02,4.98,4.9800,277.55,0.01794271
2000-08-03,4.96,4.9600,273.95,0.01810549
2000-08-04,4.91,4.9100,273.25,0.01796889
2000-08-07,4.93,4.9300,273.75,0.01800913
2000-08-08,4.9,4.9000,273.05,0.01794543
2000-08-09,4.89,4.8900,272.55,0.01794166
2000-08-10,4.89,4.8900,272.75,0.01792851
2000-08-11,4.91,4.9100,275.15,0.01784481
2000-08-14,4.87,4.8700,274.75,0.01772520
2000-08-15,4.86,4.8600,274.65,0.01769525
2000-08-16,4.85,4.8500,277.2,0.01749639
2000-08-17,4.86,4.8600,277.65,0.01750405
2000-08-18,4.84,4.8400,276.65,0.01749503
2000-08-21,4.85,4.8500,275.2,0.01762355
2000-08-22,4.83,4.8300,273.75,0.01764384
2000-08-23,4.78,4.7800,271.25,0.01762212
2000-08-24,4.84,4.8400,272.95,0.01773219
2000-08-25,4.88,4.8800,274.25,0.01779398
2000-08-28,4.92,4.9200,274.25,0.01793984
2000-08-29,4.93,4.9300,273.25,0.01804209
2000-08-30,4.91,4.9100,274.15,0.01790990
2000-08-31,4.97,4.9700,277.85,0.01788735
2000-09-01,4.97,4.9700,276.75,0.01795845
2000-09-04,4.96,4.9600,277,0.01790614
2000-09-05,4.95,4.9500,275.6,0.01796081
2000-09-06,4.95,4.9500,274.65,0.01802294
2000-09-07,4.91,4.9100,273.85,0.01792952
2000-09-08,4.9,4.9000,273.05,0.01794543
2000-09-11,4.85,4.8500,273.15,0.01775581
2000-09-12,4.87,4.8700,273.05,0.01783556
2000-09-13,4.87,4.8700,272.75,0.01785518
2000-09-14,4.88,4.8800,272.45,0.01791154
2000-09-15,4.86,4.8600,272.55,0.01783159
2000-09-18,4.86,4.8600,271.8,0.01788079
2000-09-19,4.86,4.8600,272.15,0.01785780
2000-09-20,4.83,4.8300,269.45,0.01792540
2000-09-21,4.87,4.8700,270.65,0.01799372
2000-09-22,4.9,4.9000,272.15,0.01800478
2000-09-25,4.91,4.9100,274.35,0.01789685
2000-09-26,4.91,4.9100,274.35,0.01789685
2000-09-27,4.94,4.9400,278.7,0.01772515
2000-09-28,4.94,4.9400,274.85,0.01797344
2000-09-29,4.88,4.8800,274.25,0.01779398
2000-10-02,4.88,4.8800,273.55,0.01783952
2000-10-03,4.89,4.8900,272.25,0.01796143
2000-10-04,4.86,4.8600,270.85,0.01794351
2000-10-05,4.87,4.8700,269.25,0.01808728
2000-10-06,4.87,4.8700,269.65,0.01806045
2000-10-09,4.87,4.8700,270.65,0.01799372
2000-10-10,4.9,4.9000,272.75,0.01796517
2000-10-11,4.86,4.8600,270.95,0.01793689
2000-10-12,4.91,4.9100,276.55,0.01775447
2000-10-13,4.87,4.8700,272.65,0.01786173
2000-10-16,4.88,4.8800,272.05,0.01793788
2000-10-17,4.84,4.8400,271.3,0.01784003
2000-10-18,4.84,4.8400,270.75,0.01787627
2000-10-19,4.83,4.8300,270.85,0.01783275
2000-10-20,4.82,4.8200,271.55,0.01774995
2000-10-23,4.78,4.7800,270.35,0.01768078
2000-10-24,4.79,4.7900,270.15,0.01773089
2000-10-25,4.76,4.7600,266.75,0.01784442
2000-10-26,4.73,4.7300,265.35,0.01782551
2000-10-30,4.73,4.7300,264.35,0.01789294
2000-10-31,4.76,4.7600,264.6,0.01798942
2000-11-01,4.76,4.7600,264.8,0.01797583
2000-11-02,4.71,4.7100,264.75,0.01779037
2000-11-03,4.74,4.7400,265.2,0.01787330
2000-11-06,4.75,4.7500,264.95,0.01792791
2000-11-07,4.72,4.7200,264.5,0.01784499
2000-11-08,4.73,4.7300,265.05,0.01784569
2000-11-09,4.74,4.7400,265.95,0.01782290
2000-11-10,4.69,4.6900,264.75,0.01771483
2000-11-13,4.67,4.6700,264.45,0.01765929
2000-11-14,4.67,4.6700,264.55,0.01765262
2000-11-15,4.68,4.6800,264.95,0.01766371
2000-11-16,4.65,4.6500,266.35,0.01745823
2000-11-17,4.65,4.6500,265.8,0.01749436
2000-11-20,4.64,4.6400,266.4,0.01741742
2000-11-21,4.62,4.6200,265.85,0.01737822
2000-11-22,4.63,4.6300,266.65,0.01736359
2000-11-23,4.62,4.6200,266.05,0.01736516
2000-11-24,4.62,4.6200,265.95,0.01737169
2000-11-27,4.7,4.7000,270,0.01740741
2000-11-28,4.7,4.7000,269.6,0.01743323
2000-11-29,4.63,4.6300,266.95,0.01734407
2000-11-30,4.69,4.6900,270.45,0.01734147
2000-12-01,4.7,4.7000,269.8,0.01742031
2000-12-04,4.72,4.7200,270.5,0.01744917
2000-12-05,4.72,4.7200,270.6,0.01744272
2000-12-06,4.76,4.7600,274.75,0.01732484
2000-12-07,4.74,4.7400,273.75,0.01731507
2000-12-08,4.66,4.6600,272.75,0.01708524
2000-12-11,4.67,4.6700,270.55,0.01726113
2000-12-12,4.68,4.6800,271.35,0.01724710
2000-12-13,4.64,4.6400,269.35,0.01722666
2000-12-14,4.61,4.6100,269.85,0.01708356
2000-12-15,4.58,4.5800,270.95,0.01690349
2000-12-18,4.58,4.5800,270.15,0.01695354
2000-12-19,4.6,4.6000,270.25,0.01702128
2000-12-20,4.61,4.6100,273.45,0.01685866
2000-12-21,4.6,4.6000,274.15,0.01677914
2000-12-22,4.62,4.6200,273.95,0.01686439
2000-12-25,4.62,4.6200,273.8,0.01687363
2000-12-26,4.64,4.6400,274.45,0.01690654
2000-12-27,4.6,4.6000,275.5,0.01669691
2000-12-28,4.59,4.5900,272.25,0.01685950
2000-12-29,4.6,4.6000,272.25,0.01689624
2001-01-02,4.59,4.5900,269.05,0.01706003
2001-01-03,4.51,4.5100,267.95,0.01683150
2001-01-04,4.55,4.5500,267.55,0.01700617
2001-01-05,4.56,4.5600,268.15,0.01700541
2001-01-08,4.57,4.5700,268.35,0.01703000
2001-01-09,4.55,4.5500,267.75,0.01699346
2001-01-10,4.55,4.5500,264.95,0.01717305
2001-01-11,4.58,4.5800,264.4,0.01732224
2001-01-12,4.63,4.6300,264.32,0.01751665
2001-01-15,4.61,4.6100,263.68,0.01748331
2001-01-16,4.69,4.6900,263.75,0.01778199
2001-01-17,4.71,4.7100,263.8,0.01785444
2001-01-18,4.79,4.7900,265.05,0.01807206
2001-01-19,4.78,4.7800,264.75,0.01805477
2001-01-22,4.8,4.8000,267,0.01797753
2001-01-23,4.79,4.7900,266.75,0.01795689
2001-01-24,4.78,4.7800,264.75,0.01805477
2001-01-25,4.81,4.8100,264.95,0.01815437
2001-01-26,4.81,4.8100,263.05,0.01828550
2001-01-29,4.8,4.8000,263.05,0.01824748
2001-01-30,4.82,4.8200,265.85,0.01813052
2001-01-31,4.79,4.7900,266.05,0.01800413
2001-02-01,4.79,4.7900,268.55,0.01783653
2001-02-02,4.77,4.7700,267.55,0.01782844
2001-02-05,4.68,4.6800,265.25,0.01764373
2001-02-06,4.66,4.6600,263.75,0.01766825
2001-02-07,4.62,4.6200,263.35,0.01754319
2001-02-08,4.57,4.5700,260.85,0.01751965
2001-02-09,4.56,4.5600,260.65,0.01749472
2001-02-12,4.56,4.5600,261.45,0.01744119
2001-02-13,4.56,4.5600,261.45,0.01744119
2001-02-14,4.52,4.5200,259.85,0.01739465
2001-02-15,4.52,4.5200,255.85,0.01766660
2001-02-16,4.49,4.4900,258.95,0.01733925
2001-02-19,4.5,4.5000,259.65,0.01733102
2001-02-20,4.44,4.4400,256.65,0.01729982
2001-02-21,4.41,4.4100,258.65,0.01705007
2001-02-22,4.43,4.4300,259.05,0.01710095
2001-02-23,4.44,4.4400,261.55,0.01697572
2001-02-26,4.46,4.4600,266.55,0.01673232
2001-02-27,4.43,4.4300,267.75,0.01654528
2001-02-28,4.49,4.4900,267.15,0.01680704
2001-03-01,4.41,4.4100,265.65,0.01660079
2001-03-02,4.42,4.4200,262.85,0.01681567
2001-03-05,4.43,4.4300,263.05,0.01684090
2001-03-06,4.43,4.4300,260.75,0.01698945
2001-03-07,4.45,4.4500,262.45,0.01695561
2001-03-08,4.5,4.5000,267.05,0.01685078
2001-03-09,4.51,4.5100,272.38,0.01655775
2001-03-12,4.43,4.4300,272.55,0.01625390
2001-03-13,4.44,4.4400,268.15,0.01655790
2001-03-14,4.46,4.4600,263.15,0.01694851
2001-03-15,4.35,4.3500,260.65,0.01668905
2001-03-16,4.31,4.3100,258.75,0.01665700
2001-03-19,4.33,4.3300,260.85,0.01659958
2001-03-20,4.36,4.3600,261.55,0.01666985
2001-03-21,4.34,4.3400,263.05,0.01649876
2001-03-22,4.36,4.3600,262.05,0.01663805
2001-03-23,4.36,4.3600,262.45,0.01661269
2001-03-26,4.38,4.3800,262.65,0.01667619
2001-03-27,4.44,4.4400,261.55,0.01697572
2001-03-28,4.38,4.3800,260.05,0.01684291
2001-03-29,4.33,4.3300,258.95,0.01672137
2001-03-30,4.3,4.3000,257.95,0.01666990
2001-04-02,4.33,4.3300,255.55,0.01694385
2001-04-03,4.31,4.3100,257.25,0.01675413
2001-04-04,4.32,4.3200,258.45,0.01671503
2001-04-05,4.36,4.3600,258.55,0.01686328
2001-04-06,4.31,4.3100,260.05,0.01657374
2001-04-09,4.34,4.3400,258.55,0.01678592
2001-04-10,4.33,4.3300,257.5,0.01681553
2001-04-11,4.38,4.3800,258.8,0.01692427
2001-04-12,4.38,4.3800,260.15,0.01683644
2001-04-13,4.38,4.3800,259.25,0.01689489
2001-04-16,4.46,4.4600,263.35,0.01693564
2001-04-17,4.38,4.3800,261.05,0.01677839
2001-04-18,4.39,4.3900,261.25,0.01680383
2001-04-19,4.44,4.4400,265.45,0.01672631
2001-04-20,4.45,4.4500,264.65,0.01681466
2001-04-23,4.44,4.4400,263.45,0.01685329
2001-04-24,4.46,4.4600,264.15,0.01688435
2001-04-25,4.38,4.3800,262.25,0.01670162
2001-04-26,4.39,4.3900,264.15,0.01661935
2001-04-27,4.37,4.3700,263.65,0.01657500
2001-04-30,4.34,4.3400,264.05,0.01643628
2001-05-01,4.36,4.3600,264.55,0.01648082
2001-05-02,4.38,4.3800,265.5,0.01649718
2001-05-03,4.34,4.3400,266.25,0.01630047
2001-05-04,4.34,4.3400,266.15,0.01630659
2001-05-07,4.32,4.3200,266.25,0.01622535
2001-05-08,4.33,4.3300,265.25,0.01632422
2001-05-09,4.4,4.4000,270.05,0.01629328
2001-05-10,4.35,4.3500,269.25,0.01615599
2001-05-11,4.34,4.3400,268.05,0.01619101
2001-05-14,4.35,4.3500,268.4,0.01620715
2001-05-15,4.32,4.3200,268.45,0.01609238
2001-05-16,4.44,4.4400,272.05,0.01632053
2001-05-17,4.49,4.4900,273.75,0.01640183
2001-05-18,4.58,4.5800,287.55,0.01592766
2001-05-21,4.55,4.5500,285.55,0.01593416
2001-05-22,4.56,4.5600,285.15,0.01599158
2001-05-23,4.56,4.5600,283.75,0.01607048
2001-05-24,4.61,4.6100,279.15,0.01651442
2001-05-25,4.56,4.5600,277.65,0.01642355
2001-05-28,4.56,4.5600,277.65,0.01642355
2001-05-29,4.53,4.5300,273.85,0.01654190
2001-05-30,4.43,4.4300,266.05,0.01665101
2001-05-31,4.4,4.4000,265.85,0.01655069
2001-06-01,4.42,4.4200,267.05,0.01655121
2001-06-04,4.33,4.3300,265.75,0.01629351
2001-06-05,4.35,4.3500,266.25,0.01633803
2001-06-06,4.35,4.3500,266.25,0.01633803
2001-06-07,4.35,4.3500,266.55,0.01631964
2001-06-08,4.38,4.3800,273.75,0.01600000
2001-06-11,4.35,4.3500,268.15,0.01622226
2001-06-12,4.39,4.3900,271.75,0.01615455
2001-06-13,4.42,4.4200,272.6,0.01621423
2001-06-14,4.49,4.4900,275.75,0.01628286
2001-06-15,4.41,4.4100,271.55,0.01624010
2001-06-18,4.44,4.4400,272.75,0.01627864
2001-06-19,4.42,4.4200,273.65,0.01615202
2001-06-20,4.36,4.3600,272.75,0.01598533
2001-06-21,4.34,4.3400,272.95,0.01590035
2001-06-22,4.31,4.3100,272.65,0.01580781
2001-06-25,4.31,4.3100,273.95,0.01573280
2001-06-26,4.38,4.3800,276.15,0.01586095
2001-06-27,4.32,4.3200,272.35,0.01586194
2001-06-28,4.31,4.3100,269.25,0.01600743
2001-06-29,4.32,4.3200,270.85,0.01594979
2001-07-02,4.29,4.2900,269.55,0.01591541
2001-07-03,4.27,4.2700,267.75,0.01594771
2001-07-04,4.28,4.2800,267.95,0.01597313
2001-07-05,4.24,4.2400,265.35,0.01597890
2001-07-06,4.26,4.2600,266.25,0.01600000
2001-07-09,4.24,4.2400,266.65,0.01590099
2001-07-10,4.26,4.2600,266.35,0.01599399
2001-07-11,4.26,4.2600,268.45,0.01586888
2001-07-12,4.27,4.2700,266.85,0.01600150
2001-07-13,4.32,4.3200,267.35,0.01615859
2001-07-16,4.22,4.2200,267.15,0.01579637
2001-07-17,4.25,4.2500,268.35,0.01583753
2001-07-18,4.28,4.2800,270.75,0.01580794
2001-07-19,4.24,4.2400,269.25,0.01574745
2001-07-20,4.2,4.2000,270.05,0.01555268
2001-07-23,4.2,4.2000,268.85,0.01562209
2001-07-24,4.26,4.2600,269.75,0.01579240
2001-07-25,4.23,4.2300,267.95,0.01578653
2001-07-26,4.26,4.2600,266.45,0.01598799
2001-07-27,4.23,4.2300,267.55,0.01581013
2001-07-30,4.22,4.2200,265.25,0.01590952
2001-07-31,4.24,4.2400,266.65,0.01590099
2001-08-01,4.24,4.2400,267.55,0.01584751
2001-08-02,4.26,4.2600,268.05,0.01589256
2001-08-03,4.24,4.2400,268.55,0.01578849
2001-08-06,4.21,4.2100,267.75,0.01572362
2001-08-07,4.19,4.1900,267.65,0.01565477
2001-08-08,4.17,4.1700,268.35,0.01553941
2001-08-09,4.22,4.2200,274.15,0.01539303
2001-08-10,4.16,4.1600,274.55,0.01515207
2001-08-13,4.17,4.1700,275.95,0.01511143
2001-08-14,4.22,4.2200,276.75,0.01524842
2001-08-15,4.17,4.1700,275.85,0.01511691
2001-08-16,4.22,4.2200,275.35,0.01532595
2001-08-17,4.28,4.2800,279.25,0.01532677
2001-08-20,4.17,4.1700,276.05,0.01510596
2001-08-21,4.2,4.2000,275.05,0.01526995
2001-08-22,4.21,4.2100,274.45,0.01533977
2001-08-23,4.24,4.2400,275.35,0.01539858
2001-08-24,4.19,4.1900,272.85,0.01535642
2001-08-27,4.21,4.2100,272.85,0.01542972
2001-08-28,4.2,4.2000,272.25,0.01542700
2001-08-29,4.2,4.2000,273.65,0.01534807
2001-08-30,4.18,4.1800,275.3,0.01518344
2001-08-31,4.19,4.1900,274.45,0.01526690
2001-09-03,4.2,4.2000,273.5,0.01535649
2001-09-04,4.18,4.1800,272.15,0.01535918
2001-09-05,4.18,4.1800,272.05,0.01536482
2001-09-06,4.18,4.1800,272.9,0.01531697
2001-09-07,4.18,4.1800,273.15,0.01530295
2001-09-10,4.18,4.1800,271.75,0.01538178
2001-09-11,4.26,4.2600,286.75,0.01485615
2001-09-12,4.23,4.2300,278.25,0.01520216
2001-09-13,4.22,4.2200,281.25,0.01500444
2001-09-14,4.33,4.3300,285.55,0.01516372
2001-09-18,4.45,4.4500,287.75,0.01546481
2001-09-19,4.68,4.6800,290.5,0.01611015
2001-09-20,4.51,4.5100,288.65,0.01562446
2001-09-21,4.6,4.6000,291.45,0.01578315
2001-09-24,4.57,4.5700,289.25,0.01579948
2001-09-25,4.52,4.5200,289.75,0.01559965
2001-09-26,4.59,4.5900,293.05,0.01566286
2001-09-27,4.59,4.5900,291.95,0.01572187
2001-09-28,4.64,4.6400,293.2,0.01582538
2001-10-01,4.65,4.6500,291.7,0.01594104
2001-10-02,4.61,4.6100,289.45,0.01592676
2001-10-03,4.6,4.6000,289.45,0.01589221
2001-10-04,4.62,4.6200,289.85,0.01593928
2001-10-05,4.66,4.6600,290.95,0.01601650
2001-10-08,4.64,4.6400,291.9,0.01589585
2001-10-09,4.52,4.5200,288,0.01569444
2001-10-10,4.42,4.4200,284.85,0.01551694
2001-10-11,4.41,4.4100,281.25,0.01568000
2001-10-12,4.45,4.4500,284.45,0.01564423
2001-10-15,4.39,4.3900,281.45,0.01559780
2001-10-16,4.35,4.3500,281.35,0.01546117
2001-10-17,4.36,4.3600,282.45,0.01543636
2001-10-18,4.26,4.2600,279.45,0.01524423
2001-10-19,4.26,4.2600,279.65,0.01523333
2001-10-22,4.23,4.2300,275.55,0.01535112
2001-10-23,4.23,4.2300,275.95,0.01532886
2001-10-24,4.22,4.2200,275.35,0.01532595
2001-10-25,4.21,4.2100,277.25,0.01518485
2001-10-26,4.21,4.2100,277.35,0.01517938
2001-10-29,4.24,4.2400,278.85,0.01520531
2001-10-30,4.27,4.2700,280.75,0.01520926
2001-10-31,4.24,4.2400,279.5,0.01516995
2001-11-01,4.23,4.2300,279.65,0.01512605
2001-11-02,4.14,4.1400,279.95,0.01478836
2001-11-05,4.12,4.1200,279.05,0.01476438
2001-11-06,4.15,4.1500,280.65,0.01478710
2001-11-07,4.16,4.1600,280.75,0.01481745
2001-11-08,4.11,4.1100,277.05,0.01483487
2001-11-09,4.1,4.1000,277.45,0.01477744
2001-11-12,4.15,4.1500,278.67,0.01489217
2001-11-13,4.16,4.1600,277.55,0.01498829
2001-11-14,4.17,4.1700,277.75,0.01501350
2001-11-15,4.14,4.1400,275.35,0.01503541
2001-11-16,4.12,4.1200,274.85,0.01498999
2001-11-19,4.08,4.0800,272.75,0.01495875
2001-11-20,4.09,4.0900,273.25,0.01496798
2001-11-21,4.06,4.0600,273.15,0.01486363
2001-11-22,4.06,4.0600,272.85,0.01487997
2001-11-23,4.1,4.1000,272.9,0.01502382
2001-11-26,4.06,4.0600,272.95,0.01487452
2001-11-27,4.07,4.0700,273.75,0.01486758
2001-11-28,4.15,4.1500,274.55,0.01511564
2001-11-29,4.11,4.1100,274,0.01500000
2001-11-30,4.17,4.1700,274.4,0.01519679
2001-12-03,4.24,4.2400,277.35,0.01528754
2001-12-04,4.18,4.1800,275.75,0.01515866
2001-12-05,4.22,4.2200,274.45,0.01537621
2001-12-06,4.24,4.2400,274.55,0.01544345
2001-12-07,4.29,4.2900,274.55,0.01562557
2001-12-10,4.26,4.2600,272.75,0.01561870
2001-12-11,4.3,4.3000,272.85,0.01575957
2001-12-12,4.29,4.2900,274.55,0.01562557
2001-12-13,4.32,4.3200,274.5,0.01573770
2001-12-14,4.42,4.4200,278.45,0.01587359
2001-12-17,4.41,4.4100,278.35,0.01584336
2001-12-18,4.46,4.4600,280.45,0.01590301
2001-12-19,4.37,4.3700,276.15,0.01582473
2001-12-20,4.46,4.4600,276.35,0.01613895
2001-12-21,4.52,4.5200,278.15,0.01625022
2001-12-24,4.54,4.5400,278.05,0.01632800
2001-12-25,4.54,4.5400,278.75,0.01628700
2001-12-26,4.56,4.5600,279.25,0.01632945
2001-12-27,4.53,4.5300,277.05,0.01635084
2001-12-28,4.54,4.5400,276.55,0.01641656
2001-12-31,4.62,4.6200,278.95,0.01656211
2002-01-01,4.62,4.6200,278.95,0.01656211
2002-01-02,4.58,4.5800,278.75,0.01643049
2002-01-03,4.65,4.6500,278.45,0.01669959
2002-01-04,4.7,4.7000,278.95,0.01684890
2002-01-07,4.75,4.7500,278.75,0.01704036
2002-01-08,4.73,4.7300,279.05,0.01695037
2002-01-09,4.81,4.8100,283.75,0.01695154
2002-01-10,4.76,4.7600,286.4,0.01662011
2002-01-11,4.76,4.7600,287.55,0.01655364
2002-01-14,4.55,4.5500,285.15,0.01595651
2002-01-15,4.63,4.6300,284.65,0.01626559
2002-01-16,4.63,4.6300,287.55,0.01610155
2002-01-17,4.5,4.5000,284.05,0.01584228
2002-01-18,4.37,4.3700,283.55,0.01541174
2002-01-21,4.34,4.3400,282.55,0.01536011
2002-01-22,4.3,4.3000,281.85,0.01525634
2002-01-23,4.27,4.2700,279.25,0.01529096
2002-01-24,4.28,4.2800,278.85,0.01534875
2002-01-25,4.32,4.3200,279.45,0.01545894
2002-01-28,4.27,4.2700,278.75,0.01531839
2002-01-29,4.31,4.3100,281.95,0.01528640
2002-01-30,4.3,4.3000,281.95,0.01525093
2002-01-31,4.25,4.2500,282.95,0.01502032
2002-02-01,4.32,4.3200,286.25,0.01509170
2002-02-04,4.3,4.3000,289.65,0.01484550
2002-02-05,4.41,4.4100,297.55,0.01482104
2002-02-06,4.37,4.3700,296.75,0.01472620
2002-02-07,4.38,4.3800,301.05,0.01454908
2002-02-08,4.46,4.4600,303.75,0.01468313
2002-02-11,4.43,4.4300,299.75,0.01477898
2002-02-12,4.48,4.4800,300.25,0.01492090
2002-02-13,4.51,4.5100,299.5,0.01505843
2002-02-14,4.56,4.5600,299.95,0.01520253
2002-02-15,4.56,4.5600,297.85,0.01530972
2002-02-18,4.53,4.5300,297.75,0.01521411
2002-02-19,4.49,4.4900,293.1,0.01531900
2002-02-20,4.42,4.4200,291.45,0.01516555
2002-02-21,4.44,4.4400,292.75,0.01516652
2002-02-22,4.41,4.4100,292.75,0.01506405
2002-02-25,4.39,4.3900,292.55,0.01500598
2002-02-26,4.44,4.4400,297.75,0.01491184
2002-02-27,4.46,4.4600,296.6,0.01503709
2002-02-28,4.51,4.5100,296.55,0.01520823
2002-03-01,4.57,4.5700,298.15,0.01532786
2002-03-04,4.61,4.6100,296.85,0.01552973
2002-03-05,4.56,4.5600,293.95,0.01551284
2002-03-06,4.53,4.5300,293.5,0.01543441
2002-03-07,4.47,4.4700,289.55,0.01543775
2002-03-08,4.51,4.5100,289.75,0.01556514
2002-03-11,4.49,4.4900,290.7,0.01544548
2002-03-12,4.5,4.5000,293.85,0.01531394
2002-03-13,4.53,4.5300,293.35,0.01544230
2002-03-14,4.51,4.5100,291.25,0.01548498
2002-03-15,4.49,4.4900,290.05,0.01548009
2002-03-18,4.5,4.5000,292.55,0.01538199
2002-03-19,4.53,4.5300,293.2,0.01545020
2002-03-20,4.53,4.5300,292.45,0.01548983
2002-03-21,4.51,4.5100,293.15,0.01538462
2002-03-22,4.54,4.5400,297.75,0.01524769
2002-03-25,4.58,4.5800,298.35,0.01535110
2002-03-26,4.62,4.6200,296.75,0.01556866
2002-03-27,4.67,4.6700,302.25,0.01545079
2002-03-28,4.64,4.6400,302.65,0.01533124
2002-03-29,4.64,4.6400,302.5,0.01533884
2002-04-01,4.68,4.6800,303.35,0.01542772
2002-04-02,4.74,4.7400,305.85,0.01549779
2002-04-03,4.67,4.6700,302.55,0.01543547
2002-04-04,4.63,4.6300,301,0.01538206
2002-04-05,4.58,4.5800,300.05,0.01526412
2002-04-08,4.57,4.5700,300.5,0.01520799
2002-04-09,4.54,4.5400,298.55,0.01520683
2002-04-10,4.63,4.6300,301.25,0.01536929
2002-04-11,4.58,4.5800,302.6,0.01513549
2002-04-12,4.59,4.5900,302.15,0.01519113
2002-04-15,4.47,4.4700,299.85,0.01490745
2002-04-16,4.42,4.4200,299,0.01478261
2002-04-17,4.46,4.4600,302.05,0.01476577
2002-04-18,4.51,4.5100,303.65,0.01485263
2002-04-19,4.5,4.5000,302.35,0.01488341
2002-04-22,4.56,4.5600,302.9,0.01505447
2002-04-23,4.58,4.5800,303.65,0.01508315
2002-04-24,4.57,4.5700,304.05,0.01503042
2002-04-25,4.62,4.6200,307.65,0.01501706
2002-04-26,4.65,4.6500,311.35,0.01493496
2002-04-29,4.63,4.6300,311.05,0.01488507
2002-04-30,4.54,4.5400,308.45,0.01471876
2002-05-01,4.54,4.5400,308.85,0.01469969
2002-05-02,4.55,4.5500,307.85,0.01477993
2002-05-03,4.61,4.6100,311.95,0.01477801
2002-05-06,4.62,4.6200,312.3,0.01479347
2002-05-07,4.63,4.6300,311.55,0.01486118
2002-05-08,4.59,4.5900,308.25,0.01489051
2002-05-09,4.63,4.6300,309.55,0.01495720
2002-05-10,4.67,4.6700,311.05,0.01501366
2002-05-13,4.62,4.6200,310.95,0.01485769
2002-05-14,4.61,4.6100,307.65,0.01498456
2002-05-15,4.64,4.6400,309.05,0.01501375
2002-05-16,4.64,4.6400,309.85,0.01497499
2002-05-17,4.67,4.6700,311.05,0.01501366
2002-05-20,4.68,4.6800,311.75,0.01501203
2002-05-21,4.83,4.8300,316.15,0.01527756
2002-05-22,4.83,4.8300,317.65,0.01520541
2002-05-23,4.89,4.8900,322.05,0.01518398
2002-05-24,4.87,4.8700,320.55,0.01519264
2002-05-27,4.8,4.8000,320.25,0.01498829
2002-05-28,4.87,4.8700,324.35,0.01501464
2002-05-29,4.93,4.9300,325.05,0.01516690
2002-05-30,4.96,4.9600,325.05,0.01525919
2002-05-31,5.01,5.0100,326.55,0.01534221
2002-06-03,5.08,5.0800,327.15,0.01552805
2002-06-04,5.08,5.0800,324.8,0.01564039
2002-06-05,4.94,4.9400,321.45,0.01536786
2002-06-06,4.99,4.9900,325.65,0.01532320
2002-06-07,4.96,4.9600,323.95,0.01531100
2002-06-10,4.92,4.9200,319.05,0.01542078
2002-06-11,4.89,4.8900,321.05,0.01523127
2002-06-12,4.9,4.9000,319.25,0.01534847
2002-06-13,4.84,4.8400,318.15,0.01521295
2002-06-14,4.89,4.8900,322.1,0.01518162
2002-06-18,4.85,4.8500,318.35,0.01523480
2002-06-19,4.9,4.9000,320.65,0.01528146
2002-06-20,4.86,4.8600,322.35,0.01507678
2002-06-21,4.88,4.8800,322.7,0.01512240
2002-06-24,4.91,4.9100,326.4,0.01504289
2002-06-25,4.85,4.8500,321.7,0.01507616
2002-06-26,4.88,4.8800,324.6,0.01503389
2002-06-27,4.82,4.8200,318.45,0.01513581
2002-06-28,4.87,4.8700,318.5,0.01529042
2002-07-01,4.8,4.8000,312.3,0.01536984
2002-07-02,4.87,4.8700,314.45,0.01548736
2002-07-03,4.92,4.9200,310.85,0.01582757
2002-07-04,4.91,4.9100,310.6,0.01580811
2002-07-08,4.94,4.9400,311.7,0.01584857
2002-07-09,4.97,4.9700,321.45,0.01546119
2002-07-11,5.02,5.0200,314.15,0.01597963
2002-07-12,5.06,5.0600,316.7,0.01597727
2002-07-15,5.05,5.0500,319,0.01583072
2002-07-16,5.1,5.1000,318.25,0.01602514
2002-07-17,5,5.0000,316.15,0.01581528
2002-07-18,5,5.0000,317.65,0.01574059
2002-07-22,5.05,5.0500,324,0.01558642
2002-07-23,4.99,4.9900,319.7,0.01560838
2002-07-24,4.86,4.8600,311.25,0.01561446
2002-07-26,4.83,4.8300,304.95,0.01583866
2002-07-30,4.65,4.6500,305.4,0.01522593
2002-07-31,4.66,4.6600,304.65,0.01529624
2002-08-01,4.54,4.5400,302.25,0.01502068
2002-08-02,4.63,4.6300,305.55,0.01515300
2002-08-05,4.62,4.6200,309.5,0.01492730
2002-08-06,4.61,4.6100,306.75,0.01502852
2002-08-07,4.64,4.6400,312.2,0.01486227
2002-08-08,4.68,4.6800,312.15,0.01499279
2002-08-12,4.71,4.7100,316.7,0.01487212
2002-08-14,4.63,4.6300,315.65,0.01466815
2002-08-15,4.49,4.4900,312.65,0.01436111
2002-08-16,4.51,4.5100,314.2,0.01435391
2002-08-19,4.5,4.5000,310.1,0.01451145
2002-08-20,4.44,4.4400,308,0.01441558
2002-08-21,4.44,4.4400,306.55,0.01448377
2002-08-22,4.44,4.4400,305.4,0.01453831
2002-08-23,4.44,4.4400,305.95,0.01451218
2002-08-28,4.5,4.5000,311.1,0.01446480
2002-08-30,4.57,4.5700,312.8,0.01460997
2002-09-02,4.47,4.4700,312,0.01432692
2002-09-03,4.49,4.4900,313.5,0.01432217
2002-09-04,4.47,4.4700,313,0.01428115
2002-09-05,4.51,4.5100,317.55,0.01420249
2002-09-06,4.53,4.5300,319.25,0.01418951
2002-09-09,4.54,4.5400,322.5,0.01407752
2002-09-10,4.54,4.5400,319.1,0.01422751
2002-09-11,4.53,4.5300,315.5,0.01435816
2002-09-12,4.55,4.5500,318.85,0.01427003
2002-09-16,4.59,4.5900,318.8,0.01439774
2002-09-17,4.55,4.5500,315.9,0.01440329
2002-09-18,4.58,4.5800,318.7,0.01437088
2002-09-19,4.65,4.6500,322.25,0.01442979
2002-09-20,4.62,4.6200,322.3,0.01433447
2002-09-23,4.64,4.6400,322.5,0.01438760
2002-09-24,4.63,4.6300,326.3,0.01418940
2002-09-25,4.62,4.6200,325.15,0.01420883
2002-09-27,4.51,4.5100,320.05,0.01409155
2002-09-30,4.53,4.5300,323.7,0.01399444
2002-10-01,4.52,4.5200,321.75,0.01404817
2002-10-02,4.49,4.4900,322.2,0.01393544
2002-10-03,4.49,4.4900,322.1,0.01393977
2002-10-04,4.48,4.4800,320.3,0.01398689
2002-10-07,4.49,4.4900,321.75,0.01395493
2002-10-08,4.44,4.4400,319,0.01391850
2002-10-10,4.35,4.3500,318.95,0.01363850
2002-10-11,4.3,4.3000,316.85,0.01357109
2002-10-14,4.33,4.3300,317.75,0.01362707
2002-10-15,4.31,4.3100,316.2,0.01363061
2002-10-16,4.32,4.3200,314.05,0.01375577
2002-10-17,4.36,4.3600,310.75,0.01403057
2002-10-18,4.34,4.3400,312.75,0.01387690
2002-10-21,4.38,4.3800,312.6,0.01401152
2002-10-22,4.38,4.3800,311.65,0.01405423
2002-10-23,4.41,4.4100,312.1,0.01413009
2002-10-25,4.38,4.3800,311.75,0.01404972
2002-10-28,4.42,4.4200,314.45,0.01405629
2002-10-29,4.43,4.4300,317.15,0.01396815
2002-10-30,4.48,4.4800,316.55,0.01415258
2002-11-01,4.55,4.5500,319.85,0.01422542
2002-11-04,4.45,4.4500,317.55,0.01401354
2002-11-06,4.47,4.4700,317.3,0.01408761
2002-11-07,4.5,4.5000,319.25,0.01409554
2002-11-08,4.59,4.5900,321.7,0.01426795
2002-11-12,4.57,4.5700,321.75,0.01420357
2002-11-13,4.57,4.5700,324,0.01410494
2002-11-14,4.56,4.5600,318.6,0.01431262
2002-11-15,4.55,4.5500,318.5,0.01428571
2002-11-18,4.54,4.5400,318.75,0.01424314
2002-11-19,4.55,4.5500,319.7,0.01423209
2002-11-20,4.55,4.5500,318.85,0.01427003
2002-11-21,4.54,4.5400,318.4,0.01425879
2002-11-22,4.46,4.4600,317.7,0.01403840
2002-11-25,4.5,4.5000,317.45,0.01417546
2002-11-26,4.47,4.4700,317.5,0.01407874
2002-11-27,4.44,4.4400,317.85,0.01396885
2002-11-28,4.43,4.4300,317.6,0.01394836
2002-12-03,4.44,4.4400,319.7,0.01388802
2002-12-04,4.57,4.5700,322.1,0.01418814
2002-12-05,4.62,4.6200,322.45,0.01432780
2002-12-06,4.65,4.6500,325.75,0.01427475
2002-12-09,4.63,4.6300,325.1,0.01424177
2002-12-10,4.58,4.5800,323.1,0.01417518
2002-12-11,4.63,4.6300,324.25,0.01427911
2002-12-12,4.65,4.6500,326.4,0.01424632
2002-12-13,4.74,4.7400,332.2,0.01426851
2002-12-16,4.7,4.7000,332.9,0.01411835
2002-12-17,4.73,4.7300,339,0.01395280
2002-12-18,4.62,4.6200,338,0.01366864
2002-12-19,4.72,4.7200,345,0.01368116
2002-12-20,4.67,4.6700,341.6,0.01367096
2002-12-23,4.63,4.6300,343.95,0.01346126
2002-12-24,4.62,4.6200,343.95,0.01343218
2002-12-27,4.67,4.6700,349.3,0.01336960
2002-12-30,4.72,4.7200,347.2,0.01359447
2002-12-31,4.67,4.6700,342.75,0.01362509
2003-01-03,4.79,4.7900,344.5,0.01390421
2003-01-06,4.91,4.9100,351.75,0.01395878
2003-01-07,4.84,4.8400,349,0.01386819
2003-01-08,4.78,4.7800,349.75,0.01366690
2003-01-09,4.83,4.8300,352.4,0.01370602
2003-01-10,4.84,4.8400,353,0.01371105
2003-01-14,4.81,4.8100,353.1,0.01362220
2003-01-15,4.73,4.7300,351,0.01347578
2003-01-16,4.77,4.7700,352.3,0.01353960
2003-01-17,4.81,4.8100,357,0.01347339
2003-01-20,4.79,4.7900,355.85,0.01346073
2003-01-21,4.76,4.7600,353.8,0.01345393
2003-01-22,4.83,4.8300,358.5,0.01347280
2003-01-23,4.85,4.8500,364.7,0.01329860
2003-01-24,4.78,4.7800,366,0.01306011
2003-01-27,4.91,4.9100,368.5,0.01332429
2003-01-28,4.8,4.8000,368.4,0.01302932
2003-01-29,4.85,4.8500,370.6,0.01308689
2003-01-30,4.79,4.7900,367.6,0.01303047
2003-01-31,4.87,4.8700,367.5,0.01325170
2003-02-03,4.85,4.8500,369.5,0.01312585
2003-02-04,4.85,4.8500,376.55,0.01288010
2003-02-05,4.93,4.9300,382.1,0.01290238
2003-02-06,4.78,4.7800,375.8,0.01271953
2003-02-07,4.71,4.7100,373.25,0.01261889
2003-02-10,4.65,4.6500,370.5,0.01255061
2003-02-11,4.57,4.5700,364,0.01255495
2003-02-12,4.57,4.5700,356.3,0.01282627
2003-02-13,4.52,4.5200,352.8,0.01281179
2003-02-14,4.53,4.5300,354.25,0.01278758
2003-02-17,4.49,4.4900,347,0.01293948
2003-02-18,4.51,4.5100,344,0.01311047
2003-02-19,4.58,4.5800,346,0.01323699
2003-02-20,4.64,4.6400,351.55,0.01319869
2003-02-21,4.64,4.6400,352.3,0.01317059
2003-02-24,4.68,4.6800,355.2,0.01317568
2003-02-25,4.7,4.7000,357.6,0.01314318
2003-02-26,4.63,4.6300,351.9,0.01315715
2003-02-27,4.65,4.6500,351.25,0.01323843
2003-02-28,4.6,4.6000,347.65,0.01323170
2003-03-04,4.68,4.6800,353.4,0.01324278
2003-03-05,4.66,4.6600,353.95,0.01316570
2003-03-06,4.63,4.6300,354.7,0.01305328
2003-03-07,4.67,4.6700,350.75,0.01331433
2003-03-10,4.68,4.6800,354.45,0.01320355
2003-03-11,4.66,4.6600,353.15,0.01319553
2003-03-12,4.67,4.6700,346.1,0.01349321
2003-03-13,4.59,4.5900,334.5,0.01372197
2003-03-14,4.54,4.5400,335.5,0.01353204
2003-03-17,4.57,4.5700,340.75,0.01341159
2003-03-18,4.47,4.4700,338.8,0.01319362
2003-03-19,4.48,4.4800,335.8,0.01334127
2003-03-20,4.41,4.4100,335.5,0.01314456
2003-03-21,4.4,4.4000,333.5,0.01319340
2003-03-24,4.38,4.3800,329.45,0.01329489
2003-03-25,4.4,4.4000,331.9,0.01325701
2003-03-26,4.38,4.3800,329.95,0.01327474
2003-03-27,4.41,4.4100,332.75,0.01325319
2003-03-28,4.39,4.3900,330.75,0.01327286
2003-03-31,4.46,4.4600,334.85,0.01331940
2003-04-02,4.4,4.4000,329.3,0.01336168
2003-04-03,4.37,4.3700,323.7,0.01350015
2003-04-04,4.39,4.3900,323.8,0.01355775
2003-04-07,4.39,4.3900,319.9,0.01372304
2003-04-08,4.42,4.4200,323.4,0.01366729
2003-04-09,4.48,4.4800,321.35,0.01394119
2003-04-10,4.47,4.4700,324.6,0.01377079
2003-04-14,4.48,4.4800,325.95,0.01374444
2003-04-15,4.52,4.5200,325.45,0.01388846
2003-04-16,4.49,4.4900,324.1,0.01385375
2003-04-17,4.48,4.4800,327,0.01370031
2003-04-22,4.54,4.5400,334.9,0.01355629
2003-04-23,4.57,4.5700,333.3,0.01371137
2003-04-24,4.61,4.6100,333.7,0.01381480
2003-04-25,4.62,4.6200,333.25,0.01386347
2003-04-28,4.63,4.6300,332.6,0.01392063
2003-04-30,4.61,4.6100,336.75,0.01368968
2003-05-01,4.66,4.6600,341.2,0.01365768
2003-05-02,4.75,4.7500,340.5,0.01395007
2003-05-06,4.8,4.8000,342.85,0.01400029
2003-05-07,4.76,4.7600,341.85,0.01392424
2003-05-08,4.73,4.7300,346.45,0.01365276
2003-05-09,4.78,4.7800,347.9,0.01373958
2003-05-12,4.79,4.7900,351.1,0.01364284
2003-05-13,4.84,4.8400,350.4,0.01381279
2003-05-14,4.82,4.8200,353.55,0.01363315
2003-05-15,4.87,4.8700,354.25,0.01374735
2003-05-16,4.79,4.7900,355,0.01349296
2003-05-19,4.83,4.8300,359,0.01345404
2003-05-20,4.84,4.8400,366.3,0.01321321
2003-05-21,4.74,4.7400,367.8,0.01288744
2003-05-22,4.72,4.7200,369.6,0.01277056
2003-05-23,4.68,4.6800,370.5,0.01263158
2003-05-27,4.68,4.6800,371.4,0.01260097
2003-05-28,4.59,4.5900,371.4,0.01235864
2003-05-29,4.61,4.6100,363.1,0.01269623
2003-06-02,4.5,4.5000,361.3,0.01245502
2003-06-03,4.52,4.5200,365,0.01238356
2003-06-04,4.52,4.5200,364.2,0.01241076
2003-06-05,4.48,4.4800,366.75,0.01221541
2003-06-06,4.53,4.5300,363,0.01247934
2003-06-09,4.52,4.5200,362.75,0.01246037
2003-06-10,4.51,4.5100,354.25,0.01273112
2003-06-11,4.48,4.4800,354.15,0.01265001
2003-06-12,4.5,4.5000,352.25,0.01277502
2003-06-13,4.51,4.5100,353.05,0.01277439
2003-06-16,4.59,4.5900,359,0.01278552
2003-06-17,4.62,4.6200,362.75,0.01273604
2003-06-18,4.57,4.5700,359.75,0.01270327
2003-06-19,4.52,4.5200,357.65,0.01263805
2003-06-20,4.56,4.5600,358,0.01273743
2003-06-25,4.51,4.5100,348.1,0.01295605
2003-06-26,4.53,4.5300,343.85,0.01317435
2003-06-27,4.53,4.5300,345.5,0.01311143
2003-06-30,4.51,4.5100,346,0.01303468
2003-07-01,4.56,4.5600,350.2,0.01302113
2003-07-02,4.58,4.5800,351.2,0.01304100
2003-07-03,4.63,4.6300,349.4,0.01325129
2003-07-04,4.66,4.6600,351.3,0.01326502
2003-07-08,4.69,4.6900,347.2,0.01350806
2003-07-09,4.74,4.7400,345.45,0.01372123
2003-07-10,4.83,4.8300,343.4,0.01406523
2003-07-11,4.76,4.7600,343.7,0.01384929
2003-07-14,4.8,4.8000,344.5,0.01393324
2003-07-15,4.78,4.7800,348.5,0.01371593
2003-07-16,4.67,4.6700,343.2,0.01360723
2003-07-21,4.73,4.7300,350,0.01351429
2003-07-22,4.75,4.7500,352.25,0.01348474
2003-07-23,4.83,4.8300,354.75,0.01361522
2003-07-24,5.06,5.0600,357.3,0.01416177
2003-07-25,5.02,5.0200,363,0.01382920
2003-07-28,5.08,5.0800,361.95,0.01403509
2003-07-29,5.02,5.0200,363.5,0.01381018
2003-07-30,5.1,5.1000,357.75,0.01425577
2003-07-31,5.08,5.0800,354.75,0.01431994
2003-08-01,5.12,5.1200,352.35,0.01453101
2003-08-04,5.04,5.0400,347.5,0.01450360
2003-08-05,4.98,4.9800,348.4,0.01429392
2003-08-06,4.93,4.9300,352,0.01400568
2003-08-07,4.94,4.9400,351.6,0.01405006
2003-08-08,5.05,5.0500,353.95,0.01426755
2003-08-11,4.98,4.9800,359.15,0.01386607
2003-08-13,4.87,4.8700,358.65,0.01357870
2003-08-14,5.04,5.0400,363.6,0.01386139
2003-08-18,4.92,4.9200,360.25,0.01365718
2003-08-19,4.92,4.9200,360.4,0.01365150
2003-08-20,5,5.0000,362.2,0.01380453
2003-08-21,4.99,4.9900,363.3,0.01373521
2003-08-22,4.93,4.9300,358.75,0.01374216
2003-08-26,4.95,4.9500,360.5,0.01373093
2003-08-27,5,5.0000,371.25,0.01346801
2003-08-28,5.09,5.0900,370.9,0.01372338
2003-08-29,5.11,5.1100,375.6,0.01360490
2003-09-01,5.16,5.1600,376.25,0.01371429
2003-09-02,5.11,5.1100,376.25,0.01358140
2003-09-03,4.98,4.9800,372.2,0.01337990
2003-09-04,5.02,5.0200,370.75,0.01354012
2003-09-05,5,5.0000,376.35,0.01328551
2003-09-08,5.1,5.1000,374.65,0.01361271
2003-09-10,5.21,5.2100,382.25,0.01362982
2003-09-11,5.23,5.2300,376.3,0.01389849
2003-09-12,5.32,5.3200,378.25,0.01406477
2003-09-16,5.17,5.1700,374.6,0.01380139
2003-09-17,5.16,5.1600,378.2,0.01364357
2003-09-18,5.3,5.3000,378.3,0.01401004
2003-09-22,5.32,5.3200,385.5,0.01380026
2003-09-23,5.26,5.2600,384.6,0.01367655
2003-09-24,5.23,5.2300,385,0.01358442
2003-09-25,5.32,5.3200,391.85,0.01357662
2003-09-29,5.13,5.1300,381.95,0.01343108
2003-09-30,5.12,5.1200,388,0.01319588
2003-10-01,5.13,5.1300,383.5,0.01337679
2003-10-02,5.08,5.0800,382.2,0.01329147
2003-10-03,5.08,5.0800,383.95,0.01323089
2003-10-07,4.84,4.8400,376.2,0.01286550
2003-10-08,4.89,4.8900,375.25,0.01303131
2003-10-09,4.82,4.8200,376.45,0.01280383
2003-10-10,4.86,4.8600,370.35,0.01312272
2003-10-13,4.89,4.8900,370.25,0.01320729
2003-10-14,4.94,4.9400,373.95,0.01321032
2003-10-15,4.91,4.9100,373.5,0.01314592
2003-10-16,4.91,4.9100,373.4,0.01314944
2003-10-17,4.92,4.9200,370.5,0.01327935
2003-10-20,4.92,4.9200,373.8,0.01316212
2003-10-22,5.08,5.0800,381.55,0.01331411
2003-10-24,5.15,5.1500,384.6,0.01339054
2003-10-27,5.13,5.1300,386.75,0.01326438
2003-10-28,5.15,5.1500,386.55,0.01332299
2003-10-29,5.09,5.0900,382.7,0.01330024
2003-10-30,5.19,5.1900,391,0.01327366
2003-10-31,5.14,5.1400,384.6,0.01336453
2003-11-03,5.06,5.0600,383.25,0.01320287
2003-11-04,4.93,4.9300,378.3,0.01303199
2003-11-05,5.01,5.0100,382.15,0.01311004
2003-11-06,4.96,4.9600,380.25,0.01304405
2003-11-07,4.97,4.9700,381,0.01304462
2003-11-10,5.03,5.0300,382.85,0.01313830
2003-11-11,5.06,5.0600,386.4,0.01309524
2003-11-12,5.08,5.0800,388.05,0.01309110
2003-11-13,5.32,5.3200,395.5,0.01345133
2003-11-14,5.3,5.3000,395.35,0.01340584
2003-11-17,5.39,5.3900,398,0.01354271
2003-11-18,5.21,5.2100,392.4,0.01327727
2003-11-19,5.32,5.3200,397.15,0.01339544
2003-11-20,5.27,5.2700,395.75,0.01331649
2003-11-21,5.24,5.2400,393.85,0.01330456
2003-11-24,5.24,5.2400,394.25,0.01329106
2003-11-25,5.21,5.2100,391.5,0.01330779
2003-11-26,5.3,5.3000,392,0.01352041
2003-11-27,5.34,5.3400,396.25,0.01347634
2003-11-28,5.35,5.3500,398.1,0.01343883
2003-12-01,5.36,5.3600,398.75,0.01344201
2003-12-02,5.46,5.4600,401.05,0.01361426
2003-12-03,5.47,5.4700,403.3,0.01356310
2003-12-05,5.42,5.4200,402,0.01348259
2003-12-08,5.51,5.5100,408.75,0.01348012
2003-12-09,5.54,5.5400,408.25,0.01357012
2003-12-10,5.61,5.6100,407.3,0.01377363
2003-12-12,5.62,5.6200,406.6,0.01382194
2003-12-15,5.56,5.5600,404.5,0.01374536
2003-12-16,5.66,5.6600,409.7,0.01381499
2003-12-17,5.63,5.6300,407.5,0.01381595
2003-12-18,5.7,5.7000,410.75,0.01387705
2003-12-19,5.67,5.6700,408.75,0.01387156
2003-12-22,5.73,5.7300,410.8,0.01394839
2003-12-23,5.69,5.6900,409.6,0.01389160
2003-12-24,5.72,5.7200,409.6,0.01396484
2003-12-29,5.86,5.8600,413.5,0.01417170
2003-12-30,5.91,5.9100,415.6,0.01422040
2004-01-02,5.99,5.9900,415.2,0.01442678
2004-01-05,5.98,5.9800,417.75,0.01431478
2004-01-06,6.28,6.2800,428,0.01467290
2004-01-07,6.22,6.2200,420.65,0.01478664
2004-01-08,6.2,6.2000,418.1,0.01482899
2004-01-09,6.25,6.2500,422.8,0.01478240
2004-01-12,6.65,6.6500,428.2,0.01553013
2004-01-13,6.62,6.6200,424.5,0.01559482
2004-01-14,6.55,6.5500,421,0.01555819
2004-01-15,6.32,6.3200,415.5,0.01521059
2004-01-16,6.21,6.2100,410.3,0.01513527
2004-01-19,6.34,6.3400,407.1,0.01557357
2004-01-20,6.39,6.3900,408.3,0.01565026
2004-01-21,6.3,6.3000,411.25,0.01531915
2004-01-22,6.26,6.2600,412,0.01519417
2004-01-23,6.35,6.3500,411.4,0.01543510
2004-01-26,6.25,6.2500,406.2,0.01538651
2004-01-27,6.24,6.2400,404,0.01544554
2004-01-29,6.54,6.5400,410.15,0.01594539
2004-01-30,6.23,6.2300,401.3,0.01552455
2004-02-02,6.21,6.2100,401.85,0.01545353
2004-02-03,6.18,6.1800,401.75,0.01538270
2004-02-04,6.08,6.0800,399.6,0.01521522
2004-02-05,6.14,6.1400,399.3,0.01537691
2004-02-06,6.1,6.1000,396.4,0.01538850
2004-02-09,6.35,6.3500,406.7,0.01561347
2004-02-10,6.44,6.4400,408.35,0.01577078
2004-02-11,6.29,6.2900,406.4,0.01547736
2004-02-12,6.54,6.5400,411.4,0.01589694
2004-02-13,6.56,6.5600,412.1,0.01591847
2004-02-16,6.54,6.5400,410.7,0.01592403
2004-02-17,6.64,6.6400,413.7,0.01605028
2004-02-18,6.82,6.8200,413.7,0.01648538
2004-02-19,6.62,6.6200,410.2,0.01613847
2004-02-20,6.61,6.6100,408.25,0.01619106
2004-02-23,6.49,6.4900,399.85,0.01623109
2004-02-24,6.54,6.5400,401.45,0.01629095
2004-02-25,6.76,6.7600,403.4,0.01675756
2004-02-26,6.36,6.3600,395.05,0.01609923
2004-03-01,6.73,6.7300,400,0.01682500
2004-03-02,6.86,6.8600,395.75,0.01733418
2004-03-03,6.6,6.6000,390.5,0.01690141
2004-03-04,6.82,6.8200,392,0.01739796
2004-03-05,6.8,6.8000,399.25,0.01703193
2004-03-08,6.92,6.9200,399.85,0.01730649
2004-03-10,7.17,7.1700,400.25,0.01791380
2004-03-11,7.1,7.1000,402.3,0.01764852
2004-03-12,7.21,7.2100,400.75,0.01799127
2004-03-15,7.11,7.1100,399,0.01781955
2004-03-16,7.16,7.1600,402.5,0.01778882
2004-03-18,7.24,7.2400,410.75,0.01762629
2004-03-19,7.43,7.4300,412,0.01803398
2004-03-22,7.65,7.6500,417.65,0.01831677
2004-03-23,7.54,7.5400,415.2,0.01815992
2004-03-24,7.68,7.6800,417.6,0.01839080
2004-03-25,7.54,7.5400,416.1,0.01812064
2004-03-26,7.49,7.4900,421.5,0.01776987
2004-03-29,7.67,7.6700,421.25,0.01820772
2004-03-30,7.61,7.6100,420,0.01811905
2004-03-31,7.83,7.8300,423.7,0.01848006
2004-04-01,7.94,7.9400,427.25,0.01858397
2004-04-02,8.29,8.2900,426.1,0.01945553
2004-04-05,8.2,8.2000,417.7,0.01963131
2004-04-06,8.14,8.1400,418.5,0.01945042
2004-04-07,8.16,8.1600,419,0.01947494
2004-04-08,8.08,8.0800,419.5,0.01926103
2004-04-13,7.86,7.8600,407.9,0.01926943
2004-04-14,7.16,7.1600,397.75,0.01800126
2004-04-15,6.86,6.8600,398.25,0.01722536
2004-04-16,7.12,7.1200,400.85,0.01776226
2004-04-19,7.28,7.2800,403.1,0.01806003
2004-04-20,7.04,7.0400,398.8,0.01765296
2004-04-21,6.42,6.4200,392.75,0.01634628
2004-04-22,6.14,6.1400,392.3,0.01565129
2004-04-23,6.19,6.1900,394.5,0.01569075
2004-04-26,6.23,6.2300,397,0.01569270
2004-04-27,6.28,6.2800,396.25,0.01584858
2004-04-28,6.23,6.2300,392.25,0.01588273
2004-04-29,5.57,5.5700,386,0.01443005
2004-04-30,5.95,5.9500,388.5,0.01531532
2004-05-04,6.1,6.1000,391.25,0.01559105
2004-05-05,6.09,6.0900,392.55,0.01551395
2004-05-06,6.03,6.0300,387.5,0.01556129
2004-05-07,5.8,5.8000,386.85,0.01499289
2004-05-10,5.5,5.5000,375,0.01466667
2004-05-11,5.67,5.6700,375.25,0.01510993
2004-05-12,5.64,5.6400,382.2,0.01475667
2004-05-13,5.55,5.5500,375.15,0.01479408
2004-05-14,5.56,5.5600,376.5,0.01476760
2004-05-17,5.81,5.8100,382.95,0.01517169
2004-05-18,5.74,5.7400,377.7,0.01519725
2004-05-19,5.72,5.7200,380.75,0.01502298
2004-05-20,5.84,5.8400,379.5,0.01538867
2004-05-21,5.86,5.8600,385.3,0.01520893
2004-05-24,5.83,5.8300,384,0.01518229
2004-05-28,6.17,6.1700,393.6,0.01567581
2004-06-02,6.05,6.0500,394.85,0.01532227
2004-06-04,5.76,5.7600,388.3,0.01483389
2004-06-07,5.87,5.8700,393.45,0.01491930
2004-06-08,5.9,5.9000,392.35,0.01503759
2004-06-09,5.74,5.7400,386.85,0.01483779
2004-06-10,5.65,5.6500,384.95,0.01467723
2004-06-11,5.69,5.6900,384.85,0.01478498
2004-06-14,5.66,5.6600,385.1,0.01469748
2004-06-16,5.65,5.6500,385.25,0.01466580
2004-06-17,5.75,5.7500,386,0.01489637
2004-06-18,5.95,5.9500,395.1,0.01505948
2004-06-21,5.94,5.9400,395.25,0.01502846
2004-06-23,5.88,5.8800,393.9,0.01492765
2004-06-25,5.75,5.7500,401.5,0.01432130
2004-06-28,6.18,6.1800,404.25,0.01528757
2004-06-29,5.89,5.8900,394.4,0.01493408
2004-06-30,5.91,5.9100,395.8,0.01493178
2004-07-01,5.87,5.8700,394.5,0.01487959
2004-07-02,5.89,5.8900,397.75,0.01480830
2004-07-05,6.04,6.0400,398.25,0.01516635
2004-07-06,6.03,6.0300,394.5,0.01528517
2004-07-07,6.04,6.0400,397.35,0.01520070
2004-07-08,6.2,6.2000,405.35,0.01529542
2004-07-09,6.5,6.5000,406.5,0.01599016
2004-07-13,6.38,6.3800,400.9,0.01591419
2004-07-14,6.42,6.4200,403.8,0.01589896
2004-07-15,6.54,6.5400,403.15,0.01622225
2004-07-19,6.71,6.7100,406.35,0.01651286
2004-07-20,6.58,6.5800,400,0.01645000
2004-07-21,6.47,6.4700,398.5,0.01623588
2004-07-22,6.35,6.3500,397.75,0.01596480
2004-07-23,6.31,6.3100,392.85,0.01606211
2004-07-26,6.3,6.3000,390.75,0.01612284
2004-07-27,6.24,6.2400,389.85,0.01600616
2004-07-28,6.19,6.1900,386.2,0.01602796
2004-07-30,6.42,6.4200,387.3,0.01657630
2004-08-02,6.64,6.6400,391.5,0.01696041
2004-08-03,6.5,6.5000,390.6,0.01664107
2004-08-05,6.64,6.6400,390.85,0.01698861
2004-08-06,6.68,6.6800,399,0.01674185
2004-08-09,6.7,6.7000,399,0.01679198
2004-08-10,6.68,6.6800,399.5,0.01672090
2004-08-11,6.6,6.6000,393.85,0.01675765
2004-08-12,6.58,6.5800,394.85,0.01666456
2004-08-13,6.48,6.4800,396.75,0.01633270
2004-08-16,6.69,6.6900,401.65,0.01665629
2004-08-17,6.71,6.7100,401.3,0.01672066
2004-08-19,6.82,6.8200,402.45,0.01694620
2004-08-20,6.81,6.8100,402.45,0.01692136
2004-08-23,6.77,6.7700,402.45,0.01682197
2004-08-25,6.57,6.5700,405.5,0.01620222
2004-08-26,6.6,6.6000,402.45,0.01639955
2004-08-27,6.68,6.6800,405.1,0.01648976
2004-08-31,6.74,6.7400,407.25,0.01655003
2004-09-01,6.73,6.7300,407.65,0.01650926
2004-09-02,6.76,6.7600,406.1,0.01664615
2004-09-03,6.71,6.7100,401.15,0.01672691
2004-09-06,6.54,6.5400,401.6,0.01628486
2004-09-07,6.52,6.5200,398.1,0.01637779
2004-09-08,6.18,6.1800,396.3,0.01559425
2004-09-09,6.13,6.1300,399.25,0.01535379
2004-09-10,6.19,6.1900,401.35,0.01542295
2004-09-13,6.16,6.1600,399.3,0.01542700
2004-09-14,6.13,6.1300,403.5,0.01519207
2004-09-15,6.18,6.1800,404.8,0.01526680
2004-09-16,6.26,6.2600,404.4,0.01547972
2004-09-20,6.2,6.2000,404.3,0.01533515
2004-09-21,6.28,6.2800,408.5,0.01537332
2004-09-22,6.3,6.3000,405.35,0.01554212
2004-09-23,6.39,6.3900,411.5,0.01552855
2004-09-28,6.59,6.5900,411.7,0.01600680
2004-09-29,6.53,6.5300,411.55,0.01586684
2004-09-30,6.67,6.6700,415.65,0.01604716
2004-10-01,6.84,6.8400,418.1,0.01635972
2004-10-04,6.83,6.8300,412.55,0.01655557
2004-10-05,6.73,6.7300,414.25,0.01624623
2004-10-08,7.15,7.1500,421.75,0.01695317
2004-10-11,7.23,7.2300,421.7,0.01714489
2004-10-12,7.03,7.0300,414.7,0.01695201
2004-10-13,6.79,6.7900,414.7,0.01637328
2004-10-14,7,7.0000,414.7,0.01687967
2004-10-15,7.06,7.0600,420.4,0.01679353
2004-10-18,7.04,7.0400,419.1,0.01679790
2004-10-20,7.24,7.2400,423.6,0.01709160
2004-10-21,7.33,7.3300,422.5,0.01734911
2004-10-22,7.29,7.2900,424.1,0.01718934
2004-10-25,7.33,7.3300,428.4,0.01711018
2004-10-26,7.29,7.2900,426.2,0.01710465
2004-10-27,7.16,7.1600,424.3,0.01687485
2004-10-28,7.15,7.1500,423.6,0.01687913
2004-10-29,7.26,7.2600,428.1,0.01695865
2004-11-01,7.29,7.2900,426.9,0.01707660
2004-11-02,6.98,6.9800,419.7,0.01663093
2004-11-03,7.12,7.1200,424.3,0.01678058
2004-11-04,7.34,7.3400,429.6,0.01708566
2004-11-05,7.46,7.4600,433.2,0.01722068
2004-11-08,7.45,7.4500,432.3,0.01723340
2004-11-09,7.49,7.4900,435.2,0.01721048
2004-11-10,7.38,7.3800,433.6,0.01702030
2004-11-11,7.43,7.4300,434.4,0.01710405
2004-11-12,7.58,7.5800,437.4,0.01732968
2004-11-15,7.53,7.5300,436.5,0.01725086
2004-11-16,7.54,7.5400,439.7,0.01714806
2004-11-17,7.63,7.6300,444.4,0.01716922
2004-11-18,7.51,7.5100,442.6,0.01696792
2004-11-19,7.57,7.5700,446.6,0.01695029
2004-11-22,7.54,7.5400,448.6,0.01680785
2004-11-23,7.52,7.5200,447.6,0.01680071
2004-11-24,7.58,7.5800,449.3,0.01687069
2004-11-25,7.64,7.6400,451.3,0.01692887
2004-11-26,7.68,7.6800,451.5,0.01700997
2004-11-29,7.75,7.7500,453.5,0.01708931
2004-11-30,7.69,7.6900,450.9,0.01705478
2004-12-01,8,8.0000,453.7,0.01763280
2004-12-02,7.87,7.8700,449.7,0.01750056
2004-12-03,7.96,7.9600,455.6,0.01747147
2004-12-06,7.88,7.8800,453.7,0.01736831
2004-12-07,7.81,7.8100,450.8,0.01732476
2004-12-08,7.08,7.0800,436.9,0.01620508
2004-12-09,6.73,6.7300,437.1,0.01539693
2004-12-10,6.68,6.6800,433.4,0.01541301
2004-12-13,6.77,6.7700,438.7,0.01543196
2004-12-14,6.69,6.6900,435.3,0.01536871
2004-12-15,6.82,6.8200,440.3,0.01548944
2004-12-16,6.67,6.6700,436.4,0.01528414
2004-12-17,6.75,6.7500,440.5,0.01532350
2004-12-20,6.81,6.8100,441.8,0.01541421
2004-12-21,6.87,6.8700,441.2,0.01557117
2004-12-22,6.78,6.7800,439.7,0.01541960
2004-12-23,6.86,6.8600,441.2,0.01554850
2004-12-24,6.87,6.8700,442.1,0.01553947
2004-12-27,6.95,6.9500,444.5,0.01563555
2004-12-28,7,7.0000,443.7,0.01577643
2004-12-29,6.77,6.7700,435.7,0.01553821
2004-12-30,6.79,6.7900,436.9,0.01554131
2004-12-31,6.8,6.8000,437.9,0.01552866
2005-01-03,6.46,6.4600,428.5,0.01507585
2005-01-04,6.41,6.4100,427.1,0.01500819
2005-01-05,6.49,6.4900,425.9,0.01523832
2005-01-06,6.42,6.4200,421.4,0.01523493
2005-01-07,6.41,6.4100,418.5,0.01531661
2005-01-10,6.42,6.4200,418.6,0.01533684
2005-01-11,6.59,6.5900,421.7,0.01562722
2005-01-12,6.7,6.7000,425.7,0.01573878
2005-01-13,6.7,6.7000,424.3,0.01579071
2005-01-14,6.58,6.5800,422.5,0.01557396
2005-01-17,6.6,6.6000,422,0.01563981
2005-01-18,6.62,6.6200,422.9,0.01565382
2005-01-19,6.59,6.5900,422.7,0.01559025
2005-01-20,6.54,6.5400,422.2,0.01549029
2005-01-21,6.78,6.7800,426.3,0.01590429
2005-01-24,6.83,6.8300,426.8,0.01600281
2005-01-25,6.68,6.6800,421.8,0.01583689
2005-01-26,6.77,6.7700,426.7,0.01586595
2005-01-27,6.78,6.7800,426,0.01591549
2005-01-28,6.76,6.7600,425.9,0.01587227
2005-01-31,6.72,6.7200,421.9,0.01592795
2005-02-01,6.7,6.7000,420.5,0.01593341
2005-02-02,6.72,6.7200,420.7,0.01597338
2005-02-03,6.65,6.6500,416.6,0.01596255
2005-02-04,6.61,6.6100,414,0.01596618
2005-02-07,6.52,6.5200,413.6,0.01576402
2005-02-08,6.52,6.5200,412.4,0.01580989
2005-02-09,6.56,6.5600,412.8,0.01589147
2005-02-10,6.93,6.9300,417.2,0.01661074
2005-02-11,7.18,7.1800,420.6,0.01707085
2005-02-14,7.31,7.3100,425.8,0.01716768
2005-02-15,7.3,7.3000,424.8,0.01718456
2005-02-16,7.23,7.2300,425.2,0.01700376
2005-02-17,7.34,7.3400,427,0.01718970
2005-02-18,7.39,7.3900,426.8,0.01731490
2005-02-21,7.38,7.3800,426.9,0.01728742
2005-02-22,7.5,7.5000,434.2,0.01727315
2005-02-23,7.42,7.4200,434.5,0.01707710
2005-02-24,7.37,7.3700,434.1,0.01697765
2005-02-25,7.27,7.2700,434.5,0.01673188
2005-02-28,7.33,7.3300,435.9,0.01681578
2005-03-01,7.2,7.2000,432.3,0.01665510
2005-03-02,7.28,7.2800,432.2,0.01684405
2005-03-03,7.2,7.2000,429.3,0.01677149
2005-03-04,7.32,7.3200,433.7,0.01687803
2005-03-07,7.34,7.3400,434.4,0.01689687
2005-03-08,7.48,7.4800,439.7,0.01701160
2005-03-09,7.58,7.5800,441.5,0.01716874
2005-03-10,7.47,7.4700,442.2,0.01689281
2005-03-11,7.51,7.5100,445.5,0.01685746
2005-03-14,7.36,7.3600,440.5,0.01670829
2005-03-15,7.35,7.3500,440,0.01670455
2005-03-16,7.4,7.4000,443.1,0.01670052
2005-03-17,7.36,7.3600,438.3,0.01679215
2005-03-18,7.35,7.3500,438.9,0.01674641
2005-03-21,7.08,7.0800,430.7,0.01643836
2005-03-22,7.04,7.0400,431,0.01633411
2005-03-23,6.94,6.9400,424.5,0.01634865
2005-03-24,6.9,6.9000,424.3,0.01626208
2005-03-28,6.88,6.8800,425.6,0.01616541
2005-03-29,6.96,6.9600,425.9,0.01634186
2005-03-30,7.12,7.1200,427.6,0.01665108
2005-03-31,7.15,7.1500,427.9,0.01670951
2005-04-01,7.15,7.1500,428,0.01670561
2005-04-04,6.99,6.9900,423.2,0.01651701
2005-04-05,7.01,7.0100,424,0.01653302
2005-04-06,7.09,7.0900,426.8,0.01661200
2005-04-07,7.05,7.0500,425.9,0.01655318
2005-04-08,7.13,7.1300,426.4,0.01672139
2005-04-11,7.22,7.2200,428,0.01686916
2005-04-12,7.12,7.1200,427,0.01667447
2005-04-13,7.19,7.1900,428.8,0.01676772
2005-04-14,7.04,7.0400,422.9,0.01664696
2005-04-15,7,7.0000,424.4,0.01649387
2005-04-18,7.02,7.0200,427,0.01644028
2005-04-19,7.22,7.2200,432.4,0.01669750
2005-04-20,7.31,7.3100,434.7,0.01681620
2005-04-21,7.19,7.1900,432.5,0.01662428
2005-04-22,7.25,7.2500,433.7,0.01671662
2005-04-25,7.23,7.2300,434,0.01665899
2005-04-26,7.23,7.2300,437.1,0.01654084
2005-04-27,7.12,7.1200,432.3,0.01647004
2005-04-28,6.91,6.9100,430.6,0.01604738
2005-04-29,6.89,6.8900,434.5,0.01585731
2005-05-02,6.83,6.8300,429.4,0.01590592
2005-05-03,6.84,6.8400,426.5,0.01603751
2005-05-04,6.97,6.9700,428,0.01628505
2005-05-05,7.03,7.0300,429.5,0.01636787
2005-05-06,6.94,6.9400,425.8,0.01629873
2005-05-09,7.04,7.0400,425.8,0.01653358
2005-05-10,7.06,7.0600,426.9,0.01653783
2005-05-11,7.05,7.0500,427.1,0.01650667
2005-05-12,6.93,6.9300,421.2,0.01645299
2005-05-13,6.9,6.9000,419.9,0.01643248
2005-05-16,6.92,6.9200,418.7,0.01652735
2005-05-17,7.01,7.0100,419.5,0.01671037
2005-05-18,7.17,7.1700,421.1,0.01702683
2005-05-19,7.1,7.1000,420.4,0.01688868
2005-05-20,6.92,6.9200,417.3,0.01658279
2005-05-23,6.94,6.9400,416.8,0.01665067
2005-05-24,6.97,6.9700,417.3,0.01670261
2005-05-25,7.1,7.1000,418.5,0.01696535
2005-05-26,7.15,7.1500,417.5,0.01712575
2005-05-27,7.27,7.2700,420,0.01730952
2005-05-30,7.21,7.2100,418.1,0.01724468
2005-05-31,7.41,7.4100,416.4,0.01779539
2005-06-01,7.49,7.4900,415.2,0.01803950
2005-06-02,7.5,7.5000,422.4,0.01775568
2005-06-03,7.47,7.4700,423.4,0.01764289
2005-06-06,7.5,7.5000,425.9,0.01760977
2005-06-07,7.4,7.4000,424.3,0.01744049
2005-06-08,7.43,7.4300,424.3,0.01751119
2005-06-09,7.23,7.2300,423.4,0.01707605
2005-06-10,7.25,7.2500,427,0.01697892
2005-06-13,7.22,7.2200,428.8,0.01683769
2005-06-14,7.24,7.2400,427,0.01695550
2005-06-15,7.29,7.2900,428.5,0.01701284
2005-06-16,7.33,7.3300,435.6,0.01682736
2005-06-17,7.3,7.3000,437.7,0.01667809
2005-06-20,7.26,7.2600,437.7,0.01658670
2005-06-21,7.26,7.2600,438.2,0.01656778
2005-06-22,7.22,7.2200,437.5,0.01650286
2005-06-23,7.24,7.2400,441.2,0.01640979
2005-06-24,7.25,7.2500,440,0.01647727
2005-06-27,7.22,7.2200,439.7,0.01642029
2005-06-28,7.07,7.0700,435.8,0.01622304
2005-06-29,7.05,7.0500,436.7,0.01614381
2005-06-30,7.02,7.0200,434.7,0.01614907
2005-07-01,6.85,6.8500,426.8,0.01604967
2005-07-04,6.9,6.9000,427.2,0.01615169
2005-07-05,6.83,6.8300,422.5,0.01616568
2005-07-06,6.91,6.9100,423.1,0.01633184
2005-07-07,6.94,6.9400,422.9,0.01641050
2005-07-08,6.98,6.9800,422.6,0.01651680
2005-07-11,7.06,7.0600,425.1,0.01660786
2005-07-12,7.04,7.0400,426,0.01652582
2005-07-13,7.02,7.0200,423.8,0.01656442
2005-07-14,6.95,6.9500,419.5,0.01656734
2005-07-15,6.95,6.9500,420.8,0.01651616
2005-07-18,6.96,6.9600,420.4,0.01655566
2005-07-19,6.95,6.9500,419.7,0.01655945
2005-07-20,7.03,7.0300,421.9,0.01666272
2005-07-21,7.09,7.0900,425.1,0.01667843
2005-07-22,7.07,7.0700,424.6,0.01665097
2005-07-25,7.1,7.1000,425.7,0.01667841
2005-07-26,6.98,6.9800,423.2,0.01649338
2005-07-27,7,7.0000,424.5,0.01648999
2005-07-28,7.17,7.1700,427.5,0.01677193
2005-07-29,7.23,7.2300,429.7,0.01682569
2005-08-01,7.26,7.2600,431.7,0.01681723
2005-08-02,7.22,7.2200,431.9,0.01671683
2005-08-03,7.27,7.2700,436.8,0.01664377
2005-08-04,7.21,7.2100,437.8,0.01646871
2005-08-05,7.12,7.1200,437,0.01629291
2005-08-08,6.98,6.9800,434.5,0.01606444
2005-08-09,7.01,7.0100,434,0.01615207
2005-08-10,7.07,7.0700,436.3,0.01620445
2005-08-11,7.16,7.1600,445.2,0.01608266
2005-08-12,7.06,7.0600,446.4,0.01581541
2005-08-15,6.94,6.9400,441.6,0.01571558
2005-08-16,7.02,7.0200,446,0.01573991
2005-08-17,6.97,6.9700,439.7,0.01585172
2005-08-18,6.98,6.9800,439.4,0.01588530
2005-08-19,6.99,6.9900,436.9,0.01599908
2005-08-22,7.05,7.0500,437.9,0.01609957
2005-08-23,6.95,6.9500,439,0.01583144
2005-08-24,6.91,6.9100,437.3,0.01580151
2005-08-25,6.82,6.8200,438.1,0.01556722
2005-08-26,6.73,6.7300,437.1,0.01539693
2005-08-29,6.72,6.7200,436.5,0.01539519
2005-08-30,6.69,6.6900,430.9,0.01552564
2005-08-31,6.79,6.7900,433.8,0.01565237
2005-09-01,6.96,6.9600,442.1,0.01574304
2005-09-02,7,7.0000,444.1,0.01576222
2005-09-05,7.05,7.0500,444.9,0.01584626
2005-09-06,7.02,7.0200,444.2,0.01580369
2005-09-07,7.05,7.0500,444.7,0.01585338
2005-09-08,6.96,6.9600,446.5,0.01558791
2005-09-09,7,7.0000,448.7,0.01560062
2005-09-12,6.99,6.9900,449.5,0.01555061
2005-09-13,6.95,6.9500,445.9,0.01558645
2005-09-14,6.98,6.9800,449.6,0.01552491
2005-09-15,7.01,7.0100,455.2,0.01539982
2005-09-16,7.22,7.2200,459.2,0.01572300
2005-09-19,7.32,7.3200,465.6,0.01572165
2005-09-20,7.31,7.3100,465.9,0.01569006
2005-09-21,7.35,7.3500,468.6,0.01568502
2005-09-22,7.36,7.3600,466.5,0.01577706
2005-09-23,7.27,7.2700,463.4,0.01568839
2005-09-26,7.31,7.3100,466.2,0.01567997
2005-09-27,7.26,7.2600,462.5,0.01569730
2005-09-28,7.34,7.3400,469.4,0.01563698
2005-09-29,7.49,7.4900,472.2,0.01586192
2005-09-30,7.44,7.4400,468.5,0.01588047
2005-10-03,7.39,7.3900,465.8,0.01586518
2005-10-04,7.36,7.3600,465.9,0.01579738
2005-10-05,7.41,7.4100,465.9,0.01590470
2005-10-06,7.53,7.5300,471.7,0.01596354
2005-10-07,7.71,7.7100,474.4,0.01625211
2005-10-10,7.78,7.7800,474.8,0.01638585
2005-10-11,7.81,7.8100,476.6,0.01638691
2005-10-12,7.78,7.7800,473.5,0.01643083
2005-10-13,7.68,7.6800,470.9,0.01630920
2005-10-14,7.79,7.7900,468.8,0.01661689
2005-10-17,7.79,7.7900,473.5,0.01645195
2005-10-18,7.77,7.7700,471.9,0.01646535
2005-10-19,7.59,7.5900,463.2,0.01638601
2005-10-20,7.6,7.6000,461,0.01648590
2005-10-21,7.64,7.6400,466.7,0.01637026
2005-10-24,7.65,7.6500,464.55,0.01646755
2005-10-25,7.77,7.7700,472.1,0.01645838
2005-10-26,7.8,7.8000,470.88,0.01656473
2005-10-27,7.79,7.7900,473.3,0.01645891
2005-10-28,7.77,7.7700,472.7,0.01643749
2005-10-31,7.54,7.5400,465.13,0.01621052
2005-11-01,7.42,7.4200,458.7,0.01617615
2005-11-02,7.51,7.5100,462.68,0.01623152
2005-11-03,7.57,7.5700,460.2,0.01644937
2005-11-04,7.53,7.5300,455.85,0.01651859
2005-11-07,7.57,7.5700,459,0.01649237
2005-11-08,7.58,7.5800,461.13,0.01643788
2005-11-09,7.64,7.6400,466.3,0.01638430
2005-11-10,7.68,7.6800,466.5,0.01646302
2005-11-11,7.72,7.7200,468.2,0.01648868
2005-11-14,7.75,7.7500,467.9,0.01656337
2005-11-15,7.75,7.7500,467.78,0.01656762
2005-11-16,7.98,7.9800,478.23,0.01668653
2005-11-17,8.07,8.0700,485.9,0.01660836
2005-11-18,8.04,8.0400,485.3,0.01656707
2005-11-21,8.1,8.1000,488.93,0.01656679
2005-11-22,8.14,8.1400,492.2,0.01653799
2005-11-23,8.11,8.1100,491.5,0.01650051
2005-11-24,8.14,8.1400,493.1,0.01650781
2005-11-25,8.2,8.2000,495.5,0.01654894
2005-11-28,8.35,8.3500,498.53,0.01674924
2005-11-29,8.29,8.2900,499.1,0.01660990
2005-11-30,8.27,8.2700,494.2,0.01673412
2005-12-01,8.51,8.5100,502.3,0.01694207
2005-12-02,8.54,8.5400,502.9,0.01698151
2005-12-05,8.63,8.6300,508.5,0.01697148
2005-12-06,8.68,8.6800,510.5,0.01700294
2005-12-07,8.78,8.7800,513.8,0.01708836
2005-12-08,8.89,8.8900,518.85,0.01713405
2005-12-09,8.99,8.9900,525.7,0.01710101
2005-12-12,8.78,8.7800,527.7,0.01663824
2005-12-13,8.48,8.4800,520.5,0.01629203
2005-12-14,8.37,8.3700,506,0.01654150
2005-12-15,8.54,8.5400,503.1,0.01697476
2005-12-16,8.52,8.5200,502.6,0.01695185
2005-12-19,8.55,8.5500,503.7,0.01697439
2005-12-20,8.31,8.3100,493.8,0.01682868
2005-12-21,8.35,8.3500,492.4,0.01695776
2005-12-22,8.49,8.4900,502.2,0.01690562
2005-12-23,8.56,8.5600,502.4,0.01703822
2005-12-27,8.72,8.7200,507.4,0.01718565
2005-12-28,8.85,8.8500,513.6,0.01723131
2005-12-29,8.8,8.8000,515,0.01708738
2005-12-30,8.82,8.8200,516.5,0.01707648
2006-01-03,9.08,9.0800,530.6,0.01711270
2006-01-04,9.09,9.0900,533.3,0.01704482
2006-01-05,8.77,8.7700,525.6,0.01668569
2006-01-06,9.11,9.1100,539.45,0.01688757
2006-01-09,9.21,9.2100,550.1,0.01674241
2006-01-10,8.94,8.9400,543.95,0.01643533
2006-01-11,9.02,9.0200,549.2,0.01642389
2006-01-12,8.99,8.9900,547.4,0.01642309
2006-01-13,9.09,9.0900,555.5,0.01636364
2006-01-16,9.24,9.2400,561.6,0.01645299
2006-01-17,9,9.0000,553.25,0.01626751
2006-01-18,8.8,8.8000,543.4,0.01619433
2006-01-19,9.06,9.0600,558.55,0.01622057
2006-01-20,8.86,8.8600,553,0.01602170
2006-01-23,9,9.0000,558,0.01612903
2006-01-24,9.2,9.2000,558.1,0.01648450
2006-01-25,9.47,9.4700,562.48,0.01683615
2006-01-26,9.56,9.5600,559.1,0.01709891
2006-01-27,9.58,9.5800,558.75,0.01714541
2006-01-30,9.76,9.7600,566.3,0.01723468
2006-01-31,9.84,9.8400,570.1,0.01726013
2006-02-01,9.75,9.7500,569.1,0.01713231
2006-02-02,9.84,9.8400,570.6,0.01724501
2006-02-03,9.72,9.7200,566.8,0.01714891
2006-02-06,9.72,9.7200,569.9,0.01705562
2006-02-07,9.38,9.3800,550.4,0.01704215
2006-02-08,9.41,9.4100,549.4,0.01712778
2006-02-09,9.67,9.6700,565.7,0.01709387
2006-02-10,9.35,9.3500,549.9,0.01700309
2006-02-13,9.07,9.0700,538.3,0.01684934
2006-02-14,9.3,9.3000,545.5,0.01704858
2006-02-15,9.2,9.2000,539.3,0.01705915
2006-02-16,9.36,9.3600,545.7,0.01715228
2006-02-17,9.4,9.4000,551.6,0.01704133
2006-02-20,9.49,9.4900,555.6,0.01708063
2006-02-21,9.55,9.5500,553.7,0.01724761
2006-02-22,9.59,9.5900,553.25,0.01733394
2006-02-23,9.51,9.5100,549,0.01732240
2006-02-24,9.73,9.7300,558.4,0.01742479
2006-02-27,9.63,9.6300,554.3,0.01737326
2006-02-28,9.73,9.7300,561.3,0.01733476
2006-03-01,9.75,9.7500,563.3,0.01730872
2006-03-02,10.17,10.1700,569.5,0.01785777
2006-03-03,10.21,10.2100,565.9,0.01804206
2006-03-06,10.03,10.0300,554.35,0.01809326
2006-03-07,10.05,10.0500,552.4,0.01819334
2006-03-08,9.82,9.8200,542.9,0.01808805
2006-03-09,9.96,9.9600,545.5,0.01825848
2006-03-10,9.92,9.9200,539.8,0.01837718
2006-03-13,10.12,10.1200,546,0.01853480
2006-03-14,10.2,10.2000,551.5,0.01849501
2006-03-15,10.31,10.3100,552.7,0.01865388
2006-03-16,10.32,10.3200,554.72,0.01860398
2006-03-17,10.34,10.3400,554,0.01866426
2006-03-20,10.33,10.3300,555.1,0.01860926
2006-03-21,10.52,10.5200,552,0.01905797
2006-03-22,10.47,10.4700,550.8,0.01900871
2006-03-23,10.64,10.6400,550.4,0.01933140
2006-03-24,10.72,10.7200,559.85,0.01914799
2006-03-27,10.87,10.8700,566.7,0.01918122
2006-03-28,10.83,10.8300,566.6,0.01911401
2006-03-29,11.06,11.0600,572.17,0.01932992
2006-03-30,11.55,11.5500,585,0.01974359
2006-03-31,11.45,11.4500,580.9,0.01971079
2006-04-03,11.76,11.7600,588.8,0.01997283
2006-04-04,11.71,11.7100,585.7,0.01999317
2006-04-05,11.7,11.7000,587.4,0.01991828
2006-04-06,12.07,12.0700,594.5,0.02030278
2006-04-07,12.06,12.0600,587.8,0.02051718
2006-04-10,12.55,12.5500,597.9,0.02099013
2006-04-11,12.61,12.6100,594.8,0.02120040
2006-04-12,12.72,12.7200,597.4,0.02129227
2006-04-13,12.87,12.8700,595.9,0.02159758
2006-04-17,13.41,13.4100,614.6,0.02181907
2006-04-18,13.87,13.8700,620.3,0.02236015
2006-04-19,14.56,14.5600,634.8,0.02293636
2006-04-20,12.54,12.5400,617.3,0.02031427
2006-04-21,12.94,12.9400,635.23,0.02037057
2006-04-24,11.71,11.7100,620.3,0.01887796
2006-04-25,12.58,12.5800,630.6,0.01994925
2006-04-26,12.84,12.8400,638.5,0.02010963
2006-04-27,12.61,12.6100,633.6,0.01990215
2006-04-28,13.56,13.5600,649.95,0.02086314
2006-05-01,13.92,13.9200,658.2,0.02114859
2006-05-02,14.18,14.1800,664.8,0.02132972
2006-05-03,13.8,13.8000,665.45,0.02073785
2006-05-04,13.79,13.7900,674.1,0.02045691
2006-05-05,13.95,13.9500,682.1,0.02045155
2006-05-08,13.8,13.8000,677.5,0.02036900
2006-05-09,14.41,14.4100,699.8,0.02059160
2006-05-10,14.3,14.3000,702.5,0.02035587
2006-05-11,14.92,14.9200,720.3,0.02071359
2006-05-12,14.27,14.2700,709.9,0.02010142
2006-05-15,13.27,13.2700,680.9,0.01948891
2006-05-16,13.65,13.6500,692.6,0.01970835
2006-05-17,13.16,13.1600,687.1,0.01915296
2006-05-18,12.59,12.5900,679.5,0.01852833
2006-05-19,12.44,12.4400,658.33,0.01889630
2006-05-22,12.41,12.4100,656.2,0.01891192
2006-05-23,13.2,13.2000,674,0.01958457
2006-05-24,12.45,12.4500,638.3,0.01950493
2006-05-25,12.63,12.6300,648.58,0.01947331
2006-05-26,12.69,12.6900,651.8,0.01946916
2006-05-30,13.04,13.0400,654.25,0.01993122
2006-05-31,12.5,12.5000,644,0.01940994
2006-06-01,11.96,11.9600,627.7,0.01905369
2006-06-02,12.12,12.1200,635.3,0.01907760
2006-06-05,12.33,12.3300,643.2,0.01916978
2006-06-06,11.82,11.8200,629.3,0.01878277
2006-06-07,11.88,11.8800,627.6,0.01892925
2006-06-08,11.12,11.1200,610.5,0.01821458
2006-06-09,11.25,11.2500,606.95,0.01853530
2006-06-12,11.08,11.0800,606.6,0.01826574
2006-06-13,9.57,9.5700,562.75,0.01700578
2006-06-14,9.62,9.6200,557.77,0.01724725
2006-06-15,9.97,9.9700,567.9,0.01755591
2006-06-16,10.28,10.2800,581,0.01769363
2006-06-19,10,10.0000,568.6,0.01758706
2006-06-20,10.24,10.2400,575.1,0.01780560
2006-06-21,10.5,10.5000,588.2,0.01785107
2006-06-22,10.22,10.2200,580.4,0.01760855
2006-06-23,10.3,10.3000,582.8,0.01767330
2006-06-26,10.27,10.2700,584.55,0.01756907
2006-06-27,10.27,10.2700,581.29,0.01766760
2006-06-28,10.19,10.1900,579.05,0.01759779
2006-06-29,10.39,10.3900,586.4,0.01771828
2006-06-30,11,11.0000,614.1,0.01791239
2006-07-03,11.3,11.3000,623.4,0.01812640
2006-07-04,11.27,11.2700,621.3,0.01813939
2006-07-05,11.42,11.4200,627.2,0.01820791
2006-07-06,11.58,11.5800,633.6,0.01827652
2006-07-07,11.4,11.4000,632.7,0.01801802
2006-07-10,10.96,10.9600,623.3,0.01758383
2006-07-11,11.5,11.5000,641.1,0.01793792
2006-07-12,11.48,11.4800,648.1,0.01771332
2006-07-13,11.48,11.4800,654.4,0.01754279
2006-07-14,11.48,11.4800,666.5,0.01722431
2006-07-17,11.04,11.0400,648.9,0.01701341
2006-07-18,10.43,10.4300,628.8,0.01658715
2006-07-19,11.07,11.0700,642.8,0.01722153
2006-07-20,11.02,11.0200,632,0.01743671
2006-07-21,10.78,10.7800,620,0.01738710
2006-07-24,10.82,10.8200,611.4,0.01769709
2006-07-25,10.9,10.9000,618,0.01763754
2006-07-26,11.01,11.0100,621.8,0.01770666
2006-07-27,11.31,11.3100,632.2,0.01788991
2006-07-28,11.29,11.2900,634.4,0.01779634
2006-07-31,11.32,11.3200,634.4,0.01784363
2006-08-01,11.65,11.6500,646.6,0.01801732
2006-08-02,12.19,12.1900,651.1,0.01872216
2006-08-03,12.03,12.0300,644.7,0.01865984
2006-08-04,12.42,12.4200,644.5,0.01927075
2006-08-07,12.16,12.1600,646.3,0.01881479
2006-08-08,12.16,12.1600,645.2,0.01884687
2006-08-09,12.51,12.5100,650.84,0.01922131
2006-08-10,12.09,12.0900,634.3,0.01906038
2006-08-11,11.92,11.9200,632.61,0.01884257
2006-08-14,12.09,12.0900,627.02,0.01928168
2006-08-15,12.02,12.0200,622.28,0.01931606
2006-08-16,12.26,12.2600,627.3,0.01954408
2006-08-17,11.95,11.9500,614.3,0.01945304
2006-08-18,12.02,12.0200,612,0.01964052
2006-08-21,12.32,12.3200,626.4,0.01966794
2006-08-22,12.25,12.2500,623.5,0.01964715
2006-08-23,12.47,12.4700,623.4,0.02000321
2006-08-24,12.27,12.2700,619.55,0.01980470
2006-08-25,12.37,12.3700,622.75,0.01986351
2006-08-28,11.99,11.9900,614.1,0.01952451
2006-08-29,12.14,12.1400,611.7,0.01984633
2006-08-30,12.48,12.4800,617.4,0.02021380
2006-08-31,12.82,12.8200,625.1,0.02050872
2006-09-01,12.9,12.9000,624.33,0.02066215
2006-09-04,12.92,12.9200,625.9,0.02064228
2006-09-05,12.96,12.9600,638.11,0.02030998
2006-09-06,13.05,13.0500,634.1,0.02058035
2006-09-07,12.57,12.5700,618,0.02033981
2006-09-08,12.14,12.1400,610.1,0.01989838
2006-09-11,11.12,11.1200,590.5,0.01883150
2006-09-12,10.99,10.9900,586.15,0.01874947
2006-09-13,11.08,11.0800,587.9,0.01884674
2006-09-14,10.75,10.7500,577.88,0.01860248
2006-09-15,10.77,10.7700,577.9,0.01863644
2006-09-18,11.14,11.1400,586.3,0.01900051
2006-09-19,10.78,10.7800,573.9,0.01878376
2006-09-20,11.04,11.0400,580.6,0.01901481
2006-09-21,11.17,11.1700,584.3,0.01911689
2006-09-22,11.15,11.1500,588.5,0.01894647
2006-09-25,11.22,11.2200,590.2,0.01901050
2006-09-26,11.39,11.3900,590.2,0.01929854
2006-09-27,11.62,11.6200,600,0.01936667
2006-09-28,11.61,11.6100,605,0.01919008
2006-09-29,11.42,11.4200,598.6,0.01907785
2006-10-02,11.5,11.5000,597.55,0.01924525
2006-10-03,10.81,10.8100,576,0.01876736
2006-10-04,10.73,10.7300,563.55,0.01904001
2006-10-05,11.01,11.0100,571.75,0.01925667
2006-10-06,11.08,11.0800,572.95,0.01933851
2006-10-09,11.27,11.2700,576.9,0.01953545
2006-10-10,11.16,11.1600,573,0.01947644
2006-10-11,11.22,11.2200,572.1,0.01961196
2006-10-12,11.28,11.2800,576,0.01958333
2006-10-13,11.62,11.6200,589.2,0.01972166
2006-10-16,11.78,11.7800,595.4,0.01978502
2006-10-17,11.68,11.6800,589.63,0.01980903
2006-10-18,11.68,11.6800,587.1,0.01989440
2006-10-19,12.04,12.0400,598.5,0.02011696
2006-10-20,11.89,11.8900,592.2,0.02007768
2006-10-23,11.6,11.6000,580.1,0.01999655
2006-10-24,11.75,11.7500,584,0.02011986
2006-10-25,11.81,11.8100,587.8,0.02009187
2006-10-26,12.12,12.1200,594.9,0.02037317
2006-10-27,11.99,11.9900,597.6,0.02006359
2006-10-30,12.12,12.1200,604.2,0.02005958
2006-10-31,12.22,12.2200,605.4,0.02018500
2006-11-01,12.48,12.4800,618.68,0.02017198
2006-11-02,12.55,12.5500,624.54,0.02009479
2006-11-03,12.57,12.5700,627.1,0.02004465
2006-11-06,12.65,12.6500,623.4,0.02029195
2006-11-07,12.6,12.6000,626.5,0.02011173
2006-11-08,12.42,12.4200,614.9,0.02019841
2006-11-09,13.02,13.0200,634.6,0.02051686
2006-11-10,13,13.0000,627.7,0.02071053
2006-11-13,12.87,12.8700,625.1,0.02058871
2006-11-14,12.82,12.8200,622.7,0.02058776
2006-11-15,12.86,12.8600,623,0.02064205
2006-11-16,12.87,12.8700,621.2,0.02071797
2006-11-17,12.76,12.7600,621.3,0.02053758
2006-11-20,12.72,12.7200,620.8,0.02048969
2006-11-21,13.07,13.0700,627.9,0.02081542
2006-11-22,13.03,13.0300,629.35,0.02070390
2006-11-23,13.09,13.0900,630.5,0.02076130
2006-11-24,13.43,13.4300,637.7,0.02106006
2006-11-27,13.49,13.4900,641.4,0.02103212
2006-11-28,13.61,13.6100,638.2,0.02132560
2006-11-29,13.5,13.5000,635.7,0.02123643
2006-11-30,13.89,13.8900,646.25,0.02149323
2006-12-01,13.98,13.9800,645.75,0.02164925
2006-12-04,14.09,14.0900,645.2,0.02183819
2006-12-05,13.88,13.8800,643.3,0.02157625
2006-12-06,13.54,13.5400,629.1,0.02152281
2006-12-07,13.87,13.8700,631.2,0.02197402
2006-12-08,13.75,13.7500,626.1,0.02196135
2006-12-11,13.81,13.8100,629.25,0.02194676
2006-12-12,13.79,13.7900,626.6,0.02200766
2006-12-13,13.74,13.7400,627.75,0.02188769
2006-12-14,13.78,13.7800,626.35,0.02200048
2006-12-15,12.81,12.8100,615,0.02082927
2006-12-18,12.43,12.4300,615.3,0.02020153
2006-12-19,12.62,12.6200,621.8,0.02029592
2006-12-20,12.54,12.5400,621.45,0.02017861
2006-12-21,12.36,12.3600,618,0.02000000
2006-12-22,12.55,12.5500,620.3,0.02023215
2006-12-26,12.62,12.6200,623.9,0.02022760
2006-12-27,12.77,12.7700,627.35,0.02035546
2006-12-28,12.83,12.8300,633.5,0.02025257
2006-12-29,12.87,12.8700,635.7,0.02024540
2007-01-02,13.14,13.1400,639.8,0.02053767
2007-01-03,12.55,12.5500,627.7,0.01999363
2007-01-04,12.7,12.7000,624.08,0.02034996
2007-01-05,12.16,12.1600,606.3,0.02005608
2007-01-08,12.24,12.2400,607.4,0.02015147
2007-01-09,12.48,12.4800,613,0.02035889
2007-01-10,12.37,12.3700,611.8,0.02021903
2007-01-11,12.35,12.3500,613.23,0.02013926
2007-01-12,12.77,12.7700,625.9,0.02040262
2007-01-15,12.89,12.8900,626.3,0.02058119
2007-01-16,12.54,12.5400,623.6,0.02010904
2007-01-17,12.79,12.7900,631.98,0.02023798
2007-01-18,12.58,12.5800,627.1,0.02006060
2007-01-19,12.83,12.8300,635,0.02020472
2007-01-22,12.92,12.9200,632.9,0.02041397
2007-01-23,13.19,13.1900,645.4,0.02043694
2007-01-24,13.18,13.1800,647.6,0.02035207
2007-01-25,13.35,13.3500,647.9,0.02060503
2007-01-26,13.29,13.2900,644.4,0.02062384
2007-01-29,13.17,13.1700,642,0.02051402
2007-01-30,13.3,13.3000,644.73,0.02062879
2007-01-31,13.47,13.4700,652.1,0.02065634
2007-02-01,13.65,13.6500,657.6,0.02075730
2007-02-02,13.33,13.3300,646.4,0.02062191
2007-02-05,13.49,13.4900,650.15,0.02074906
2007-02-06,13.58,13.5800,652.45,0.02081386
2007-02-07,13.61,13.6100,651.75,0.02088224
2007-02-08,13.73,13.7300,658.9,0.02083776
2007-02-09,13.86,13.8600,667.3,0.02077027
2007-02-12,13.64,13.6400,663.15,0.02056850
2007-02-13,13.85,13.8500,663.55,0.02087258
2007-02-14,13.94,13.9400,667.7,0.02087764
2007-02-15,13.92,13.9200,667.8,0.02084456
2007-02-16,13.95,13.9500,667.8,0.02088949
2007-02-19,14,14.0000,670.4,0.02088305
2007-02-20,13.8,13.8000,657.4,0.02099179
2007-02-21,14.22,14.2200,678,0.02097345
2007-02-22,14.22,14.2200,677.93,0.02097562
2007-02-23,14.54,14.5400,681.7,0.02132903
2007-02-26,14.66,14.6600,685.5,0.02138585
2007-02-27,14.37,14.3700,676.5,0.02124169
2007-02-28,14.08,14.0800,669.3,0.02103690
2007-03-01,13.6,13.6000,663.95,0.02048347
2007-03-02,12.89,12.8900,642.63,0.02005820
2007-03-05,12.64,12.6400,638.3,0.01980260
2007-03-06,12.9,12.9000,645,0.02000000
2007-03-07,12.97,12.9700,650.15,0.01994924
2007-03-08,12.96,12.9600,651.7,0.01988645
2007-03-09,12.84,12.8400,647.9,0.01981787
2007-03-12,12.97,12.9700,649.5,0.01996921
2007-03-13,12.8,12.8000,644,0.01987578
2007-03-14,12.78,12.7800,642.8,0.01988177
2007-03-15,12.98,12.9800,646,0.02009288
2007-03-16,13.08,13.0800,652,0.02006135
2007-03-19,13.13,13.1300,653.3,0.02009796
2007-03-20,13.29,13.2900,657.9,0.02020064
2007-03-21,13.29,13.2900,662.3,0.02006644
2007-03-22,13.41,13.4100,663.4,0.02021405
2007-03-23,13.16,13.1600,657.1,0.02002739
2007-03-26,13.32,13.3200,663,0.02009050
2007-03-27,13.22,13.2200,662.1,0.01996677
2007-03-28,13.33,13.3300,665.55,0.02002855
2007-03-29,13.25,13.2500,660.75,0.02005297
2007-03-30,13.36,13.3600,663.4,0.02013868
2007-04-02,13.28,13.2800,664.65,0.01998044
2007-04-03,13.37,13.3700,663.95,0.02013706
2007-04-04,13.54,13.5400,672.6,0.02013084
2007-04-05,13.66,13.6600,673.83,0.02027218
2007-04-09,13.77,13.7700,672,0.02049107
2007-04-10,13.86,13.8600,676.2,0.02049689
2007-04-11,13.79,13.7900,675.7,0.02040847
2007-04-12,13.82,13.8200,674.9,0.02047711
2007-04-13,14.03,14.0300,684.1,0.02050870
2007-04-16,14.02,14.0200,689.65,0.02032915
2007-04-17,13.94,13.9400,686.8,0.02029703
2007-04-18,13.92,13.9200,687.7,0.02024138
2007-04-19,13.65,13.6500,682.7,0.01999414
2007-04-20,13.92,13.9200,692.3,0.02010689
2007-04-23,14,14.0000,690.3,0.02028104
2007-04-24,13.75,13.7500,683.2,0.02012588
2007-04-25,13.75,13.7500,683.9,0.02010528
2007-04-26,13.29,13.2900,674.2,0.01971225
2007-04-27,13.47,13.4700,680.1,0.01980591
2007-04-30,13.45,13.4500,680.6,0.01976197
2007-05-01,13.23,13.2300,674.25,0.01962180
2007-05-02,13.2,13.2000,671.9,0.01964578
2007-05-03,13.38,13.3800,680.7,0.01965624
2007-05-04,13.42,13.4200,686.7,0.01954274
2007-05-07,13.5,13.5000,688,0.01962209
2007-05-08,13.44,13.4400,684.95,0.01962187
2007-05-09,13.36,13.3600,680.1,0.01964417
2007-05-10,13.02,13.0200,666.7,0.01952902
2007-05-11,13.2,13.2000,670.5,0.01968680
2007-05-14,13.11,13.1100,667.7,0.01963457
2007-05-15,13.19,13.1900,672.6,0.01961047
2007-05-16,12.86,12.8600,660.7,0.01946420
2007-05-17,12.8,12.8000,657,0.01948250
2007-05-18,12.93,12.9300,661.1,0.01955831
2007-05-21,13.05,13.0500,662.68,0.01969276
2007-05-22,12.9,12.9000,658.2,0.01959891
2007-05-23,13.01,13.0100,660.9,0.01968528
2007-05-24,12.84,12.8400,654.4,0.01962103
2007-05-25,12.92,12.9200,654.7,0.01973423
2007-05-28,12.92,12.9200,654.9,0.01972820
2007-05-29,13.14,13.1400,656.3,0.02002133
2007-05-30,13.13,13.1300,652.8,0.02011336
2007-05-31,13.4,13.4000,660.5,0.02028766
2007-06-01,13.65,13.6500,670.9,0.02034580
2007-06-04,13.65,13.6500,670.5,0.02035794
2007-06-05,13.75,13.7500,669.75,0.02053005
2007-06-06,13.66,13.6600,668.5,0.02043381
2007-06-07,13.41,13.4100,658.9,0.02035210
2007-06-08,13.02,13.0200,647.2,0.02011743
2007-06-11,13.21,13.2100,654.3,0.02018952
2007-06-12,13.07,13.0700,649.95,0.02010924
2007-06-13,13.03,13.0300,648.88,0.02008075
2007-06-14,13.12,13.1200,651.6,0.02013505
2007-06-15,13.21,13.2100,655.05,0.02016640
2007-06-18,13.19,13.1900,656.2,0.02010058
2007-06-19,13.32,13.3200,661.5,0.02013605
2007-06-20,13.19,13.1900,656,0.02010671
2007-06-21,13.08,13.0800,651.6,0.02007366
2007-06-22,13.02,13.0200,653,0.01993874
2007-06-25,12.87,12.8700,651.6,0.01975138
2007-06-26,12.25,12.2500,643,0.01905132
2007-06-27,12.23,12.2300,642.6,0.01903206
2007-06-28,12.44,12.4400,648.4,0.01918569
2007-06-29,12.39,12.3900,649.7,0.01907034
2007-07-02,12.63,12.6300,656.9,0.01922667
2007-07-03,12.55,12.5500,652.5,0.01923372
2007-07-04,12.62,12.6200,653.6,0.01930845
2007-07-05,12.47,12.4700,648.85,0.01921862
2007-07-06,12.69,12.6900,653.5,0.01941852
2007-07-09,12.71,12.7100,660.75,0.01923572
2007-07-10,12.86,12.8600,662.8,0.01940253
2007-07-11,12.86,12.8600,660.2,0.01947895
2007-07-12,13.08,13.0800,667.1,0.01960726
2007-07-13,13.01,13.0100,666.3,0.01952574
2007-07-16,12.94,12.9400,663.9,0.01949089
2007-07-17,12.92,12.9200,665.18,0.01942331
2007-07-18,13.18,13.1800,673.1,0.01958104
2007-07-19,13.24,13.2400,676.85,0.01956120
2007-07-20,13.28,13.2800,683.5,0.01942941
2007-07-23,13.23,13.2300,680.65,0.01943730
2007-07-24,13.3,13.3000,682.8,0.01947862
2007-07-25,13.03,13.0300,672.1,0.01938700
2007-07-26,12.82,12.8200,663.1,0.01933343
2007-07-27,12.66,12.6600,660.15,0.01917746
2007-07-30,12.86,12.8600,664.53,0.01935202
2007-07-31,12.92,12.9200,665.95,0.01940086
2007-08-01,12.88,12.8800,664.2,0.01939175
2007-08-02,12.96,12.9600,665.2,0.01948286
2007-08-03,13.09,13.0900,673.2,0.01944444
2007-08-06,12.95,12.9500,671.1,0.01929668
2007-08-07,13.05,13.0500,671.23,0.01944192
2007-08-08,13.11,13.1100,674.33,0.01944152
2007-08-09,12.62,12.6200,661.9,0.01906632
2007-08-10,12.81,12.8100,671.5,0.01907669
2007-08-13,12.79,12.7900,669.75,0.01909668
2007-08-14,12.68,12.6800,667.9,0.01898488
2007-08-15,12.54,12.5400,668.68,0.01875336
2007-08-16,11.56,11.5600,648.6,0.01782300
2007-08-17,11.75,11.7500,656.9,0.01788705
2007-08-20,11.7,11.7000,656.2,0.01782993
2007-08-21,11.51,11.5100,656.5,0.01753237
2007-08-22,11.58,11.5800,659.4,0.01756142
2007-08-23,11.65,11.6500,659.45,0.01766624
2007-08-24,11.92,11.9200,667.7,0.01785233
2007-08-27,11.76,11.7600,666.9,0.01763383
2007-08-28,11.76,11.7600,664.63,0.01769406
2007-08-29,11.85,11.8500,666.2,0.01778745
2007-08-30,11.79,11.7900,664.5,0.01774266
2007-08-31,12.04,12.0400,672.5,0.01790335
2007-09-03,12.09,12.0900,672.3,0.01798304
2007-09-04,12.26,12.2600,681.93,0.01797838
2007-09-05,12.17,12.1700,681.5,0.01785767
2007-09-06,12.36,12.3600,694.25,0.01780338
2007-09-07,12.51,12.5100,700.7,0.01785357
2007-09-10,12.51,12.5100,702.3,0.01781290
2007-09-11,12.67,12.6700,712.2,0.01778995
2007-09-12,12.61,12.6100,711.4,0.01772561
2007-09-13,12.49,12.4900,708.5,0.01762879
2007-09-14,12.56,12.5600,708.15,0.01773636
2007-09-17,12.74,12.7400,715.1,0.01781569
2007-09-18,12.77,12.7700,715.88,0.01783819
2007-09-19,12.95,12.9500,721.5,0.01794872
2007-09-20,13.35,13.3500,733.4,0.01820289
2007-09-21,13.49,13.4900,732.1,0.01842644
2007-09-24,13.47,13.4700,731.68,0.01840969
2007-09-25,13.44,13.4400,730.3,0.01840340
2007-09-26,13.37,13.3700,728.6,0.01835026
2007-09-27,13.51,13.5100,733.5,0.01841854
2007-09-28,13.81,13.8100,744.8,0.01854189
2007-10-01,13.69,13.6900,746.85,0.01833032
2007-10-02,13.33,13.3300,731.25,0.01822906
2007-10-03,13.33,13.3300,729.75,0.01826653
2007-10-04,13.35,13.3500,736.6,0.01812381
2007-10-05,13.36,13.3600,741.5,0.01801753
2007-10-08,13.23,13.2300,732.4,0.01806390
2007-10-09,13.43,13.4300,736.75,0.01822871
2007-10-10,13.53,13.5300,739.15,0.01830481
2007-10-11,13.85,13.8500,751.1,0.01843962
2007-10-12,13.76,13.7600,748.3,0.01838835
2007-10-15,13.75,13.7500,758.08,0.01813793
2007-10-16,13.56,13.5600,757.7,0.01789627
2007-10-17,13.61,13.6100,756,0.01800265
2007-10-18,13.71,13.7100,764,0.01794503
2007-10-19,13.54,13.5400,765.3,0.01769241
2007-10-22,13.46,13.4600,753.9,0.01785383
2007-10-23,13.54,13.5400,758.55,0.01784985
2007-10-24,13.48,13.4800,761.2,0.01770888
2007-10-25,13.86,13.8600,767.48,0.01805910
2007-10-26,14.2,14.2000,784.05,0.01811109
2007-10-29,14.4,14.4000,791,0.01820480
2007-10-30,14.19,14.1900,781.7,0.01815274
2007-10-31,14.5,14.5000,795.3,0.01823211
2007-11-01,14.2,14.2000,790.43,0.01796491
2007-11-02,14.57,14.5700,804.9,0.01810163
2007-11-05,14.68,14.6800,808.5,0.01815708
2007-11-06,15.28,15.2800,820.9,0.01861372
2007-11-07,15.29,15.2900,831.6,0.01838624
2007-11-08,15.49,15.4900,832.5,0.01860661
2007-11-09,15.46,15.4600,832.6,0.01856834
2007-11-12,14.64,14.6400,801.33,0.01826963
2007-11-13,14.54,14.5400,796.5,0.01825487
2007-11-14,14.97,14.9700,811.6,0.01844505
2007-11-15,14.44,14.4400,786.1,0.01836916
2007-11-16,14.44,14.4400,786.4,0.01836216
2007-11-19,14.16,14.1600,778.2,0.01819584
2007-11-20,14.51,14.5100,793.7,0.01828147
2007-11-21,14.47,14.4700,799.9,0.01808976
2007-11-22,14.54,14.5400,805.14,0.01805897
2007-11-23,14.7,14.7000,822.65,0.01786908
2007-11-26,14.78,14.7800,824,0.01793689
2007-11-27,14.44,14.4400,812.62,0.01776968
2007-11-28,14.41,14.4100,803.36,0.01793716
2007-11-29,14.23,14.2300,794.98,0.01789982
2007-11-30,13.98,13.9800,784.46,0.01782118
2007-12-03,14.08,14.0800,789.62,0.01783136
2007-12-04,14.29,14.2900,802.4,0.01780907
2007-12-05,14.3,14.3000,796.89,0.01794476
2007-12-06,14.46,14.4600,802.93,0.01800904
2007-12-07,14.33,14.3300,795.4,0.01801609
2007-12-10,14.64,14.6400,807.7,0.01812554
2007-12-11,14.7,14.7000,811.82,0.01810746
2007-12-12,14.65,14.6500,813.71,0.01800396
2007-12-13,14.08,14.0800,797.86,0.01764721
2007-12-14,13.81,13.8100,792.72,0.01742103
2007-12-17,13.82,13.8200,793.98,0.01740598
2007-12-18,14,14.0000,802.64,0.01744244
2007-12-19,14.06,14.0600,800.48,0.01756446
2007-12-20,14.24,14.2400,797.44,0.01785714
2007-12-21,14.34,14.3400,811.4,0.01767316
2007-12-24,14.53,14.5300,812.32,0.01788704
2007-12-26,14.68,14.6800,825.04,0.01779308
2007-12-27,14.68,14.6800,827.26,0.01774533
2007-12-28,14.77,14.7700,839.03,0.01760366
2007-12-31,14.78,14.7800,833.15,0.01773990
2008-01-02,15.16,15.1600,856.34,0.01770325
2008-01-03,15.36,15.3600,863.9,0.01777984
2008-01-04,15.29,15.2900,861.2,0.01775430
2008-01-07,15.17,15.1700,859.3,0.01765390
2008-01-08,15.69,15.6900,878.22,0.01786568
2008-01-09,15.7,15.7000,878.13,0.01787890
2008-01-10,16.14,16.1400,890.7,0.01812058
2008-01-11,16.23,16.2300,895.82,0.01811748
2008-01-14,16.27,16.2700,902,0.01803769
2008-01-15,16.19,16.1900,900.03,0.01798829
2008-01-16,15.83,15.8300,885.01,0.01788680
2008-01-17,15.89,15.8900,878.94,0.01807859
2008-01-18,16.13,16.1300,882.3,0.01828176
2008-01-21,15.53,15.5300,863.7,0.01798078
2008-01-22,16.01,16.0100,889.4,0.01800090
2008-01-23,15.83,15.8300,880.4,0.01798046
2008-01-24,16.3,16.3000,909.2,0.01792785
2008-01-25,16.41,16.4100,909.88,0.01803535
2008-01-28,16.67,16.6700,927,0.01798274
2008-01-29,16.7,16.7000,922.8,0.01809710
2008-01-30,16.64,16.6400,919.2,0.01810270
2008-01-31,16.89,16.8900,925.7,0.01824565
2008-02-01,16.76,16.7600,905.98,0.01849930
2008-02-04,16.71,16.7100,903.9,0.01848656
2008-02-05,16.31,16.3100,888.6,0.01835472
2008-02-06,16.54,16.5400,901.5,0.01834720
2008-02-07,16.77,16.7700,908.8,0.01845290
2008-02-08,17.08,17.0800,918.58,0.01859392
2008-02-11,17.43,17.4300,922.62,0.01889185
2008-02-12,17.2,17.2000,907.7,0.01894899
2008-02-13,17.31,17.3100,906.98,0.01908532
2008-02-14,17.2,17.2000,907.7,0.01894899
2008-02-15,17.08,17.0800,904.2,0.01888963
2008-02-18,17.08,17.0800,906.3,0.01884586
2008-02-19,17.49,17.4900,926.9,0.01886935
2008-02-20,17.71,17.7100,933.58,0.01896999
2008-02-21,17.88,17.8800,945.2,0.01891663
2008-02-22,17.96,17.9600,943.2,0.01904156
2008-02-25,18.07,18.0700,937.64,0.01927179
2008-02-26,18.74,18.7400,946.8,0.01979299
2008-02-27,19.19,19.1900,956.6,0.02006063
2008-02-28,19.77,19.7700,969.45,0.02039301
2008-02-29,19.69,19.6900,970.4,0.02029060
2008-03-03,20.16,20.1600,982.55,0.02051804
2008-03-04,19.57,19.5700,959.73,0.02039115
2008-03-05,20.5,20.5000,985.6,0.02079951
2008-03-06,20.24,20.2400,978.1,0.02069318
2008-03-07,20.12,20.1200,971.54,0.02070939
2008-03-10,19.68,19.6800,972,0.02024691
2008-03-11,19.58,19.5800,969,0.02020640
2008-03-12,20.05,20.0500,981.4,0.02043000
2008-03-13,20.4,20.4000,992.98,0.02054422
2008-03-14,20.64,20.6400,998.9,0.02066273
2008-03-17,20.1,20.1000,1004.2,0.02001593
2008-03-18,19.69,19.6900,987.8,0.01993318
2008-03-19,18.42,18.4200,943.81,0.01951664
2008-03-20,16.74,16.7400,914.46,0.01830589
2008-03-24,16.87,16.8700,912.21,0.01849355
2008-03-25,17.81,17.8100,935.8,0.01903184
2008-03-26,18.39,18.3900,950.14,0.01935504
2008-03-27,18.48,18.4800,948.48,0.01948381
2008-03-28,17.89,17.8900,931.53,0.01920496
2008-03-31,17.19,17.1900,913.2,0.01882392
2008-04-01,16.88,16.8800,882.89,0.01911903
2008-04-02,17.23,17.2300,898.05,0.01918601
2008-04-03,17.4,17.4000,904.69,0.01923311
2008-04-04,17.71,17.7100,908.36,0.01949668
2008-04-07,18.13,18.1300,923.67,0.01962822
2008-04-08,17.66,17.6600,913.6,0.01933012
2008-04-09,18.2,18.2000,934.6,0.01947357
2008-04-10,17.94,17.9400,928,0.01933190
2008-04-11,17.72,17.7200,924.93,0.01915821
2008-04-14,17.74,17.7400,924.44,0.01919000
2008-04-15,17.79,17.7900,928.52,0.01915952
2008-04-16,18.27,18.2700,943.06,0.01937310
2008-04-17,18.25,18.2500,939.14,0.01943267
2008-04-18,17.88,17.8800,916.2,0.01951539
2008-04-21,17.44,17.4400,914.78,0.01906469
2008-04-22,17.7,17.7000,921.53,0.01920719
2008-04-23,17.2,17.2000,905.83,0.01898811
2008-04-24,16.7,16.7000,886.92,0.01882921
2008-04-25,16.89,16.8900,888.9,0.01900101
2008-04-28,17,17.0000,892.68,0.01904378
2008-04-29,16.57,16.5700,874.2,0.01895447
2008-04-30,16.57,16.5700,866.18,0.01912997
2008-05-01,16.12,16.1200,850,0.01896471
2008-05-02,16.38,16.3800,856.65,0.01912099
2008-05-05,16.73,16.7300,872.5,0.01917479
2008-05-06,16.82,16.8200,877.32,0.01917202
2008-05-07,16.64,16.6400,870.96,0.01910536
2008-05-08,16.81,16.8100,881.42,0.01907150
2008-05-09,16.79,16.7900,886.3,0.01894392
2008-05-12,17.16,17.1600,884.5,0.01940079
2008-05-13,16.73,16.7300,866.4,0.01930979
2008-05-14,16.55,16.5500,865.68,0.01911792
2008-05-15,16.65,16.6500,881.75,0.01888290
2008-05-16,16.95,16.9500,900.6,0.01882079
2008-05-19,16.98,16.9800,905.2,0.01875829
2008-05-20,17.6,17.6000,919.33,0.01914438
2008-05-21,17.98,17.9800,928.1,0.01937291
2008-05-22,17.92,17.9200,918.8,0.01950370
2008-05-23,18.2,18.2000,925.29,0.01966951
2008-05-26,18.28,18.2800,927.7,0.01970465
2008-05-27,17.4,17.4000,905.82,0.01920911
2008-05-28,17.43,17.4300,900.65,0.01935269
2008-05-29,16.63,16.6300,877.94,0.01894207
2008-05-30,16.85,16.8500,886.96,0.01899747
2008-06-02,16.82,16.8200,892.2,0.01885228
2008-06-03,16.79,16.7900,882.75,0.01902011
2008-06-04,16.89,16.8900,881.55,0.01915944
2008-06-05,17.1,17.1000,873.3,0.01958090
2008-06-06,17.38,17.3800,895.7,0.01940382
2008-06-09,17.2,17.2000,895.83,0.01920007
2008-06-10,16.61,16.6100,869.51,0.01910271
2008-06-11,16.87,16.8700,881.2,0.01914435
2008-06-12,16.53,16.5300,870.15,0.01899672
2008-06-13,16.53,16.5300,870.4,0.01899127
2008-06-16,17.14,17.1400,882.65,0.01941880
2008-06-17,17.07,17.0700,883.7,0.01931651
2008-06-18,17.37,17.3700,894.4,0.01942084
2008-06-19,17.46,17.4600,902.8,0.01933983
2008-06-20,17.36,17.3600,901.13,0.01926470
2008-06-23,16.78,16.7800,882.56,0.01901287
2008-06-24,16.65,16.6500,887.55,0.01875951
2008-06-25,16.57,16.5700,880.14,0.01882655
2008-06-26,17.16,17.1600,911.83,0.01881930
2008-06-27,17.59,17.5900,929.69,0.01892029
2008-06-30,17.42,17.4200,927.4,0.01878370
2008-07-01,18.1,18.1000,940.88,0.01923731
2008-07-02,18.26,18.2600,941.95,0.01938532
2008-07-03,18.24,18.2400,932.36,0.01956326
2008-07-04,18.04,18.0400,932.6,0.01934377
2008-07-07,17.85,17.8500,927.7,0.01924113
2008-07-08,17.8,17.8000,922.04,0.01930502
2008-07-09,18.09,18.0900,926.4,0.01952720
2008-07-10,18.21,18.2100,940.62,0.01935957
2008-07-11,18.74,18.7400,961.96,0.01948106
2008-07-14,19.11,19.1100,972.48,0.01965079
2008-07-15,18.92,18.9200,975.76,0.01939001
2008-07-16,18.76,18.7600,962.36,0.01949374
2008-07-17,18.62,18.6200,964.58,0.01930374
2008-07-18,18.09,18.0900,954,0.01896226
2008-07-21,18.35,18.3500,963.63,0.01904258
2008-07-22,18.02,18.0200,948.6,0.01899642
2008-07-23,17.43,17.4300,923.35,0.01887692
2008-07-24,17.21,17.2100,922.65,0.01865279
2008-07-25,17.37,17.3700,927.97,0.01871828
2008-07-28,17.45,17.4500,928.85,0.01878667
2008-07-29,17.27,17.2700,916.48,0.01884384
2008-07-30,17.41,17.4100,906.09,0.01921443
2008-07-31,17.73,17.7300,913.2,0.01941524
2008-08-01,17.49,17.4900,909.64,0.01922739
2008-08-04,17.01,17.0100,896.57,0.01897231
2008-08-05,16.6,16.6000,877.65,0.01891415
2008-08-06,16.51,16.5100,876.9,0.01882769
2008-08-07,16.18,16.1800,870.78,0.01858104
2008-08-08,15.33,15.3300,857.1,0.01788589
2008-08-11,14.55,14.5500,820.15,0.01774066
2008-08-12,14.55,14.5500,813.3,0.01789008
2008-08-13,14.85,14.8500,827.45,0.01794670
2008-08-14,14.27,14.2700,810.8,0.01759990
2008-08-15,12.78,12.7800,785.28,0.01627445
2008-08-18,13.14,13.1400,801.5,0.01639426
2008-08-19,13.18,13.1800,810.14,0.01626879
2008-08-20,13.1,13.1000,810.1,0.01617084
2008-08-21,13.8,13.8000,834.2,0.01654280
2008-08-22,13.47,13.4700,827.43,0.01627932
2008-08-25,13.39,13.3900,820.78,0.01631375
2008-08-26,13.59,13.5900,824.3,0.01648672
2008-08-27,13.48,13.4800,826.1,0.01631764
2008-08-28,13.61,13.6100,831.06,0.01637668
2008-08-29,13.57,13.5700,830.25,0.01634447
2008-09-01,13.44,13.4400,816.92,0.01645204
2008-09-02,13.1,13.1000,807.75,0.01621789
2008-09-03,12.95,12.9500,802,0.01614713
2008-09-04,12.89,12.8900,800.18,0.01610888
2008-09-05,12.21,12.2100,801,0.01524345
2008-09-08,12,12.0000,800.49,0.01499082
2008-09-09,11.58,11.5800,784.55,0.01476005
2008-09-10,10.87,10.8700,761.2,0.01428008
2008-09-11,10.54,10.5400,744.86,0.01415031
2008-09-12,10.75,10.7500,760.22,0.01414064
2008-09-15,11,11.0000,782.12,0.01406434
2008-09-16,10.59,10.5900,780.9,0.01356128
2008-09-17,12.04,12.0400,863.46,0.01394390
2008-09-18,12.61,12.6100,894.73,0.01409364
2008-09-19,12.31,12.3100,858.5,0.01433896
2008-09-22,13.41,13.4100,900.84,0.01488611
2008-09-23,13.12,13.1200,888.65,0.01476397
2008-09-24,13.36,13.3600,887.2,0.01505861
2008-09-25,13.17,13.1700,873.34,0.01508004
2008-09-26,13.4,13.4000,884.2,0.01515494
2008-09-29,12.97,12.9700,899.8,0.01441431
2008-09-30,12.03,12.0300,872.02,0.01379556
2008-10-01,12.67,12.6700,883.8,0.01433582
2008-10-02,11.11,11.1100,840.35,0.01322068
2008-10-03,11.29,11.2900,830.55,0.01359340
2008-10-06,11.17,11.1700,865.15,0.01291106
2008-10-07,11.38,11.3800,879.9,0.01293329
2008-10-08,11.62,11.6200,897.2,0.01295140
2008-10-09,11.78,11.7800,882.98,0.01334119
2008-10-10,9.6,9.6000,840.28,0.01142476
2008-10-13,10.76,10.7600,834.89,0.01288793
2008-10-14,11.01,11.0100,841.9,0.01307756
2008-10-15,10.17,10.1700,840.03,0.01210671
2008-10-16,9.64,9.6400,803.83,0.01199259
2008-10-17,9.39,9.3900,788.45,0.01190944
2008-10-20,9.82,9.8200,794.26,0.01236371
2008-10-21,10.16,10.1600,771.83,0.01316352
2008-10-22,9.48,9.4800,726.12,0.01305569
2008-10-23,9.46,9.4600,714.65,0.01323725
2008-10-24,9.25,9.2500,733.42,0.01261215
2008-10-27,9.11,9.1100,734.42,0.01240435
2008-10-28,8.94,8.9400,743.9,0.01201774
2008-10-29,9.8,9.8000,752.38,0.01302533
2008-10-30,9.77,9.7700,739.13,0.01321824
2008-10-31,9.83,9.8300,724.93,0.01355993
2008-11-03,9.79,9.7900,725.15,0.01350066
2008-11-04,10.12,10.1200,757.85,0.01335357
2008-11-05,10.46,10.4600,743.17,0.01407484
2008-11-06,10.1,10.1000,733.32,0.01377298
2008-11-07,9.93,9.9300,733.64,0.01353525
2008-11-10,10.3,10.3000,749.27,0.01374671
2008-11-11,9.78,9.7800,735.6,0.01329527
2008-11-12,9.42,9.4200,716.1,0.01315459
2008-11-13,9.08,9.0800,715.35,0.01269309
2008-11-14,9.55,9.5500,743.45,0.01284552
2008-11-17,9.39,9.3900,741.58,0.01266215
2008-11-18,9.58,9.5800,734.6,0.01304111
2008-11-19,9.34,9.3400,738.83,0.01264161
2008-11-20,9.18,9.1800,750.67,0.01222908
2008-11-21,9.55,9.5500,795.3,0.01200805
2008-11-24,10.43,10.4300,818.88,0.01273691
2008-11-25,10.27,10.2700,818.26,0.01255102
2008-11-26,10.23,10.2300,811.79,0.01260178
2008-11-27,10.34,10.3400,814.8,0.01269023
2008-11-28,10.32,10.3200,817.9,0.01261768
2008-12-01,9.29,9.2900,774.28,0.01199824
2008-12-02,9.55,9.5500,781.35,0.01222244
2008-12-03,9.52,9.5200,768.34,0.01239035
2008-12-04,9.58,9.5800,768.35,0.01246828
2008-12-05,9.45,9.4500,755.83,0.01250281
2008-12-08,9.98,9.9800,771.4,0.01293752
2008-12-09,9.82,9.8200,774.47,0.01267964
2008-12-10,10.18,10.1800,806.48,0.01262276
2008-12-11,10.37,10.3700,822.75,0.01260407
2008-12-12,10.22,10.2200,818.84,0.01248107
2008-12-15,10.66,10.6600,837.25,0.01273216
2008-12-16,10.67,10.6700,841.4,0.01268125
2008-12-17,11.42,11.4200,867.45,0.01316502
2008-12-18,11.1,11.1000,856.25,0.01296350
2008-12-19,10.84,10.8400,839.36,0.01291460
2008-12-22,10.82,10.8200,843.98,0.01282021
2008-12-23,10.28,10.2800,838.82,0.01225531
2008-12-24,10.36,10.3600,847.53,0.01222376
2008-12-26,10.52,10.5200,864.55,0.01216818
2008-12-29,10.78,10.7800,875.38,0.01231465
2008-12-30,10.96,10.9600,870.15,0.01259553
2008-12-31,11.28,11.2800,879.05,0.01283203
2009-01-02,11.49,11.4900,876.34,0.01311135
2009-01-05,11.27,11.2700,859.91,0.01310602
2009-01-06,11.43,11.4300,864.55,0.01322075
2009-01-07,11.1,11.1000,840.95,0.01319936
2009-01-08,11.12,11.1200,853.95,0.01302184
2009-01-09,11.31,11.3100,856.52,0.01320460
2009-01-12,10.81,10.8100,823.25,0.01313088
2009-01-13,10.74,10.7400,821.24,0.01307778
2009-01-14,10.51,10.5100,810.06,0.01297435
2009-01-15,10.53,10.5300,812.87,0.01295410
2009-01-16,11.23,11.2300,839.28,0.01338052
2009-01-19,11.17,11.1700,836,0.01336124
2009-01-20,11.14,11.1400,852.53,0.01306699
2009-01-21,11.26,11.2600,852.08,0.01321472
2009-01-22,11.38,11.3800,860.32,0.01322764
2009-01-23,11.88,11.8800,895.88,0.01326070
2009-01-26,12.11,12.1100,906.7,0.01335613
2009-01-27,12.1,12.1000,899.07,0.01345835
2009-01-28,12.01,12.0100,890.05,0.01349362
2009-01-29,12.14,12.1400,904.5,0.01342178
2009-01-30,12.6,12.6000,928.08,0.01357642
2009-02-02,12.39,12.3900,904.93,0.01369167
2009-02-03,12.31,12.3100,892.93,0.01378608
2009-02-04,12.45,12.4500,901.3,0.01381338
2009-02-05,12.8,12.8000,913.9,0.01400591
2009-02-06,13.12,13.1200,913.3,0.01436549
2009-02-09,12.87,12.8700,894.15,0.01439356
2009-02-10,13.18,13.1800,913.1,0.01443434
2009-02-11,13.51,13.5100,942.38,0.01433604
2009-02-12,13.55,13.5500,951.3,0.01424367
2009-02-13,13.65,13.6500,939.76,0.01452499
2009-02-16,13.6,13.6000,943.24,0.01441839
2009-02-17,14.03,14.0300,969.7,0.01446839
2009-02-18,14.32,14.3200,980.11,0.01461060
2009-02-19,13.94,13.9400,974.3,0.01430771
2009-02-20,14.44,14.4400,997.37,0.01447808
2009-02-23,14.48,14.4800,993.84,0.01456975
2009-02-24,13.93,13.9300,967.23,0.01440195
2009-02-25,13.82,13.8200,963.28,0.01434682
2009-02-26,13.01,13.0100,938.99,0.01385531
2009-02-27,13.04,13.0400,938.96,0.01388771
2009-03-02,13.02,13.0200,937.42,0.01388919
2009-03-03,12.76,12.7600,913.28,0.01397162
2009-03-04,12.86,12.8600,905.04,0.01420932
2009-03-05,13.21,13.2100,927.08,0.01424904
2009-03-06,13.36,13.3600,940.1,0.01421125
2009-03-09,12.89,12.8900,916.36,0.01406652
2009-03-10,12.61,12.6100,897.09,0.01405656
2009-03-11,12.77,12.7700,906.94,0.01408031
2009-03-12,12.95,12.9500,923.36,0.01402487
2009-03-13,13.19,13.1900,928.13,0.01421137
2009-03-16,12.89,12.8900,922.62,0.01397108
2009-03-17,12.7,12.7000,916.33,0.01385964
2009-03-18,12.66,12.6600,932.7,0.01357350
2009-03-19,13.51,13.5100,956.68,0.01412175
2009-03-20,13.76,13.7600,952.94,0.01443952
2009-03-23,13.83,13.8300,950.66,0.01454779
2009-03-24,13.45,13.4500,929.5,0.01447015
2009-03-25,13.49,13.4900,935.54,0.01441948
2009-03-26,13.58,13.5800,938.41,0.01447129
2009-03-27,13.31,13.3100,922.8,0.01442349
2009-03-30,13.02,13.0200,915.86,0.01421615
2009-03-31,13.01,13.0100,922.58,0.01410176
2009-04-01,12.95,12.9500,925,0.01400000
2009-04-02,13,13.0000,906.56,0.01433992
2009-04-03,12.77,12.7700,895.91,0.01425366
2009-04-06,12.14,12.1400,869.9,0.01395563
2009-04-07,12.25,12.2500,882.11,0.01388716
2009-04-08,12.29,12.2900,883.84,0.01390523
2009-04-09,12.37,12.3700,881.65,0.01403051
2009-04-13,12.72,12.7200,891.4,0.01426969
2009-04-14,12.79,12.7900,890.6,0.01436110
2009-04-15,12.8,12.8000,891.25,0.01436185
2009-04-16,12.26,12.2600,878.05,0.01396276
2009-04-17,11.85,11.8500,866.59,0.01367429
2009-04-20,12.07,12.0700,884.35,0.01364844
2009-04-21,12.05,12.0500,881.05,0.01367686
2009-04-22,12.32,12.3200,891.3,0.01382251
2009-04-23,12.77,12.7700,905.46,0.01410333
2009-04-24,12.89,12.8900,911.8,0.01413687
2009-04-27,12.9,12.9000,907.14,0.01422052
2009-04-28,12.46,12.4600,891.05,0.01398350
2009-04-29,12.77,12.7700,899.57,0.01419567
2009-04-30,12.41,12.4100,890.85,0.01393052
2009-05-01,12.46,12.4600,885.5,0.01407115
2009-05-04,13.06,13.0600,901.7,0.01448375
2009-05-05,13.34,13.3400,901.92,0.01479067
2009-05-06,13.72,13.7200,908.6,0.01510015
2009-05-07,13.94,13.9400,910.88,0.01530388
2009-05-08,13.95,13.9500,914.65,0.01525174
2009-05-11,13.91,13.9100,912.47,0.01524434
2009-05-12,14.23,14.2300,922.93,0.01541829
2009-05-13,14,14.0000,926.1,0.01511716
2009-05-14,14.03,14.0300,927.3,0.01512995
2009-05-15,13.93,13.9300,928.3,0.01500592
2009-05-18,13.78,13.7800,920.17,0.01497549
2009-05-19,14.17,14.1700,926.57,0.01529296
2009-05-20,14.29,14.2900,938.68,0.01522351
2009-05-21,14.42,14.4200,951.45,0.01515581
2009-05-22,14.66,14.6600,957.95,0.01530351
2009-05-25,14.73,14.7300,957.8,0.01537899
2009-05-26,14.6,14.6000,952.9,0.01532165
2009-05-27,14.8,14.8000,950.8,0.01556584
2009-05-28,15.12,15.1200,959.44,0.01575919
2009-05-29,15.59,15.5900,975.92,0.01597467
2009-06-01,15.7,15.7000,979.62,0.01602662
2009-06-02,15.91,15.9100,980.9,0.01621980
2009-06-03,15.27,15.2700,963.36,0.01585077
2009-06-04,15.87,15.8700,980.3,0.01618892
2009-06-05,15.35,15.3500,960.82,0.01597594
2009-06-08,14.94,14.9400,950.4,0.01571970
2009-06-09,15.15,15.1500,953.87,0.01588267
2009-06-10,15.08,15.0800,948.86,0.01589276
2009-06-11,15.41,15.4100,959.3,0.01606380
2009-06-12,14.89,14.8900,939.5,0.01584886
2009-06-15,14.08,14.0800,927.06,0.01518780
2009-06-16,14.16,14.1600,932.56,0.01518401
2009-06-17,14.28,14.2800,936,0.01525641
2009-06-18,14.2,14.2000,932.58,0.01522658
2009-06-19,14.18,14.1800,934.1,0.01518039
2009-06-22,13.75,13.7500,921.21,0.01492602
2009-06-23,13.86,13.8600,924.25,0.01499594
2009-06-24,13.91,13.9100,936.29,0.01485651
2009-06-25,14.01,14.0100,938.4,0.01492967
2009-06-26,14.07,14.0700,940.05,0.01496729
2009-06-29,13.92,13.9200,940.05,0.01480772
2009-06-30,13.57,13.5700,926.68,0.01464367
2009-07-01,13.73,13.7300,941.26,0.01458683
2009-07-02,13.39,13.3900,931.2,0.01437930
2009-07-03,13.41,13.4100,932,0.01438841
2009-07-06,13.24,13.2400,923.9,0.01433056
2009-07-07,13.17,13.1700,927.65,0.01419716
2009-07-08,12.84,12.8400,908.3,0.01413630
2009-07-09,12.91,12.9100,915.5,0.01410158
2009-07-10,12.65,12.6500,913,0.01385542
2009-07-13,12.77,12.7700,919.4,0.01388949
2009-07-14,12.85,12.8500,923.93,0.01390798
2009-07-15,13.24,13.2400,940.36,0.01407971
2009-07-16,13.22,13.2200,935.55,0.01413073
2009-07-17,13.4,13.4000,938.28,0.01428145
2009-07-20,13.61,13.6100,949.32,0.01433658
2009-07-21,13.49,13.4900,947.8,0.01423296
2009-07-22,13.7,13.7000,952.9,0.01437716
2009-07-23,13.75,13.7500,951.04,0.01445786
2009-07-24,13.86,13.8600,952.25,0.01455500
2009-07-27,14.01,14.0100,953.6,0.01469169
2009-07-28,13.7,13.7000,937.7,0.01461022
2009-07-29,13.24,13.2400,927.18,0.01427986
2009-07-30,13.48,13.4800,935.22,0.01441372
2009-07-31,13.92,13.9200,953.9,0.01459272
2009-08-03,14.27,14.2700,956.99,0.01491134
2009-08-04,14.59,14.5900,963.65,0.01514035
2009-08-05,14.72,14.7200,965.92,0.01523936
2009-08-06,14.61,14.6100,958.65,0.01524018
2009-08-07,14.66,14.6600,954.9,0.01535239
2009-08-10,14.36,14.3600,944.73,0.01520011
2009-08-11,14.34,14.3400,946.11,0.01515680
2009-08-12,14.57,14.5700,949.42,0.01534621
2009-08-13,14.97,14.9700,955.17,0.01567260
2009-08-14,14.66,14.6600,946.22,0.01549323
2009-08-17,14.03,14.0300,935.78,0.01499284
2009-08-18,13.92,13.9200,937.84,0.01484262
2009-08-19,13.91,13.9100,944.34,0.01472986
2009-08-20,13.9,13.9000,940.62,0.01477749
2009-08-21,14.16,14.1600,953.08,0.01485709
2009-08-24,14.19,14.1900,943.18,0.01504485
2009-08-25,14.28,14.2800,943.6,0.01513353
2009-08-26,14.28,14.2800,945.05,0.01511031
2009-08-27,14.23,14.2300,947.39,0.01502021
2009-08-28,14.78,14.7800,956.97,0.01544458
2009-08-31,14.9,14.9000,951.92,0.01565258
2009-09-01,15.01,15.0100,954.73,0.01572172
2009-09-02,15.32,15.3200,975.82,0.01569962
2009-09-03,16.17,16.1700,994.46,0.01626008
2009-09-04,16.15,16.1500,991.78,0.01628385
2009-09-07,16.34,16.3400,995.16,0.01641947
2009-09-08,16.47,16.4700,998.32,0.01649772
2009-09-09,16.42,16.4200,993.94,0.01652011
2009-09-10,16.65,16.6500,996.9,0.01670178
2009-09-11,16.69,16.6900,1003.9,0.01662516
2009-09-14,16.53,16.5300,996.9,0.01658140
2009-09-15,17.02,17.0200,1009,0.01686819
2009-09-16,17.37,17.3700,1017.2,0.01707629
2009-09-17,17.25,17.2500,1014,0.01701183
2009-09-18,17.05,17.0500,1009.4,0.01689122
2009-09-21,16.84,16.8400,1003.2,0.01678628
2009-09-22,17.05,17.0500,1014.1,0.01681294
2009-09-23,16.94,16.9400,1012,0.01673913
2009-09-24,16.23,16.2300,992.52,0.01635232
2009-09-25,16.07,16.0700,990.91,0.01621742
2009-09-28,16.16,16.1600,992.05,0.01628950
2009-09-29,16.17,16.1700,993.9,0.01626924
2009-09-30,16.62,16.6200,1007.9,0.01648973
2009-10-01,16.44,16.4400,999.55,0.01644740
2009-10-02,16.14,16.1400,1002.4,0.01610136
2009-10-05,16.59,16.5900,1017.1,0.01631108
2009-10-06,17.19,17.1900,1037.5,0.01656867
2009-10-07,17.43,17.4300,1042.1,0.01672584
2009-10-08,17.76,17.7600,1056.3,0.01681341
2009-10-09,17.64,17.6400,1046.8,0.01685136
2009-10-12,17.8,17.8000,1058.05,0.01682340
2009-10-13,17.83,17.8300,1063.6,0.01676382
2009-10-14,17.86,17.8600,1064.6,0.01677625
2009-10-15,17.39,17.3900,1049.3,0.01657295
2009-10-16,17.46,17.4600,1052.35,0.01659144
2009-10-19,17.6,17.6000,1057.7,0.01663988
2009-10-20,17.54,17.5400,1055.6,0.01661614
2009-10-21,17.72,17.7200,1059.7,0.01672171
2009-10-22,17.57,17.5700,1059.1,0.01658956
2009-10-23,17.69,17.6900,1055.9,0.01675348
2009-10-26,17.1,17.1000,1038.6,0.01646447
2009-10-27,16.62,16.6200,1038.6,0.01600231
2009-10-28,16.16,16.1600,1028.2,0.01571679
2009-10-29,16.63,16.6300,1046.7,0.01588803
2009-10-30,16.27,16.2700,1041,0.01562920
2009-11-02,16.34,16.3400,1053.6,0.01550873
2009-11-03,17.19,17.1900,1083.8,0.01586086
2009-11-04,17.35,17.3500,1087.2,0.01595843
2009-11-05,17.34,17.3400,1088.8,0.01592579
2009-11-06,17.32,17.3200,1093.8,0.01583470
2009-11-09,17.5,17.5000,1101.6,0.01588598
2009-11-10,17.25,17.2500,1102.7,0.01564342
2009-11-11,17.52,17.5200,1115.5,0.01570596
2009-11-12,17.31,17.3100,1107.9,0.01562415
2009-11-13,17.35,17.3500,1115.5,0.01555356
2009-11-16,18.39,18.3900,1139.9,0.01613299
2009-11-17,18.39,18.3900,1140,0.01613158
2009-11-18,18.46,18.4600,1142.3,0.01616038
2009-11-19,18.52,18.5200,1142.5,0.01621007
2009-11-20,18.47,18.4700,1148.3,0.01608465
2009-11-23,18.56,18.5600,1163,0.01595873
2009-11-24,18.37,18.3700,1164.7,0.01577230
2009-11-25,18.79,18.7900,1186.6,0.01583516
2009-11-26,18.64,18.6400,1191.9,0.01563890
2009-11-27,18.27,18.2700,1176.6,0.01552779
2009-11-30,18.44,18.4400,1178.5,0.01564701
2009-12-01,19.08,19.0800,1197.5,0.01593319
2009-12-02,19.27,19.2700,1213,0.01588623
2009-12-03,19.05,19.0500,1216.5,0.01565968
2009-12-04,18.42,18.4200,1159.5,0.01588616
2009-12-07,18.18,18.1800,1157.9,0.01570084
2009-12-08,17.62,17.6200,1137.9,0.01548466
2009-12-09,17.21,17.2100,1121.7,0.01534278
2009-12-10,17.22,17.2200,1124.9,0.01530803
2009-12-11,17.13,17.1300,1116,0.01534946
2009-12-14,17.35,17.3500,1123.2,0.01544694
2009-12-15,17.44,17.4400,1123.5,0.01552292
2009-12-16,17.69,17.6900,1136,0.01557218
2009-12-17,17.2,17.2000,1100.8,0.01562500
2009-12-18,17.25,17.2500,1108.5,0.01556157
2009-12-21,17.01,17.0100,1095.1,0.01553283
2009-12-22,16.98,16.9800,1087.5,0.01561379
2009-12-23,17.15,17.1500,1091.9,0.01570657
2009-12-24,17.38,17.3800,1104.6,0.01573420
2009-12-28,17.5,17.5000,1105.9,0.01582422
2009-12-29,17.08,17.0800,1098.6,0.01554706
2009-12-30,16.77,16.7700,1092,0.01535714
2009-12-31,16.84,16.8400,1096.6,0.01535656
2010-01-04,17.42,17.4200,1116.1,0.01560792
2010-01-05,17.76,17.7600,1117.1,0.01589831
2010-01-06,18.2,18.2000,1137.45,0.01600070
2010-01-07,18.23,18.2300,1130.45,0.01612632
2010-01-08,18.48,18.4800,1137,0.01625330
2010-01-11,18.55,18.5500,1150.4,0.01612483
2010-01-12,18.25,18.2500,1127.55,0.01618554
2010-01-13,18.62,18.6200,1136.45,0.01638435
2010-01-14,18.66,18.6600,1140.95,0.01635479
2010-01-15,18.39,18.3900,1130.25,0.01627074
2010-01-18,18.64,18.6400,1132.93,0.01645291
2010-01-19,18.76,18.7600,1137.5,0.01649231
2010-01-20,17.89,17.8900,1111.15,0.01610044
2010-01-21,17.39,17.3900,1093.45,0.01590379
2010-01-22,17.04,17.0400,1092.3,0.01560011
2010-01-25,17.14,17.1400,1097.5,0.01561731
2010-01-26,16.78,16.7800,1097.25,0.01529278
2010-01-27,16.6,16.6000,1087.95,0.01525805
2010-01-28,16.23,16.2300,1085.3,0.01495439
2010-01-29,16.2,16.2000,1080.05,0.01499931
2010-02-01,16.68,16.6800,1105.95,0.01508206
2010-02-02,16.71,16.7100,1113.8,0.01500269
2010-02-03,16.38,16.3800,1109.85,0.01475875
2010-02-04,15.27,15.2700,1064.2,0.01434881
2010-02-05,15.15,15.1500,1065.3,0.01422135
2010-02-08,15,15.0000,1061.8,0.01412695
2010-02-09,15.46,15.4600,1077.65,0.01434603
2010-02-10,15.19,15.1900,1070.9,0.01418433
2010-02-11,15.6,15.6000,1092,0.01428571
2010-02-12,15.52,15.5200,1092.55,0.01420530
2010-02-15,15.54,15.5400,1100,0.01412727
2010-02-16,16.12,16.1200,1118,0.01441860
2010-02-17,15.91,15.9100,1108.25,0.01435597
2010-02-18,15.84,15.8400,1108.63,0.01428790
2010-02-19,16.31,16.3100,1118.45,0.01458268
2010-02-22,16.22,16.2200,1112.95,0.01457388
2010-02-23,15.83,15.8300,1102.3,0.01436088
2010-02-24,15.93,15.9300,1095.38,0.01454290
2010-02-25,16.13,16.1300,1106.05,0.01458343
2010-02-26,16.46,16.4600,1116.85,0.01473788
2010-03-01,16.43,16.4300,1116.3,0.01471827
2010-03-02,16.91,16.9100,1133.18,0.01492261
2010-03-03,17.16,17.1600,1139.3,0.01506188
2010-03-04,17.12,17.1200,1131.25,0.01513370
2010-03-05,17.34,17.3400,1133.9,0.01529235
2010-03-08,17.23,17.2300,1123.63,0.01533423
2010-03-09,17.26,17.2600,1120.5,0.01540384
2010-03-10,17.02,17.0200,1107.55,0.01536725
2010-03-11,17.15,17.1500,1108.68,0.01546885
2010-03-12,17.05,17.0500,1100.85,0.01548803
2010-03-15,17.13,17.1300,1108.2,0.01545750
2010-03-16,17.44,17.4400,1126.65,0.01547952
2010-03-17,17.46,17.4600,1119.47,0.01559667
2010-03-18,17.41,17.4100,1126.33,0.01545728
2010-03-19,16.98,16.9800,1105.95,0.01535332
2010-03-22,16.96,16.9600,1101.15,0.01540208
2010-03-23,17.02,17.0200,1104.1,0.01541527
2010-03-24,16.56,16.5600,1085.63,0.01525382
2010-03-25,16.61,16.6100,1089.47,0.01524595
2010-03-26,16.91,16.9100,1106.47,0.01528284
2010-03-29,17.39,17.3900,1108.2,0.01569211
2010-03-30,17.27,17.2700,1102.88,0.01565900
2010-03-31,17.5,17.5000,1112.68,0.01572779
2010-04-01,17.93,17.9300,1125.58,0.01592957
2010-04-02,17.82,17.8200,1119.95,0.01591142
2010-04-05,18.07,18.0700,1129.95,0.01599186
2010-04-06,17.91,17.9100,1133.2,0.01580480
2010-04-07,18.14,18.1400,1146.95,0.01581586
2010-04-08,18.07,18.0700,1150.13,0.01571127
2010-04-09,18.4,18.4000,1160.95,0.01584909
2010-04-12,18.21,18.2100,1154.63,0.01577129
2010-04-13,18.21,18.2100,1150.2,0.01583203
2010-04-14,18.43,18.4300,1154.68,0.01596113
2010-04-15,18.39,18.3900,1157.58,0.01588659
2010-04-16,17.73,17.7300,1136.45,0.01560121
2010-04-19,17.68,17.6800,1134.38,0.01558561
2010-04-20,17.84,17.8400,1139.3,0.01565874
2010-04-21,18.05,18.0500,1145.35,0.01575937
2010-04-22,17.98,17.9800,1140.35,0.01576709
2010-04-23,18.32,18.3200,1156.8,0.01583679
2010-04-26,18.29,18.2900,1152.5,0.01586985
2010-04-27,18.16,18.1600,1167.72,0.01555167
2010-04-28,18.1,18.1000,1164.43,0.01554409
2010-04-29,18.45,18.4500,1166.3,0.01581926
2010-04-30,18.65,18.6500,1178.05,0.01583125
2010-05-03,18.8,18.8000,1181.35,0.01591400
2010-05-04,17.87,17.8700,1171.53,0.01525356
2010-05-05,17.48,17.4800,1174.58,0.01488192
2010-05-06,17.66,17.6600,1207.45,0.01462586
2010-05-07,18.36,18.3600,1207.1,0.01521001
2010-05-10,18.5,18.5000,1201.2,0.01540127
2010-05-11,19.29,19.2900,1229.55,0.01568867
2010-05-12,19.5,19.5000,1236.6,0.01576904
2010-05-13,19.42,19.4200,1231.72,0.01576657
2010-05-14,19.32,19.3200,1231.15,0.01569265
2010-05-17,18.91,18.9100,1223,0.01546198
2010-05-18,18.95,18.9500,1220.75,0.01552324
2010-05-19,18.2,18.2000,1190.85,0.01528320
2010-05-20,17.66,17.6600,1182.15,0.01493888
2010-05-21,17.66,17.6600,1176.13,0.01501535
2010-05-24,17.88,17.8800,1190.95,0.01501322
2010-05-25,17.95,17.9500,1200.07,0.01495746
2010-05-26,18.07,18.0700,1210.1,0.01493265
2010-05-27,18.49,18.4900,1209.63,0.01528567
2010-05-28,18.41,18.4100,1213.38,0.01517249
2010-05-31,18.57,18.5700,1216.4,0.01526636
2010-06-01,18.41,18.4100,1224.4,0.01503594
2010-06-02,18.34,18.3400,1222.82,0.01499812
2010-06-03,17.98,17.9800,1207.1,0.01489520
2010-06-04,17.46,17.4600,1218.85,0.01432498
2010-06-07,18.11,18.1100,1239,0.01461663
2010-06-08,18.27,18.2700,1234.3,0.01480191
2010-06-09,18.11,18.1100,1231.55,0.01470505
2010-06-10,18.23,18.2300,1216.85,0.01498130
2010-06-11,18.23,18.2300,1225.55,0.01487495
2010-06-14,18.23,18.2300,1221.2,0.01492794
2010-06-15,18.55,18.5500,1233.55,0.01503790
2010-06-16,18.46,18.4600,1230.85,0.01499777
2010-06-17,18.71,18.7100,1244.3,0.01503657
2010-06-18,19.16,19.1600,1255.88,0.01525623
2010-06-21,18.73,18.7300,1231.07,0.01521441
2010-06-22,18.8,18.8000,1238.35,0.01518149
2010-06-23,18.52,18.5200,1236.5,0.01497776
2010-06-24,18.68,18.6800,1243.7,0.01501970
2010-06-25,19.06,19.0600,1254.5,0.01519330
2010-06-28,18.73,18.7300,1237.03,0.01514110
2010-06-29,18.53,18.5300,1239.85,0.01494536
2010-06-30,18.61,18.6100,1241.15,0.01499416
2010-07-01,17.96,17.9600,1199.03,0.01497877
2010-07-02,17.91,17.9100,1210.45,0.01479615
2010-07-05,17.91,17.9100,1208.03,0.01482579
2010-07-06,17.91,17.9100,1193.53,0.01500591
2010-07-07,18.05,18.0500,1201.7,0.01502039
2010-07-08,18.07,18.0700,1197.45,0.01509040
2010-07-09,18.11,18.1100,1210.6,0.01495952
2010-07-12,17.91,17.9100,1195.9,0.01497617
2010-07-13,18.23,18.2300,1210.55,0.01505927
2010-07-14,18.27,18.2700,1207.3,0.01513294
2010-07-15,18.34,18.3400,1207.75,0.01518526
2010-07-16,17.88,17.8800,1192.1,0.01499874
2010-07-19,17.61,17.6100,1183.35,0.01488148
2010-07-20,17.68,17.6800,1191.25,0.01484155
2010-07-21,17.66,17.6600,1185.55,0.01489604
2010-07-22,18.08,18.0800,1193.7,0.01514618
2010-07-23,18.11,18.1100,1188.28,0.01524052
2010-07-26,18.18,18.1800,1181.38,0.01538878
2010-07-27,17.67,17.6700,1161.55,0.01521243
2010-07-28,17.51,17.5100,1162.6,0.01506107
2010-07-29,17.61,17.6100,1167.22,0.01508713
2010-07-30,17.98,17.9800,1180.3,0.01523342
2010-08-02,18.34,18.3400,1180.95,0.01552987
2010-08-03,18.36,18.3600,1184.95,0.01549432
2010-08-04,18.29,18.2900,1195.1,0.01530416
2010-08-05,18.34,18.3400,1194.15,0.01535820
2010-08-06,18.47,18.4700,1204.55,0.01533353
2010-08-09,18.34,18.3400,1200.45,0.01527760
2010-08-10,18.29,18.2900,1202.9,0.01520492
2010-08-11,17.89,17.8900,1196.8,0.01494820
2010-08-12,18.06,18.0600,1212.13,0.01489939
2010-08-13,18.16,18.1600,1214.6,0.01495142
2010-08-16,18.38,18.3800,1223.93,0.01501720
2010-08-17,18.5,18.5000,1223.97,0.01511475
2010-08-18,18.36,18.3600,1228.78,0.01494165
2010-08-19,18.3,18.3000,1231.35,0.01486174
2010-08-20,18.02,18.0200,1227.05,0.01468563
2010-08-23,18,18.0000,1224.5,0.01469988
2010-08-24,18.34,18.3400,1228.4,0.01492999
2010-08-25,18.91,18.9100,1239.05,0.01526169
2010-08-26,18.93,18.9300,1235.13,0.01532632
2010-08-27,19.08,19.0800,1237.15,0.01542254
2010-08-30,19.03,19.0300,1235.55,0.01540205
2010-08-31,19.36,19.3600,1246.7,0.01552900
2010-09-01,19.36,19.3600,1243.6,0.01556771
2010-09-02,19.63,19.6300,1250.35,0.01569960
2010-09-03,19.81,19.8100,1245.9,0.01590015
2010-09-06,19.95,19.9500,1248.95,0.01597342
2010-09-07,19.79,19.7900,1253.95,0.01578213
2010-09-08,19.91,19.9100,1254.1,0.01587593
2010-09-09,19.7,19.7000,1243.2,0.01584620
2010-09-10,19.89,19.8900,1245.65,0.01596757
2010-09-13,20.05,20.0500,1244.65,0.01610895
2010-09-14,20.45,20.4500,1268.65,0.01611950
2010-09-15,20.56,20.5600,1267.95,0.01621515
2010-09-16,20.75,20.7500,1275.05,0.01627387
2010-09-17,20.73,20.7300,1273.95,0.01627222
2010-09-20,20.73,20.7300,1278.25,0.01621748
2010-09-21,20.92,20.9200,1286.55,0.01626054
2010-09-22,21.11,21.1100,1291.25,0.01634850
2010-09-23,21.11,21.1100,1292.45,0.01633332
2010-09-24,21.43,21.4300,1296.2,0.01653294
2010-09-27,21.43,21.4300,1294.75,0.01655146
2010-09-28,21.73,21.7300,1308.95,0.01660109
2010-09-29,21.9,21.9000,1309.85,0.01671947
2010-09-30,21.73,21.7300,1308.45,0.01660744
2010-10-01,22.08,22.0800,1318.7,0.01674376
2010-10-04,21.86,21.8600,1315,0.01662357
2010-10-05,22.84,22.8400,1340.5,0.01703842
2010-10-06,23.16,23.1600,1349.15,0.01716636
2010-10-07,22.5,22.5000,1333.5,0.01687289
2010-10-08,23.2,23.2000,1342.8,0.01727733
2010-10-11,23.27,23.2700,1353.65,0.01719056
2010-10-12,23.29,23.2900,1349.85,0.01725377
2010-10-13,24,24.0000,1371.9,0.01749399
2010-10-14,24.62,24.6200,1381,0.01782766
2010-10-15,24.3,24.3000,1368.35,0.01775861
2010-10-18,24.34,24.3400,1369.2,0.01777680
2010-10-19,23.34,23.3400,1335.15,0.01748118
2010-10-20,23.91,23.9100,1345.35,0.01777233
2010-10-21,23.14,23.1400,1325.15,0.01746217
2010-10-22,23.26,23.2600,1328.25,0.01751176
2010-10-25,23.61,23.6100,1340.05,0.01761875
2010-10-26,23.82,23.8200,1340.25,0.01777280
2010-10-27,23.54,23.5400,1325.15,0.01776403
2010-10-28,24,24.0000,1344.15,0.01785515
2010-10-29,24.73,24.7300,1359.05,0.01819653
2010-11-01,24.61,24.6100,1352.25,0.01819930
2010-11-02,24.89,24.8900,1356.75,0.01834531
2010-11-03,24.82,24.8200,1348.8,0.01840154
2010-11-04,26.3,26.3000,1391.4,0.01890183
2010-11-05,26.7,26.7000,1393.3,0.01916314
2010-11-08,27.7,27.7000,1409.5,0.01965236
2010-11-09,26.91,26.9100,1393.05,0.01931733
2010-11-10,27.12,27.1200,1403.2,0.01932725
2010-11-11,27.66,27.6600,1408.65,0.01963582
2010-11-12,26.05,26.0500,1368.25,0.01903892
2010-11-15,25.52,25.5200,1360.3,0.01876057
2010-11-16,25.39,25.3900,1339.35,0.01895696
2010-11-17,25.64,25.6400,1335.65,0.01919665
2010-11-18,26.96,26.9600,1353.75,0.01991505
2010-11-19,27.29,27.2900,1353.2,0.02016701
2010-11-22,27.86,27.8600,1366.15,0.02039308
2010-11-23,27.5,27.5000,1376.15,0.01998329
2010-11-24,27.54,27.5400,1372.4,0.02006704
2010-11-25,27.52,27.5200,1374.65,0.02001964
2010-11-26,26.66,26.6600,1363.05,0.01955908
2010-11-29,27.14,27.1400,1366.45,0.01986169
2010-11-30,28.07,28.0700,1386.8,0.02024084
2010-12-01,28.4,28.4000,1386.8,0.02047880
2010-12-02,28.55,28.5500,1385.65,0.02060405
2010-12-03,29.38,29.3800,1413.45,0.02078602
2010-12-06,30.07,30.0700,1423.45,0.02112473
2010-12-07,28.61,28.6100,1400.9,0.02042259
2010-12-08,28.34,28.3400,1381.3,0.02051690
2010-12-09,28.72,28.7200,1387.15,0.02070432
2010-12-10,28.64,28.6400,1385.25,0.02067497
2010-12-13,29.5,29.5000,1394.45,0.02115529
2010-12-14,29.46,29.4600,1396.1,0.02110164
2010-12-15,28.76,28.7600,1379.4,0.02084964
2010-12-16,28.85,28.8500,1369.65,0.02106378
2010-12-17,29.11,29.1100,1374.9,0.02117245
2010-12-20,29.3,29.3000,1385.5,0.02114760
2010-12-21,29.32,29.3200,1385.3,0.02116509
2010-12-22,29.2,29.2000,1385.1,0.02108151
2010-12-23,29.22,29.2200,1378.25,0.02120080
2010-12-27,29.21,29.2100,1383.9,0.02110702
2010-12-28,30.26,30.2600,1405.85,0.02152434
2010-12-29,30.5,30.5000,1411.65,0.02160592
2010-12-30,30.39,30.3900,1404.25,0.02164145
2010-12-31,30.86,30.8600,1420.55,0.02172398
2011-01-03,30.68,30.6800,1414.1,0.02169578
2011-01-04,29.75,29.7500,1380.8,0.02154548
2011-01-05,29.22,29.2200,1377.9,0.02120618
2011-01-06,29.03,29.0300,1370.7,0.02117896
2011-01-07,28.49,28.4900,1364.7,0.02087638
2011-01-10,29.05,29.0500,1373.9,0.02114419
2011-01-11,29.43,29.4300,1380.5,0.02131836
2011-01-12,29.62,29.6200,1387.7,0.02134467
2011-01-13,28.65,28.6500,1372.4,0.02087584
2011-01-14,28.42,28.4200,1360.9,0.02088324
2011-01-17,28.27,28.2700,1360.5,0.02077913
2011-01-18,28.86,28.8600,1367.65,0.02110189
2011-01-19,28.8,28.8000,1370.47,0.02101469
2011-01-20,27.47,27.4700,1345.82,0.02041135
2011-01-21,27.49,27.4900,1342.1,0.02048283
2011-01-24,26.95,26.9500,1334.54,0.02019422
2011-01-25,26.86,26.8600,1332.23,0.02016168
2011-01-26,27.59,27.5900,1345.39,0.02050706
2011-01-27,26.91,26.9100,1314.43,0.02047275
2011-01-28,27.96,27.9600,1336.7,0.02091718
2011-01-31,28.05,28.0500,1333,0.02104276
2011-02-01,28.58,28.5800,1342.44,0.02128959
2011-02-02,28.32,28.3200,1335.05,0.02121269
2011-02-03,28.91,28.9100,1354.95,0.02133658
2011-02-04,29.12,29.1200,1348.96,0.02158700
2011-02-07,29.41,29.4100,1352.17,0.02175022
2011-02-08,30.33,30.3300,1364.04,0.02223542
2011-02-09,30.19,30.1900,1363.58,0.02214025
2011-02-10,30.18,30.1800,1363.47,0.02213470
2011-02-11,29.91,29.9100,1356.71,0.02204598
2011-02-14,30.57,30.5700,1361.5,0.02245318
2011-02-15,30.75,30.7500,1373.9,0.02238154
2011-02-16,30.68,30.6800,1376,0.02229651
2011-02-17,31.75,31.7500,1385.22,0.02292055
2011-02-18,32.65,32.6500,1390.45,0.02348161
2011-02-21,33.88,33.8800,1406.59,0.02408662
2011-02-22,33.05,33.0500,1398.9,0.02362571
2011-02-23,33.52,33.5200,1411.55,0.02374694
2011-02-24,32.13,32.1300,1402.3,0.02291236
2011-02-25,33.37,33.3700,1410.35,0.02366079
2011-02-28,33.95,33.9500,1410.93,0.02406214
2011-03-01,34.7,34.7000,1432.92,0.02421629
2011-03-02,34.67,34.6700,1434.3,0.02417207
2011-03-03,34.19,34.1900,1415.77,0.02414940
2011-03-04,35.62,35.6200,1431.15,0.02488908
2011-03-07,35.92,35.9200,1431.3,0.02509607
2011-03-08,36,36.0000,1428.84,0.02519526
2011-03-09,36.13,36.1300,1431.07,0.02524684
2011-03-10,35.28,35.2800,1411.65,0.02499203
2011-03-11,35.91,35.9100,1417.94,0.02532547
2011-03-14,35.84,35.8400,1426.31,0.02512778
2011-03-15,34.17,34.1700,1394.11,0.02451026
2011-03-16,33.9,33.9000,1393.55,0.02432636
2011-03-17,34.52,34.5200,1404.61,0.02457622
2011-03-18,35.27,35.2700,1420.02,0.02483768
2011-03-21,36.08,36.0800,1426.59,0.02529108
2011-03-22,36.37,36.3700,1428.58,0.02545885
2011-03-23,37.37,37.3700,1438.11,0.02598549
2011-03-24,37.42,37.4200,1431.86,0.02613384
2011-03-25,37.33,37.3300,1429.9,0.02610672
2011-03-28,37.14,37.1400,1420.69,0.02614223
2011-03-29,37.12,37.1200,1418.78,0.02616332
2011-03-30,37.46,37.4600,1424.06,0.02630507
2011-03-31,37.66,37.6600,1432,0.02629888
2011-04-01,37.8,37.8000,1428.9,0.02645392
2011-04-04,38.58,38.5800,1434.42,0.02689589
2011-04-05,39.28,39.2800,1456.05,0.02697710
2011-04-06,39.49,39.4900,1459.13,0.02706407
2011-04-07,39.63,39.6300,1458.5,0.02717175
2011-04-08,40.93,40.9300,1475.1,0.02774727
2011-04-11,40.22,40.2200,1463.32,0.02748544
2011-04-12,40.08,40.0800,1453.1,0.02758241
2011-04-13,40.63,40.6300,1457,0.02788607
2011-04-14,42.14,42.1400,1474.9,0.02857143
2011-04-15,42.97,42.9700,1486.6,0.02890488
2011-04-18,43.36,43.3600,1495.94,0.02898512
2011-04-19,43.93,43.9300,1495.05,0.02938363
2011-04-20,45.24,45.2400,1502.35,0.03011282
2011-04-21,46.59,46.5900,1504.34,0.03097039
2011-04-25,46.95,46.9500,1507.33,0.03114779
2011-04-26,45.59,45.5900,1507.18,0.03024854
2011-04-27,47.8,47.8000,1526.95,0.03130423
2011-04-28,48.46,48.4600,1535.7,0.03155564
2011-04-29,47.91,47.9100,1563.45,0.03064377
2011-05-02,43.98,43.9800,1545.15,0.02846326
2011-05-03,41.65,41.6500,1536.87,0.02710054
2011-05-04,39.44,39.4400,1516.7,0.02600382
2011-05-05,34.73,34.7300,1473.5,0.02356973
2011-05-06,35.62,35.6200,1495.6,0.02381653
2011-05-09,37.74,37.7400,1513,0.02494382
2011-05-10,38.5,38.5000,1515.87,0.02539796
2011-05-11,35.12,35.1200,1500.5,0.02340553
2011-05-12,34.65,34.6500,1506.52,0.02300003
2011-05-13,35.35,35.3500,1495.25,0.02364153
2011-05-16,33.62,33.6200,1490.07,0.02256270
2011-05-17,33.96,33.9600,1486.92,0.02283916
2011-05-18,35.06,35.0600,1497.12,0.02341830
2011-05-19,34.99,34.9900,1493.77,0.02342395
2011-05-20,35.07,35.0700,1512.05,0.02319368
2011-05-23,35.08,35.0800,1517.15,0.02312230
2011-05-24,36.68,36.6800,1526.47,0.02402930
2011-05-25,37.92,37.9200,1526.02,0.02484895
2011-05-26,37.25,37.2500,1519.15,0.02452029
2011-05-27,38.01,38.0100,1536.26,0.02474191
2011-05-30,38.12,38.1200,1538.82,0.02477223
2011-05-31,38.49,38.4900,1535.57,0.02506561
2011-06-01,36.83,36.8300,1540.92,0.02390131
2011-06-02,36.19,36.1900,1533.57,0.02359853
2011-06-03,36.24,36.2400,1542.15,0.02349966
2011-06-06,36.78,36.7800,1544.55,0.02381276
2011-06-07,37.13,37.1300,1544.57,0.02403905
2011-06-08,36.81,36.8100,1537.67,0.02393882
2011-06-09,37.56,37.5600,1544.4,0.02432012
2011-06-10,36.19,36.1900,1531.3,0.02363351
2011-06-13,34.76,34.7600,1515.95,0.02292952
2011-06-14,35.38,35.3800,1524,0.02321522
2011-06-15,35.82,35.8200,1530.42,0.02340534
2011-06-16,35.56,35.5600,1529.22,0.02325368
2011-06-17,35.87,35.8700,1539.4,0.02330129
2011-06-20,36.05,36.0500,1540.2,0.02340605
2011-06-21,36.36,36.3600,1547.15,0.02350128
2011-06-22,36.29,36.2900,1547.97,0.02344361
2011-06-23,35.29,35.2900,1520.98,0.02320215
2011-06-24,34.32,34.3200,1502.75,0.02283813
2011-06-27,33.59,33.5900,1497.07,0.02243716
2011-06-28,33.93,33.9300,1502.12,0.02258808
2011-06-29,34.85,34.8500,1511.65,0.02305428
2011-06-30,34.71,34.7100,1500.6,0.02313075
2011-07-01,33.89,33.8900,1487.75,0.02277936
2011-07-04,34.15,34.1500,1496.54,0.02281930
2011-07-05,35.47,35.4700,1516.17,0.02339447
2011-07-06,35.89,35.8900,1529.42,0.02346641
2011-07-07,36.43,36.4300,1532.42,0.02377286
2011-07-08,36.71,36.7100,1544.2,0.02377283
2011-07-11,35.75,35.7500,1554.1,0.02300367
2011-07-12,36.1,36.1000,1567.22,0.02303442
2011-07-13,38.21,38.2100,1582.7,0.02414229
2011-07-14,38.16,38.1600,1587.42,0.02403901
2011-07-15,39.29,39.2900,1593.75,0.02465255
2011-07-18,40.56,40.5600,1605.4,0.02526473
2011-07-19,39.02,39.0200,1588.87,0.02455833
2011-07-20,40.13,40.1300,1602.12,0.02504806
2011-07-21,39.34,39.3400,1590.1,0.02474058
2011-07-22,40.09,40.0900,1601.25,0.02503669
2011-07-25,40.37,40.3700,1614.9,0.02499845
2011-07-26,40.89,40.8900,1619.3,0.02525165
2011-07-27,40.25,40.2500,1613.95,0.02493881
2011-07-28,39.72,39.7200,1617.02,0.02456370
2011-07-29,39.89,39.8900,1624.85,0.02454996
2011-08-01,39.25,39.2500,1620.2,0.02422540
2011-08-02,40.85,40.8500,1660.05,0.02460769
2011-08-03,41.73,41.7300,1661.4,0.02511737
2011-08-04,38.87,38.8700,1649.05,0.02357115
2011-08-05,38.35,38.3500,1661.05,0.02308781
2011-08-08,39.02,39.0200,1717.35,0.02272105
2011-08-09,37.69,37.6900,1744.15,0.02160938
2011-08-10,39.3,39.3000,1795.05,0.02189354
2011-08-11,38.64,38.6400,1767.82,0.02185743
2011-08-12,39.09,39.0900,1746.6,0.02238063
2011-08-15,39.89,39.8900,1765.7,0.02259161
2011-08-16,39.92,39.9200,1786.6,0.02234412
2011-08-17,40.22,40.2200,1788.65,0.02248623
2011-08-18,40.64,40.6400,1824.6,0.02227337
2011-08-19,42.91,42.9100,1852.05,0.02316892
2011-08-22,43.72,43.7200,1898.17,0.02303271
2011-08-23,41.9,41.9000,1830.82,0.02288592
2011-08-24,39.7,39.7000,1751.27,0.02266926
2011-08-25,41.12,41.1200,1772.15,0.02320345
2011-08-26,41.35,41.3500,1828.2,0.02261788
2011-08-29,40.89,40.8900,1788.42,0.02286376
2011-08-30,41.32,41.3200,1835.52,0.02251133
2011-08-31,41.52,41.5200,1825.34,0.02274645
2011-09-01,41.49,41.4900,1825.17,0.02273213
2011-09-02,43.27,43.2700,1882.85,0.02298112
2011-09-05,42.89,42.8900,1901.34,0.02255778
2011-09-06,41.96,41.9600,1873.17,0.02240053
2011-09-07,41.56,41.5600,1817.27,0.02286947
2011-09-08,42.33,42.3300,1869.24,0.02264557
2011-09-09,41.79,41.7900,1856.5,0.02251010
2011-09-12,40.28,40.2800,1814.33,0.02220103
2011-09-13,41.1,41.1000,1834.06,0.02240930
2011-09-14,40.74,40.7400,1820.81,0.02237466
2011-09-15,39.9,39.9000,1789.61,0.02229536
2011-09-16,40.67,40.6700,1811.41,0.02245212
2011-09-19,39.64,39.6400,1778.68,0.02228619
2011-09-20,39.74,39.7400,1803.52,0.02203469
2011-09-21,39.61,39.6100,1780.26,0.02224956
2011-09-22,35.83,35.8300,1736.28,0.02063607
2011-09-23,30.85,30.8500,1644.1,0.01876407
2011-09-26,30.72,30.7200,1628.13,0.01886827
2011-09-27,31.9,31.9000,1649.58,0.01933826
2011-09-28,29.9,29.9000,1608.66,0.01858690
2011-09-29,30.65,30.6500,1615.16,0.01897645
2011-09-30,29.93,29.9300,1623.83,0.01843173
2011-10-03,30.45,30.4500,1660.93,0.01833310
2011-10-04,30.21,30.2100,1624.63,0.01859500
2011-10-05,30.48,30.4800,1642.43,0.01855787
2011-10-06,31.94,31.9400,1650.38,0.01935312
2011-10-07,31.16,31.1600,1638.16,0.01902134
2011-10-10,32.07,32.0700,1675.93,0.01913564
2011-10-11,32.12,32.1200,1663.13,0.01931298
2011-10-12,32.57,32.5700,1674.58,0.01944965
2011-10-13,31.83,31.8300,1662.71,0.01914345
2011-10-14,32.19,32.1900,1680.83,0.01915125
2011-10-17,31.81,31.8100,1670.53,0.01904186
2011-10-18,32.04,32.0400,1655.05,0.01935893
2011-10-19,31.26,31.2600,1649.56,0.01895051
2011-10-20,30.58,30.5800,1620.8,0.01886723
2011-10-21,31.37,31.3700,1641.67,0.01910859
2011-10-24,31.74,31.7400,1653.04,0.01920099
2011-10-25,33.22,33.2200,1705.18,0.01948181
2011-10-26,33.39,33.3900,1717.63,0.01943958
2011-10-27,35.1,35.1000,1745.44,0.02010954
2011-10-28,35.3,35.3000,1743.3,0.02024895
2011-10-31,34.14,34.1400,1709.82,0.01996701
2011-11-01,33.4,33.4000,1717.98,0.01944144
2011-11-02,34.25,34.2500,1738.39,0.01970214
2011-11-03,34.43,34.4300,1760.75,0.01955417
2011-11-04,34.12,34.1200,1754.84,0.01944337
2011-11-07,34.96,34.9600,1795.43,0.01947166
2011-11-08,34.92,34.9200,1785.79,0.01955437
2011-11-09,34.07,34.0700,1769.3,0.01925620
2011-11-10,34.05,34.0500,1758.62,0.01936177
2011-11-11,34.68,34.6800,1788.36,0.01939207
2011-11-14,34.22,34.2200,1780.04,0.01922429
2011-11-15,34.58,34.5800,1780.89,0.01941726
2011-11-16,33.71,33.7100,1762.42,0.01912711
2011-11-17,31.67,31.6700,1720.7,0.01840530
2011-11-18,32.37,32.3700,1724,0.01877610
2011-11-21,31.62,31.6200,1677.06,0.01885442
2011-11-22,32.78,32.7800,1698.88,0.01929506
2011-11-23,31.75,31.7500,1692.32,0.01876123
2011-11-24,31.84,31.8400,1695.09,0.01878366
2011-11-25,31,31.0000,1680.46,0.01844733
2011-11-28,32.07,32.0700,1711.71,0.01873565
2011-11-29,31.92,31.9200,1715.65,0.01860519
2011-11-30,32.825,32.8250,1749.34,0.01876422
2011-12-01,32.74,32.7400,1745.38,0.01875809
2011-12-02,32.59,32.5900,1746.65,0.01865857
2011-12-05,32.06,32.0600,1722.03,0.01861756
2011-12-06,32.75,32.7500,1729.29,0.01893841
2011-12-07,32.53,32.5300,1742.78,0.01866558
2011-12-08,31.68,31.6800,1707.38,0.01855474
2011-12-09,32.19,32.1900,1711.41,0.01880905
2011-12-12,31.31,31.3100,1666.33,0.01878980
2011-12-13,30.81,30.8100,1631.66,0.01888261
2011-12-14,28.94,28.9400,1576.28,0.01835968
2011-12-15,29.28,29.2800,1570.58,0.01864279
2011-12-16,29.75,29.7500,1598.98,0.01860561
2011-12-19,28.8,28.8000,1594.57,0.01806130
2011-12-20,29.53,29.5300,1615.15,0.01828313
2011-12-21,29.37,29.3700,1615.08,0.01818486
2011-12-22,29.11,29.1100,1606.03,0.01812544
2011-12-23,29.12,29.1200,1606.91,0.01812174
2011-12-27,28.73,28.7300,1592.43,0.01804161
2011-12-28,27.08,27.0800,1556.58,0.01739711
2011-12-29,27.77,27.7700,1545.33,0.01797027
2011-12-30,27.835,27.8350,1564.81,0.01778810
2012-01-03,29.71,29.7100,1603.88,0.01852383
2012-01-04,29.16,29.1600,1611.73,0.01809236
2012-01-05,29.34,29.3400,1621.43,0.01809514
2012-01-06,28.75,28.7500,1617.55,0.01777379
2012-01-09,29.02,29.0200,1610.88,0.01801500
2012-01-10,29.92,29.9200,1632.33,0.01832963
2012-01-11,29.99,29.9900,1643.13,0.01825175
2012-01-12,30.24,30.2400,1648.68,0.01834195
2012-01-13,29.75,29.7500,1639.48,0.01814600
2012-01-16,29.97,29.9700,1643.63,0.01823403
2012-01-17,30.06,30.0600,1651.83,0.01819800
2012-01-18,30.53,30.5300,1659.48,0.01839733
2012-01-19,30.63,30.6300,1656.73,0.01848823
2012-01-20,32.16,32.1600,1666.58,0.01929700
2012-01-23,32.34,32.3400,1676.43,0.01929099
2012-01-24,32.01,32.0100,1665.36,0.01922107
2012-01-25,33.26,33.2600,1710.68,0.01944256
2012-01-26,33.46,33.4600,1720.83,0.01944411
2012-01-27,33.91,33.9100,1739.26,0.01949680
2012-01-30,33.5,33.5000,1731.03,0.01935264
2012-01-31,33.145,33.1450,1737.23,0.01907922
2012-02-01,33.7,33.7000,1744.93,0.01931310
2012-02-02,34.33,34.3300,1758.68,0.01952032
2012-02-03,33.65,33.6500,1726.18,0.01949391
2012-02-06,33.68,33.6800,1719.93,0.01958219
2012-02-07,34.15,34.1500,1745.48,0.01956482
2012-02-08,33.96,33.9600,1734.93,0.01957428
2012-02-09,33.91,33.9100,1730.96,0.01959029
2012-02-10,33.57,33.5700,1721.72,0.01949794
2012-02-13,33.69,33.6900,1721.91,0.01956548
2012-02-14,33.57,33.5700,1720.16,0.01951563
2012-02-15,33.45,33.4500,1728.08,0.01935674
2012-02-16,33.5,33.5000,1728.01,0.01938646
2012-02-17,33.28,33.2800,1723.23,0.01931257
2012-02-20,33.59,33.5900,1734.28,0.01936827
2012-02-21,34.32,34.3200,1759.69,0.01950344
2012-02-22,34.31,34.3100,1776.46,0.01931369
2012-02-23,35.38,35.3800,1779.18,0.01988557
2012-02-24,35.39,35.3900,1772.31,0.01996829
2012-02-27,35.44,35.4400,1767.99,0.02004536
2012-02-28,36.9,36.9000,1784.11,0.02068258
2012-02-29,34.63,34.6300,1695.47,0.02042501
2012-03-01,35.47,35.4700,1718.33,0.02064214
2012-03-02,34.78,34.7800,1712.46,0.02030996
2012-03-05,33.97,33.9700,1706.99,0.01990053
2012-03-06,32.94,32.9400,1674.33,0.01967354
2012-03-07,33.46,33.4600,1684.88,0.01985898
2012-03-08,33.87,33.8700,1699.46,0.01992986
2012-03-09,34.29,34.2900,1713.98,0.02000607
2012-03-12,33.7,33.7000,1702.11,0.01979896
2012-03-13,33.35,33.3500,1674.88,0.01991187
2012-03-14,32.21,32.2100,1643.41,0.01959949
2012-03-15,32.53,32.5300,1657.54,0.01962547
2012-03-16,32.54,32.5400,1659.91,0.01960347
2012-03-19,32.95,32.9500,1664.41,0.01979680
2012-03-20,32.13,32.1300,1650.38,0.01946824
2012-03-21,32.17,32.1700,1649.77,0.01949969
2012-03-22,31.57,31.5700,1645.75,0.01918274
2012-03-23,32.22,32.2200,1661.92,0.01938721
2012-03-26,32.84,32.8400,1690.33,0.01942816
2012-03-27,32.59,32.5900,1680.96,0.01938773
2012-03-28,32.06,32.0600,1663.46,0.01927308
2012-03-29,32.25,32.2500,1661.33,0.01941216
2012-03-30,32.255,32.2550,1668.28,0.01933428
2012-04-02,33,33.0000,1677.55,0.01967154
2012-04-03,32.66,32.6600,1646.55,0.01983541
2012-04-04,31.37,31.3700,1620.74,0.01935536
2012-04-05,31.73,31.7300,1631.23,0.01945158
2012-04-09,31.58,31.5800,1640.42,0.01925117
2012-04-10,31.78,31.7800,1659.57,0.01914954
2012-04-11,31.6,31.6000,1659.39,0.01904314
2012-04-12,32.36,32.3600,1675.07,0.01931860
2012-04-13,31.52,31.5200,1658.41,0.01900616
2012-04-16,31.5,31.5000,1652.95,0.01905684
2012-04-17,31.705,31.7050,1650.17,0.01921317
2012-04-18,31.63,31.6300,1642.17,0.01926110
2012-04-19,31.79,31.7900,1642.76,0.01935158
2012-04-20,31.69,31.6900,1642.97,0.01928824
2012-04-23,30.83,30.8300,1638.43,0.01881679
2012-04-24,30.89,30.8900,1641.58,0.01881724
2012-04-25,30.69,30.6900,1644.13,0.01866641
2012-04-26,30.99,30.9900,1654.9,0.01872621
2012-04-27,31.23,31.2300,1662.3,0.01878722
2012-04-30,30.95,30.9500,1663.7,0.01860311
2012-05-01,30.89,30.8900,1660.4,0.01860395
2012-05-02,30.58,30.5800,1651.6,0.01851538
2012-05-03,30.05,30.0500,1635.5,0.01837359
2012-05-04,30.34,30.3400,1641.8,0.01847972
2012-05-07,30.02,30.0200,1636.3,0.01834627
2012-05-08,29.45,29.4500,1605.32,0.01834525
2012-05-09,29.235,29.2350,1589.58,0.01839165
2012-05-10,29.029,29.0290,1594.38,0.01820708
2012-05-11,28.879,28.8790,1578.93,0.01829023
2012-05-14,28.13,28.1300,1556.67,0.01807063
2012-05-15,27.7,27.7000,1544.03,0.01794007
2012-05-16,27.18,27.1800,1539.09,0.01765979
2012-05-17,28.01,28.0100,1574.19,0.01779328
2012-05-18,28.696,28.6960,1592.44,0.01802015
2012-05-21,28.47,28.4700,1593.1,0.01787082
2012-05-22,28.16,28.1600,1567.57,0.01796411
2012-05-23,27.743,27.7430,1561.46,0.01776735
2012-05-24,28.3,28.3000,1557.57,0.01816933
2012-05-25,28.493,28.4930,1572.82,0.01811587
2012-05-28,28.368,28.3680,1573.9,0.01802402
2012-05-29,27.82,27.8200,1554.58,0.01789551
2012-05-30,27.903,27.9030,1561.8,0.01786592
2012-05-31,27.65,27.6500,1558.7,0.01773914
2012-06-01,28.49,28.4900,1621.81,0.01756679
2012-06-04,28.21,28.2100,1616.47,0.01745161
2012-06-05,28.47,28.4700,1615.34,0.01762477
2012-06-06,29.396,29.3960,1618.89,0.01815812
2012-06-07,28.585,28.5850,1587.31,0.01800845
2012-06-08,28.485,28.4850,1592.08,0.01789169
2012-06-11,28.58,28.5800,1594.72,0.01792164
2012-06-12,28.94,28.9400,1608.35,0.01799360
2012-06-13,28.87,28.8700,1616.55,0.01785902
2012-06-14,28.631,28.6310,1621.51,0.01765700
2012-06-15,28.649,28.6490,1624.69,0.01763352
2012-06-18,28.763,28.7630,1626.72,0.01768159
2012-06-19,28.405,28.4050,1616.71,0.01756963
2012-06-20,28.06,28.0600,1604.22,0.01749137
2012-06-21,26.877,26.8770,1563.27,0.01719281
2012-06-22,26.89,26.8900,1571.8,0.01710777
2012-06-25,27.505,27.5050,1583.12,0.01737392
2012-06-26,27.065,27.0650,1570.44,0.01723402
2012-06-27,26.91,26.9100,1572.62,0.01711157
2012-06-28,26.305,26.3050,1550.3,0.01696768
2012-06-29,27.47,27.4700,1596.95,0.01720154
2012-07-02,27.48,27.4800,1595.95,0.01721858
2012-07-03,28.225,28.2250,1616.1,0.01746488
2012-07-04,28.131,28.1310,1614.54,0.01742354
2012-07-05,27.663,27.6630,1604.27,0.01724336
2012-07-06,27.081,27.0810,1583.15,0.01710577
2012-07-09,27.353,27.3530,1587.41,0.01723121
2012-07-10,26.75,26.7500,1566.9,0.01707193
2012-07-11,27.115,27.1150,1576.65,0.01719786
2012-07-12,27.178,27.1780,1571.8,0.01729100
2012-07-13,27.3,27.3000,1589.4,0.01717629
2012-07-16,27.248,27.2480,1587.91,0.01715966
2012-07-17,27.285,27.2850,1582.18,0.01724519
2012-07-18,27.195,27.1950,1573.05,0.01728807
2012-07-19,27.25,27.2500,1581.33,0.01723233
2012-07-20,27.28,27.2800,1584.1,0.01722114
2012-07-23,27.02,27.0200,1576.3,0.01714141
2012-07-24,26.945,26.9450,1581.91,0.01703321
2012-07-25,27.325,27.3250,1604.3,0.01703235
2012-07-26,27.52,27.5200,1616.26,0.01702696
2012-07-27,27.72,27.7200,1622.5,0.01708475
2012-07-30,28.183,28.1830,1621.32,0.01738275
2012-07-31,27.97,27.9700,1614.08,0.01732876
2012-08-01,27.378,27.3780,1599.69,0.01711457
2012-08-02,27.11,27.1100,1587.93,0.01707254
2012-08-03,27.76,27.7600,1603.05,0.01731699
2012-08-06,27.853,27.8530,1610.97,0.01728958
2012-08-07,28.075,28.0750,1611.45,0.01742220
2012-08-08,28.018,28.0180,1611.89,0.01738208
2012-08-09,28.149,28.1490,1616.67,0.01741172
2012-08-10,28.082,28.0820,1619.75,0.01733724
2012-08-13,27.791,27.7910,1609.82,0.01726342
2012-08-14,27.786,27.7860,1599.1,0.01737602
2012-08-15,27.81,27.8100,1602.87,0.01735013
2012-08-16,28.181,28.1810,1614.1,0.01745927
2012-08-17,28.06,28.0600,1615.55,0.01736870
2012-08-20,28.778,28.7780,1620.32,0.01776069
2012-08-21,29.29,29.2900,1637.32,0.01788899
2012-08-22,29.83,29.8300,1654.37,0.01803103
2012-08-23,30.49,30.4900,1669.67,0.01826109
2012-08-24,30.773,30.7730,1670.15,0.01842529
2012-08-27,30.725,30.7250,1663.65,0.01846843
2012-08-28,30.845,30.8450,1666.4,0.01850996
2012-08-29,30.668,30.6680,1655.73,0.01852234
2012-08-30,30.42,30.4200,1654.87,0.01838211
2012-08-31,31.71,31.7100,1691.61,0.01874546
2012-09-03,32.075,32.0750,1692.07,0.01895607
2012-09-04,32.32,32.3200,1695.66,0.01906042
2012-09-05,32.225,32.2250,1693,0.01903426
2012-09-06,32.66,32.6600,1701.24,0.01919776
2012-09-07,33.63,33.6300,1734.85,0.01938496
2012-09-10,33.338,33.3380,1724.84,0.01932817
2012-09-11,33.443,33.4430,1731.89,0.01931012
2012-09-12,33.255,33.2550,1730.65,0.01921532
2012-09-13,34.65,34.6500,1766.3,0.01961728
2012-09-14,34.62,34.6200,1769.5,0.01956485
2012-09-17,34.2,34.2000,1762.4,0.01940536
2012-09-18,34.773,34.7730,1771.17,0.01963279
2012-09-19,34.555,34.5550,1768.82,0.01953562
2012-09-20,34.631,34.6310,1767.63,0.01959177
2012-09-21,34.5,34.5000,1772.81,0.01946063
2012-09-24,33.945,33.9450,1764,0.01924320
2012-09-25,33.735,33.7350,1760.58,0.01916130
2012-09-26,33.943,33.9430,1752.44,0.01936899
2012-09-27,34.61,34.6100,1776.68,0.01948015
2012-09-28,34.46,34.4600,1771.25,0.01945519
2012-10-01,34.63,34.6300,1774.82,0.01951184
2012-10-02,34.595,34.5950,1774.25,0.01949838
2012-10-03,34.595,34.5950,1778.16,0.01945550
2012-10-04,34.966,34.9660,1789.87,0.01953550
2012-10-05,34.47,34.4700,1779.7,0.01936843
2012-10-08,33.965,33.9650,1775.32,0.01913176
2012-10-09,33.87,33.8700,1763.73,0.01920362
2012-10-10,33.955,33.9550,1761.82,0.01927268
2012-10-11,33.975,33.9750,1767.14,0.01922598
2012-10-12,33.42,33.4200,1753.5,0.01905902
2012-10-15,32.665,32.6650,1736.78,0.01880779
2012-10-16,32.935,32.9350,1747.66,0.01884520
2012-10-17,33.2,33.2000,1749.63,0.01897544
2012-10-18,32.775,32.7750,1741.23,0.01882290
2012-10-19,32.03,32.0300,1720.75,0.01861398
2012-10-22,32.405,32.4050,1728.61,0.01874628
2012-10-23,31.658,31.6580,1706.93,0.01854675
2012-10-24,31.725,31.7250,1701.55,0.01864477
2012-10-25,32.088,32.0880,1709.9,0.01876601
2012-10-26,32.06,32.0600,1710.6,0.01874196
2012-10-29,31.775,31.7750,1708.7,0.01859601
2012-10-30,31.785,31.7850,1709.86,0.01858924
2012-10-31,32.227,32.2270,1719.71,0.01873979
2012-11-01,32.275,32.2750,1715.03,0.01881891
2012-11-02,30.902,30.9020,1677.46,0.01842190
2012-11-05,31.16,31.1600,1684.74,0.01849544
2012-11-06,31.97,31.9700,1715.58,0.01863510
2012-11-07,31.79,31.7900,1717.1,0.01851377
2012-11-08,32.31,32.3100,1730.41,0.01867188
2012-11-09,32.58,32.5800,1730.75,0.01882421
2012-11-12,32.37,32.3700,1727.63,0.01873665
2012-11-13,32.45,32.4500,1724.8,0.01881378
2012-11-14,32.67,32.6700,1725.93,0.01892893
2012-11-15,32.57,32.5700,1716.5,0.01897466
2012-11-16,32.3,32.3000,1713.35,0.01885196
2012-11-19,33.063,33.0630,1730.95,0.01910107
2012-11-20,33.13,33.1300,1728.42,0.01916779
2012-11-21,33.34,33.3400,1728.27,0.01929097
2012-11-22,33.33,33.3300,1729.79,0.01926823
2012-11-23,34.04,34.0400,1750.76,0.01944298
2012-11-26,34.15,34.1500,1748.17,0.01953471
2012-11-27,34.025,34.0250,1741.37,0.01953921
2012-11-28,33.706,33.7060,1719.54,0.01960175
2012-11-29,34.19,34.1900,1725.4,0.01981569
2012-11-30,33.39,33.3900,1714.4,0.01947620
2012-12-03,33.607,33.6070,1715.14,0.01959432
2012-12-04,32.898,32.8980,1696.61,0.01939043
2012-12-05,32.853,32.8530,1693.7,0.01939718
2012-12-06,32.996,32.9960,1699.7,0.01941284
2012-12-07,33.04,33.0400,1703.65,0.01939365
2012-12-10,33.225,33.2250,1712.4,0.01940259
2012-12-11,32.96,32.9600,1709.46,0.01928094
2012-12-12,33.43,33.4300,1711.3,0.01953486
2012-12-13,32.51,32.5100,1696.9,0.01915847
2012-12-14,32.25,32.2500,1695.7,0.01901869
2012-12-17,32.258,32.2580,1697.65,0.01900156
2012-12-18,31.603,31.6030,1670.4,0.01891942
2012-12-19,30.955,30.9550,1665.24,0.01858891
2012-12-20,29.913,29.9130,1647.75,0.01815385
2012-12-21,29.96,29.9600,1656.75,0.01808360
2012-12-24,29.88,29.8800,1657.98,0.01802193
2012-12-26,30.005,30.0050,1659.29,0.01808304
2012-12-27,30.137,30.1370,1663.06,0.01812141
2012-12-28,29.995,29.9950,1655.07,0.01812310
2012-12-31,30.27,30.2700,1676.4,0.01805655
2013-01-02,31.07,31.0700,1685.48,0.01843392
2013-01-03,30.143,30.1430,1663.52,0.01812001
2013-01-04,30.32,30.3200,1655.7,0.01831250
2013-01-07,30.11,30.1100,1647,0.01828172
2013-01-08,30.383,30.3830,1659.46,0.01830897
2013-01-09,30.323,30.3230,1657.87,0.01829034
2013-01-10,30.826,30.8260,1674.51,0.01840897
2013-01-11,30.44,30.4400,1662.4,0.01831088
2013-01-14,31.025,31.0250,1667.37,0.01860715
2013-01-15,31.34,31.3400,1679.68,0.01865832
2013-01-16,31.468,31.4680,1680,0.01873095
2013-01-17,31.715,31.7150,1686.84,0.01880143
2013-01-18,31.825,31.8250,1683.3,0.01890631
2013-01-21,31.983,31.9830,1689.68,0.01892844
2013-01-22,32.206,32.2060,1692.19,0.01903214
2013-01-23,32.203,32.2030,1685.35,0.01910760
2013-01-24,31.625,31.6250,1666.86,0.01897280
2013-01-25,31.17,31.1700,1658.3,0.01879636
2013-01-28,30.825,30.8250,1654.58,0.01863011
2013-01-29,31.368,31.3680,1663.37,0.01885810
2013-01-30,31.985,31.9850,1676.49,0.01907855
2013-01-31,31.43,31.4300,1663.38,0.01889526
2013-02-01,31.8,31.8000,1667.05,0.01907561
2013-02-04,31.71,31.7100,1674.07,0.01894186
2013-02-05,31.795,31.7950,1672.61,0.01900921
2013-02-06,31.825,31.8250,1677.03,0.01897700
2013-02-07,31.42,31.4200,1670.61,0.01880750
2013-02-08,31.39,31.3900,1666.8,0.01883249
2013-02-11,30.92,30.9200,1647.93,0.01876293
2013-02-12,31.09,31.0900,1651.16,0.01882919
2013-02-13,30.755,30.7550,1642.47,0.01872485
2013-02-14,30.373,30.3730,1633.92,0.01858904
2013-02-15,29.77,29.7700,1609.7,0.01849413
2013-02-18,29.95,29.9500,1609.58,0.01860734
2013-02-19,29.447,29.4470,1604.23,0.01835585
2013-02-20,28.536,28.5360,1564.71,0.01823725
2013-02-21,28.655,28.6550,1576.11,0.01818084
2013-02-22,28.71,28.7100,1581.15,0.01815767
2013-02-25,28.978,28.9780,1592.96,0.01819129
2013-02-26,29.385,29.3850,1614.17,0.01820440
2013-02-27,28.955,28.9550,1595.82,0.01814428
2013-02-28,28.505,28.5050,1579.16,0.01805074
2013-03-01,28.57,28.5700,1575.65,0.01813220
2013-03-04,28.555,28.5550,1574.05,0.01814110
2013-03-05,28.673,28.6730,1574.38,0.01821225
2013-03-06,29.043,29.0430,1584.13,0.01833372
2013-03-07,28.875,28.8750,1578.09,0.01829744
2013-03-08,28.951,28.9510,1578.24,0.01834385
2013-03-11,28.956,28.9560,1581.39,0.01831047
2013-03-12,29.125,29.1250,1592.49,0.01828897
2013-03-13,28.895,28.8950,1587.34,0.01820341
2013-03-14,28.785,28.7850,1589.88,0.01810514
2013-03-15,28.753,28.7530,1591.76,0.01806365
2013-03-18,28.86,28.8600,1605.09,0.01798030
2013-03-19,28.879,28.8790,1612.28,0.01791190
2013-03-20,28.795,28.7950,1606.35,0.01792573
2013-03-21,29.14,29.1400,1614.2,0.01805229
2013-03-22,28.708,28.7080,1608.21,0.01785090
2013-03-25,28.82,28.8200,1604.61,0.01796075
2013-03-26,28.735,28.7350,1599.65,0.01796330
2013-03-27,28.652,28.6520,1604.79,0.01785405
2013-03-28,28.314,28.3140,1596.65,0.01773338
2013-04-01,28.01,28.0100,1598.75,0.01751994
2013-04-02,27.245,27.2450,1575.78,0.01728985
2013-04-03,26.94,26.9400,1557.53,0.01729662
2013-04-04,26.885,26.8850,1553.05,0.01731110
2013-04-05,27.3,27.3000,1580.75,0.01727028
2013-04-08,27.275,27.2750,1572.6,0.01734389
2013-04-09,27.935,27.9350,1584.99,0.01762472
2013-04-10,27.61,27.6100,1558.98,0.01771030
2013-04-11,27.61,27.6100,1560.28,0.01769554
2013-04-12,25.98,25.9800,1482.8,0.01752091
2013-04-15,22.645,22.6450,1351.91,0.01675038
2013-04-16,23.325,23.3250,1368.64,0.01704247
2013-04-17,23.285,23.2850,1377.17,0.01690786
2013-04-18,23.255,23.2550,1390.93,0.01671903
2013-04-19,23.21,23.2100,1403.1,0.01654194
2013-04-22,23.395,23.3950,1425.93,0.01640684
2013-04-23,22.915,22.9150,1413,0.01621727
2013-04-24,23.135,23.1350,1431.28,0.01616385
2013-04-25,24.375,24.3750,1467.39,0.01661113
2013-04-26,23.96,23.9600,1461.3,0.01639636
2013-04-29,24.633,24.6330,1475.93,0.01668982
2013-04-30,24.325,24.3250,1476.23,0.01647778
2013-05-01,23.625,23.6250,1457.75,0.01620648
2013-05-02,23.803,23.8030,1466.96,0.01622607
2013-05-03,24.08,24.0800,1470.16,0.01637917
2013-05-06,24,24.0000,1469.6,0.01633097
2013-05-07,23.95,23.9500,1452.47,0.01648915
2013-05-08,23.96,23.9600,1473.8,0.01625729
2013-05-09,23.725,23.7250,1457.81,0.01627441
2013-05-10,23.797,23.7970,1443.85,0.01648163
2013-05-13,23.656,23.6560,1430.38,0.01653826
2013-05-14,23.41,23.4100,1425.25,0.01642519
2013-05-15,22.595,22.5950,1392.8,0.01622272
2013-05-16,22.675,22.6750,1385.8,0.01636239
2013-05-17,22.185,22.1850,1355.58,0.01636569
2013-05-20,22.9,22.9000,1393.6,0.01643226
2013-05-21,22.43,22.4300,1376.13,0.01629933
2013-05-22,22.28,22.2800,1369.93,0.01626360
2013-05-23,22.595,22.5950,1390.8,0.01624605
2013-05-24,22.363,22.3630,1383.61,0.01616279
2013-05-27,22.66,22.6600,1394.5,0.01624955
2013-05-28,22.345,22.3450,1381,0.01618030
2013-05-29,22.48,22.4800,1392.5,0.01614363
2013-05-30,22.77,22.7700,1413.31,0.01611112
2013-05-31,22.193,22.1930,1385.08,0.01602290
2013-06-03,22.725,22.7250,1411.25,0.01610275
2013-06-04,22.535,22.5350,1399.5,0.01610218
2013-06-05,22.545,22.5450,1403.25,0.01606627
2013-06-06,22.645,22.6450,1413.64,0.01601893
2013-06-07,21.63,21.6300,1382.45,0.01564614
2013-06-10,21.908,21.9080,1386.35,0.01580265
2013-06-11,21.663,21.6630,1378.15,0.01571890
2013-06-12,21.78,21.7800,1388.75,0.01568317
2013-06-13,21.833,21.8330,1385.9,0.01575366
2013-06-14,22.063,22.0630,1390.32,0.01586901
2013-06-17,21.865,21.8650,1385.15,0.01578529
2013-06-18,21.67,21.6700,1367.6,0.01584528
2013-06-19,21.385,21.3850,1351.25,0.01582609
2013-06-20,19.675,19.6750,1284.75,0.01531426
2013-06-21,20.065,20.0650,1294.01,0.01550606
2013-06-24,19.673,19.6730,1282.37,0.01534113
2013-06-25,19.635,19.6350,1277.4,0.01537107
2013-06-26,18.515,18.5150,1226.48,0.01509605
2013-06-27,18.449,18.4490,1200.05,0.01537353
2013-06-28,19.628,19.6280,1232.63,0.01592368
2013-07-01,19.62,19.6200,1252.38,0.01566617
2013-07-02,19.39,19.3900,1243.3,0.01559559
2013-07-03,19.783,19.7830,1252.83,0.01579065
2013-07-04,19.575,19.5750,1249.54,0.01566577
2013-07-05,18.89,18.8900,1222.95,0.01544626
2013-07-08,19.09,19.0900,1236.68,0.01543649
2013-07-09,19.295,19.2950,1251.05,0.01542304
2013-07-10,19.37,19.3700,1259.37,0.01538071
2013-07-11,20.15,20.1500,1285.67,0.01567276
2013-07-12,19.905,19.9050,1284.14,0.01550065
2013-07-15,19.97,19.9700,1284.42,0.01554787
2013-07-16,20,20.0000,1291.78,0.01548251
2013-07-17,19.335,19.3350,1275.58,0.01515781
2013-07-18,19.385,19.3850,1283.9,0.01509853
2013-07-19,19.528,19.5280,1294.59,0.01508431
2013-07-22,20.535,20.5350,1335.53,0.01537592
2013-07-23,20.48,20.4800,1345.13,0.01522529
2013-07-24,20.165,20.1650,1322.1,0.01525225
2013-07-25,20.23,20.2300,1333.45,0.01517117
2013-07-26,20.035,20.0350,1332.81,0.01503215
2013-07-29,19.865,19.8650,1327.95,0.01495915
2013-07-30,19.73,19.7300,1326.25,0.01487653
2013-07-31,19.835,19.8350,1324.83,0.01497173
2013-08-01,19.615,19.6150,1310.33,0.01496951
2013-08-02,19.811,19.8110,1307.67,0.01514985
2013-08-05,19.7,19.7000,1302.67,0.01512279
2013-08-06,19.515,19.5150,1283.05,0.01520985
2013-08-07,19.58,19.5800,1287.24,0.01521084
2013-08-08,20.25,20.2500,1313.11,0.01542140
2013-08-09,20.46,20.4600,1312.92,0.01558358
2013-08-12,21.385,21.3850,1337.53,0.01598843
2013-08-13,21.45,21.4500,1321.35,0.01623340
2013-08-14,21.865,21.8650,1335.89,0.01636737
2013-08-15,22.978,22.9780,1365.67,0.01682544
2013-08-16,23.167,23.1670,1372.75,0.01687634
2013-08-19,23.16,23.1600,1365.85,0.01695647
2013-08-20,23,23.0000,1371.06,0.01677534
2013-08-21,22.87,22.8700,1366.5,0.01673619
2013-08-22,23.105,23.1050,1375.52,0.01679728
2013-08-23,23.95,23.9500,1396.26,0.01715297
2013-08-26,24.305,24.3050,1404.13,0.01730965
2013-08-27,24.455,24.4550,1415,0.01728269
2013-08-28,24.335,24.3350,1417.01,0.01717349
2013-08-29,23.865,23.8650,1407.54,0.01695511
2013-08-30,23.442,23.4420,1393.98,0.01681660
2013-09-02,24.18,24.1800,1392.1,0.01736944
2013-09-03,24.265,24.2650,1412.16,0.01718290
2013-09-04,23.475,23.4750,1391.34,0.01687222
2013-09-05,23.17,23.1700,1367.37,0.01694494
2013-09-06,23.821,23.8210,1389.16,0.01714777
2013-09-09,23.695,23.6950,1386.82,0.01708585
2013-09-10,22.975,22.9750,1363.5,0.01685002
2013-09-11,23.175,23.1750,1364.99,0.01697815
2013-09-12,21.775,21.7750,1321.51,0.01647736
2013-09-13,22.205,22.2050,1323.42,0.01677850
2013-09-16,21.805,21.8050,1312.16,0.01661764
2013-09-17,21.745,21.7450,1310.48,0.01659316
2013-09-18,22.94,22.9400,1362.71,0.01683410
2013-09-19,23.045,23.0450,1365.89,0.01687178
2013-09-20,21.77,21.7700,1326.2,0.01641532
2013-09-23,21.65,21.6500,1322.49,0.01637063
2013-09-24,21.7,21.7000,1322.78,0.01640484
2013-09-25,21.757,21.7570,1333.85,0.01631143
2013-09-26,21.725,21.7250,1323.78,0.01641134
2013-09-27,21.73,21.7300,1336.05,0.01626436
2013-09-30,21.69,21.6900,1328.82,0.01632275
2013-10-01,21.17,21.1700,1287.25,0.01644591
2013-10-02,21.7,21.7000,1315.84,0.01649137
2013-10-03,21.65,21.6500,1316.47,0.01644549
2013-10-04,21.708,21.7080,1310.56,0.01656391
2013-10-07,22.36,22.3600,1323.03,0.01690060
2013-10-08,22.295,22.2950,1319.13,0.01690129
2013-10-09,21.845,21.8450,1305.47,0.01673344
2013-10-10,21.68,21.6800,1287.39,0.01684027
2013-10-11,21.299,21.2990,1270.16,0.01676875
2013-10-14,21.239,21.2390,1272.22,0.01669444
2013-10-15,21.35,21.3500,1281.6,0.01665886
2013-10-16,21.39,21.3900,1282.29,0.01668109
2013-10-17,21.86,21.8600,1320.32,0.01655659
2013-10-18,21.895,21.8950,1314.59,0.01665538
2013-10-21,22.217,22.2170,1315.61,0.01688722
2013-10-22,22.68,22.6800,1339.98,0.01692563
2013-10-23,22.53,22.5300,1333.21,0.01689906
2013-10-24,22.685,22.6850,1346.6,0.01684613
2013-10-25,22.533,22.5330,1351.47,0.01667296
2013-10-28,22.49,22.4900,1352.06,0.01663388
2013-10-29,22.473,22.4730,1343.45,0.01672783
2013-10-30,22.646,22.6460,1342.26,0.01687155
2013-10-31,21.909,21.9090,1323.25,0.01655696
2013-11-01,21.87,21.8700,1315.81,0.01662094
2013-11-04,21.645,21.6450,1314.44,0.01646709
2013-11-05,21.695,21.6950,1311.48,0.01654238
2013-11-06,21.8,21.8000,1317.58,0.01654548
2013-11-07,21.65,21.6500,1307.48,0.01655857
2013-11-08,21.475,21.4750,1287.77,0.01667611
2013-11-11,21.355,21.3550,1282.63,0.01664938
2013-11-12,20.725,20.7250,1267.98,0.01634490
2013-11-13,20.609,20.6090,1281.42,0.01608294
2013-11-14,20.774,20.7740,1287.08,0.01614041
2013-11-15,20.76,20.7600,1288.06,0.01611726
2013-11-18,20.405,20.4050,1275.28,0.01600041
2013-11-19,20.365,20.3650,1275.5,0.01596629
2013-11-20,19.857,19.8570,1244.09,0.01596106
2013-11-21,19.956,19.9560,1242.8,0.01605729
2013-11-22,19.862,19.8620,1243.17,0.01597690
2013-11-25,20.231,20.2310,1251.34,0.01616747
2013-11-26,19.845,19.8450,1242.64,0.01597003
2013-11-27,19.643,19.6430,1237.57,0.01587223
2013-11-28,19.707,19.7070,1244.81,0.01583133
2013-11-29,19.97,19.9700,1253.78,0.01592783
2013-12-02,19.147,19.1470,1219.73,0.01569774
2013-12-03,19.112,19.1120,1223.1,0.01562587
2013-12-04,19.676,19.6760,1243.58,0.01582206
2013-12-05,19.386,19.3860,1224.91,0.01582647
2013-12-06,19.483,19.4830,1228.67,0.01585698
2013-12-09,19.851,19.8510,1240.28,0.01600526
2013-12-10,20.39,20.3900,1261.9,0.01615817
2013-12-11,20.282,20.2820,1251.98,0.01619994
2013-12-12,19.495,19.4950,1225.39,0.01590922
2013-12-13,19.68,19.6800,1237.5,0.01590303
2013-12-16,19.98,19.9800,1241.05,0.01609927
2013-12-17,19.892,19.8920,1230.77,0.01616224
2013-12-18,19.721,19.7210,1218.23,0.01618824
2013-12-19,19.205,19.2050,1187.76,0.01616909
2013-12-20,19.355,19.3550,1202.09,0.01610112
2013-12-23,19.419,19.4190,1195.75,0.01624002
2013-12-24,19.495,19.4950,1203.78,0.01619482
2013-12-26,19.75,19.7500,1210.54,0.01631503
2013-12-27,20.026,20.0260,1214.05,0.01649520
2013-12-30,19.54,19.5400,1196.55,0.01633028
2013-12-31,19.437,19.4370,1204.12,0.01614208
2014-01-02,19.95,19.9500,1222.44,0.01631982
2014-01-03,20.176,20.1760,1237.11,0.01630898
2014-01-06,20.13,20.1300,1237.5,0.01626667
2014-01-07,19.825,19.8250,1231.63,0.01609655
2014-01-08,19.525,19.5250,1225.48,0.01593253
2014-01-09,19.57,19.5700,1227.52,0.01594271
2014-01-10,20.135,20.1350,1247,0.01614675
2014-01-13,20.385,20.3850,1252.78,0.01627181
2014-01-14,20.24,20.2400,1244.77,0.01626003
2014-01-15,20.175,20.1750,1241.73,0.01624749
2014-01-16,20.1,20.1000,1241.77,0.01618657
2014-01-17,20.282,20.2820,1253.87,0.01617552
2014-01-20,20.301,20.3010,1252.25,0.01621162
2014-01-21,19.885,19.8850,1241.23,0.01602040
2014-01-22,19.78,19.7800,1236.98,0.01599056
2014-01-23,20.02,20.0200,1263.23,0.01584826
2014-01-24,19.903,19.9030,1268.39,0.01569155
2014-01-27,19.687,19.6870,1256.94,0.01566264
2014-01-28,19.575,19.5750,1256.25,0.01558209
2014-01-29,19.745,19.7450,1267.05,0.01558344
2014-01-30,19.155,19.1550,1243.05,0.01540968
2014-01-31,19.167,19.1670,1244.75,0.01539827
2014-02-03,19.325,19.3250,1257.6,0.01536657
2014-02-04,19.48,19.4800,1254.27,0.01553095
2014-02-05,19.875,19.8750,1257.46,0.01580567
2014-02-06,19.955,19.9550,1257.57,0.01586790
2014-02-07,20.023,20.0230,1266.94,0.01580422
2014-02-10,20.065,20.0650,1274.45,0.01574405
2014-02-11,20.22,20.2200,1290.75,0.01566531
2014-02-12,20.23,20.2300,1290.52,0.01567585
2014-02-13,20.48,20.4800,1302.12,0.01572820
2014-02-14,21.44,21.4400,1318.57,0.01626004
2014-02-17,21.795,21.7950,1328.28,0.01640844
2014-02-18,21.92,21.9200,1321.48,0.01658746
2014-02-19,21.515,21.5150,1311.44,0.01640563
2014-02-20,21.813,21.8130,1322.78,0.01649027
2014-02-21,21.795,21.7950,1323.58,0.01646670
2014-02-24,21.966,21.9660,1336.67,0.01643338
2014-02-25,21.848,21.8480,1340.52,0.01629815
2014-02-26,21.231,21.2310,1330.35,0.01595896
2014-02-27,21.256,21.2560,1331.26,0.01596683
2014-02-28,21.137,21.1370,1323.58,0.01596957
2014-03-03,21.414,21.4140,1350.46,0.01585682
2014-03-04,21.165,21.1650,1334.28,0.01586249
2014-03-05,21.157,21.1570,1336.77,0.01582696
2014-03-06,21.459,21.4590,1350.53,0.01588932
2014-03-07,20.873,20.8730,1338.98,0.01558873
2014-03-10,20.827,20.8270,1339.83,0.01554451
2014-03-11,20.852,20.8520,1348.47,0.01546345
2014-03-12,21.3,21.3000,1366.6,0.01558613
2014-03-13,21.2,21.2000,1370.86,0.01546474
2014-03-14,21.415,21.4150,1381.2,0.01550463
2014-03-17,21.18,21.1800,1365.67,0.01550887
2014-03-18,20.85,20.8500,1356.77,0.01536738
2014-03-19,20.603,20.6030,1330.08,0.01549005
2014-03-20,20.31,20.3100,1329.68,0.01527435
2014-03-21,20.292,20.2920,1332.92,0.01522372
2014-03-24,19.913,19.9130,1308.85,0.01521412
2014-03-25,19.973,19.9730,1311.06,0.01523424
2014-03-26,19.77,19.7700,1304.92,0.01515035
2014-03-27,19.713,19.7130,1291.47,0.01526400
2014-03-28,19.8,19.8000,1292.76,0.01531607
2014-03-31,19.761,19.7610,1283.9,0.01539139
2014-04-01,19.75,19.7500,1278.89,0.01544308
2014-04-02,19.97,19.9700,1289.81,0.01548290
2014-04-03,19.84,19.8400,1286.5,0.01542169
2014-04-04,19.915,19.9150,1303.18,0.01528185
2014-04-07,19.864,19.8640,1297.06,0.01531463
2014-04-08,20.027,20.0270,1308.52,0.01530508
2014-04-09,19.874,19.8740,1311.51,0.01515353
2014-04-10,20.035,20.0350,1318.83,0.01519150
2014-04-11,19.949,19.9490,1317.7,0.01513926
2014-04-14,19.979,19.9790,1327.66,0.01504828
2014-04-15,19.605,19.6050,1302.08,0.01505668
2014-04-16,19.654,19.6540,1302.27,0.01509211
2014-04-17,19.631,19.6310,1295.11,0.01515779
2014-04-21,19.436,19.4360,1289.46,0.01507298
2014-04-22,19.41,19.4100,1283.5,0.01512271
2014-04-23,19.439,19.4390,1283.53,0.01514495
2014-04-24,19.652,19.6520,1293.02,0.01519853
2014-04-25,19.709,19.7090,1302.15,0.01513574
2014-04-28,19.585,19.5850,1296.31,0.01510827
2014-04-29,19.45,19.4500,1295.77,0.01501038
2014-04-30,19.188,19.1880,1291.26,0.01485990
2014-05-01,19.025,19.0250,1284,0.01481698
2014-05-02,19.448,19.4480,1298.24,0.01498028
2014-05-05,19.596,19.5960,1309.96,0.01495924
2014-05-06,19.575,19.5750,1307.9,0.01496674
2014-05-07,19.307,19.3070,1289.82,0.01496876
2014-05-08,19.174,19.1740,1289.34,0.01487117
2014-05-09,19.149,19.1490,1288.59,0.01486043
2014-05-12,19.526,19.5260,1295.69,0.01506996
2014-05-13,19.526,19.5260,1293.53,0.01509513
2014-05-14,19.775,19.7750,1305.75,0.01514455
2014-05-15,19.488,19.4880,1296.08,0.01503611
2014-05-16,19.36,19.3600,1292.97,0.01497328
2014-05-19,19.346,19.3460,1292.73,0.01496523
2014-05-20,19.4,19.4000,1293.97,0.01499262
2014-05-21,19.391,19.3910,1291.74,0.01501153
2014-05-22,19.492,19.4920,1294,0.01506337
2014-05-23,19.429,19.4290,1292.62,0.01503071
2014-05-26,19.438,19.4380,1292.65,0.01503733
2014-05-27,19.057,19.0570,1264.79,0.01506732
2014-05-28,19.014,19.0140,1258.06,0.01511375
2014-05-29,19.023,19.0230,1255.4,0.01515294
2014-05-30,18.801,18.8010,1250.55,0.01503418
2014-06-02,18.75,18.7500,1243.57,0.01507756
2014-06-03,18.807,18.8070,1244.85,0.01510784
2014-06-04,18.8,18.8000,1243.84,0.01511448
2014-06-05,19.03,19.0300,1253.53,0.01518113
2014-06-06,19.019,19.0190,1252.61,0.01518350
2014-06-09,19.06,19.0600,1252.16,0.01522170
2014-06-10,19.187,19.1870,1259.51,0.01523370
2014-06-11,19.189,19.1890,1260.74,0.01522043
2014-06-12,19.525,19.5250,1273.16,0.01533586
2014-06-13,19.695,19.6950,1276.62,0.01542746
2014-06-16,19.65,19.6500,1271.82,0.01545030
2014-06-17,19.73,19.7300,1270.38,0.01553079
2014-06-18,19.88,19.8800,1277.61,0.01556030
2014-06-19,20.792,20.7920,1320,0.01575152
2014-06-20,20.844,20.8440,1313.97,0.01586338
2014-06-23,20.866,20.8660,1317.18,0.01584142
2014-06-24,20.914,20.9140,1318.19,0.01586569
2014-06-25,21.019,21.0190,1319.15,0.01593375
2014-06-26,21.093,21.0930,1316.35,0.01602385
2014-06-27,20.993,20.9930,1315.78,0.01595479
2014-06-30,21.017,21.0170,1327.06,0.01583726
2014-07-01,21.02,21.0200,1326.33,0.01584824
2014-07-02,21.15,21.1500,1326.7,0.01594181
2014-07-03,21.131,21.1310,1319.45,0.01601501
2014-07-04,21.141,21.1410,1320.16,0.01601397
2014-07-07,21.037,21.0370,1319.62,0.01594171
2014-07-08,21.026,21.0260,1318.92,0.01594183
2014-07-09,21.113,21.1130,1327.7,0.01590194
2014-07-10,21.39,21.3900,1335.61,0.01601515
2014-07-11,21.419,21.4190,1337.48,0.01601445
2014-07-14,20.905,20.9050,1306.92,0.01599562
2014-07-15,20.675,20.6750,1293.97,0.01597796
2014-07-16,20.757,20.7570,1299.03,0.01597885
2014-07-17,21.139,21.1390,1319.1,0.01602532
2014-07-18,20.848,20.8480,1310.42,0.01590940
2014-07-21,20.913,20.9130,1312.41,0.01593481
2014-07-22,20.934,20.9340,1306.28,0.01602566
2014-07-23,20.902,20.9020,1304.54,0.01602251
2014-07-24,20.369,20.3690,1293.42,0.01574817
2014-07-25,20.707,20.7070,1307.01,0.01584303
2014-07-28,20.572,20.5720,1303.83,0.01577813
2014-07-29,20.564,20.5640,1299.11,0.01582930
2014-07-30,20.596,20.5960,1296.02,0.01589173
2014-07-31,20.381,20.3810,1282.59,0.01589050
2014-08-01,20.325,20.3250,1292.72,0.01572266
2014-08-04,20.153,20.1530,1288.11,0.01564540
2014-08-05,19.765,19.7650,1288.55,0.01533895
2014-08-06,20.024,20.0240,1305.65,0.01533642
2014-08-07,19.95,19.9500,1312.27,0.01520266
2014-08-08,19.97,19.9700,1311.48,0.01522707
2014-08-11,20.005,20.0050,1308.36,0.01529013
2014-08-12,19.91,19.9100,1309.3,0.01520660
2014-08-13,19.814,19.8140,1312.55,0.01509581
2014-08-14,19.874,19.8740,1313.46,0.01513103
2014-08-15,19.616,19.6160,1304.03,0.01504260
2014-08-18,19.62,19.6200,1298.15,0.01511382
2014-08-19,19.423,19.4230,1295.47,0.01499301
2014-08-20,19.465,19.4650,1291.63,0.01507011
2014-08-21,19.43,19.4300,1276.64,0.01521964
2014-08-22,19.47,19.4700,1280.37,0.01520654
2014-08-25,19.349,19.3490,1276.52,0.01515762
2014-08-26,19.356,19.3560,1280.95,0.01511066
2014-08-27,19.45,19.4500,1282.52,0.01516546
2014-08-28,19.493,19.4930,1289.55,0.01511613
2014-08-29,19.47,19.4700,1287.12,0.01512679
2014-09-01,19.476,19.4760,1286.72,0.01513616
2014-09-02,19.159,19.1590,1265.3,0.01514186
2014-09-03,19.17,19.1700,1268.95,0.01510698
2014-09-04,19.039,19.0390,1261.71,0.01508984
2014-09-05,19.191,19.1910,1268.49,0.01512901
2014-09-08,19.017,19.0170,1255.31,0.01514925
2014-09-09,19.052,19.0520,1255.11,0.01517955
2014-09-10,18.959,18.9590,1249.45,0.01517388
2014-09-11,18.694,18.6940,1240.89,0.01506499
2014-09-12,18.644,18.6440,1230.42,0.01515255
2014-09-15,18.667,18.6670,1233.16,0.01513753
2014-09-16,18.702,18.7020,1235.53,0.01513682
2014-09-17,18.53,18.5300,1223.16,0.01514929
2014-09-18,18.522,18.5220,1224.99,0.01512012
2014-09-19,17.895,17.8950,1217.64,0.01469646
2014-09-22,17.736,17.7360,1214.93,0.01459837
2014-09-23,17.788,17.7880,1223.1,0.01454337
2014-09-24,17.687,17.6870,1217,0.01453328
2014-09-25,17.516,17.5160,1221.31,0.01434198
2014-09-26,17.624,17.6240,1217.46,0.01447604
2014-09-29,17.486,17.4860,1215.75,0.01438289
2014-09-30,16.962,16.9620,1208.09,0.01404034
2014-10-01,17.165,17.1650,1213.54,0.01414457
2014-10-02,17.099,17.0990,1214.33,0.01408102
2014-10-03,16.808,16.8080,1191.74,0.01410375
2014-10-06,17.323,17.3230,1206.92,0.01435306
2014-10-07,17.175,17.1750,1208.87,0.01420748
2014-10-08,17.365,17.3650,1221.03,0.01422160
2014-10-09,17.36,17.3600,1224.23,0.01418034
2014-10-10,17.347,17.3470,1223.1,0.01418281
2014-10-13,17.475,17.4750,1235.74,0.01414132
2014-10-14,17.375,17.3750,1232.68,0.01409530
2014-10-15,17.455,17.4550,1241.88,0.01405530
2014-10-16,17.38,17.3800,1238.68,0.01403107
2014-10-17,17.275,17.2750,1237.64,0.01395802
2014-10-20,17.427,17.4270,1246.61,0.01397951
2014-10-21,17.5,17.5000,1248.39,0.01401806
2014-10-22,17.15,17.1500,1241,0.01381950
2014-10-23,17.18,17.1800,1231.57,0.01394967
2014-10-24,17.188,17.1880,1230.93,0.01396343
2014-10-27,17.118,17.1180,1226,0.01396248
2014-10-28,17.202,17.2020,1227.94,0.01400883
2014-10-29,17.105,17.1050,1212.79,0.01410384
2014-10-30,16.511,16.5110,1199.53,0.01376456
2014-10-31,16.154,16.1540,1171.85,0.01378504
2014-11-03,16.14,16.1400,1165.47,0.01384849
2014-11-04,16.016,16.0160,1168.1,0.01371115
2014-11-05,15.323,15.3230,1140.26,0.01343816
2014-11-06,15.405,15.4050,1141.69,0.01349315
2014-11-07,15.732,15.7320,1174.92,0.01338985
2014-11-10,15.6,15.6000,1151.33,0.01354955
2014-11-11,15.705,15.7050,1164.2,0.01348995
2014-11-12,15.678,15.6780,1162.32,0.01348854
2014-11-13,15.645,15.6450,1162.15,0.01346212
2014-11-14,16.296,16.2960,1190.73,0.01368572
2014-11-17,16.138,16.1380,1186.42,0.01360227
2014-11-18,16.185,16.1850,1196.98,0.01352153
2014-11-19,16.13,16.1300,1182.6,0.01363944
2014-11-20,16.26,16.2600,1193.68,0.01362174
2014-11-21,16.45,16.4500,1200.86,0.01369852
2014-11-24,16.46,16.4600,1198.24,0.01373681
2014-11-25,16.66,16.6600,1200.99,0.01387189
2014-11-26,16.5,16.5000,1198.2,0.01377066
2014-11-27,16.215,16.2150,1190.15,0.01362433
2014-11-28,15.53,15.5300,1168.85,0.01328656
2014-12-01,16.42,16.4200,1211.35,0.01355512
2014-12-02,16.428,16.4280,1197.79,0.01371526
2014-12-03,16.395,16.3950,1209.09,0.01355978
2014-12-04,16.435,16.4350,1205.41,0.01363437
2014-12-05,16.27,16.2700,1191.45,0.01365563
2014-12-08,16.338,16.3380,1203.16,0.01357924
2014-12-09,17.045,17.0450,1230.94,0.01384714
2014-12-10,17.04,17.0400,1224.89,0.01391145
2014-12-11,17.05,17.0500,1226.93,0.01389647
2014-12-12,16.99,16.9900,1221.48,0.01390936
2014-12-15,16.16,16.1600,1193.06,0.01354500
2014-12-16,15.74,15.7400,1194.7,0.01317486
2014-12-17,15.733,15.7330,1188.66,0.01323591
2014-12-18,15.84,15.8400,1198.01,0.01322193
2014-12-19,16.02,16.0200,1194.7,0.01340922
2014-12-22,15.66,15.6600,1176.11,0.01331508
2014-12-23,15.747,15.7470,1176.37,0.01338609
2014-12-24,15.75,15.7500,1174.8,0.01340654
2014-12-26,16.026,16.0260,1195.31,0.01340740
2014-12-29,15.79,15.7900,1183.17,0.01334550
2014-12-30,16.287,16.2870,1200.3,0.01356911
2014-12-31,15.67,15.6700,1183,0.01324598
2015-01-02,15.778,15.7780,1187.4,0.01328786
2015-01-05,16.182,16.1820,1204.54,0.01343417
2015-01-06,16.525,16.5250,1218.53,0.01356142
2015-01-07,16.52,16.5200,1211.19,0.01363948
2015-01-08,16.355,16.3550,1208.76,0.01353039
2015-01-09,16.453,16.4530,1220.73,0.01347800
2015-01-12,16.565,16.5650,1233.16,0.01343297
2015-01-13,17.036,17.0360,1230.68,0.01384275
2015-01-14,16.805,16.8050,1228.61,0.01367806
2015-01-15,16.925,16.9250,1262.38,0.01340721
2015-01-16,17.68,17.6800,1275.25,0.01386395
2015-01-19,17.66,17.6600,1276.68,0.01383275
2015-01-20,17.965,17.9650,1293.87,0.01388470
2015-01-21,18.095,18.0950,1292.62,0.01399870
2015-01-22,18.29,18.2900,1302,0.01404762
2015-01-23,18.29,18.2900,1293.82,0.01413643
2015-01-26,17.89,17.8900,1281.03,0.01396532
2015-01-27,18.03,18.0300,1292.35,0.01395133
2015-01-28,17.955,17.9550,1283.14,0.01399302
2015-01-29,16.915,16.9150,1258.1,0.01344488
2015-01-30,17.23,17.2300,1283.8,0.01342109
2015-02-02,17.2,17.2000,1273.67,0.01350428
2015-02-03,17.278,17.2780,1260.23,0.01371020
2015-02-04,17.35,17.3500,1268.82,0.01367412
2015-02-05,17.225,17.2250,1264.28,0.01362436
2015-02-06,16.725,16.7250,1235.26,0.01353966
2015-02-09,16.977,16.9770,1238.62,0.01370638
2015-02-10,16.89,16.8900,1233.4,0.01369385
2015-02-11,16.79,16.7900,1217.88,0.01378625
2015-02-12,16.83,16.8300,1221.99,0.01377262
2015-02-13,17.26,17.2600,1228.44,0.01405034
2015-02-16,17.275,17.2750,1230.7,0.01403673
2015-02-17,16.49,16.4900,1209.22,0.01363689
2015-02-18,16.475,16.4750,1212.79,0.01358438
2015-02-19,16.355,16.3550,1206.82,0.01355215
2015-02-20,16.21,16.2100,1201.11,0.01349585
2015-02-23,16.295,16.2950,1201.34,0.01356402
2015-02-24,16.275,16.2750,1200.65,0.01355516
2015-02-25,16.53,16.5300,1203.86,0.01373083
2015-02-26,16.531,16.5310,1209.08,0.01367238
2015-02-27,16.55,16.5500,1211.57,0.01365996
2015-03-02,16.36,16.3600,1206.38,0.01356123
2015-03-03,16.26,16.2600,1203.86,0.01350655
2015-03-04,16.217,16.2170,1200.59,0.01350753
2015-03-05,16.18,16.1800,1197.91,0.01350686
2015-03-06,15.85,15.8500,1165.53,0.01359896
2015-03-09,15.73,15.7300,1166.98,0.01347924
2015-03-10,15.62,15.6200,1161.4,0.01344929
2015-03-11,15.495,15.4950,1155.37,0.01341129
2015-03-12,15.57,15.5700,1153.76,0.01349501
2015-03-13,15.61,15.6100,1157.34,0.01348783
2015-03-16,15.62,15.6200,1154.31,0.01353189
2015-03-17,15.55,15.5500,1149.49,0.01352774
2015-03-18,15.9,15.9000,1167.99,0.01361313
2015-03-19,16.144,16.1440,1171.35,0.01378239
2015-03-20,16.74,16.7400,1182.55,0.01415585
2015-03-23,17.01,17.0100,1190.08,0.01429316
2015-03-24,16.98,16.9800,1193.14,0.01423136
2015-03-25,16.98,16.9800,1195.4,0.01420445
2015-03-26,17.094,17.0940,1204.16,0.01419579
2015-03-27,16.95,16.9500,1198.78,0.01413938
2015-03-30,16.705,16.7050,1186.02,0.01408492
2015-03-31,16.655,16.6550,1183.38,0.01407409
2015-04-01,16.96,16.9600,1204.26,0.01408334
2015-04-02,16.78,16.7800,1202.86,0.01395009
2015-04-06,16.995,16.9950,1214.82,0.01398973
2015-04-07,16.85,16.8500,1208.66,0.01394106
2015-04-08,16.545,16.5450,1202.86,0.01375472
2015-04-09,16.18,16.1800,1194.76,0.01354247
2015-04-10,16.5,16.5000,1208.56,0.01365261
2015-04-13,16.277,16.2770,1199.1,0.01357435
2015-04-14,16.145,16.1450,1192.71,0.01353640
2015-04-15,16.34,16.3400,1202.32,0.01359039
2015-04-16,16.306,16.3060,1198.7,0.01360307
2015-04-17,16.27,16.2700,1204.81,0.01350420
2015-04-20,15.975,15.9750,1196.42,0.01335233
2015-04-21,16.025,16.0250,1202.71,0.01332408
2015-04-22,15.81,15.8100,1187.61,0.01331245
2015-04-23,15.89,15.8900,1194.1,0.01330709
2015-04-24,15.74,15.7400,1178.99,0.01335041
2015-04-27,16.41,16.4100,1202.14,0.01365066
2015-04-28,16.64,16.6400,1212.19,0.01372722
2015-04-29,16.57,16.5700,1204.93,0.01375184
2015-04-30,16.15,16.1500,1184.5,0.01363444
2015-05-01,16.16,16.1600,1177.85,0.01371991
2015-05-04,16.42,16.4200,1188.57,0.01381492
2015-05-05,16.57,16.5700,1193.51,0.01388342
2015-05-06,16.54,16.5400,1192,0.01387584
2015-05-07,16.337,16.3370,1184.92,0.01378743
2015-05-08,16.486,16.4860,1188.37,0.01387278
2015-05-11,16.34,16.3400,1184.25,0.01379776
2015-05-12,16.546,16.5460,1194.1,0.01385646
2015-05-13,17.12,17.1200,1215.33,0.01408671
2015-05-14,17.47,17.4700,1221.6,0.01430092
2015-05-15,17.54,17.5400,1225.13,0.01431685
2015-05-18,17.71,17.7100,1225.89,0.01444665
2015-05-19,17.105,17.1050,1208.48,0.01415414
2015-05-20,17.13,17.1300,1209.92,0.01415796
2015-05-21,17.158,17.1580,1206.92,0.01421635
2015-05-22,17.09,17.0900,1205.67,0.01417469
2015-05-25,17.15,17.1500,1207.46,0.01420337
2015-05-26,16.765,16.7650,1187.99,0.01411207
2015-05-27,16.695,16.6950,1188.32,0.01404925
2015-05-28,16.7,16.7000,1188.61,0.01405002
2015-05-29,16.73,16.7300,1190.22,0.01405622
2015-06-01,16.763,16.7630,1189.6,0.01409129
2015-06-02,16.777,16.7770,1193.44,0.01405768
2015-06-03,16.525,16.5250,1185.82,0.01393550
2015-06-04,16.13,16.1300,1177.01,0.01370422
2015-06-05,16.1,16.1000,1171.2,0.01374658
2015-06-08,15.98,15.9800,1174.09,0.01361054
2015-06-09,15.97,15.9700,1176.76,0.01357116
2015-06-10,16.052,16.0520,1185.95,0.01353514
2015-06-11,16.064,16.0640,1182.43,0.01358558
2015-06-12,15.97,15.9700,1181.35,0.01351843
2015-06-15,16.091,16.0910,1186.57,0.01356094
2015-06-16,16.03,16.0300,1181.94,0.01356245
2015-06-17,16.14,16.1400,1185.34,0.01361635
2015-06-18,16.17,16.1700,1202,0.01345258
2015-06-19,16.13,16.1300,1201.19,0.01342835
2015-06-22,16.19,16.1900,1186.1,0.01364978
2015-06-23,15.86,15.8600,1178.35,0.01345950
2015-06-24,15.9,15.9000,1175.34,0.01352800
2015-06-25,15.866,15.8660,1173.29,0.01352266
2015-06-26,15.81,15.8100,1174.78,0.01345784
2015-06-29,15.768,15.7680,1180.23,0.01336011
2015-06-30,15.7295,15.7295,1172.36,0.01341695
2015-07-01,15.585,15.5850,1169.19,0.01332974
2015-07-02,15.7,15.7000,1166.65,0.01345734
2015-07-03,15.706,15.7060,1168.83,0.01343737
2015-07-06,15.76,15.7600,1170.24,0.01346732
2015-07-07,15.08,15.0800,1155.25,0.01305345
2015-07-08,15.14,15.1400,1158.87,0.01306445
2015-07-09,15.42,15.4200,1159.88,0.01329448
2015-07-10,15.58,15.5800,1162.78,0.01339892
2015-07-13,15.52,15.5200,1157.83,0.01340439
2015-07-14,15.382,15.3820,1156.09,0.01330519
2015-07-15,15.11,15.1100,1149.12,0.01314919
2015-07-16,15.017,15.0170,1145.8,0.01310613
2015-07-17,14.9,14.9000,1134.11,0.01313806
2015-07-20,14.69,14.6900,1097.51,0.01338484
2015-07-21,14.848,14.8480,1101.78,0.01347637
2015-07-22,14.82,14.8200,1094.78,0.01353697
2015-07-23,14.68,14.6800,1091.01,0.01345542
2015-07-24,14.68,14.6800,1098.97,0.01335796
2015-07-27,14.56,14.5600,1094.23,0.01330616
2015-07-28,14.686,14.6860,1095.85,0.01340147
2015-07-29,14.82,14.8200,1096.68,0.01351351
2015-07-30,14.758,14.7580,1088.64,0.01355636
2015-07-31,14.74,14.7400,1095.23,0.01345836
2015-08-03,14.526,14.5260,1086.78,0.01336609
2015-08-04,14.6,14.6000,1088.13,0.01341751
2015-08-05,14.603,14.6030,1085.67,0.01345068
2015-08-06,14.657,14.6570,1089.98,0.01344704
2015-08-07,14.78,14.7800,1092.48,0.01352885
2015-08-10,15.24,15.2400,1104.85,0.01379373
2015-08-11,15.365,15.3650,1109.23,0.01385195
2015-08-12,15.54,15.5400,1125.29,0.01380977
2015-08-13,15.43,15.4300,1115.49,0.01383249
2015-08-14,15.24,15.2400,1115.41,0.01366314
2015-08-17,15.33,15.3300,1117.51,0.01371800
2015-08-18,14.89,14.8900,1117.87,0.01331997
2015-08-19,15.32,15.3200,1133.85,0.01351149
2015-08-20,15.57,15.5700,1153.27,0.01350074
2015-08-21,15.29,15.2900,1159.56,0.01318604
2015-08-24,14.81,14.8100,1155.39,0.01281818
2015-08-25,14.71,14.7100,1140.72,0.01289536
2015-08-26,14.135,14.1350,1124.88,0.01256578
2015-08-27,14.51,14.5100,1125.34,0.01289388
2015-08-28,14.591,14.5910,1134.33,0.01286310
2015-08-31,14.63,14.6300,1134.6,0.01289441
2015-09-01,14.61,14.6100,1140.14,0.01281422
2015-09-02,14.678,14.6780,1134.03,0.01294322
2015-09-03,14.72,14.7200,1125.89,0.01307410
2015-09-04,14.59,14.5900,1122.28,0.01300032
2015-09-07,14.495,14.4950,1119.63,0.01294624
2015-09-08,14.795,14.7950,1121.79,0.01318874
2015-09-09,14.61,14.6100,1107.14,0.01319616
2015-09-10,14.71,14.7100,1110.96,0.01324080
2015-09-11,14.63,14.6300,1107.98,0.01320421
2015-09-14,14.43,14.4300,1108.23,0.01302076
2015-09-15,14.42,14.4200,1105.19,0.01304753
2015-09-16,14.93,14.9300,1118.96,0.01334275
2015-09-17,15.14,15.1400,1131.11,0.01338508
2015-09-18,15.17,15.1700,1139.55,0.01331227
2015-09-21,15.2,15.2000,1133.84,0.01340577
2015-09-22,14.77,14.7700,1125.42,0.01312399
2015-09-23,14.79,14.7900,1130.55,0.01308213
2015-09-24,15.15,15.1500,1153.56,0.01313326
2015-09-25,15.09,15.0900,1146.81,0.01315824
2015-09-28,14.6,14.6000,1132.56,0.01289115
2015-09-29,14.64,14.6400,1127.87,0.01298022
2015-09-30,14.54,14.5400,1115.34,0.01303638
2015-10-01,14.49,14.4900,1114.07,0.01300636
2015-10-02,15.25,15.2500,1137.99,0.01340082
2015-10-05,15.66,15.6600,1135.9,0.01378642
2015-10-06,15.898,15.8980,1147.23,0.01385773
2015-10-07,16.06,16.0600,1145.55,0.01401947
2015-10-08,15.7,15.7000,1139.53,0.01377761
2015-10-09,15.83,15.8300,1157.58,0.01367508
2015-10-12,15.83,15.8300,1164.59,0.01359277
2015-10-13,15.92,15.9200,1169.19,0.01361626
2015-10-14,16.15,16.1500,1183.79,0.01364262
2015-10-15,16.11,16.1100,1183.65,0.01361044
2015-10-16,16.03,16.0300,1176.38,0.01362655
2015-10-19,15.85,15.8500,1171.07,0.01353463
2015-10-20,15.913,15.9130,1176.09,0.01353043
2015-10-21,15.71,15.7100,1168.32,0.01344666
2015-10-22,15.85,15.8500,1165.97,0.01359383
2015-10-23,15.86,15.8600,1165.02,0.01361350
2015-10-26,15.86,15.8600,1163.51,0.01363117
2015-10-27,15.87,15.8700,1166.9,0.01360014
2015-10-28,15.97,15.9700,1157.61,0.01379567
2015-10-29,15.644,15.6440,1147.8,0.01362955
2015-10-30,15.56,15.5600,1142.22,0.01362259
2015-11-02,15.42,15.4200,1134.72,0.01358926
2015-11-03,15.28,15.2800,1117.93,0.01366812
2015-11-04,15.11,15.1100,1107.95,0.01363780
2015-11-05,14.99,14.9900,1104.63,0.01357015
2015-11-06,14.76,14.7600,1088.36,0.01356169
2015-11-09,14.56,14.5600,1092.28,0.01332992
2015-11-10,14.43,14.4300,1090.32,0.01323465
2015-11-11,14.325,14.3250,1086.46,0.01318502
2015-11-12,14.31,14.3100,1085.8,0.01317922
2015-11-13,14.236,14.2360,1082.07,0.01315627
2015-11-16,14.25,14.2500,1083.94,0.01314648
2015-11-17,14.22,14.2200,1071.24,0.01327434
2015-11-18,14.188,14.1880,1070.7,0.01325114
2015-11-19,14.28,14.2800,1082.07,0.01319693
2015-11-20,14.16,14.1600,1077.73,0.01313873
2015-11-23,14.14,14.1400,1068.63,0.01323190
2015-11-24,14.201,14.2010,1075.6,0.01320286
2015-11-25,14.2,14.2000,1072.13,0.01324466
2015-11-26,14.28,14.2800,1072.22,0.01331816
2015-11-27,14.1,14.1000,1058.63,0.01331910
2015-11-30,14.0815,14.0815,1064.66,0.01322629
2015-12-01,14.1975,14.1975,1069.24,0.01327812
2015-12-02,14.02,14.0200,1054.13,0.01330007
2015-12-03,14.11,14.1100,1061.79,0.01328888
2015-12-04,14.55,14.5500,1087.07,0.01338460
2015-12-07,14.28,14.2800,1071.34,0.01332910
2015-12-08,14.18,14.1800,1075.03,0.01319033
2015-12-09,14.17,14.1700,1073.22,0.01320326
2015-12-10,14.13,14.1300,1072.08,0.01317999
2015-12-11,13.9495,13.9495,1077.26,0.01294906
2015-12-14,13.68,13.6800,1060.19,0.01290335
2015-12-15,13.77,13.7700,1061.73,0.01296940
2015-12-16,14.17,14.1700,1072.26,0.01321508
2015-12-17,13.73,13.7300,1051.58,0.01305654
2015-12-18,14.1,14.1000,1066.65,0.01321896
2015-12-21,14.25,14.2500,1080.28,0.01319102
2015-12-22,14.2575,14.2575,1072.47,0.01329408
2015-12-23,14.32,14.3200,1071.13,0.01336906
2015-12-24,14.3805,14.3805,1076.88,0.01335386
2015-12-28,13.94,13.9400,1069.83,0.01303011
2015-12-29,13.9625,13.9625,1069.11,0.01305993
2015-12-30,13.89,13.8900,1061.53,0.01308489
2015-12-31,13.8425,13.8425,1061.46,0.01304100
2016-01-04,13.87,13.8700,1074.42,0.01290929
2016-01-05,13.99,13.9900,1077.94,0.01297846
2016-01-06,14.01,14.0100,1093.77,0.01280891
2016-01-07,14.31,14.3100,1109.92,0.01289282
2016-01-08,13.96,13.9600,1103.96,0.01264539
2016-01-11,13.86,13.8600,1094.56,0.01266262
2016-01-12,13.78,13.7800,1086.41,0.01268398
2016-01-13,14.165,14.1650,1093.66,0.01295192
2016-01-14,13.84,13.8400,1079.23,0.01282396
2016-01-15,13.89,13.8900,1088.11,0.01276525
2016-01-18,13.945,13.9450,1089.1,0.01280415
2016-01-19,14.03,14.0300,1087.83,0.01289724
2016-01-20,14.14,14.1400,1101.32,0.01283914
2016-01-21,14.1,14.1000,1101.41,0.01280177
2016-01-22,14.04,14.0400,1097.66,0.01279085
2016-01-25,14.23,14.2300,1107.95,0.01284354
2016-01-26,14.5,14.5000,1120.08,0.01294550
2016-01-27,14.4805,14.4805,1125.06,0.01287087
2016-01-28,14.24,14.2400,1115.13,0.01276981
2016-01-29,14.27,14.2700,1117.69,0.01276740
2016-02-01,14.35,14.3500,1127.9,0.01272276
2016-02-02,14.3075,14.3075,1129.07,0.01267193
2016-02-03,14.68,14.6800,1142.65,0.01284733
2016-02-04,14.86,14.8600,1156.09,0.01285367
2016-02-05,15.01,15.0100,1173.45,0.01279134
2016-02-08,15.32,15.3200,1189.42,0.01288023
2016-02-09,15.2455,15.2455,1189.08,0.01282126
2016-02-10,15.27,15.2700,1195.8,0.01276969
2016-02-11,15.75,15.7500,1247.25,0.01262778
2016-02-12,15.73,15.7300,1238.61,0.01269972
2016-02-15,15.3335,15.3335,1209.52,0.01267734
2016-02-16,15.22,15.2200,1200.8,0.01267488
2016-02-17,15.28,15.2800,1209.41,0.01263426
2016-02-18,15.4035,15.4035,1230.9,0.01251401
2016-02-19,15.37,15.3700,1229.46,0.01250142
2016-02-22,15.18,15.1800,1208.38,0.01256227
2016-02-23,15.29,15.2900,1226.09,0.01247054
2016-02-24,15.23,15.2300,1228.87,0.01239350
2016-02-25,15.1575,15.1575,1233.17,0.01229149
2016-02-26,14.73,14.7300,1224.01,0.01203422
2016-02-29,14.9,14.9000,1238.86,0.01202719
2016-03-01,14.82,14.8200,1232.66,0.01202278
2016-03-02,14.95,14.9500,1239.83,0.01205810
2016-03-03,15.22,15.2200,1264.87,0.01203286
2016-03-04,15.49,15.4900,1261.55,0.01227855
2016-03-07,15.645,15.6450,1267.54,0.01234281
2016-03-08,15.35,15.3500,1261.67,0.01216641
2016-03-09,15.32,15.3200,1253.93,0.01221759
2016-03-10,15.6025,15.6025,1272.29,0.01226332
2016-03-11,15.48,15.4800,1250.22,0.01238182
2016-03-14,15.35,15.3500,1233.94,0.01243983
2016-03-15,15.281,15.2810,1233.46,0.01238873
2016-03-16,15.6,15.6000,1260.7,0.01237408
2016-03-17,15.93,15.9300,1257.17,0.01267132
2016-03-18,15.81,15.8100,1255.67,0.01259089
2016-03-21,15.84,15.8400,1243.69,0.01273629
2016-03-22,15.885,15.8850,1248.76,0.01272062
2016-03-23,15.28,15.2800,1222.44,0.01249959
2016-03-24,15.21,15.2100,1217.18,0.01249610
2016-03-28,15.25,15.2500,1221.97,0.01247985
2016-03-29,15.34,15.3400,1242.05,0.01235055
2016-03-30,15.22,15.2200,1225.37,0.01242074
2016-03-31,15.44,15.4400,1232.95,0.01252281
2016-04-01,15.07,15.0700,1223.75,0.01231461
2016-04-04,14.9255,14.9255,1215.59,0.01227840
2016-04-05,15.14,15.1400,1231.32,0.01229575
2016-04-06,15.07,15.0700,1222.73,0.01232488
2016-04-07,15.2275,15.2275,1240.42,0.01227608
2016-04-08,15.365,15.3650,1239.8,0.01239313
2016-04-11,15.92,15.9200,1258.1,0.01265400
2016-04-12,16.1925,16.1925,1255.49,0.01289735
2016-04-13,16.22,16.2200,1242.88,0.01305033
2016-04-14,16.16,16.1600,1227.85,0.01316122
2016-04-15,16.24,16.2400,1234.26,0.01315768
2016-04-18,16.21,16.2100,1232.25,0.01315480
2016-04-19,16.94,16.9400,1250.29,0.01354886
2016-04-20,16.96,16.9600,1244.09,0.01363245
2016-04-21,17,17.0000,1248.33,0.01361819
2016-04-22,16.96,16.9600,1233.84,0.01374570
2016-04-25,17,17.0000,1238.32,0.01372828
2016-04-26,17.16,17.1600,1243.64,0.01379821
2016-04-27,17.24,17.2400,1245.78,0.01383872
2016-04-28,17.56,17.5600,1266.25,0.01386772
2016-04-29,17.82,17.8200,1293.03,0.01378158
2016-05-02,17.55,17.5500,1291.85,0.01358517
2016-05-03,17.42,17.4200,1286.62,0.01353935
2016-05-04,17.3825,17.3825,1279.7,0.01358326
2016-05-05,17.35,17.3500,1278.12,0.01357463
2016-05-06,17.47,17.4700,1288.89,0.01355430
2016-05-09,17.03,17.0300,1264.09,0.01347214
2016-05-10,17.11,17.1100,1265.96,0.01351543
2016-05-11,17.42,17.4200,1277.28,0.01363836
2016-05-12,16.97,16.9700,1263.55,0.01343041
2016-05-13,17.1,17.1000,1273.9,0.01342335
2016-05-16,17.14,17.1400,1274.28,0.01345073
2016-05-17,17.25,17.2500,1279.1,0.01348604
2016-05-18,16.91,16.9100,1258.75,0.01343396
2016-05-19,16.5,16.5000,1255.41,0.01314312
2016-05-20,16.52,16.5200,1252.7,0.01318751
2016-05-23,16.39,16.3900,1249.01,0.01312239
2016-05-24,16.23,16.2300,1227.09,0.01322641
2016-05-25,16.295,16.2950,1224.16,0.01331117
2016-05-26,16.33,16.3300,1220.47,0.01338009
2016-05-27,16.19,16.1900,1210.39,0.01337585
2016-05-30,15.995,15.9950,1205.73,0.01326582
2016-05-31,16,16.0000,1215.74,0.01316071
2016-06-01,15.96,15.9600,1213.39,0.01315323
2016-06-02,16.02,16.0200,1211.38,0.01322459
2016-06-03,16.41,16.4100,1244.37,0.01318740
2016-06-06,16.47,16.4700,1244.87,0.01323030
2016-06-07,16.38,16.3800,1243.83,0.01316900
2016-06-08,17.04,17.0400,1262.7,0.01349489
2016-06-09,17.305,17.3050,1269.36,0.01363285
2016-06-10,17.3325,17.3325,1274.55,0.01359892
2016-06-13,17.45,17.4500,1284.57,0.01358431
2016-06-14,17.39,17.3900,1285.93,0.01352329
2016-06-15,17.52,17.5200,1292.59,0.01355418
2016-06-16,17.175,17.1750,1278.52,0.01343350
2016-06-17,17.46,17.4600,1298.62,0.01344504
2016-06-20,17.5,17.5000,1290.48,0.01356085
2016-06-21,17.29,17.2900,1268.57,0.01362952
2016-06-22,17.27,17.2700,1266.37,0.01363740
2016-06-23,17.29,17.2900,1255.92,0.01376680
2016-06-24,17.7575,17.7575,1318.56,0.01346734
2016-06-27,17.74,17.7400,1324.33,0.01339545
2016-06-28,17.78,17.7800,1311.5,0.01355700
2016-06-29,18.29,18.2900,1319.52,0.01386110
2016-06-30,18.71,18.7100,1321.94,0.01415344
2016-07-01,19.72,19.7200,1343.61,0.01467688
2016-07-04,20.34,20.3400,1350.93,0.01505629
2016-07-05,19.89,19.8900,1356.4,0.01466382
2016-07-06,19.99,19.9900,1364,0.01465543
2016-07-07,19.68,19.6800,1360.88,0.01446123
2016-07-08,20.2085,20.2085,1366.65,0.01478689
2016-07-11,20.29,20.2900,1355.36,0.01497019
2016-07-12,20.17,20.1700,1333.79,0.01512232
2016-07-13,20.35,20.3500,1342.78,0.01515513
2016-07-14,20.3,20.3000,1335.3,0.01520258
2016-07-15,20.09,20.0900,1329.15,0.01511492
2016-07-18,20.06,20.0600,1328.87,0.01509553
2016-07-19,19.9,19.9000,1332.22,0.01493747
2016-07-20,19.42,19.4200,1316.28,0.01475370
2016-07-21,19.755,19.7550,1331.13,0.01484077
2016-07-22,19.65,19.6500,1323.44,0.01484767
2016-07-25,19.5575,19.5575,1315.65,0.01486528
2016-07-26,19.64,19.6400,1320.2,0.01487653
2016-07-27,20.37,20.3700,1340.54,0.01519537
2016-07-28,20.1705,20.1705,1336.18,0.01509565
2016-07-29,20.37,20.3700,1352.15,0.01506490
2016-08-01,20.4495,20.4495,1353.17,0.01511229
2016-08-02,20.6,20.6000,1364.16,0.01510087
2016-08-03,20.395,20.3950,1358.26,0.01501553
2016-08-04,20.35,20.3500,1359.97,0.01496357
2016-08-05,19.71,19.7100,1336.76,0.01474461
2016-08-08,19.74,19.7400,1335.33,0.01478286
2016-08-09,19.8605,19.8605,1340.75,0.01481298
2016-08-10,20.15,20.1500,1346.67,0.01496283
2016-08-11,19.97,19.9700,1339,0.01491412
2016-08-12,19.71,19.7100,1335.05,0.01476349
2016-08-15,19.8225,19.8225,1339.4,0.01479954
2016-08-16,19.8,19.8000,1346.46,0.01470523
2016-08-17,19.69,19.6900,1349.19,0.01459394
2016-08-18,19.75,19.7500,1351.95,0.01460853
2016-08-19,19.32,19.3200,1340.55,0.01441200
2016-08-22,18.913,18.9130,1338.77,0.01412715
2016-08-23,18.82,18.8200,1337.31,0.01407303
2016-08-24,18.5515,18.5515,1324.13,0.01401033
2016-08-25,18.55,18.5500,1321.7,0.01403495
2016-08-26,18.65,18.6500,1320.89,0.01411927
2016-08-29,18.87,18.8700,1323.29,0.01425991
2016-08-30,18.613,18.6130,1311.44,0.01419280
2016-08-31,18.65,18.6500,1308.88,0.01424882
2016-09-01,18.89,18.8900,1313.79,0.01437825
2016-09-02,19.4,19.4000,1325.34,0.01463775
2016-09-05,19.51,19.5100,1327.18,0.01470034
2016-09-06,20.05,20.0500,1348.99,0.01486297
2016-09-07,19.84,19.8400,1346.31,0.01473658
2016-09-08,19.62,19.6200,1338.01,0.01466357
2016-09-09,19.09,19.0900,1329.23,0.01436170
2016-09-12,19.12,19.1200,1327.43,0.01440377
2016-09-13,18.87,18.8700,1318.59,0.01431074
2016-09-14,18.97,18.9700,1321.73,0.01435240
2016-09-15,19,19.0000,1314.67,0.01445230
2016-09-16,18.8025,18.8025,1311.2,0.01433992
2016-09-19,19.15,19.1500,1312.99,0.01458503
2016-09-20,19.3,19.3000,1314.85,0.01467848
2016-09-21,19.845,19.8450,1334.56,0.01487007
2016-09-22,19.88,19.8800,1336.63,0.01487323
2016-09-23,19.68,19.6800,1337.64,0.01471248
2016-09-26,19.437,19.4370,1337.75,0.01452962
2016-09-27,19.15,19.1500,1327.28,0.01442800
2016-09-28,19.1885,19.1885,1321.43,0.01452101
2016-09-29,19.1025,19.1025,1320.33,0.01446797
2016-09-30,19.1805,19.1805,1317.57,0.01455748
2016-10-03,18.825,18.8250,1311.01,0.01435916
2016-10-04,17.8095,17.8095,1268.45,0.01404036
2016-10-05,17.74,17.7400,1266.58,0.01400622
2016-10-06,17.33,17.3300,1254.11,0.01381856
2016-10-07,17.49,17.4900,1254.97,0.01393659
2016-10-10,17.64,17.6400,1259.31,0.01400767
2016-10-11,17.455,17.4550,1252.7,0.01393390
2016-10-12,17.48,17.4800,1255.01,0.01392818
2016-10-13,17.5,17.5000,1257.85,0.01391263
2016-10-14,17.45,17.4500,1251.72,0.01394082
2016-10-17,17.47,17.4700,1255.51,0.01391466
2016-10-18,17.625,17.6250,1262.49,0.01396051
2016-10-19,17.68,17.6800,1269.01,0.01393212
2016-10-20,17.55,17.5500,1265.48,0.01386826
2016-10-21,17.54,17.5400,1266.81,0.01384580
2016-10-24,17.59,17.5900,1264.23,0.01391361
2016-10-25,17.82,17.8200,1274.1,0.01398634
2016-10-26,17.63,17.6300,1266.69,0.01391816
2016-10-27,17.629,17.6290,1268.41,0.01389850
2016-10-28,17.77,17.7700,1274.68,0.01394075
2016-10-31,17.89,17.8900,1276.66,0.01401313
2016-11-01,18.38,18.3800,1288.36,0.01426620
2016-11-02,18.52,18.5200,1297.64,0.01427206
2016-11-03,18.36,18.3600,1302.13,0.01409997
2016-11-04,18.41,18.4100,1304.29,0.01411496
2016-11-07,18.18,18.1800,1281.35,0.01418816
2016-11-08,18.37,18.3700,1275.38,0.01440355
2016-11-09,18.48,18.4800,1278,0.01446009
2016-11-10,18.6075,18.6075,1258.81,0.01478182
2016-11-11,17.37,17.3700,1227.54,0.01415025
2016-11-14,16.93,16.9300,1221.03,0.01386534
2016-11-15,17.085,17.0850,1228.45,0.01390777
2016-11-16,16.98,16.9800,1225.05,0.01386066
2016-11-17,16.67,16.6700,1216.08,0.01370798
2016-11-18,16.57,16.5700,1207.87,0.01371836
2016-11-21,16.59,16.5900,1213.94,0.01366624
2016-11-22,16.64,16.6400,1212.38,0.01372507
2016-11-23,16.37,16.3700,1188.48,0.01377390
2016-11-24,16.33,16.3300,1184,0.01379223
2016-11-25,16.52,16.5200,1184.27,0.01394952
2016-11-28,16.61,16.6100,1193.82,0.01391332
2016-11-29,16.61,16.6100,1188.31,0.01397783
2016-11-30,16.51,16.5100,1173.32,0.01407118
2016-12-01,16.525,16.5250,1171.61,0.01410452
2016-12-02,16.69,16.6900,1175.78,0.01419483
2016-12-05,16.755,16.7550,1170.54,0.01431391
2016-12-06,16.74,16.7400,1170,0.01430769
2016-12-07,17.12,17.1200,1173.93,0.01458349
2016-12-08,17.03,17.0300,1170.57,0.01454847
2016-12-09,16.86,16.8600,1158.9,0.01454828
2016-12-12,17.08,17.0800,1162.24,0.01469576
2016-12-13,16.92,16.9200,1158.61,0.01460371
2016-12-14,16.84,16.8400,1142.92,0.01473419
2016-12-15,15.97,15.9700,1128.6,0.01415027
2016-12-16,16.1,16.1000,1133.6,0.01420254
2016-12-19,15.9685,15.9685,1137.84,0.01403405
2016-12-20,16.1,16.1000,1132.38,0.01421784
2016-12-21,15.94,15.9400,1131.51,0.01408737
2016-12-22,15.795,15.7950,1128.28,0.01399918
2016-12-23,15.73,15.7300,1131.77,0.01389858
2016-12-27,15.97,15.9700,1138.81,0.01402341
2016-12-28,16.01,16.0100,1141.5,0.01402541
2016-12-29,16.17,16.1700,1158.12,0.01396228
2016-12-30,15.95,15.9500,1150.91,0.01385860
2017-01-03,16.293,16.2930,1158.82,0.01405999
2017-01-04,16.42,16.4200,1163.53,0.01411223
2017-01-05,16.59,16.5900,1180.46,0.01405384
2017-01-06,16.48,16.4800,1172.3,0.01405784
2017-01-09,16.56,16.5600,1181,0.01402202
2017-01-10,16.79,16.7900,1187.7,0.01413657
2017-01-11,16.73,16.7300,1191.5,0.01404112
2017-01-12,16.78,16.7800,1195.8,0.01403245
2017-01-13,16.81,16.8100,1198.39,0.01402715
2017-01-16,16.81,16.8100,1203.18,0.01397131
2017-01-17,17.2,17.2000,1217.15,0.01413137
2017-01-18,17.07,17.0700,1204.29,0.01417433
2017-01-19,17.02,17.0200,1204.53,0.01412999
2017-01-20,17.08,17.0800,1207.68,0.01414282
2017-01-23,17.25,17.2500,1218.22,0.01416000
2017-01-24,17.1,17.1000,1208.86,0.01414556
2017-01-25,16.9985,16.9985,1200.67,0.01415751
2017-01-26,16.8,16.8000,1188.95,0.01413011
2017-01-27,17.14,17.1400,1190.91,0.01439236
2017-01-30,17.12,17.1200,1195.51,0.01432025
2017-01-31,17.56,17.5600,1210.61,0.01450508
2017-02-01,17.54,17.5400,1209.65,0.01450006
2017-02-02,17.47,17.4700,1215.78,0.01436938
2017-02-03,17.48,17.4800,1219.27,0.01433645
2017-02-06,17.73,17.7300,1235.45,0.01435105
2017-02-07,17.71,17.7100,1233.75,0.01435461
2017-02-08,17.78,17.7800,1241.51,0.01432127
2017-02-09,17.6525,17.6525,1230.91,0.01434102
2017-02-10,17.94,17.9400,1233.81,0.01454033
2017-02-13,17.8255,17.8255,1225.33,0.01454751
2017-02-14,17.96,17.9600,1228.09,0.01462434
2017-02-15,17.98,17.9800,1233.67,0.01457440
2017-02-16,18.11,18.1100,1239.1,0.01461545
2017-02-17,18.01,18.0100,1236.12,0.01456978
2017-02-20,18.07,18.0700,1237.82,0.01459825
2017-02-21,17.9725,17.9725,1235.78,0.01454345
2017-02-22,18.0265,18.0265,1237.49,0.01456699
2017-02-23,18.19,18.1900,1249.63,0.01455631
2017-02-24,18.35,18.3500,1256.68,0.01460197
2017-02-27,18.269,18.2690,1253.04,0.01457974
2017-02-28,18.31,18.3100,1248.89,0.01466102
2017-03-01,18.42,18.4200,1248.87,0.01474933
2017-03-02,17.79,17.7900,1234.46,0.01441116
2017-03-03,17.9365,17.9365,1234.3,0.01453172
2017-03-06,17.7835,17.7835,1225.47,0.01451158
2017-03-07,17.51,17.5100,1216.84,0.01438973
2017-03-08,17.23,17.2300,1207.51,0.01426903
2017-03-09,16.96,16.9600,1203.29,0.01409469
2017-03-10,17.03,17.0300,1204.45,0.01413923
2017-03-13,16.98,16.9800,1203.95,0.01410358
2017-03-14,16.89,16.8900,1198.94,0.01408744
2017-03-15,17.3,17.3000,1218.47,0.01419813
2017-03-16,17.34,17.3400,1227.3,0.01412857
2017-03-17,17.4,17.4000,1229.42,0.01415302
2017-03-20,17.43,17.4300,1234.51,0.01411896
2017-03-21,17.5565,17.5565,1244.59,0.01410625
2017-03-22,17.54,17.5400,1248.43,0.01404965
2017-03-23,17.58,17.5800,1244.46,0.01412661
2017-03-24,17.77,17.7700,1243.73,0.01428767
2017-03-27,18.1,18.1000,1254.47,0.01442840
2017-03-28,18.195,18.1950,1251.9,0.01453391
2017-03-29,18.24,18.2400,1253.7,0.01454894
2017-03-30,18.12,18.1200,1242.34,0.01458538
2017-03-31,18.21,18.2100,1247.31,0.01459942
2017-04-03,18.26,18.2600,1253.55,0.01456663
2017-04-04,18.33,18.3300,1256.27,0.01459081
2017-04-05,18.31,18.3100,1255.52,0.01458360
2017-04-06,18.26,18.2600,1251.49,0.01459061
2017-04-07,18,18.0000,1254.75,0.01434549
2017-04-10,17.95,17.9500,1254.14,0.01431260
2017-04-11,18.33,18.3300,1273.57,0.01439261
2017-04-12,18.47,18.4700,1287.06,0.01435054
2017-04-13,18.54,18.5400,1286.99,0.01440571
2017-04-17,18.43,18.4300,1285.16,0.01434063
2017-04-18,18.3025,18.3025,1289.63,0.01419206
2017-04-19,18.16,18.1600,1279.96,0.01418794
2017-04-20,18.03,18.0300,1282.18,0.01406199
2017-04-21,17.9615,17.9615,1284.94,0.01397847
2017-04-24,17.94,17.9400,1276.01,0.01405945
2017-04-25,17.6,17.6000,1263.92,0.01392493
2017-04-26,17.51,17.5100,1268.23,0.01380664
2017-04-27,17.27,17.2700,1264.65,0.01365595
2017-04-28,17.23,17.2300,1268.16,0.01358661
2017-05-01,16.85,16.8500,1256.15,0.01341400
2017-05-02,16.8415,16.8415,1256.95,0.01339870
2017-05-03,16.48,16.4800,1237.56,0.01331653
2017-05-04,16.33,16.3300,1227.89,0.01329924
2017-05-05,16.36,16.3600,1229.41,0.01330720
2017-05-08,16.23,16.2300,1225.51,0.01324347
2017-05-09,16.19,16.1900,1221.11,0.01325843
2017-05-10,16.21,16.2100,1219.34,0.01329408
2017-05-11,16.3375,16.3375,1224.98,0.01333695
2017-05-12,16.451,16.4510,1228.01,0.01339647
2017-05-15,16.63,16.6300,1231.06,0.01350868
2017-05-16,16.85,16.8500,1236.78,0.01362409
2017-05-17,16.9,16.9000,1261.91,0.01339240
2017-05-18,16.58,16.5800,1246.88,0.01329719
2017-05-19,16.85,16.8500,1255.14,0.01342480
2017-05-22,17.1715,17.1715,1260.65,0.01362115
2017-05-23,17.06,17.0600,1251.44,0.01363230
2017-05-24,17.23,17.2300,1259.86,0.01367612
2017-05-25,17.17,17.1700,1254.99,0.01368138
2017-05-26,17.34,17.3400,1267.36,0.01368198
2017-05-29,17.42,17.4200,1266.88,0.01375032
2017-05-30,17.4,17.4000,1262.35,0.01378382
2017-05-31,17.34,17.3400,1268.58,0.01366883
2017-06-01,17.3,17.3000,1265.11,0.01367470
2017-06-02,17.53,17.5300,1278.29,0.01371363
2017-06-05,17.56,17.5600,1276.57,0.01375561
2017-06-06,17.71,17.7100,1293.83,0.01368804
2017-06-07,17.6,17.6000,1287.49,0.01367001
2017-06-08,17.44,17.4400,1277.27,0.01365412
2017-06-09,17.23,17.2300,1267.65,0.01359208
2017-06-12,16.97,16.9700,1266.19,0.01340241
2017-06-13,16.85,16.8500,1266.31,0.01330638
2017-06-14,16.92,16.9200,1261.26,0.01341516
2017-06-15,16.76,16.7600,1254.89,0.01335575
2017-06-16,16.7,16.7000,1254.55,0.01331155
2017-06-19,16.51,16.5100,1244.36,0.01326786
2017-06-20,16.46,16.4600,1243.68,0.01323492
2017-06-21,16.5,16.5000,1247.68,0.01322454
2017-06-22,16.55,16.5500,1250.58,0.01323386
2017-06-23,16.7,16.7000,1255.86,0.01329766
2017-06-26,16.61,16.6100,1245.31,0.01333804
2017-06-27,16.67,16.6700,1247.63,0.01336133
2017-06-28,16.8,16.8000,1249.49,0.01344549
2017-06-29,16.63,16.6300,1244.72,0.01336043
2017-06-30,16.62,16.6200,1241.38,0.01338833
2017-07-03,16.16,16.1600,1219.22,0.01325438
2017-07-04,16.08,16.0800,1223.98,0.01313747
2017-07-05,16.09,16.0900,1227.35,0.01310954
2017-07-06,16.06,16.0600,1224.6,0.01311449
2017-07-07,15.57,15.5700,1211.97,0.01284685
2017-07-10,15.6725,15.6725,1214.39,0.01290566
2017-07-11,15.85,15.8500,1218.18,0.01301121
2017-07-12,15.92,15.9200,1218.29,0.01306750
2017-07-13,15.7075,15.7075,1217.57,0.01290070
2017-07-14,15.96,15.9600,1228.47,0.01299177
2017-07-17,16.1155,16.1155,1234.1,0.01305850
2017-07-18,16.2885,16.2885,1242.4,0.01311051
2017-07-19,16.27,16.2700,1240.26,0.01311822
2017-07-20,16.34,16.3400,1244,0.01313505
2017-07-21,16.49,16.4900,1254.29,0.01314688
2017-07-24,16.49,16.4900,1255.08,0.01313860
2017-07-25,16.4975,16.4975,1250.1,0.01319694
2017-07-26,16.64,16.6400,1261.31,0.01319263
2017-07-27,16.58,16.5800,1258.65,0.01317284
2017-07-28,16.73,16.7300,1269.18,0.01318174
2017-07-31,16.8305,16.8305,1269.4,0.01325863
2017-08-01,16.71,16.7100,1268.66,0.01317138
2017-08-02,16.5825,16.5825,1266.65,0.01309162
2017-08-03,16.66,16.6600,1267.92,0.01313963
2017-08-04,16.28,16.2800,1258.82,0.01293275
2017-08-07,16.29,16.2900,1257.18,0.01295757
2017-08-08,16.45,16.4500,1260.28,0.01305265
2017-08-09,16.9505,16.9505,1277.37,0.01326984
2017-08-10,17.12,17.1200,1286.56,0.01330680
2017-08-11,17.12,17.1200,1290.96,0.01326145
2017-08-14,17.0765,17.0765,1282.04,0.01331979
2017-08-15,16.633,16.6330,1271.5,0.01308140
2017-08-16,17.1275,17.1275,1283.15,0.01334801
2017-08-17,17.04,17.0400,1287.53,0.01323464
2017-08-18,17.04,17.0400,1286.6,0.01324421
2017-08-21,17.02,17.0200,1291.98,0.01317358
2017-08-22,16.9945,16.9945,1285.05,0.01322478
2017-08-23,17.0985,17.0985,1290.75,0.01324695
2017-08-24,16.98,16.9800,1288.18,0.01318139
2017-08-25,17.04,17.0400,1291.08,0.01319825
2017-08-28,17.44,17.4400,1310.84,0.01330445
2017-08-29,17.4,17.4000,1309.86,0.01328386
2017-08-30,17.44,17.4400,1308.41,0.01332916
2017-08-31,17.58,17.5800,1320.64,0.01331173
2017-09-01,17.71,17.7100,1325.67,0.01335928
2017-09-04,17.905,17.9050,1334.38,0.01341822
2017-09-05,17.8875,17.8875,1339.68,0.01335207
2017-09-06,17.8735,17.8735,1334.29,0.01339551
2017-09-07,18.1275,18.1275,1349.2,0.01343574
2017-09-08,18.01,18.0100,1346.54,0.01337502
2017-09-11,17.8,17.8000,1328.15,0.01340210
2017-09-12,17.907,17.9070,1332,0.01344369
2017-09-13,17.78,17.7800,1324.14,0.01342758
2017-09-14,17.79,17.7900,1328.97,0.01338631
2017-09-15,17.61,17.6100,1320.91,0.01333172
2017-09-18,17.22,17.2200,1307.22,0.01317299
2017-09-19,17.3175,17.3175,1311.15,0.01320787
2017-09-20,17.19,17.1900,1300.93,0.01321362
2017-09-21,16.96,16.9600,1291.98,0.01312714
2017-09-22,16.99,16.9900,1297.19,0.01309754
2017-09-25,17.19,17.1900,1310.78,0.01311433
2017-09-26,16.82,16.8200,1293.11,0.01300740
2017-09-27,16.7675,16.7675,1282.82,0.01307081
2017-09-28,16.88,16.8800,1286,0.01312597
2017-09-29,16.66,16.6600,1280.59,0.01300963
2017-10-02,16.59,16.5900,1271.14,0.01305128
2017-10-03,16.637,16.6370,1271.65,0.01308300
2017-10-04,16.58,16.5800,1274.24,0.01301168
2017-10-05,16.597,16.5970,1268.37,0.01308530
2017-10-06,16.79,16.7900,1274.88,0.01316987
2017-10-09,16.97,16.9700,1283.55,0.01322114
2017-10-10,17.117,17.1170,1288.05,0.01328908
2017-10-11,17.173,17.1730,1291.75,0.01329437
2017-10-12,17.25,17.2500,1294.41,0.01332653
2017-10-13,17.4,17.4000,1303.5,0.01334868
2017-10-16,17.23,17.2300,1295.79,0.01329691
2017-10-17,17.03,17.0300,1285.7,0.01324570
2017-10-18,16.99,16.9900,1281.58,0.01325707
2017-10-19,17.25,17.2500,1289.86,0.01337354
2017-10-20,17.04,17.0400,1280.68,0.01330543
2017-10-23,17.07,17.0700,1281.5,0.01332033
2017-10-24,16.94,16.9400,1276.78,0.01326775
2017-10-25,16.94,16.9400,1276.98,0.01326567
2017-10-26,16.81,16.8100,1267.56,0.01326170
2017-10-27,16.85,16.8500,1273.25,0.01323385
2017-10-30,16.8415,16.8415,1276.22,0.01319639
2017-10-31,16.71,16.7100,1271.31,0.01314392
2017-11-01,17.143,17.1430,1274.71,0.01344855
2017-11-02,17.12,17.1200,1278.61,0.01338954
2017-11-03,16.8495,16.8495,1269.96,0.01326774
2017-11-06,17.21,17.2100,1281.38,0.01343083
2017-11-07,16.94,16.9400,1274.69,0.01328951
2017-11-08,17.04,17.0400,1281.55,0.01329640
2017-11-09,17,17.0000,1285.83,0.01322103
2017-11-10,16.9,16.9000,1275.9,0.01324555
2017-11-13,17.05,17.0500,1277.67,0.01334460
2017-11-14,17.03,17.0300,1278.37,0.01332165
2017-11-15,17,17.0000,1278.21,0.01329985
2017-11-16,17.07,17.0700,1278.86,0.01334783
2017-11-17,17.2885,17.2885,1293.76,0.01336299
2017-11-20,16.9145,16.9145,1276.78,0.01324778
2017-11-21,16.9695,16.9695,1280.52,0.01325204
2017-11-22,17.1505,17.1505,1292.09,0.01327346
2017-11-23,17.0975,17.0975,1291.17,0.01324187
2017-11-24,17.0445,17.0445,1288.59,0.01322725
2017-11-27,17.0525,17.0525,1294.5,0.01317304
2017-11-28,16.865,16.8650,1293.95,0.01303373
2017-11-29,16.5355,16.5355,1283.84,0.01287972
2017-11-30,16.4375,16.4375,1274.87,0.01289347
2017-12-01,16.4565,16.4565,1280.78,0.01284881
2017-12-04,16.3295,16.3295,1276.13,0.01279611
2017-12-05,16.1005,16.1005,1265.96,0.01271802
2017-12-06,15.9615,15.9615,1263.31,0.01263467
2017-12-07,15.722,15.7220,1247.2,0.01260584
2017-12-08,15.8515,15.8515,1248.02,0.01270132
2017-12-11,15.7125,15.7125,1242.1,0.01264995
2017-12-12,15.738,15.7380,1244.56,0.01264543
2017-12-13,16.08,16.0800,1255.49,0.01280775
2017-12-14,15.8975,15.8975,1252.88,0.01268877
2017-12-15,16.0525,16.0525,1255.77,0.01278299
2017-12-18,16.1515,16.1515,1262.3,0.01279529
2017-12-19,16.1415,16.1415,1261.75,0.01279295
2017-12-20,16.1835,16.1835,1265.54,0.01278782
2017-12-21,16.127,16.1270,1266.62,0.01273231
2017-12-22,16.3335,16.3335,1274.12,0.01281944
2017-12-26,16.5525,16.5525,1282.95,0.01290191
2017-12-27,16.6875,16.6875,1287.15,0.01296469
2017-12-28,16.8625,16.8625,1294.96,0.01302164
2017-12-29,16.9545,16.9545,1303.33,0.01300860
2018-01-02,17.1825,17.1825,1317.63,0.01304046
2018-01-03,17.1315,17.1315,1313.15,0.01304611
2018-01-04,17.2225,17.2225,1322.67,0.01302101
2018-01-05,17.2125,17.2125,1320.5,0.01303484
2018-01-08,17.1355,17.1355,1320.44,0.01297711
2018-01-09,16.9705,16.9705,1312.79,0.01292705
2018-01-10,16.9725,16.9725,1316.99,0.01288734
2018-01-11,16.9975,16.9975,1322.41,0.01285343
2018-01-12,17.2555,17.2555,1338.15,0.01289504
2018-01-15,17.3525,17.3525,1340.15,0.01294818
2018-01-16,17.1955,17.1955,1338.43,0.01284752
2018-01-17,17.0005,17.0005,1326.98,0.01281142
2018-01-18,16.9505,16.9505,1327.05,0.01277307
2018-01-19,17.0285,17.0285,1332.28,0.01278147
2018-01-22,17.0175,17.0175,1333.94,0.01275732
2018-01-23,17.0525,17.0525,1341.29,0.01271351
2018-01-24,17.5605,17.5605,1358.52,0.01292620
2018-01-25,17.3075,17.3075,1348.06,0.01283882
2018-01-26,17.4105,17.4105,1349.64,0.01290011
2018-01-29,17.1655,17.1655,1340.4,0.01280625
2018-01-30,17.1325,17.1325,1338.67,0.01279815
2018-01-31,17.3425,17.3425,1345.13,0.01289281
2018-02-01,17.2305,17.2305,1348.69,0.01277573
2018-02-02,16.5915,16.5915,1331.97,0.01245636
2018-02-05,16.7345,16.7345,1339.57,0.01249244
2018-02-06,16.6395,16.6395,1324.25,0.01256523
2018-02-07,16.3775,16.3775,1318.47,0.01242159
2018-02-08,16.4155,16.4155,1318.75,0.01244777
2018-02-09,16.3215,16.3215,1314.84,0.01241330
2018-02-12,16.5495,16.5495,1322.71,0.01251181
2018-02-13,16.5775,16.5775,1329.57,0.01246832
2018-02-14,16.8605,16.8605,1350.61,0.01248362
2018-02-15,16.863,16.8630,1353.58,0.01245807
2018-02-16,16.6925,16.6925,1348.76,0.01237618
2018-02-19,16.6675,16.6675,1346.74,0.01237618
2018-02-20,16.4535,16.4535,1329.2,0.01237850
2018-02-21,16.5055,16.5055,1324.62,0.01246055
2018-02-22,16.62,16.6200,1331.56,0.01248160
2018-02-23,16.53,16.5300,1329.32,0.01243493
2018-02-26,16.665,16.6650,1333.34,0.01249869
2018-02-27,16.4275,16.4275,1318.37,0.01246046
2018-02-28,16.414,16.4140,1318.23,0.01245154
2018-03-01,16.4745,16.4745,1317.1,0.01250816
2018-03-02,16.5185,16.5185,1321.95,0.01249556
2018-03-05,16.437,16.4370,1320.42,0.01244831
2018-03-06,16.759,16.7590,1334.58,0.01255751
2018-03-07,16.495,16.4950,1325.62,0.01244323
2018-03-08,16.5,16.5000,1322.05,0.01248062
2018-03-09,16.59,16.5900,1323.45,0.01253542
2018-03-12,16.5435,16.5435,1323,0.01250454
2018-03-13,16.6,16.6000,1324.97,0.01252859
2018-03-14,16.55,16.5500,1325.5,0.01248585
2018-03-15,16.41,16.4100,1317.35,0.01245683
2018-03-16,16.33,16.3300,1313.77,0.01242988
2018-03-19,16.3265,16.3265,1317.14,0.01239542
2018-03-20,16.2,16.2000,1311.2,0.01235509
2018-03-21,16.575,16.5750,1332.97,0.01243464
2018-03-22,16.39,16.3900,1330.22,0.01232127
2018-03-23,16.56,16.5600,1347.4,0.01229034
2018-03-26,16.705,16.7050,1353.52,0.01234189
2018-03-27,16.532,16.5320,1344.65,0.01229465
2018-03-28,16.295,16.2950,1325.04,0.01229774
2018-03-29,16.36,16.3600,1325.43,0.01234316
2018-04-02,16.599,16.5990,1341.31,0.01237522
2018-04-03,16.419,16.4190,1332.78,0.01231936
2018-04-04,16.32,16.3200,1333.38,0.01223957
2018-04-05,16.4,16.4000,1326.62,0.01236224
2018-04-06,16.37,16.3700,1333.45,0.01227643
2018-04-09,16.496,16.4960,1336.28,0.01234472
2018-04-10,16.573,16.5730,1339.48,0.01237271
2018-04-11,16.674,16.6740,1353.34,0.01232063
2018-04-12,16.47,16.4700,1335.15,0.01233569
2018-04-13,16.64,16.6400,1344.4,0.01237727
2018-04-16,16.672,16.6720,1345.68,0.01238928
2018-04-17,16.781,16.7810,1347.29,0.01245537
2018-04-18,17.196,17.1960,1349.39,0.01274354
2018-04-19,17.254,17.2540,1345.71,0.01282148
2018-04-20,17.1345,17.1345,1335.66,0.01282849
2018-04-23,16.621,16.6210,1324.84,0.01254567
2018-04-24,16.7245,16.7245,1330.35,0.01257150
2018-04-25,16.564,16.5640,1323.2,0.01251814
2018-04-26,16.5145,16.5145,1316.93,0.01254015
2018-04-27,16.53,16.5300,1323.61,0.01248857
2018-04-30,16.33,16.3300,1315.93,0.01240947
2018-05-01,16.16,16.1600,1304.21,0.01239064
2018-05-02,16.39,16.3900,1305.72,0.01255246
2018-05-03,16.44,16.4400,1312.75,0.01252333
2018-05-04,16.52,16.5200,1314.34,0.01256905
2018-05-07,16.48,16.4800,1314.78,0.01253442
2018-05-08,16.47,16.4700,1313.25,0.01254140
2018-05-09,16.51,16.5100,1313.17,0.01257263
2018-05-10,16.72,16.7200,1320.67,0.01266024
2018-05-11,16.68,16.6800,1319.28,0.01264326
2018-05-14,16.52,16.5200,1314.11,0.01257125
2018-05-15,16.27,16.2700,1291.41,0.01259863
2018-05-16,16.37,16.3700,1290.38,0.01268619
2018-05-17,16.43,16.4300,1290.74,0.01272913
2018-05-18,16.43,16.4300,1291.89,0.01271780
2018-05-21,16.5165,16.5165,1292.54,0.01277833
2018-05-22,16.53,16.5300,1291.62,0.01279788
2018-05-23,16.46,16.4600,1294.17,0.01271858
2018-05-24,16.65,16.6500,1304.48,0.01276371
2018-05-25,16.49,16.4900,1300.11,0.01268354
2018-05-28,16.472,16.4720,1297.7,0.01269323
2018-05-29,16.36,16.3600,1299.14,0.01259295
2018-05-30,16.51,16.5100,1300.43,0.01269580
2018-05-31,16.4225,16.4225,1298.46,0.01264767
2018-06-01,16.4,16.4000,1293.65,0.01267731
2018-06-04,16.43,16.4300,1293.1,0.01270590
2018-06-05,16.49,16.4900,1295.02,0.01273339
2018-06-06,16.66,16.6600,1296.78,0.01284721
2018-06-07,16.7,16.7000,1294.43,0.01290143
2018-06-08,16.771,16.7710,1298.53,0.01291537
2018-06-11,16.9255,16.9255,1300.39,0.01301571
2018-06-12,16.86,16.8600,1297.72,0.01299202
2018-06-13,17.04,17.0400,1299.5,0.01311274
2018-06-14,17.14,17.1400,1303.06,0.01315365
2018-06-15,16.56,16.5600,1279.97,0.01293780
2018-06-18,16.47,16.4700,1277.64,0.01289096
2018-06-19,16.29,16.2900,1275.37,0.01277276
2018-06-20,16.28,16.2800,1268.94,0.01282961
2018-06-21,16.33,16.3300,1266.47,0.01289411
2018-06-22,16.46,16.4600,1270.23,0.01295828
2018-06-25,16.3285,16.3285,1265.53,0.01290250
2018-06-26,16.29,16.2900,1259.75,0.01293114
2018-06-27,16.05,16.0500,1252.93,0.01280997
2018-06-28,16.01,16.0100,1249.32,0.01281497
2018-06-29,16.0925,16.0925,1252.55,0.01284779
2018-07-02,15.85,15.8500,1242.51,0.01275644
2018-07-03,16.03,16.0300,1252.12,0.01280229
2018-07-04,16.09,16.0900,1256.98,0.01280052
2018-07-05,16.06,16.0600,1257.41,0.01277229
2018-07-06,16.03,16.0300,1254.99,0.01277301
2018-07-09,16.09,16.0900,1258.23,0.01278781
2018-07-10,16.06,16.0600,1256.27,0.01278388
2018-07-11,15.8055,15.8055,1242.39,0.01272185
2018-07-12,15.9475,15.9475,1247.21,0.01278654
2018-07-13,15.81,15.8100,1241.67,0.01273285
2018-07-16,15.81,15.8100,1240.71,0.01274270
2018-07-17,15.57,15.5700,1228.16,0.01267750
2018-07-18,15.56,15.5600,1226.78,0.01268361
2018-07-19,15.3125,15.3125,1222.92,0.01252126
2018-07-20,15.52,15.5200,1230.99,0.01260774
2018-07-23,15.4,15.4000,1225.92,0.01256199
2018-07-24,15.45,15.4500,1224.36,0.01261884
2018-07-25,15.61,15.6100,1232.77,0.01266254
2018-07-26,15.38,15.3800,1223.76,0.01256782
2018-07-27,15.5,15.5000,1223.56,0.01266795
2018-07-30,15.51,15.5100,1222.56,0.01268649
2018-07-31,15.51,15.5100,1222.92,0.01268276
2018-08-01,15.39,15.3900,1215.39,0.01266260
2018-08-02,15.32,15.3200,1208.59,0.01267593
2018-08-03,15.42,15.4200,1213.69,0.01270506
2018-08-06,15.31,15.3100,1206.17,0.01269307
2018-08-07,15.38,15.3800,1212.58,0.01268370
2018-08-08,15.41,15.4100,1211.75,0.01271714
2018-08-09,15.45,15.4500,1212.48,0.01274248
2018-08-10,15.33,15.3300,1211.51,0.01265363
2018-08-13,14.99,14.9900,1194.28,0.01255150
2018-08-14,15.05,15.0500,1193.88,0.01260596
2018-08-15,14.44,14.4400,1175.49,0.01228424
2018-08-16,14.66,14.6600,1176.6,0.01245963
2018-08-17,14.8155,14.8155,1184.35,0.01250939
2018-08-20,14.76,14.7600,1190.46,0.01239857
2018-08-21,14.79,14.7900,1196.03,0.01236591
2018-08-22,14.76,14.7600,1196.67,0.01233423
2018-08-23,14.49,14.4900,1184.82,0.01222971
2018-08-24,14.8155,14.8155,1205.76,0.01228727
2018-08-27,14.89,14.8900,1210.96,0.01229603
2018-08-28,14.71,14.7100,1201.89,0.01223906
2018-08-29,14.76,14.7600,1206.41,0.01223465
2018-08-30,14.55,14.5500,1200.33,0.01212167
2018-08-31,14.51,14.5100,1199.52,0.01209651
2018-09-03,14.498,14.4980,1201.38,0.01206779
2018-09-04,14.18,14.1800,1190.86,0.01190736
2018-09-05,14.1945,14.1945,1196.69,0.01186147
2018-09-06,14.158,14.1580,1200.15,0.01179686
2018-09-07,14.16,14.1600,1196.45,0.01183501
2018-09-10,14.17,14.1700,1195.1,0.01185675
2018-09-11,14.14,14.1400,1196.81,0.01181474
2018-09-12,14.2525,14.2525,1206.09,0.01181711
2018-09-13,14.15,14.1500,1201.95,0.01177254
2018-09-14,14.0675,14.0675,1194.11,0.01178074
2018-09-17,14.1815,14.1815,1201.34,0.01180473
2018-09-18,14.1505,14.1505,1198.36,0.01180822
2018-09-19,14.2445,14.2445,1204.04,0.01183059
2018-09-20,14.3185,14.3185,1207.2,0.01186092
2018-09-21,14.2995,14.2995,1199.01,0.01192609
2018-09-24,14.27,14.2700,1199.65,0.01189514
2018-09-25,14.45,14.4500,1200.04,0.01204127
2018-09-26,14.3285,14.3285,1194.4,0.01199640
2018-09-27,14.2455,14.2455,1182.7,0.01204490
2018-09-28,14.63,14.6300,1191.96,0.01227390
2018-10-01,14.5,14.5000,1188.45,0.01220077
2018-10-02,14.69,14.6900,1202.3,0.01221825
2018-10-03,14.65,14.6500,1198.21,0.01222657
2018-10-04,14.59,14.5900,1200.81,0.01215013
2018-10-05,14.64,14.6400,1202.97,0.01216988
2018-10-08,14.367,14.3670,1187.94,0.01209405
2018-10-09,14.3865,14.3865,1189.75,0.01209204
2018-10-10,14.29,14.2900,1193.89,0.01196928
2018-10-11,14.58,14.5800,1223.39,0.01191770
2018-10-12,14.62,14.6200,1218.06,0.01200269
2018-10-15,14.7,14.7000,1226.18,0.01198845
2018-10-16,14.66,14.6600,1227.03,0.01194755
2018-10-17,14.62,14.6200,1223.51,0.01194923
2018-10-18,14.57,14.5700,1228.15,0.01186337
2018-10-19,14.63,14.6300,1226.44,0.01192883
2018-10-22,14.5645,14.5645,1222.1,0.01191760
2018-10-23,14.74,14.7400,1231.62,0.01196798
2018-10-24,14.6835,14.6835,1233.9,0.01190007
2018-10-25,14.65,14.6500,1231.58,0.01189529
2018-10-26,14.7,14.7000,1233.94,0.01191306
2018-10-29,14.475,14.4750,1230.24,0.01176600
2018-10-30,14.49,14.4900,1223.45,0.01184356
2018-10-31,14.2655,14.2655,1215.37,0.01173758
2018-11-01,14.74,14.7400,1232.93,0.01195526
2018-11-02,14.74,14.7400,1233.04,0.01195419
2018-11-05,14.65,14.6500,1231.9,0.01189220
2018-11-06,14.54,14.5400,1227.46,0.01184560
2018-11-07,14.58,14.5800,1227.13,0.01188138
2018-11-08,14.4345,14.4345,1223.63,0.01179646
2018-11-09,14.1735,14.1735,1209.95,0.01171412
2018-11-12,13.9945,13.9945,1200.01,0.01166199
2018-11-13,13.9915,13.9915,1202.2,0.01163825
2018-11-14,14.13,14.1300,1211.69,0.01166140
2018-11-15,14.28,14.2800,1214.22,0.01176064
2018-11-16,14.4205,14.4205,1222.05,0.01180025
2018-11-19,14.4275,14.4275,1224.09,0.01178631
2018-11-20,14.31,14.3100,1221.33,0.01171674
2018-11-21,14.51,14.5100,1226.64,0.01182906
2018-11-22,14.4885,14.4885,1227.38,0.01180441
2018-11-23,14.2805,14.2805,1223.11,0.01167556
2018-11-26,14.22,14.2200,1223.53,0.01162211
2018-11-27,14.16,14.1600,1215.72,0.01164742
2018-11-28,14.32,14.3200,1221.14,0.01172675
2018-11-29,14.32,14.3200,1224.75,0.01169218
2018-11-30,14.18,14.1800,1222.13,0.01160269
2018-12-03,14.38,14.3800,1231.54,0.01167644
2018-12-04,14.54,14.5400,1239.03,0.01173499
2018-12-05,14.5005,14.5005,1237.31,0.01171938
2018-12-06,14.47,14.4700,1238.42,0.01168424
2018-12-07,14.631,14.6310,1248.53,0.01171858
2018-12-10,14.5325,14.5325,1244.45,0.01167785
2018-12-11,14.54,14.5400,1243.66,0.01169130
2018-12-12,14.7405,14.7405,1245.64,0.01183368
2018-12-13,14.76,14.7600,1242.66,0.01187775
2018-12-14,14.59,14.5900,1238.43,0.01178105
2018-12-17,14.66,14.6600,1246.7,0.01175904
2018-12-18,14.65,14.6500,1248.35,0.01173549
2018-12-19,14.5975,14.5975,1243.07,0.01174310
2018-12-20,14.77,14.7700,1260.68,0.01171590
2018-12-21,14.63,14.6300,1255.46,0.01165310
2018-12-24,14.7755,14.7755,1269.2,0.01164159
2018-12-26,15.04,15.0400,1267.41,0.01186672
2018-12-27,15.23,15.2300,1275.59,0.01193957
2018-12-28,15.37,15.3700,1280.04,0.01200744
2018-12-31,15.4935,15.4935,1282.56,0.01208014
2019-01-02,15.53,15.5300,1283.74,0.01209747
2019-01-03,15.73,15.7300,1293.53,0.01216052
2019-01-04,15.69,15.6900,1285.03,0.01220983
2019-01-07,15.67,15.6700,1288.78,0.01215879
2019-01-08,15.66,15.6600,1284.67,0.01218990
2019-01-09,15.75,15.7500,1292.77,0.01218314
2019-01-10,15.57,15.5700,1287.72,0.01209114
2019-01-11,15.6,15.6000,1288.25,0.01210945
2019-01-14,15.6515,15.6515,1291.55,0.01211838
2019-01-15,15.5815,15.5815,1289.34,0.01208487
2019-01-16,15.6,15.6000,1294.33,0.01205257
2019-01-17,15.53,15.5300,1291.85,0.01202152
2019-01-18,15.34,15.3400,1280.96,0.01197539
2019-01-21,15.2695,15.2695,1280.28,0.01192669
2019-01-22,15.34,15.3400,1283.53,0.01195142
2019-01-23,15.37,15.3700,1283.15,0.01197833
2019-01-24,15.3165,15.3165,1281.05,0.01195621
2019-01-25,15.73,15.7300,1300.23,0.01209786
2019-01-28,15.74,15.7400,1302.85,0.01208121
2019-01-29,15.84,15.8400,1310.86,0.01208367
2019-01-30,16.06,16.0600,1320.58,0.01216132
2019-01-31,16.0685,16.0685,1321.37,0.01216048
2019-02-01,15.9205,15.9205,1317.93,0.01207993
2019-02-04,15.86,15.8600,1311.3,0.01209487
2019-02-05,15.85,15.8500,1314.91,0.01205406
2019-02-06,15.67,15.6700,1307.21,0.01198736
2019-02-07,15.73,15.7300,1310.94,0.01199902
2019-02-08,15.8265,15.8265,1314.45,0.01204040
2019-02-11,15.71,15.7100,1308.06,0.01201015
2019-02-12,15.7,15.7000,1310.3,0.01198199
2019-02-13,15.57,15.5700,1306.54,0.01191697
2019-02-14,15.61,15.6100,1311.97,0.01189814
2019-02-15,15.7915,15.7915,1321.04,0.01195384
2019-02-18,15.8065,15.8065,1326.53,0.01191567
2019-02-19,15.98,15.9800,1340.51,0.01192084
2019-02-20,16.05,16.0500,1339.14,0.01198530
2019-02-21,15.8,15.8000,1324.52,0.01192885
2019-02-22,15.9245,15.9245,1328.46,0.01198719
2019-02-25,15.88,15.8800,1328.15,0.01195648
2019-02-26,15.92,15.9200,1328.52,0.01198326
2019-02-27,15.76,15.7600,1321.01,0.01193027
2019-02-28,15.63,15.6300,1312.45,0.01190903
2019-03-01,15.16,15.1600,1291.39,0.01173929
2019-03-04,15.08,15.0800,1287.38,0.01171371
2019-03-05,15.13,15.1300,1288.48,0.01174252
2019-03-06,15.07,15.0700,1286.06,0.01171796
2019-03-07,15.02,15.0200,1285.07,0.01168808
2019-03-08,15.35,15.3500,1300.17,0.01180615
2019-03-11,15.3205,15.3205,1293.71,0.01184230
2019-03-12,15.4425,15.4425,1301.22,0.01186771
2019-03-13,15.4525,15.4525,1308.9,0.01180571
2019-03-14,15.1915,15.1915,1296.48,0.01171750
2019-03-15,15.2935,15.2935,1302.25,0.01174390
2019-03-18,15.3525,15.3525,1303.89,0.01177438
2019-03-19,15.3615,15.3615,1306.05,0.01176180
2019-03-20,15.5005,15.5005,1313.69,0.01179921
2019-03-21,15.4715,15.4715,1309.36,0.01181608
2019-03-22,15.44,15.4400,1313.31,0.01175655
2019-03-25,15.5435,15.5435,1321.84,0.01175899
2019-03-26,15.4335,15.4335,1316.08,0.01172687
2019-03-27,15.2985,15.2985,1309.78,0.01168021
2019-03-28,15.0145,15.0145,1290.6,0.01163374
2019-03-29,15.1395,15.1395,1292.3,0.01171516
2019-04-01,15.115,15.1150,1287.7,0.01173798
2019-04-02,15.1245,15.1245,1292.5,0.01170174
2019-04-03,15.135,15.1350,1290.46,0.01172838
2019-04-04,15.12,15.1200,1291.7,0.01170550
2019-04-05,15.1085,15.1085,1291.91,0.01169470
2019-04-08,15.24,15.2400,1298.22,0.01173915
2019-04-09,15.22,15.2200,1305.19,0.01166114
2019-04-10,15.22,15.2200,1306.86,0.01164624
2019-04-11,14.98,14.9800,1293.17,0.01158394
2019-04-12,14.9925,14.9925,1290.34,0.01161903
2019-04-15,15.003,15.0030,1289,0.01163926
2019-04-16,15.0075,15.0075,1276.9,0.01175307
2019-04-17,15,15.0000,1274.54,0.01176895
2019-04-18,15.02,15.0200,1275.77,0.01177328
2019-04-22,15.0135,15.0135,1274.86,0.01177659
2019-04-23,14.84,14.8400,1271.78,0.01166868
2019-04-24,14.94,14.9400,1275.62,0.01171195
2019-04-25,14.95,14.9500,1276.71,0.01170979
2019-04-26,15.0535,15.0535,1285.53,0.01170996
2019-04-29,14.91,14.9100,1280.79,0.01164125
2019-04-30,14.94,14.9400,1283.48,0.01164023
2019-05-01,14.68,14.6800,1277.63,0.01149002
2019-05-02,14.62,14.6200,1270.92,0.01150348
2019-05-03,14.92,14.9200,1278.29,0.01167184
2019-05-06,14.9005,14.9005,1280.5,0.01163647
2019-05-07,14.92,14.9200,1281.78,0.01164006
2019-05-08,14.85,14.8500,1281.57,0.01158735
2019-05-09,14.77,14.7700,1283.91,0.01150392
2019-05-10,14.777,14.7770,1286.07,0.01149004
2019-05-13,14.76,14.7600,1299.23,0.01136058
2019-05-14,14.8,14.8000,1295.77,0.01142178
2019-05-15,14.7985,14.7985,1296.51,0.01141410
2019-05-16,14.56,14.5600,1288,0.01130435
2019-05-17,14.43,14.4300,1278.08,0.01129037
2019-05-20,14.46,14.4600,1276.53,0.01132758
2019-05-21,14.46,14.4600,1274.68,0.01134402
2019-05-22,14.44,14.4400,1274.07,0.01133376
2019-05-23,14.59,14.5900,1284.02,0.01136275
2019-05-24,14.57,14.5700,1284.79,0.01134037
2019-05-27,14.59,14.5900,1285.11,0.01135311
2019-05-28,14.36,14.3600,1278.48,0.01123209
2019-05-29,14.41,14.4100,1281.65,0.01124332
2019-05-30,14.5255,14.5255,1288.55,0.01127275
2019-05-31,14.58,14.5800,1305.87,0.01116497
2019-06-03,14.79,14.7900,1325.24,0.01116024
2019-06-04,14.8,14.8000,1325.53,0.01116535
2019-06-05,14.81,14.8100,1330.27,0.01113308
2019-06-06,14.89,14.8900,1335.32,0.01115089
2019-06-07,15.02,15.0200,1341.35,0.01119767
2019-06-10,14.7,14.7000,1327.98,0.01106944
2019-06-11,14.75,14.7500,1326.85,0.01111655
2019-06-12,14.7825,14.7825,1333.54,0.01108516
2019-06-13,14.91,14.9100,1342.19,0.01110871
2019-06-14,14.86,14.8600,1341.08,0.01108062
2019-06-17,14.84,14.8400,1339.65,0.01107752
2019-06-18,15.01,15.0100,1346.58,0.01114676
2019-06-19,15.16,15.1600,1360.36,0.01114411
2019-06-20,15.4245,15.4245,1388.51,0.01110867
2019-06-21,15.3335,15.3335,1399.03,0.01096009
2019-06-24,15.4425,15.4425,1419.7,0.01087730
2019-06-25,15.37,15.3700,1423.44,0.01079779
2019-06-26,15.27,15.2700,1408.98,0.01083763
2019-06-27,15.26,15.2600,1409.76,0.01082454
2019-06-28,15.31,15.3100,1411.07,0.01084992
2019-07-01,15.15,15.1500,1384.2,0.01094495
2019-07-02,15.32,15.3200,1418.62,0.01079923
2019-07-03,15.3,15.3000,1418.41,0.01078673
2019-07-04,15.2815,15.2815,1415.19,0.01079820
2019-07-05,15.02,15.0200,1400.78,0.01072260
2019-07-08,15.03,15.0300,1395.52,0.01077018
2019-07-09,15.11,15.1100,1397.57,0.01081162
2019-07-10,15.2365,15.2365,1418.93,0.01073802
2019-07-11,15.115,15.1150,1403.83,0.01076697
2019-07-12,15.23,15.2300,1414.63,0.01076607
2019-07-15,15.39,15.3900,1414.1,0.01088325
2019-07-16,15.5555,15.5555,1406.08,0.01106303
2019-07-17,15.97,15.9700,1426.51,0.01119515
2019-07-18,16.35,16.3500,1446.08,0.01130643
2019-07-19,16.2,16.2000,1425.7,0.01136284
2019-07-22,16.36,16.3600,1424.89,0.01148159
2019-07-23,16.41,16.4100,1417.86,0.01157378
2019-07-24,16.6,16.6000,1425.85,0.01164218
2019-07-25,16.41,16.4100,1414.6,0.01160045
2019-07-26,16.35,16.3500,1416.66,0.01154123
2019-07-29,16.46,16.4600,1426.84,0.01153598
2019-07-30,16.57,16.5700,1430.84,0.01158061
2019-07-31,16.27,16.2700,1413.73,0.01150856
2019-08-01,16.3255,16.3255,1445.09,0.01129722
2019-08-02,16.22,16.2200,1440.97,0.01125631
2019-08-05,16.3955,16.3955,1464,0.01119911
2019-08-06,16.45,16.4500,1474.35,0.01115746
2019-08-07,17.11,17.1100,1501.13,0.01139808
2019-08-08,16.93,16.9300,1500.86,0.01128020
2019-08-09,16.98,16.9800,1498.48,0.01133148
2019-08-12,17.07,17.0700,1511.22,0.01129551
2019-08-13,16.97,16.9700,1501.5,0.01130203
2019-08-14,17.22,17.2200,1516.33,0.01135637
2019-08-15,17.27,17.2700,1523.31,0.01133715
2019-08-16,17.12,17.1200,1514.49,0.01130414
2019-08-19,16.88,16.8800,1496.07,0.01128289
2019-08-20,17.16,17.1600,1507.19,0.01138543
2019-08-21,17.12,17.1200,1502.58,0.01139374
2019-08-22,17.0465,17.0465,1498.12,0.01137859
2019-08-23,17.47,17.4700,1528.7,0.01142801
2019-08-26,17.67,17.6700,1527.4,0.01156868
2019-08-27,18.2,18.2000,1542.79,0.01179681
2019-08-28,18.36,18.3600,1538.95,0.01193021
2019-08-29,18.27,18.2700,1527.65,0.01195955
2019-08-30,18.34,18.3400,1523.72,0.01203633
2019-09-02,18.4685,18.4685,1529.28,0.01207660
2019-09-03,19.26,19.2600,1547.13,0.01244886
2019-09-04,19.6,19.6000,1552.54,0.01262447
2019-09-05,18.65,18.6500,1519.06,0.01227733
2019-09-06,18.05,18.0500,1505.78,0.01198714
2019-09-09,18.01,18.0100,1499.2,0.01201307
2019-09-10,18.01,18.0100,1485.8,0.01212142
2019-09-11,18.12,18.1200,1497.04,0.01210388
2019-09-12,18.1,18.1000,1499.27,0.01207254
2019-09-13,17.44,17.4400,1486.81,0.01172981
2019-09-16,17.845,17.8450,1497.6,0.01191573
2019-09-17,18.02,18.0200,1501.37,0.01200237
2019-09-18,17.76,17.7600,1493.96,0.01188787
2019-09-19,17.79,17.7900,1499.03,0.01186767
2019-09-20,17.95,17.9500,1516.36,0.01183756
2019-09-23,18.64,18.6400,1522.3,0.01224463
2019-09-24,18.61,18.6100,1531.77,0.01214934
2019-09-25,17.91,17.9100,1503.95,0.01190864
2019-09-26,17.82,17.8200,1504.83,0.01184187
2019-09-27,17.49,17.4900,1496.62,0.01168633
2019-09-30,16.99,16.9900,1472.72,0.01153648
2019-10-01,17.24,17.2400,1479.13,0.01165550
2019-10-02,17.56,17.5600,1499.43,0.01171112
2019-10-03,17.5575,17.5575,1505.19,0.01166464
2019-10-04,17.55,17.5500,1505.16,0.01165989
2019-10-07,17.434,17.4340,1493.44,0.01167372
2019-10-08,17.73,17.7300,1505.54,0.01177651
2019-10-09,17.73,17.7300,1505.57,0.01177627
2019-10-10,17.52,17.5200,1494.14,0.01172581
2019-10-11,17.53,17.5300,1485.84,0.01179804
2019-10-14,17.66,17.6600,1493.25,0.01182655
2019-10-15,17.41,17.4100,1481.08,0.01175494
2019-10-16,17.4,17.4000,1490.08,0.01167723
2019-10-17,17.5485,17.5485,1491.9,0.01176252
2019-10-18,17.5585,17.5585,1490.63,0.01177925
2019-10-21,17.56,17.5600,1484.5,0.01182890
2019-10-22,17.52,17.5200,1487.64,0.01177704
2019-10-23,17.5505,17.5505,1492.13,0.01176204
2019-10-24,17.802,17.8020,1503.95,0.01183683
2019-10-25,18.07,18.0700,1505.77,0.01200050
2019-10-28,17.8505,17.8505,1492.59,0.01195941
2019-10-29,17.83,17.8300,1488.35,0.01197971
2019-10-30,17.88,17.8800,1496.54,0.01194756
2019-10-31,18.12,18.1200,1513.17,0.01197486
2019-11-01,18.117,18.1170,1514.34,0.01196363
2019-11-04,18.06,18.0600,1509.83,0.01196161
2019-11-05,17.58,17.5800,1483.61,0.01184948
2019-11-06,17.64,17.6400,1490.58,0.01183432
2019-11-07,17.11,17.1100,1468.51,0.01165127
2019-11-08,16.81,16.8100,1458.8,0.01152317
2019-11-11,16.86,16.8600,1455.82,0.01158110
2019-11-12,16.7675,16.7675,1456.3,0.01151377
2019-11-13,16.97,16.9700,1463.55,0.01159509
2019-11-14,17.03,17.0300,1471.36,0.01157433
2019-11-15,16.96,16.9600,1466.91,0.01156172
2019-11-18,17.0375,17.0375,1471.4,0.01157911
2019-11-19,17.15,17.1500,1472.46,0.01164718
2019-11-20,17.1485,17.1485,1471.6,0.01165296
2019-11-21,17.1,17.1000,1464.46,0.01167666
2019-11-22,17,17.0000,1462.16,0.01162663
2019-11-25,16.89,16.8900,1455.28,0.01160601
2019-11-26,17.08,17.0800,1461.36,0.01168774
2019-11-27,16.96,16.9600,1454.44,0.01166085
2019-11-28,16.9495,16.9495,1455.86,0.01164226
2019-11-29,17.019,17.0190,1464.02,0.01162484
2019-12-02,16.91,16.9100,1462.39,0.01156326
2019-12-03,17.17,17.1700,1477.49,0.01162106
2019-12-04,16.86,16.8600,1474.62,0.01143345
2019-12-05,16.96,16.9600,1476.07,0.01148997
2019-12-06,16.57,16.5700,1460.61,0.01134458
2019-12-09,16.61,16.6100,1461.62,0.01136410
2019-12-10,16.67,16.6700,1464.35,0.01138389
2019-12-11,16.86,16.8600,1474.72,0.01143268
2019-12-12,16.93,16.9300,1469.84,0.01151826
2019-12-13,16.9475,16.9475,1476.61,0.01147730
2019-12-16,17.04,17.0400,1476.19,0.01154323
2019-12-17,17.014,17.0140,1476.16,0.01152585
2019-12-18,17.015,17.0150,1475.48,0.01153184
2019-12-19,17.06,17.0600,1478.75,0.01153677
2019-12-20,17.18,17.1800,1477.58,0.01162712
2019-12-23,17.45,17.4500,1485.77,0.01174475
2019-12-24,17.7825,17.7825,1499.56,0.01185848
2019-12-26,17.9,17.9000,1511.29,0.01184419
2019-12-27,17.75,17.7500,1510.86,0.01174828
2019-12-30,17.93,17.9300,1515.12,0.01183405
2019-12-31,17.853,17.8530,1517.305,0.01176626
2020-01-02,18.02,18.0200,1529.14,0.01178440
2020-01-03,18.02,18.0200,1549.02,0.01163316
2020-01-06,18.15,18.1500,1565.74,0.01159196
2020-01-07,18.4055,18.4055,1574.26,0.01169152
2020-01-08,18.1,18.1000,1556.42,0.01162925
2020-01-09,17.9,17.9000,1552.39,0.01153061
2020-01-10,18.0795,18.0795,1560.3,0.01158719
2020-01-13,17.96,17.9600,1547.89,0.01160289
2020-01-14,17.8,17.8000,1546.44,0.01151031
2020-01-15,18.0055,18.0055,1556.29,0.01156950
2020-01-16,17.94,17.9400,1552.48,0.01155570
2020-01-17,18.02,18.0200,1557.07,0.01157302
2020-01-20,18.0665,18.0665,1560.62,0.01157649
2020-01-21,17.79,17.7900,1558.21,0.01141695
2020-01-22,17.8375,17.8375,1558.9,0.01144236
2020-01-23,17.8,17.8000,1562.91,0.01138901
2020-01-24,18.12,18.1200,1571.66,0.01152921
2020-01-27,18.1,18.1000,1582.04,0.01144092
2020-01-28,17.47,17.4700,1567.29,0.01114663
2020-01-29,17.56,17.5600,1576.82,0.01113634
2020-01-30,17.837,17.8370,1574.47,0.01132889
2020-01-31,18.0315,18.0315,1586.88,0.01136286
2020-02-03,17.68,17.6800,1576.74,0.01121301
2020-02-04,17.59,17.5900,1552.91,0.01132712
2020-02-05,17.61,17.6100,1555.99,0.01131755
2020-02-06,17.82,17.8200,1566.73,0.01137401
2020-02-07,17.71,17.7100,1570.19,0.01127889
2020-02-10,17.77,17.7700,1572.15,0.01130299
2020-02-11,17.65,17.6500,1567.93,0.01125688
2020-02-12,17.49,17.4900,1566.09,0.01116794
2020-02-13,17.65,17.6500,1576.01,0.01119917
2020-02-14,17.7295,17.7295,1582.65,0.01120241
2020-02-17,17.7855,17.7855,1581.3,0.01124739
2020-02-18,18.17,18.1700,1601.62,0.01134476
2020-02-19,18.435,18.4350,1611.76,0.01143781
2020-02-20,18.367,18.3670,1619.63,0.01134024
2020-02-21,18.5,18.5000,1643.37,0.01125736
2020-02-24,18.64,18.6400,1659.41,0.01123291
2020-02-25,18,18.0000,1635.21,0.01100776
2020-02-26,17.92,17.9200,1640.98,0.01092030
2020-02-27,17.7775,17.7775,1645,0.01080699
2020-02-28,16.62,16.6200,1577.4,0.01053633
2020-03-02,16.73,16.7300,1589.37,0.01052618
2020-03-03,17.22,17.2200,1640.92,0.01049411
2020-03-04,17.22,17.2200,1636.97,0.01051944
2020-03-05,17.44,17.4400,1672.21,0.01042931
2020-03-06,17.33,17.3300,1673.21,0.01035734
2020-03-09,17.025,17.0250,1678.8,0.01014117
2020-03-10,16.8925,16.8925,1650.35,0.01023571
2020-03-11,16.7705,16.7705,1637.57,0.01024109
2020-03-12,15.8485,15.8485,1577.89,0.01004411
2020-03-13,14.7,14.7000,1529.75,0.00960941
2020-03-16,12.8155,12.8155,1500.985,0.00853806
2020-03-17,12.6545,12.6545,1530.37,0.00826892
2020-03-18,11.9545,11.9545,1476.99,0.00809383
2020-03-19,12.1165,12.1165,1471.175,0.00823593
2020-03-20,12.6,12.6000,1497.36,0.00841481
2020-03-23,13.2735,13.2735,1556.695,0.00852672
2020-03-24,14.414,14.4140,1630.05,0.00884267
2020-03-25,14.5135,14.5135,1613.095,0.00899730
2020-03-26,14.3965,14.3965,1627.46,0.00884599
2020-03-27,14.5025,14.5025,1620.75,0.00894802
2020-03-30,14.05,14.0500,1622.6,0.00865894
2020-03-31,13.978,13.9780,1575.15,0.00887408
2020-04-01,13.96,13.9600,1591.81,0.00876989
2020-04-02,14.49,14.4900,1613.65,0.00897964
2020-04-03,14.4,14.4000,1622.39,0.00887579
2020-04-06,15.02,15.0200,1662.1,0.00903676
2020-04-07,15.0175,15.0175,1648.9,0.00910759
2020-04-08,14.97,14.9700,1646,0.00909478
2020-04-09,15.44,15.4400,1683.25,0.00917273
2020-04-13,15.42,15.4200,1715.07,0.00899089
2020-04-14,15.75,15.7500,1727.15,0.00911907
2020-04-15,15.45,15.4500,1717.13,0.00899757
2020-04-16,15.49,15.4900,1717.7,0.00901787
2020-04-17,15.17,15.1700,1684.1,0.00900778
2020-04-20,15.312,15.3120,1696.05,0.00902804
2020-04-21,14.89,14.8900,1686.1,0.00883103
2020-04-22,15.09,15.0900,1714.12,0.00880335
2020-04-23,15.24,15.2400,1730.33,0.00880757
2020-04-24,15.24,15.2400,1728.03,0.00881929
2020-04-27,15.2145,15.2145,1714.135,0.00887591
2020-04-28,15.17,15.1700,1708.08,0.00888132
2020-04-29,15.29,15.2900,1713.32,0.00892419
2020-04-30,14.961,14.9610,1686.855,0.00886917
2020-05-01,14.95,14.9500,1699.23,0.00879810
2020-05-04,14.79,14.7900,1701.74,0.00869110
2020-05-05,14.96,14.9600,1705.93,0.00876941
2020-05-06,14.85,14.8500,1685.78,0.00880898
2020-05-07,15.34,15.3400,1715.94,0.00893971
2020-05-08,15.51,15.5100,1707.15,0.00908532
2020-05-11,15.49,15.4900,1698,0.00912250
2020-05-12,15.45,15.4500,1702.82,0.00907318
2020-05-13,15.57,15.5700,1715.08,0.00907829
2020-05-14,15.87,15.8700,1730.22,0.00917224
2020-05-15,16.62,16.6200,1742.98,0.00953539
2020-05-18,16.979,16.9790,1732.275,0.00980156
2020-05-19,17.347,17.3470,1745.07,0.00994058
2020-05-20,17.55,17.5500,1748.32,0.01003821
2020-05-21,17.11,17.1100,1727.38,0.00990517
2020-05-22,17.18,17.1800,1735.38,0.00989985
2020-05-25,17.185,17.1850,1730.68,0.00992962
2020-05-26,17.131,17.1310,1711.13,0.01001151
2020-05-27,17.24,17.2400,1709.4,0.01008541
2020-05-28,17.37,17.3700,1718.64,0.01010683
2020-05-29,17.86,17.8600,1731.5,0.01031476
2020-06-01,18.31,18.3100,1739.58,0.01052553
2020-06-02,18.07,18.0700,1727.76,0.01045863
2020-06-03,17.65,17.6500,1699.75,0.01038388
2020-06-04,17.71,17.7100,1714.09,0.01033201
2020-06-05,17.4,17.4000,1681.82,0.01034593
2020-06-08,17.77,17.7700,1698.47,0.01046236
2020-06-09,17.52,17.5200,1715.28,0.01021408
2020-06-10,18.11,18.1100,1737.76,0.01042146
2020-06-11,17.635,17.6350,1727.12,0.01021064
2020-06-12,17.5,17.5000,1731.37,0.01010760
2020-06-15,17.38,17.3800,1725.11,0.01007472
2020-06-16,17.46,17.4600,1726.72,0.01011166
2020-06-17,17.5,17.5000,1726.82,0.01013424
2020-06-18,17.39,17.3900,1722.82,0.01009392
2020-06-19,17.66,17.6600,1742.52,0.01013475
2020-06-22,17.71,17.7100,1754.44,0.01009439
2020-06-23,17.95,17.9500,1768.38,0.01015053
2020-06-24,17.5,17.5000,1760.92,0.00993799
2020-06-25,17.8,17.8000,1763.72,0.01009230
2020-06-26,17.83,17.8300,1770.97,0.01006793
2020-06-29,17.86,17.8600,1772.92,0.01007378
2020-06-30,18.2,18.2000,1780.96,0.01021921
2020-07-01,18.01,18.0100,1770.15,0.01017428
2020-07-02,17.96,17.9600,1775.33,0.01011643
2020-07-03,18.0485,18.0485,1775.725,0.01016402
2020-07-06,18.27,18.2700,1784.55,0.01023788
2020-07-07,18.27,18.2700,1794.85,0.01017912
2020-07-08,18.71,18.7100,1808.87,0.01034347
2020-07-09,18.64,18.6400,1803.56,0.01033511
2020-07-10,18.72,18.7200,1799.54,0.01040266
2020-07-13,19.08,19.0800,1802.69,0.01058418
2020-07-14,19.21,19.2100,1809.33,0.01061719
2020-07-15,19.41,19.4100,1810.26,0.01072222
2020-07-16,19.17,19.1700,1797.22,0.01066647
2020-07-17,19.33,19.3300,1810.12,0.01067885
2020-07-20,19.9,19.9000,1817.83,0.01094712
2020-07-21,21.3,21.3000,1841.77,0.01156496
2020-07-22,23,23.0000,1872.97,0.01227996
2020-07-23,22.598,22.5980,1887.175,0.01197451
2020-07-24,22.7525,22.7525,1902.59,0.01195870
2020-07-27,24.6,24.6000,1940.18,0.01267924
2020-07-28,24.42,24.4200,1960.38,0.01245677
2020-07-29,24.31,24.3100,1969.48,0.01234336
2020-07-30,23.5,23.5000,1951.13,0.01204430
2020-07-31,24.32,24.3200,1974.2,0.01231891
2020-08-03,24.33,24.3300,1976.85,0.01230746
2020-08-04,26.01,26.0100,2016.51,0.01289852
2020-08-05,26.959,26.9590,2038.635,0.01322404
2020-08-06,28.92,28.9200,2065.35,0.01400247
2020-08-07,28.09,28.0900,2031.69,0.01382593
2020-08-10,29.13,29.1300,2027.6,0.01436674
2020-08-11,24.803,24.8030,1912.05,0.01297194
2020-08-12,25.513,25.5130,1916.125,0.01331489
2020-08-13,27.6,27.6000,1954.13,0.01412393
2020-08-14,26.4,26.4000,1943.52,0.01358360
2020-08-17,27.39,27.3900,1981.05,0.01382600
2020-08-18,27.67,27.6700,1997.75,0.01385058
2020-08-19,26.7,26.7000,1935.93,0.01379182
2020-08-20,27.24,27.2400,1947.87,0.01398451
2020-08-21,26.72,26.7200,1938.02,0.01378727
2020-08-24,26.609,26.6090,1928.845,0.01379530
2020-08-25,26.54,26.5400,1928.46,0.01376228
2020-08-26,27.51,27.5100,1954.2,0.01407737
2020-08-27,27.02,27.0200,1925.41,0.01403337
2020-08-28,27.51,27.5100,1963.49,0.01401077
2020-08-31,28.14,28.1400,1967.82,0.01430009
2020-09-01,28.11,28.1100,1970.42,0.01426599
2020-09-02,27.447,27.4470,1943.06,0.01412566
2020-09-03,26.572,26.5720,1930.675,0.01376306
2020-09-04,26.91,26.9100,1934.81,0.01390834
2020-09-07,26.855,26.8550,1928.385,0.01392616
2020-09-08,26.66,26.6600,1931.68,0.01380146
2020-09-09,26.98,26.9800,1946.79,0.01385871
2020-09-10,26.88,26.8800,1946.06,0.01381252
2020-09-11,26.7755,26.7755,1942.445,0.01378443
2020-09-14,27.11,27.1100,1956.39,0.01385716
2020-09-15,27.14,27.1400,1954.05,0.01388910
2020-09-16,27.165,27.1650,1959.84,0.01386083
2020-09-17,27.02,27.0200,1944,0.01389918
2020-09-18,26.81,26.8100,1950.94,0.01374209
2020-09-21,24.73,24.7300,1912.58,0.01293018
2020-09-22,24.38,24.3800,1900.05,0.01283124
2020-09-23,22.775,22.7750,1863.6,0.01222097
2020-09-24,23.14,23.1400,1867.83,0.01238871
2020-09-25,22.9,22.9000,1862.66,0.01229425
2020-09-28,23.688,23.6880,1881.56,0.01258955
2020-09-29,24.1815,24.1815,1896.56,0.01275019
2020-09-30,23.23,23.2300,1885.8,0.01231838
2020-10-01,23.79,23.7900,1906.05,0.01248131
2020-10-02,23.7635,23.7635,1901.81,0.01249520
2020-10-05,24.3615,24.3615,1913.56,0.01273098
2020-10-06,23.07,23.0700,1878.07,0.01228389
2020-10-07,23.81,23.8100,1887.4,0.01261524
2020-10-08,23.84,23.8400,1893.77,0.01258865
2020-10-09,25.15,25.1500,1928.47,0.01304143
2020-10-12,25.1,25.1000,1922.64,0.01305497
2020-10-13,24.13,24.1300,1891.11,0.01275970
2020-10-14,24.2625,24.2625,1901.83,0.01275745
2020-10-15,24.2795,24.2795,1908.16,0.01272404
2020-10-16,24.14,24.1400,1899.34,0.01270968
2020-10-19,24.39,24.3900,1904.36,0.01280745
2020-10-20,24.62,24.6200,1906.44,0.01291412
2020-10-21,25.0425,25.0425,1924.685,0.01301122
2020-10-22,24.71,24.7100,1904.07,0.01297746
2020-10-23,24.62,24.6200,1903.55,0.01293373
2020-10-26,24.2915,24.2915,1902.385,0.01276897
2020-10-27,24.3715,24.3715,1907.77,0.01277486
2020-10-28,23.3995,23.3995,1876.675,0.01246859
2020-10-29,23.2805,23.2805,1868.57,0.01245899
2020-10-30,23.65,23.6500,1878.38,0.01259064
2020-11-02,24.1,24.1000,1895.8,0.01271231
2020-11-03,24.23,24.2300,1909.73,0.01268766
2020-11-04,23.9,23.9000,1902.99,0.01255918
2020-11-05,25.37,25.3700,1949.74,0.01301199
2020-11-06,25.58,25.5800,1951.76,0.01310612
2020-11-09,24.1,24.1000,1862.86,0.01293710
2020-11-10,24.24,24.2400,1877.26,0.01291244
2020-11-11,24.28,24.2800,1865.64,0.01301430
2020-11-12,24.29,24.2900,1877.01,0.01294079
2020-11-13,24.63,24.6300,1887.84,0.01304666
2020-11-16,24.77,24.7700,1888.99,0.01311283
2020-11-17,24.49,24.4900,1880.55,0.01302279
2020-11-18,24.34,24.3400,1872.48,0.01299880
2020-11-19,24.049,24.0490,1866.59,0.01288392
2020-11-20,24.2,24.2000,1873.16,0.01291934
2020-11-23,23.6,23.6000,1837.86,0.01284102
2020-11-24,23.27,23.2700,1807.53,0.01287392
2020-11-25,23.3365,23.3365,1807.625,0.01291003
2020-11-26,23.3295,23.3295,1810.31,0.01288702
2020-11-27,22.6915,22.6915,1787.215,0.01269657
2020-11-30,22.63,22.6300,1776.77,0.01273660
2020-12-01,24.0045,24.0045,1815.21,0.01322409
2020-12-02,24.09,24.0900,1830.61,0.01315955
2020-12-03,24.06,24.0600,1841.04,0.01306870
2020-12-04,24.17,24.1700,1836.52,0.01316076
2020-12-07,24.49,24.4900,1862.31,0.01315033
2020-12-08,24.55,24.5500,1870.41,0.01312546
2020-12-09,23.96,23.9600,1840.06,0.01302131
2020-12-10,23.99,23.9900,1836.79,0.01306083
2020-12-11,23.96,23.9600,1839.5,0.01302528
2020-12-14,23.84,23.8400,1827.12,0.01304786
2020-12-15,24.5,24.5000,1853.36,0.01321923
2020-12-16,25.35,25.3500,1864.91,0.01359315
2020-12-17,26.0675,26.0675,1885.595,0.01382455
2020-12-18,25.7725,25.7725,1881.27,0.01369952
2020-12-21,26.17,26.1700,1876.76,0.01394424
2020-12-22,25.19,25.1900,1860.32,0.01354068
2020-12-23,25.56,25.5600,1873.21,0.01364503
2020-12-24,25.7945,25.7945,1879.82,0.01372179
2020-12-28,26.26,26.2600,1873.96,0.01401311
2020-12-29,26.21,26.2100,1878.41,0.01395329
2020-12-30,26.68,26.6800,1894.58,0.01408228
2020-12-31,26.389,26.3890,1898.705,0.01389842
2021-01-04,27.24,27.2400,1942.78,0.01402114
2021-01-05,27.58,27.5800,1950.18,0.01414228
2021-01-06,27.3,27.3000,1919.48,0.01422260
2021-01-07,27.13,27.1300,1913.25,0.01418006
2021-01-08,25.31,25.3100,1848.61,0.01369137
2021-01-11,24.91,24.9100,1843.73,0.01351066
2021-01-12,25.55,25.5500,1854.75,0.01377544
2021-01-13,25.21,25.2100,1845.12,0.01366307
2021-01-14,25.51,25.5100,1845.87,0.01382004
2021-01-15,24.71,24.7100,1825.57,0.01353550
2021-01-18,24.9715,24.9715,1837.585,0.01358930
2021-01-19,25.22,25.2200,1839.96,0.01370682
2021-01-20,25.84,25.8400,1871.4,0.01380784
2021-01-21,25.9375,25.9375,1869.83,0.01387158
2021-01-22,25.45,25.4500,1853.87,0.01372804
2021-01-25,25.34,25.3400,1855.95,0.01365339
2021-01-26,25.48,25.4800,1850.81,0.01376695
2021-01-27,25.27,25.2700,1843.56,0.01370718
2021-01-28,26.47,26.4700,1842.43,0.01436690
2021-01-29,26.91,26.9100,1842.81,0.01460270
2021-02-01,29.04,29.0400,1860.61,0.01560778
2021-02-02,26.7,26.7000,1837.97,0.01452690
2021-02-03,26.89,26.8900,1834.08,0.01466130
2021-02-04,26.37,26.3700,1794.33,0.01469629
2021-02-05,26.86,26.8600,1810.95,0.01483199
2021-02-08,27.27,27.2700,1830.61,0.01489667
2021-02-09,27.27,27.2700,1838.59,0.01483202
2021-02-10,27.023,27.0230,1843.255,0.01466048
2021-02-11,26.98,26.9800,1825.7,0.01477789
2021-02-12,27.26,27.2600,1821.29,0.01496741
2021-02-15,27.595,27.5950,1818.855,0.01517163
2021-02-16,27.24,27.2400,1794.46,0.01518005
2021-02-17,27.3915,27.3915,1776.44,0.01541932
2021-02-18,27.03,27.0300,1775.84,0.01522097
2021-02-19,27.19,27.1900,1781.43,0.01526302
2021-02-22,28.14,28.1400,1809.36,0.01555246
2021-02-23,27.68,27.6800,1805.67,0.01532949
2021-02-24,27.99,27.9900,1805.47,0.01550289
2021-02-25,27.45,27.4500,1770.75,0.01550191
2021-02-26,26.55,26.5500,1727.48,0.01536921
2021-03-01,26.58,26.5800,1724.95,0.01540914
2021-03-02,26.76,26.7600,1738.48,0.01539276
2021-03-03,26.09,26.0900,1711.04,0.01524804
2021-03-04,25.36,25.3600,1697.5,0.01493962
2021-03-05,25.18,25.1800,1698.33,0.01482633
2021-03-08,25.13,25.1300,1683.6,0.01492635
2021-03-09,25.93,25.9300,1716.17,0.01510923
2021-03-10,26.21,26.2100,1726.72,0.01517907
2021-03-11,26.13,26.1300,1722.6,0.01516893
2021-03-12,25.9,25.9000,1724.54,0.01501850
2021-03-15,26.2485,26.2485,1732.16,0.01515362
2021-03-16,25.9605,25.9605,1732.485,0.01498455
2021-03-17,26.3835,26.3835,1747.38,0.01509889
2021-03-18,26.0595,26.0595,1736.18,0.01500968
2021-03-19,26.24,26.2400,1745,0.01503725
2021-03-22,25.7895,25.7895,1739.695,0.01482415
2021-03-23,25.0595,25.0595,1727.48,0.01450639
2021-03-24,25.1095,25.1095,1734.765,0.01447429
2021-03-25,25.0915,25.0915,1727.855,0.01452176
2021-03-26,25.07,25.0700,1732.57,0.01446983
2021-03-29,24.6475,24.6475,1712.21,0.01439514
2021-03-30,24.02,24.0200,1685.195,0.01425354
2021-03-31,24.416,24.4160,1707.65,0.01429801
2021-04-01,24.959,24.9590,1729.7,0.01442967
2021-04-05,24.88,24.8800,1728.33,0.01439540
2021-04-06,25.164,25.1640,1743.3,0.01443469
2021-04-07,25.15,25.1500,1737.7,0.01447315
2021-04-08,25.45,25.4500,1755.6,0.01449647
2021-04-09,25.25,25.2500,1742.98,0.01448668
2021-04-12,24.816,24.8160,1732.85,0.01432092
2021-04-13,25.343,25.3430,1745.34,0.01452038
2021-04-14,25.422,25.4220,1736.45,0.01464021
2021-04-15,25.849,25.8490,1763.64,0.01465662
2021-04-16,25.96,25.9600,1775.98,0.01461728
2021-04-19,25.825,25.8250,1771.45,0.01457845
2021-04-20,25.845,25.8450,1778.91,0.01452856
2021-04-21,26.555,26.5550,1793.65,0.01480501
2021-04-22,26.155,26.1550,1784.16,0.01465956
2021-04-23,26,26.0000,1776.3,0.01463717
2021-04-26,26.22,26.2200,1781.25,0.01472000
2021-04-27,26.263,26.2630,1776.65,0.01478232
2021-04-28,26.205,26.2050,1781.63,0.01470844
2021-04-29,26.1,26.1000,1772.03,0.01472887
2021-04-30,25.87,25.8700,1767.94,0.01463285
2021-05-03,26.9105,26.9105,1792.995,0.01500869
2021-05-04,26.515,26.5150,1778.78,0.01490628
2021-05-05,26.495,26.4950,1786.86,0.01482769
2021-05-06,27.308,27.3080,1814.96,0.01504606
2021-05-07,27.45,27.4500,1832.13,0.01498256
2021-05-10,27.305,27.3050,1836.15,0.01487079
2021-05-11,27.62,27.6200,1837.49,0.01503137
2021-05-12,27.021,27.0210,1815.41,0.01488424
2021-05-13,27.0935,27.0935,1826.5,0.01483356
2021-05-14,27.41,27.4100,1842.74,0.01487459
2021-05-17,28.178,28.1780,1866.85,0.01509387
2021-05-18,28.195,28.1950,1869.55,0.01508117
2021-05-19,27.735,27.7350,1869.52,0.01483536
2021-05-20,27.765,27.7650,1877.22,0.01479049
2021-05-21,27.53,27.5300,1879.9,0.01464440
2021-05-24,27.77,27.7700,1880.88,0.01476437
2021-05-25,27.996,27.9960,1899.16,0.01474125
2021-05-26,27.68,27.6800,1896.79,0.01459308
2021-05-27,27.849,27.8490,1896.37,0.01468543
2021-05-28,27.93,27.9300,1904.85,0.01466257
2021-05-31,28.0395,28.0395,1906.75,0.01470539
2021-06-01,27.893,27.8930,1900.3,0.01467821
2021-06-02,28.173,28.1730,1908.28,0.01476356
2021-06-03,27.4305,27.4305,1870.59,0.01466409
2021-06-04,27.78,27.7800,1891.53,0.01468652
2021-06-07,27.889,27.8890,1899.25,0.01468422
2021-06-08,27.609,27.6090,1892.91,0.01458548
2021-06-09,27.77,27.7700,1888.62,0.01470386
2021-06-10,27.996,27.9960,1898.33,0.01474770
2021-06-11,27.9125,27.9125,1876.63,0.01487374
2021-06-14,27.86,27.8600,1866.19,0.01492881
2021-06-15,27.66,27.6600,1858.8,0.01488057
2021-06-16,26.986,26.9860,1811.75,0.01489499
2021-06-17,25.906,25.9060,1773.29,0.01460900
2021-06-18,25.7625,25.7625,1762.06,0.01462067
2021-06-21,25.955,25.9550,1783.15,0.01455570
2021-06-22,25.768,25.7680,1778.7,0.01448698
2021-06-23,25.88,25.8800,1778.7,0.01454995
2021-06-24,25.934,25.9340,1775.15,0.01460947
2021-06-25,26.07,26.0700,1779.39,0.01465109
2021-06-28,26.098,26.0980,1778.37,0.01467524
2021-06-29,25.775,25.7750,1761.17,0.01463516
2021-06-30,26.138,26.1380,1770.21,0.01476548
2021-07-01,26.026,26.0260,1776.76,0.01464801
2021-07-02,26.48,26.4800,1787.97,0.01481009
2021-07-05,26.4775,26.4775,1791.745,0.01477749
2021-07-06,26.152,26.1520,1797.02,0.01455298
2021-07-07,26.14,26.1400,1803.65,0.01449283
2021-07-08,25.928,25.9280,1802.71,0.01438279
2021-07-09,26.12,26.1200,1808.33,0.01444427
2021-07-12,26.195,26.1950,1806.18,0.01450298
2021-07-13,25.981,25.9810,1807.7,0.01437241
2021-07-14,26.2455,26.2455,1827.41,0.01436213
2021-07-15,26.345,26.3450,1829.49,0.01440019
2021-07-16,25.66,25.6600,1811.01,0.01416889
2021-07-19,25.176,25.1760,1812.23,0.01389228
2021-07-20,24.94,24.9400,1810.27,0.01377695
2021-07-21,25.262,25.2620,1803.51,0.01400713
2021-07-22,25.4285,25.4285,1806.93,0.01407276
2021-07-23,25.1865,25.1865,1801.45,0.01398124
2021-07-26,25.19,25.1900,1797.48,0.01401406
2021-07-27,24.689,24.6890,1798.96,0.01372404
2021-07-28,24.968,24.9680,1807.15,0.01381623
2021-07-29,25.513,25.5130,1828.17,0.01395549
2021-07-30,25.48,25.4800,1813.91,0.01404700
2021-08-02,25.406,25.4060,1813.33,0.01401069
2021-08-03,25.525,25.5250,1810.5,0.01409832
2021-08-04,25.391,25.3910,1812.08,0.01401207
2021-08-05,25.1455,25.1455,1804.355,0.01393600
2021-08-06,24.3095,24.3095,1760.33,0.01380963
2021-08-09,23.447,23.4470,1729.7,0.01355553
2021-08-10,23.341,23.3410,1729.15,0.01349854
2021-08-11,23.545,23.5450,1751.73,0.01344100
2021-08-12,23.181,23.1810,1752.66,0.01322618
2021-08-13,23.72,23.7200,1778.57,0.01333656
2021-08-16,23.844,23.8440,1787.25,0.01334117
2021-08-17,23.658,23.6580,1786.06,0.01324592
2021-08-18,23.515,23.5150,1787.74,0.01315348
2021-08-19,23.245,23.2450,1780.13,0.01305804
2021-08-20,23.04,23.0400,1782.18,0.01292799
2021-08-23,23.638,23.6380,1805.5,0.01309222
2021-08-24,23.868,23.8680,1802.95,0.01323830
2021-08-25,23.839,23.8390,1790.9,0.01331118
2021-08-26,23.554,23.5540,1792.09,0.01314331
2021-08-27,24.07,24.0700,1818.45,0.01323655
2021-08-30,24.0365,24.0365,1810.16,0.01327866
2021-08-31,23.8915,23.8915,1813.47,0.01317447
2021-09-01,24.1455,24.1455,1813.83,0.01331189
2021-09-02,23.897,23.8970,1809.565,0.01320594
2021-09-03,24.7095,24.7095,1828.65,0.01351243
2021-09-06,24.6945,24.6945,1823.37,0.01354333
2021-09-07,24.3195,24.3195,1794.4,0.01355300
2021-09-08,23.9395,23.9395,1789.23,0.01337978
2021-09-09,24.0415,24.0415,1794.5,0.01339733
2021-09-10,23.7555,23.7555,1787.9,0.01328682
2021-09-13,23.7455,23.7455,1793.63,0.01323880
2021-09-14,23.8595,23.8595,1804.61,0.01322142
2021-09-15,23.8465,23.8465,1793.775,0.01329403
2021-09-16,22.9065,22.9065,1753.41,0.01306397
2021-09-17,22.3935,22.3935,1751.65,0.01278423
2021-09-20,22.2745,22.2745,1764.095,0.01262659
2021-09-21,22.4925,22.4925,1774.19,0.01267762
2021-09-22,22.6985,22.6985,1768.205,0.01283703
2021-09-23,22.5145,22.5145,1742.76,0.01291888
2021-09-24,22.3725,22.3725,1746.72,0.01280829
2021-09-27,22.629,22.6290,1750.085,0.01293023
2021-09-28,22.4585,22.4585,1733.93,0.01295237
2021-09-29,21.5345,21.5345,1726.35,0.01247401
2021-09-30,22.1755,22.1755,1756.895,0.01262198
2021-10-01,22.5015,22.5015,1760.07,0.01278443
2021-10-04,22.6815,22.6815,1769.44,0.01281846
2021-10-05,22.6215,22.6215,1759.96,0.01285342
2021-10-06,22.6195,22.6195,1762.65,0.01283267
2021-10-07,22.5905,22.5905,1755.17,0.01287083
2021-10-08,22.6465,22.6465,1756.88,0.01289018
2021-10-11,22.5825,22.5825,1754.2,0.01287339
2021-10-12,22.5625,22.5625,1760.11,0.01281880
2021-10-13,23.0915,23.0915,1793.05,0.01287834
2021-10-14,23.5185,23.5185,1796.01,0.01309486
2021-10-15,23.3225,23.3225,1768.33,0.01318900
2021-10-18,23.1965,23.1965,1764.87,0.01314346
2021-10-19,23.6675,23.6675,1769.54,0.01337494
2021-10-20,24.2985,24.2985,1782.04,0.01363522
2021-10-21,24.1535,24.1535,1782.83,0.01354784
2021-10-22,24.3335,24.3335,1794.13,0.01356284
2021-10-25,24.5715,24.5715,1807.73,0.01359246
2021-10-26,24.1555,24.1555,1792.85,0.01347324
2021-10-27,24.0655,24.0655,1797,0.01339204
2021-10-28,24.0755,24.0755,1798.86,0.01338375
2021-10-29,23.8785,23.8785,1782.82,0.01339367
2021-11-01,24.0135,24.0135,1791.87,0.01340136
2021-11-02,23.5165,23.5165,1787.09,0.01315910
2021-11-03,23.5905,23.5905,1773.85,0.01329904
2021-11-04,23.7745,23.7745,1791.43,0.01327124
2021-11-05,24.1635,24.1635,1818.215,0.01328968
2021-11-08,24.4575,24.4575,1824.32,0.01340637
2021-11-09,24.3085,24.3085,1831.83,0.01327006
2021-11-10,24.6395,24.6395,1849.36,0.01332326
2021-11-11,25.2555,25.2555,1862,0.01356364
2021-11-12,25.3045,25.3045,1866.08,0.01356024
2021-11-15,25.0645,25.0645,1862.8,0.01345528
2021-11-16,24.8325,24.8325,1850.43,0.01341985
2021-11-17,25.0845,25.0845,1867.43,0.01343263
2021-11-18,24.8055,24.8055,1858.91,0.01334411
2021-11-19,24.5865,24.5865,1846.97,0.01331180
2021-11-22,24.1845,24.1845,1804.8,0.01340010
2021-11-23,23.6595,23.6595,1789.12,0.01322410
2021-11-24,23.5505,23.5505,1788.64,0.01316671
2021-11-25,23.6015,23.6015,1788.635,0.01319526
2021-11-26,23.1435,23.1435,1791.875,0.01291580
2021-11-29,22.9065,22.9065,1784.71,0.01283486
2021-11-30,22.8385,22.8385,1774.96,0.01286705
2021-12-01,22.3345,22.3345,1781.87,0.01253430
2021-12-02,22.3855,22.3855,1768.3,0.01265933
2021-12-03,22.5455,22.5455,1782.96,0.01264498
2021-12-06,22.3875,22.3875,1778.48,0.01258800
2021-12-07,22.4995,22.4995,1784.17,0.01261063
2021-12-08,22.4325,22.4325,1783.09,0.01258069
2021-12-09,21.9615,21.9615,1775.17,0.01237149
2021-12-10,22.1765,22.1765,1782.9,0.01243844
2021-12-13,22.3345,22.3345,1786.68,0.01250056
2021-12-14,21.9485,21.9485,1770.7,0.01239538
2021-12-15,22.0895,22.0895,1777.13,0.01242987
2021-12-16,22.4815,22.4815,1799.23,0.01249507
2021-12-17,22.3635,22.3635,1796.14,0.01245087
2021-12-20,22.2655,22.2655,1790.9,0.01243258
2021-12-21,22.5155,22.5155,1788.97,0.01258573
2021-12-22,22.7995,22.7995,1803.66,0.01264069
2021-12-23,22.8815,22.8815,1808.57,0.01265171
2021-12-27,23.0595,23.0595,1811.97,0.01272620
2021-12-28,23.0145,23.0145,1806.15,0.01274230
2021-12-29,22.8285,22.8285,1804.38,0.01265171
2021-12-30,23.0415,23.0415,1814.69,0.01269721
2021-12-31,23.2665,23.2665,1829.5,0.01271741
2022-01-03,22.8985,22.8985,1801.32,0.01271207
2022-01-04,23.0495,23.0495,1814.64,0.01270197
2022-01-05,22.7965,22.7965,1810.29,0.01259273
2022-01-06,22.1945,22.1945,1790.98,0.01239238
2022-01-07,22.3065,22.3065,1795.81,0.01242141
2022-01-10,22.4685,22.4685,1801.74,0.01247045
2022-01-11,22.7815,22.7815,1821.54,0.01250673
2022-01-12,23.1435,23.1435,1826.27,0.01267255
2022-01-13,23.0875,23.0875,1822.7,0.01266665
2022-01-14,22.9445,22.9445,1816.6,0.01263046
2022-01-17,23.0245,23.0245,1819.255,0.01265600
2022-01-18,23.4795,23.4795,1813.81,0.01294485
2022-01-19,24.1445,24.1445,1840.56,0.01311802
2022-01-20,24.4755,24.4755,1839.6,0.01330479
2022-01-21,24.2285,24.2285,1831.78,0.01322675
2022-01-24,23.9825,23.9825,1843.17,0.01301155
2022-01-25,23.8125,23.8125,1848.15,0.01288451
2022-01-26,23.5265,23.5265,1819.45,0.01293056
2022-01-27,22.7765,22.7765,1797.2,0.01267333
2022-01-28,22.4075,22.4075,1788.87,0.01252606
2022-01-31,22.4685,22.4685,1797.35,0.01250090
2022-02-01,22.6405,22.6405,1801.11,0.01257030
2022-02-02,22.6545,22.6545,1806.9,0.01253777
2022-02-03,22.4225,22.4225,1804.86,0.01242340
2022-02-04,22.5035,22.5035,1808.13,0.01244573
2022-02-07,23.0105,23.0105,1820.54,0.01263938
2022-02-08,23.1895,23.1895,1826.03,0.01269941
2022-02-09,23.3135,23.3135,1832.99,0.01271884
2022-02-10,23.1965,23.1965,1826.68,0.01269872
2022-02-11,23.6125,23.6125,1861.27,0.01268623
2022-02-14,23.8525,23.8525,1871.42,0.01274567
2022-02-15,23.3655,23.3655,1853.55,0.01260581
2022-02-16,23.5895,23.5895,1869.61,0.01261734
2022-02-17,23.8345,23.8345,1898.4,0.01255505
2022-02-18,23.9265,23.9265,1897.03,0.01261261
2022-02-21,23.9575,23.9575,1904.075,0.01258222
2022-02-22,24.1055,24.1055,1898.49,0.01269720
2022-02-23,24.5515,24.5515,1909.19,0.01285964
2022-02-24,24.2225,24.2225,1904.1,0.01272123
2022-02-25,24.2475,24.2475,1890.79,0.01282400
2022-02-28,24.4525,24.4525,1908.82,0.01281027
2022-03-01,25.3745,25.3745,1945.135,0.01304511
2022-03-02,25.3005,25.3005,1928.67,0.01311811
2022-03-03,25.1835,25.1835,1936.31,0.01300592
2022-03-04,25.5905,25.5905,1967.46,0.01300687
2022-03-07,25.6755,25.6755,1997.7,0.01285253
2022-03-08,26.412,26.4120,2050.01,0.01288384
2022-03-09,25.7795,25.7795,1991.97,0.01294171
2022-03-10,25.9175,25.9175,1996.87,0.01297906
2022-03-11,25.8215,25.8215,1982.68,0.01302353
2022-03-14,25.1005,25.1005,1953.71,0.01284761
2022-03-15,24.8815,24.8815,1916.26,0.01298441
2022-03-16,25.0625,25.0625,1925.71,0.01301468
2022-03-17,25.3345,25.3345,1941.27,0.01305048
2022-03-18,24.9715,24.9715,1921.13,0.01299834
2022-03-21,25.2295,25.2295,1936.24,0.01303015
2022-03-22,24.7795,24.7795,1920.87,0.01290014
2022-03-23,25.1505,25.1505,1945.21,0.01292945
2022-03-24,25.5475,25.5475,1958.42,0.01304495
2022-03-25,25.5245,25.5245,1958.16,0.01303494
2022-03-28,24.8745,24.8745,1922.78,0.01293674
2022-03-29,24.7775,24.7775,1919.48,0.01290844
2022-03-30,24.8665,24.8665,1932.71,0.01286613
2022-03-31,24.7925,24.7925,1937.27,0.01279765
2022-04-01,24.6035,24.6035,1922.73,0.01279613
2022-04-04,24.5355,24.5355,1932.74,0.01269467
2022-04-05,24.3295,24.3295,1923.495,0.01264859
2022-04-06,24.4585,24.4585,1925.355,0.01270337
2022-04-07,24.5905,24.5905,1931.575,0.01273080
2022-04-08,24.7265,24.7265,1944.185,0.01271818
2022-04-11,25.0915,25.0915,1953.765,0.01284264
2022-04-12,25.3755,25.3755,1966.615,0.01290314
2022-04-13,25.7405,25.7405,1978.185,0.01301218
2022-04-14,25.65,25.6500,1973.495,0.01299725
2022-04-18,25.8675,25.8675,1978.735,0.01307275
2022-04-19,25.1815,25.1815,1950.145,0.01291263
2022-04-20,25.1955,25.1955,1957.625,0.01287044
2022-04-21,24.6565,24.6565,1951.395,0.01263532
2022-04-22,24.1715,24.1715,1932.645,0.01250695
2022-04-25,23.6315,23.6315,1898.145,0.01244979
2022-04-26,23.5145,23.5145,1905.315,0.01234153
2022-04-27,23.3095,23.3095,1885.955,0.01235952
2022-04-28,23.1575,23.1575,1894.545,0.01222325
2022-04-29,22.7695,22.7695,1896.395,0.01200673
2022-05-02,22.6415,22.6415,1862.885,0.01215400
2022-05-03,22.5735,22.5735,1868.295,0.01208241
2022-05-04,22.9795,22.9795,1881.335,0.01221446
2022-05-05,22.5205,22.5205,1877.165,0.01199708
2022-05-06,22.3735,22.3735,1880.915,0.01189501
2022-05-09,21.7985,21.7985,1853.865,0.01175841
2022-05-10,21.2735,21.2735,1838.325,0.01157222
2022-05-11,21.5755,21.5755,1852.525,0.01164654
2022-05-12,20.6865,20.6865,1821.805,0.01135495
2022-05-13,21.0455,21.0455,1809.765,0.01162886
2022-05-16,21.6225,21.6225,1823.995,0.01185447
2022-05-17,21.6325,21.6325,1815.065,0.01191831
2022-05-18,21.4125,21.4125,1816.615,0.01178703
2022-05-19,21.9285,21.9285,1842.135,0.01190385
2022-05-20,21.7625,21.7625,1844.705,0.01179728
2022-05-23,21.7985,21.7985,1853.575,0.01176025
2022-05-24,22.1115,22.1115,1866.535,0.01184628
2022-05-25,21.9905,21.9905,1853.305,0.01186556
2022-05-26,22.0145,22.0145,1850.815,0.01189449
2022-05-27,22.0795,22.0795,1853.495,0.01191236
2022-05-30,21.9825,21.9825,1855.215,0.01184903
2022-05-31,21.5595,21.5595,1837.635,0.01173220
2022-06-01,21.8355,21.8355,1846.405,0.01182595
2022-06-02,22.3095,22.3095,1868.645,0.01193886
2022-06-03,21.9255,21.9255,1850.775,0.01184666
2022-06-06,22.0845,22.0845,1841.705,0.01199133
2022-06-07,22.2305,22.2305,1852.415,0.01200082
2022-06-08,22.0475,22.0475,1853.165,0.01189721
2022-06-09,21.6895,21.6895,1847.945,0.01173709
2022-06-10,21.8765,21.8765,1871.945,0.01168651
2022-06-13,21.0925,21.0925,1819.525,0.01159231
2022-06-14,21.0365,21.0365,1808.255,0.01163359
2022-06-15,21.6805,21.6805,1833.89,0.01182214
2022-06-16,21.9505,21.9505,1856.725,0.01182216
2022-06-17,21.6585,21.6585,1837.115,0.01178941
2022-06-20,21.6015,21.6015,1836.8,0.01176040
2022-06-21,21.6905,21.6905,1833.125,0.01183253
2022-06-22,21.4235,21.4235,1837.935,0.01165629
2022-06-23,20.9595,20.9595,1822.665,0.01149937
2022-06-24,21.1455,21.1455,1823.795,0.01159423
2022-06-27,21.1515,21.1515,1822.775,0.01160401
2022-06-28,20.8605,20.8605,1819.945,0.01146216
2022-06-29,20.7485,20.7485,1817.915,0.01141335
2022-06-30,20.2755,20.2755,1807.215,0.01121920
2022-07-01,19.8725,19.8725,1806.055,0.01100326
2022-07-04,19.9715,19.9715,1807.95,0.01104649
2022-07-05,19.2285,19.2285,1764.785,0.01089566
2022-07-06,19.2025,19.2025,1739.295,0.01104039
2022-07-07,19.2355,19.2355,1740.225,0.01105346
2022-07-08,19.3005,19.3005,1741.515,0.01108259
2022-07-11,19.1185,19.1185,1734.065,0.01102525
2022-07-12,18.9375,18.9375,1726.205,0.01097060
2022-07-13,19.2145,19.2145,1735.655,0.01107046
2022-07-14,18.4255,18.4255,1709.935,0.01077556
2022-07-15,18.6645,18.6645,1705.795,0.01094182
2022-07-18,18.6985,18.6985,1709.145,0.01094027
2022-07-19,18.7525,18.7525,1711.715,0.01095539
2022-07-20,18.6775,18.6775,1696.605,0.01100875
2022-07-21,18.8565,18.8565,1718.335,0.01097370
2022-07-22,18.5805,18.5805,1724.155,0.01077658
2022-07-25,18.4355,18.4355,1719.735,0.01071997
2022-07-26,18.6265,18.6265,1717.525,0.01084497
2022-07-27,19.0895,19.0895,1734.465,0.01100599
2022-07-28,20.0145,20.0145,1756.065,0.01139736
2022-07-29,20.2695,20.2695,1761.035,0.01150999
2022-08-01,20.3595,20.3595,1772.235,0.01148804
2022-08-02,19.9895,19.9895,1761.345,0.01134900
2022-08-03,20.0605,20.0605,1765.625,0.01136170
2022-08-04,20.1815,20.1815,1791.245,0.01126674
2022-08-05,19.8815,19.8815,1773.485,0.01121041
2022-08-08,20.6715,20.6715,1789.145,0.01155384
2022-08-09,20.5335,20.5335,1794.435,0.01144288
2022-08-10,20.5945,20.5945,1792.285,0.01149064
2022-08-11,20.3105,20.3105,1789.505,0.01134979
2022-08-12,20.8045,20.8045,1801.435,0.01154885
2022-08-15,20.2695,20.2695,1779.545,0.01139027
2022-08-16,20.1365,20.1365,1775.475,0.01134147
2022-08-17,19.7955,19.7955,1762.145,0.01123375
2022-08-18,19.5415,19.5415,1758.465,0.01111282
2022-08-19,19.0525,19.0525,1746.665,0.01090793
2022-08-22,18.9925,18.9925,1736.235,0.01093890
2022-08-23,19.1145,19.1145,1747.965,0.01093529
2022-08-24,19.1165,19.1165,1751.345,0.01091533
2022-08-25,19.2515,19.2515,1758.675,0.01094659
2022-08-26,18.8555,18.8555,1736.895,0.01085587
2022-08-29,18.7875,18.7875,1737.595,0.01081236
2022-08-30,18.4345,18.4345,1724.375,0.01069054
2022-08-31,17.9945,17.9945,1711.145,0.01051606
2022-09-01,17.8135,17.8135,1697.685,0.01049282
2022-09-02,17.9855,17.9855,1709.765,0.01051928
2022-09-05,18.1535,18.1535,1710.04,0.01061583
2022-09-06,18.0095,18.0095,1701.985,0.01058147
2022-09-07,18.4585,18.4585,1718.455,0.01074133
2022-09-08,18.5395,18.5395,1708.605,0.01085066
2022-09-09,18.7985,18.7985,1715.935,0.01095525
2022-09-12,19.8045,19.8045,1724.705,0.01148283
2022-09-13,19.3455,19.3455,1702.555,0.01136263
2022-09-14,19.6355,19.6355,1697.475,0.01156748
2022-09-15,19.1755,19.1755,1664.525,0.01152010
2022-09-16,19.5365,19.5365,1673.185,0.01167623
2022-09-19,19.5615,19.5615,1675.705,0.01167359
2022-09-20,19.2785,19.2785,1664.955,0.01157899
2022-09-21,19.5635,19.5635,1673.875,0.01168755
2022-09-22,19.6385,19.6385,1671.345,0.01175012
2022-09-23,18.8635,18.8635,1643.155,0.01148005
2022-09-26,18.3615,18.3615,1622.805,0.01131467
2022-09-27,18.3935,18.3935,1629.195,0.01128993
2022-09-28,18.8995,18.8995,1660.025,0.01138507
2022-09-29,18.8245,18.8245,1660.615,0.01133586
2022-09-30,19.0195,19.0195,1661.815,0.01144502
2022-10-03,20.7095,20.7095,1699.695,0.01218424
2022-10-04,21.0665,21.0665,1726.415,0.01220245
2022-10-05,20.6495,20.6495,1716.345,0.01203109
2022-10-06,20.6565,20.6565,1712.655,0.01206110
2022-10-07,20.0945,20.0945,1695.525,0.01185149
2022-10-10,19.6065,19.6065,1668.145,0.01175347
2022-10-11,19.1585,19.1585,1666.265,0.01149787
2022-10-12,19.0225,19.0225,1673.255,0.01136856
2022-10-13,18.8865,18.8865,1666.265,0.01133463
2022-10-14,18.2545,18.2545,1642.845,0.01111152
2022-10-17,18.6715,18.6715,1650.765,0.01131082
2022-10-18,18.7355,18.7355,1652.085,0.01134052
2022-10-19,18.4555,18.4555,1629.155,0.01132827
2022-10-20,18.6745,18.6745,1628.265,0.01146896
2022-10-21,19.2815,19.2815,1655.175,0.01164922
2022-10-24,19.2225,19.2225,1649.405,0.01165420
2022-10-25,19.3465,19.3465,1653.155,0.01170277
2022-10-26,19.5895,19.5895,1664.835,0.01176663
2022-10-27,19.6045,19.6045,1663.455,0.01178541
2022-10-28,19.2695,19.2695,1645.245,0.01171224
2022-10-31,19.1505,19.1505,1632.755,0.01172895
2022-11-01,19.6335,19.6335,1648.3,0.01191136
2022-11-02,19.2075,19.2075,1634.175,0.01175364
2022-11-03,19.4575,19.4575,1630.325,0.01193474
2022-11-04,20.8615,20.8615,1681.4,0.01240722
2022-11-07,20.8035,20.8035,1675.385,0.01241715
2022-11-08,21.3555,21.3555,1712.375,0.01247128
2022-11-09,21.0705,21.0705,1707.035,0.01234333
2022-11-10,21.6835,21.6835,1755.575,0.01235122
2022-11-11,21.6565,21.6565,1767.865,0.01225009
2022-11-14,21.9885,21.9885,1771.305,0.01241373
2022-11-15,21.5645,21.5645,1778.815,0.01212296
2022-11-16,21.4705,21.4705,1773.865,0.01210380
2022-11-17,20.9555,20.9555,1760.275,0.01190467
2022-11-18,20.9035,20.9035,1748.775,0.01195322
2022-11-21,20.8485,20.8485,1737.905,0.01199634
2022-11-22,21.0865,21.0865,1740.115,0.01211788
2022-11-23,21.5345,21.5345,1749.585,0.01230835
2022-11-24,21.5075,21.5075,1755.435,0.01225195
2022-11-25,21.4605,21.4605,1754.625,0.01223082
2022-11-28,20.9355,20.9355,1741.685,0.01202026
2022-11-29,21.2585,21.2585,1749.795,0.01214914
2022-11-30,22.1925,22.1925,1768.615,0.01254795
2022-12-01,22.7495,22.7495,1802.935,0.01261804
2022-12-02,23.137,23.1370,1797.56,0.01287134
2022-12-05,22.251,22.2510,1768.77,0.01257993
2022-12-06,22.198,22.1980,1771.09,0.01253352
2022-12-07,22.725,22.7250,1786.13,0.01272304
2022-12-08,23.067,23.0670,1789.09,0.01289315
2022-12-09,23.421,23.4210,1795.12,0.01304704
2022-12-12,23.315,23.3150,1781.41,0.01308795
2022-12-13,23.733,23.7330,1810.61,0.01310774
2022-12-14,23.937,23.9370,1807.42,0.01324374
2022-12-15,23.092,23.0920,1776.9,0.01299567
2022-12-16,23.205,23.2050,1792.2,0.01294777
2022-12-19,22.987,22.9870,1787.75,0.01285806
2022-12-20,24.148,24.1480,1817.83,0.01328397
2022-12-21,23.97,23.9700,1814.37,0.01321120
2022-12-22,23.573,23.5730,1792.45,0.01315127
2022-12-23,23.734,23.7340,1797.69,0.01320250
2022-12-27,24.045,24.0450,1813.63,0.01325794
2022-12-28,23.549,23.5490,1804.35,0.01305124
2022-12-29,23.906,23.9060,1815.02,0.01317120
2022-12-30,23.935,23.9350,1823.48,0.01312600
2023-01-03,24.009,24.0090,1839.54,0.01305163
2023-01-04,23.76,23.7600,1854.66,0.01281097
2023-01-05,23.243,23.2430,1832.96,0.01268058
2023-01-06,23.846,23.8460,1867.01,0.01277229
2023-01-09,23.655,23.6550,1871.78,0.01263770
2023-01-10,23.609,23.6090,1876.96,0.01257832
2023-01-11,23.417,23.4170,1875.65,0.01248474
2023-01-12,23.774,23.7740,1896.87,0.01253328
2023-01-13,24.275,24.2750,1920.74,0.01263836
2023-01-16,24.2875,24.2875,1915.74,0.01267787
2023-01-17,23.933,23.9330,1908.67,0.01253910
2023-01-18,23.474,23.4740,1904.34,0.01232658
2023-01-19,23.838,23.8380,1932.17,0.01233742
2023-01-20,23.938,23.9380,1927.27,0.01242068
2023-01-23,23.459,23.4590,1931.02,0.01214850
2023-01-24,23.671,23.6710,1937.3,0.01221855
2023-01-25,23.911,23.9110,1946.27,0.01228555
2023-01-26,23.915,23.9150,1929.18,0.01239646
2023-01-27,23.565,23.5650,1926.56,0.01223165
2023-01-30,23.606,23.6060,1923.22,0.01227421
2023-01-31,23.733,23.7330,1928.28,0.01230786
2023-02-01,23.969,23.9690,1950.18,0.01229066
2023-02-02,23.464,23.4640,1912.64,0.01226786
2023-02-03,22.349,22.3490,1864.85,0.01198434
2023-02-06,22.273,22.2730,1867.69,0.01192543
2023-02-07,22.18,22.1800,1873.72,0.01183741
2023-02-08,22.322,22.3220,1875.55,0.01190158
2023-02-09,21.98,21.9800,1861.7,0.01180641
2023-02-10,22.021,22.0210,1864.2,0.01181257
2023-02-13,21.993,21.9930,1853.45,0.01186598
2023-02-14,21.854,21.8540,1854.46,0.01178456
2023-02-15,21.624,21.6240,1835.91,0.01177836
2023-02-16,21.583,21.5830,1836.5,0.01175225
2023-02-17,21.767,21.7670,1841.93,0.01181750
2023-02-20,21.8175,21.8175,1841.295,0.01184900
2023-02-21,21.838,21.8380,1835.01,0.01190075
2023-02-22,21.519,21.5190,1825.26,0.01178955
2023-02-23,21.317,21.3170,1822.37,0.01169741
2023-02-24,20.766,20.7660,1810.98,0.01146672
2023-02-27,20.631,20.6310,1817.31,0.01135249
2023-02-28,20.897,20.8970,1826.8,0.01143913
2023-03-01,20.992,20.9920,1836.705,0.01142916
2023-03-02,20.899,20.8990,1835.75,0.01138445
2023-03-03,21.256,21.2560,1855.24,0.01145728
2023-03-06,21.052,21.0520,1846.76,0.01139942
2023-03-07,20.075,20.0750,1813.23,0.01107140
2023-03-08,20.026,20.0260,1813.82,0.01104079
2023-03-09,20.07,20.0700,1830.86,0.01096206
2023-03-10,20.527,20.5270,1869.9,0.01097759
2023-03-13,21.777,21.7770,1910.27,0.01139996
2023-03-14,21.692,21.6920,1904.27,0.01139124
2023-03-15,21.797,21.7970,1920.35,0.01135054
2023-03-16,21.72,21.7200,1920.02,0.01131238
2023-03-17,22.604,22.6040,1989.33,0.01136262
2023-03-20,22.537,22.5370,1978.36,0.01139176
2023-03-21,22.382,22.3820,1941.18,0.01153010
2023-03-22,22.888,22.8880,1965.71,0.01164363
2023-03-23,23.08,23.0800,1992.03,0.01158617
2023-03-24,23.225,23.2250,1977.78,0.01174296
2023-03-27,23.078,23.0780,1956.52,0.01179543
2023-03-28,23.327,23.3270,1973.7,0.01181892
2023-03-29,23.34,23.3400,1964.52,0.01188076
2023-03-30,23.912,23.9120,1980.31,0.01207488
2023-03-31,24.081,24.0810,1970.8,0.01221890
2023-04-03,23.986,23.9860,1984.565,0.01208628
2023-04-04,25,25.0000,2020.665,0.01237216
2023-04-05,24.947,24.9470,2020.84,0.01234487
2023-04-06,24.9765,24.9765,2007.465,0.01244181
2023-04-10,24.872,24.8720,1991.35,0.01249002
2023-04-11,25.052,25.0520,2003.62,0.01250337
2023-04-12,25.504,25.5040,2014.94,0.01265745
2023-04-13,25.824,25.8240,2040.15,0.01265789
2023-04-14,25.379,25.3790,2005.45,0.01265502
2023-04-17,25.036,25.0360,1995.16,0.01254837
2023-04-18,25.192,25.1920,2005.28,0.01256283
2023-04-19,25.287,25.2870,1994.79,0.01267652
2023-04-20,25.29,25.2900,2004.82,0.01261460
2023-04-21,25.036,25.0360,1982.78,0.01262672
2023-04-24,25.159,25.1590,1989.1,0.01264843
2023-04-25,25.014,25.0140,1997.13,0.01252497
2023-04-26,24.884,24.8840,1989.46,0.01250792
2023-04-27,24.925,24.9250,1987.85,0.01253867
2023-04-28,25.035,25.0350,1989.27,0.01258502
2023-05-01,24.995,24.9950,1982.48,0.01260795
2023-05-02,25.378,25.3780,2016.7,0.01258392
2023-05-03,25.574,25.5740,2038.64,0.01254464
2023-05-04,26.048,26.0480,2050.19,0.01270516
2023-05-05,25.66,25.6600,2018,0.01271556
2023-05-08,25.558,25.5580,2021.49,0.01264315
2023-05-09,25.606,25.6060,2034.56,0.01258552
2023-05-10,25.395,25.3950,2030.185,0.01250871
2023-05-11,24.188,24.1880,2015.12,0.01200326
2023-05-12,23.984,23.9840,2011.06,0.01192605
2023-05-15,24.094,24.0940,2016.46,0.01194866
2023-05-16,23.751,23.7510,1988.92,0.01194166
2023-05-17,23.743,23.7430,1981.57,0.01198191
2023-05-18,23.496,23.4960,1957.53,0.01200288
2023-05-19,23.818,23.8180,1976.33,0.01205163
2023-05-22,23.629,23.6290,1971.82,0.01198335
2023-05-23,23.45,23.4500,1975.03,0.01187324
2023-05-24,23.065,23.0650,1957.36,0.01178373
2023-05-25,22.737,22.7370,1940.86,0.01171491
2023-05-26,23.295,23.2950,1947.59,0.01196094
2023-05-29,23.1705,23.1705,1943.385,0.01192275
2023-05-30,23.194,23.1940,1959.43,0.01183712
2023-05-31,23.519,23.5190,1962.93,0.01198158
2023-06-01,23.878,23.8780,1977.58,0.01207435
2023-06-02,23.62,23.6200,1948.75,0.01212059
2023-06-05,23.577,23.5770,1961.89,0.01201749
2023-06-06,23.593,23.5930,1963.36,0.01201664
2023-06-07,23.444,23.4440,1940.01,0.01208447
2023-06-08,24.269,24.2690,1965.7,0.01234624
2023-06-09,24.273,24.2730,1960.04,0.01238393
2023-06-12,24.063,24.0630,1957.49,0.01229278
2023-06-13,23.673,23.6730,1943.6,0.01217998
2023-06-14,23.923,23.9230,1941.97,0.01231893
2023-06-15,23.884,23.8840,1958.045,0.01219788
2023-06-16,24.15,24.1500,1955.66,0.01234877
2023-06-19,23.9555,23.9555,1950.35,0.01228267
2023-06-20,23.156,23.1560,1936.325,0.01195874
2023-06-21,22.662,22.6620,1932.7,0.01172557
2023-06-22,22.255,22.2550,1913.77,0.01162888
2023-06-23,22.413,22.4130,1919.15,0.01167861
2023-06-26,22.79,22.7900,1923.145,0.01185038
2023-06-27,22.86,22.8600,1913.765,0.01194504
2023-06-28,22.693,22.6930,1907.425,0.01189719
2023-06-29,22.574,22.5740,1908.235,0.01182978
2023-06-30,22.775,22.7750,1920.185,0.01186084
2023-07-03,22.9045,22.9045,1921.59,0.01191956
2023-07-04,22.973,22.9730,1925.895,0.01192848
2023-07-05,23.1285,23.1285,1915.235,0.01207606
2023-07-06,22.7205,22.7205,1910.925,0.01188979
2023-07-07,23.094,23.0940,1924.845,0.01199785
2023-07-10,23.145,23.1450,1925.345,0.01202122
2023-07-11,23.1245,23.1245,1932.225,0.01196781
2023-07-12,24.1265,24.1265,1957.425,0.01232563
2023-07-13,24.8765,24.8765,1960.475,0.01268902
2023-07-14,24.901,24.9010,1954.535,0.01274011
2023-07-17,24.839,24.8390,1954.935,0.01270579
2023-07-18,25.056,25.0560,1978.805,0.01266219
2023-07-19,25.156,25.1560,1977.01,0.01272427
2023-07-20,24.7625,24.7625,1969.53,0.01257280
2023-07-21,24.602,24.6020,1962.5,0.01253605
2023-07-24,24.3455,24.3455,1954.855,0.01245386
2023-07-25,24.687,24.6870,1965.015,0.01256326
2023-07-26,24.935,24.9350,1972.295,0.01264263
2023-07-27,24.1325,24.1325,1945.645,0.01240334
2023-07-28,24.322,24.3220,1959.135,0.01241466
2023-07-31,24.7555,24.7555,1965.575,0.01259453
2023-08-01,24.2965,24.2965,1944.175,0.01249707
2023-08-02,23.715,23.7150,1934.895,0.01225648
2023-08-03,23.5755,23.5755,1934.165,0.01218898
2023-08-04,23.604,23.6040,1941.515,0.01215752
2023-08-07,23.1345,23.1345,1936.645,0.01194566
2023-08-08,22.7765,22.7765,1925.305,0.01183007
2023-08-09,22.6735,22.6735,1914.785,0.01184128
2023-08-10,22.698,22.6980,1912.375,0.01186901
2023-08-11,22.6805,22.6805,1913.705,0.01185162
2023-08-14,22.6025,22.6025,1907.495,0.01184931
2023-08-15,22.5325,22.5325,1901.985,0.01184683
2023-08-16,22.415,22.4150,1892.12,0.01184650
2023-08-17,22.6895,22.6895,1889.38,0.01200897
2023-08-18,22.757,22.7570,1889.48,0.01204405
2023-08-21,23.3115,23.3115,1894.68,0.01230366
2023-08-22,23.4075,23.4075,1897.45,0.01233629
2023-08-23,24.313,24.3130,1915.605,0.01269207
2023-08-24,24.125,24.1250,1916.83,0.01258588
2023-08-25,24.2355,24.2355,1914.355,0.01265988
2023-08-28,24.2385,24.2385,1920.235,0.01262267
2023-08-29,24.722,24.7220,1937.465,0.01275997
2023-08-30,24.614,24.6140,1942.58,0.01267078
2023-08-31,24.438,24.4380,1940.095,0.01259629
2023-09-01,24.174,24.1740,1940.585,0.01245707
2023-09-04,23.985,23.9850,1938.355,0.01237389
2023-09-05,23.5455,23.5455,1926.115,0.01222435
2023-09-06,23.1745,23.1745,1916.565,0.01209168
2023-09-07,22.9715,22.9715,1919.705,0.01196616
2023-09-08,22.92,22.9200,1919.255,0.01194213
2023-09-11,23.079,23.0790,1922.415,0.01200521
2023-09-12,23.0705,23.0705,1913.425,0.01205717
2023-09-13,22.8345,22.8345,1908.245,0.01196623
2023-09-14,22.648,22.6480,1910.635,0.01185365
2023-09-15,23.018,23.0180,1922.505,0.01197292
2023-09-18,23.249,23.2490,1933.755,0.01202272
2023-09-19,23.2015,23.2015,1931.435,0.01201257
2023-09-20,23.2425,23.2425,1930.405,0.01204022
2023-09-21,23.4005,23.4005,1920.11,0.01218706
2023-09-22,23.5475,23.5475,1925.415,0.01222983
2023-09-25,23.1305,23.1305,1915.995,0.01207232
2023-09-26,22.8495,22.8495,1900.665,0.01202184
2023-09-27,22.546,22.5460,1875.06,0.01202415
2023-09-28,22.621,22.6210,1864.94,0.01212961
2023-09-29,22.181,22.1810,1848.49,0.01199952
2023-10-02,21.044,21.0440,1827.89,0.01151273
2023-10-03,21.1625,21.1625,1822.975,0.01160877
2023-10-04,21.0085,21.0085,1821.25,0.01153521
2023-10-05,20.9725,20.9725,1820.255,0.01152174
2023-10-06,21.5315,21.5315,1829.385,0.01176980
2023-10-09,21.8865,21.8865,1861.505,0.01175742
2023-10-10,21.8385,21.8385,1860.5,0.01173797
2023-10-11,22.0405,22.0405,1874.35,0.01175901
2023-10-12,21.825,21.8250,1868.81,0.01167855
2023-10-13,22.6845,22.6845,1928.23,0.01176442
2023-10-16,22.61,22.6100,1920.185,0.01177491
2023-10-17,22.807,22.8070,1923.145,0.01185922
2023-10-18,22.854,22.8540,1947.735,0.01173363
2023-10-19,23.054,23.0540,1974.385,0.01167655
2023-10-20,23.3495,23.3495,1979.84,0.01179363
2023-10-23,22.9795,22.9795,1972.85,0.01164787
2023-10-24,22.917,22.9170,1971.12,0.01162638
2023-10-25,22.861,22.8610,1979.565,0.01154850
2023-10-26,22.794,22.7940,1984.87,0.01148388
2023-10-27,23.105,23.1050,2007.33,0.01151031
2023-10-30,23.2965,23.2965,1995.14,0.01167662
2023-10-31,22.85,22.8500,1984.69,0.01151313
2023-11-01,22.991,22.9910,1983.925,0.01158864
2023-11-02,22.723,22.7230,1985,0.01144736
2023-11-03,23.216,23.2160,1992.57,0.01165128
2023-11-06,23.0305,23.0305,1977.99,0.01164339
2023-11-07,22.635,22.6350,1969.13,0.01149492
2023-11-08,22.549,22.5490,1950.28,0.01156193
2023-11-09,22.639,22.6390,1958.435,0.01155974
2023-11-10,22.21,22.2100,1936.025,0.01147196
2023-11-13,22.314,22.3140,1946.21,0.01146536
2023-11-14,23.087,23.0870,1963.125,0.01176033
2023-11-15,23.4425,23.4425,1959.395,0.01196415
2023-11-16,23.7455,23.7455,1981.27,0.01198499
2023-11-17,23.7345,23.7345,1980.79,0.01198234
2023-11-20,23.4355,23.4355,1978.015,0.01184799
2023-11-21,23.7465,23.7465,1998.41,0.01188270
2023-11-22,23.6385,23.6385,1989.9,0.01187924
2023-11-23,23.8355,23.8355,1993.07,0.01195919
2023-11-24,24.3325,24.3325,2002.445,0.01215139
2023-11-27,24.649,24.6490,2014.02,0.01223871
2023-11-28,25.03,25.0300,2040.95,0.01226390
2023-11-29,25.023,25.0230,2044.205,0.01224094
2023-11-30,25.271,25.2710,2036.195,0.01241089
2023-12-01,25.467,25.4670,2070.895,0.01229758
2023-12-04,24.5035,24.5035,2029.42,0.01207414
2023-12-05,24.16,24.1600,2019.34,0.01196431
2023-12-06,23.902,23.9020,2025.4,0.01180113
2023-12-07,23.8035,23.8035,2028.64,0.01173372
2023-12-08,23.0285,23.0285,2002.82,0.01149804
2023-12-11,22.824,22.8240,1981.98,0.01151576
2023-12-12,22.771,22.7710,1979.47,0.01150358
2023-12-13,23.807,23.8070,2027.56,0.01174170
2023-12-14,24.1785,24.1785,2036.38,0.01187328
2023-12-15,23.83,23.8300,2018.145,0.01180787
2023-12-18,23.8055,23.8055,2027.29,0.01174252
2023-12-19,24.0525,24.0525,2040.27,0.01178888
2023-12-20,24.1505,24.1505,2031.275,0.01188933
2023-12-21,24.3985,24.3985,2045.81,0.01192608
2023-12-22,24.156,24.1560,2053.335,0.01176428
2023-12-26,24.2275,24.2275,2068.045,0.01171517
2023-12-27,24.27,24.2700,2077.675,0.01168133
2023-12-28,23.977,23.9770,2065.445,0.01160864
2023-12-29,23.7955,23.7955,2063.235,0.01153310
2024-01-02,23.6585,23.6585,2058.94,0.01149062
2024-01-03,22.9855,22.9855,2041.45,0.01125940
2024-01-04,23.008,23.0080,2043.56,0.01125878
2024-01-05,23.181,23.1810,2043.805,0.01134208
2024-01-08,23.1075,23.1075,2028.075,0.01139381
2024-01-09,22.9765,22.9765,2030.21,0.01131730
2024-01-10,22.899,22.8990,2024.39,0.01131156
2024-01-11,22.751,22.7510,2028.995,0.01121294
2024-01-12,23.158,23.1580,2047.59,0.01130988
2024-01-15,23.2245,23.2245,2054.815,0.01130248
2024-01-16,22.9185,22.9185,2028.345,0.01129911
2024-01-17,22.557,22.5570,2006.26,0.01124331
2024-01-18,22.746,22.7460,2023.17,0.01124275
2024-01-19,22.582,22.5820,2028.52,0.01113225
2024-01-22,22.098,22.0980,2021.645,0.01093070
2024-01-23,22.443,22.4430,2029.26,0.01105970
2024-01-24,22.67,22.6700,2014.01,0.01125615
2024-01-25,22.912,22.9120,2020.88,0.01133764
2024-01-26,22.807,22.8070,2018.66,0.01129809
2024-01-29,23.205,23.2050,2032.865,0.01141492
2024-01-30,23.1605,23.1605,2036.95,0.01137019
2024-01-31,22.9385,22.9385,2039.57,0.01124673
2024-02-01,23.177,23.1770,2054.99,0.01127840
2024-02-02,22.6625,22.6625,2036.135,0.01113016
2024-02-05,22.358,22.3580,2025.17,0.01104006
2024-02-06,22.428,22.4280,2036.05,0.01101545
2024-02-07,22.217,22.2170,2035.145,0.01091667
2024-02-08,22.5845,22.5845,2034.48,0.01110087
2024-02-09,22.612,22.6120,2025.175,0.01116545
2024-02-12,22.693,22.6930,2020.035,0.01123396
2024-02-13,22.123,22.1230,1993.245,0.01109899
2024-02-14,22.371,22.3710,1992.35,0.01122845
2024-02-15,22.925,22.9250,2004.3,0.01143791
2024-02-16,23.39,23.3900,2012.03,0.01162508
2024-02-19,22.9885,22.9885,2018.03,0.01139156
2024-02-20,23.009,23.0090,2024.335,0.01136620
2024-02-21,22.887,22.8870,2026.095,0.01129611
2024-02-22,22.747,22.7470,2024.45,0.01123614
2024-02-23,22.959,22.9590,2036.63,0.01127303
2024-02-26,22.521,22.5210,2031.215,0.01108745
2024-02-27,22.457,22.4570,2030.32,0.01106082
2024-02-28,22.462,22.4620,2034.52,0.01104044
2024-02-29,22.671,22.6710,2044.195,0.01109043
2024-03-01,23.16,23.1600,2083.595,0.01111540
2024-03-04,23.8905,23.8905,2114.625,0.01129775
2024-03-05,23.6725,23.6725,2127.75,0.01112560
2024-03-06,24.1755,24.1755,2147.86,0.01125562
2024-03-07,24.2955,24.2955,2160.115,0.01124732
2024-03-08,24.295,24.2950,2177.405,0.01115778
2024-03-11,24.485,24.4850,2181.395,0.01122447
2024-03-12,24.1415,24.1415,2158.655,0.01118358
2024-03-13,25.035,25.0350,2174.705,0.01151191
2024-03-14,24.816,24.8160,2161.625,0.01148025
2024-03-15,25.182,25.1820,2156.065,0.01167961
2024-03-18,25.032,25.0320,2161.375,0.01158152
2024-03-19,24.915,24.9150,2158.795,0.01154116
2024-03-20,25.6385,25.6385,2200.775,0.01164976
2024-03-21,24.749,24.7490,2181.355,0.01134570
2024-03-22,24.674,24.6740,2165.225,0.01139558
2024-03-25,24.663,24.6630,2172.085,0.01135453
2024-03-26,24.409,24.4090,2178.375,0.01120514
2024-03-27,24.581,24.5810,2192.355,0.01121214
2024-03-28,24.97,24.9700,2233.99,0.01117731
2024-04-01,25.085,25.0850,2251.9,0.01113948
2024-04-02,26.14,26.1400,2280.495,0.01146242
2024-04-03,27.1825,27.1825,2300.44,0.01181622
2024-04-04,26.911,26.9110,2291.035,0.01174622
2024-04-05,27.384,27.3840,2323.585,0.01178524
2024-04-08,27.853,27.8530,2339.325,0.01190643
2024-04-09,28.1525,28.1525,2352.95,0.01196477
2024-04-10,27.9275,27.9275,2334.19,0.01196454
2024-04-11,28.4455,28.4455,2372.55,0.01198942
2024-04-12,28.0305,28.0305,2343.14,0.01196279
2024-04-15,28.8755,28.8755,2383.225,0.01211615
2024-04-16,28.104,28.1040,2382.58,0.01179562
2024-04-17,28.2235,28.2235,2360.38,0.01195718
2024-04-18,28.2405,28.2405,2379.305,0.01186922
2024-04-19,28.6715,28.6715,2387.69,0.01200805
2024-04-22,27.194,27.1940,2327.075,0.01168591
2024-04-23,27.307,27.3070,2322.02,0.01176002
2024-04-24,27.166,27.1660,2316.11,0.01172915
2024-04-25,27.442,27.4420,2332.22,0.01176647
2024-04-26,27.226,27.2260,2340.085,0.01163462
2024-04-29,27.142,27.1420,2335.74,0.01162030
2024-04-30,26.295,26.2950,2285.94,0.01150293
2024-05-01,26.6495,26.6495,2319.305,0.01149030
2024-05-02,26.678,26.6780,2303.67,0.01158065
2024-05-03,26.504,26.5040,2301.52,0.01151587
2024-05-06,27.447,27.4470,2323.97,0.01181039
2024-05-07,27.24,27.2400,2313.99,0.01177187
2024-05-08,27.337,27.3370,2308.385,0.01184248
2024-05-09,28.334,28.3340,2346.3,0.01207603
2024-05-10,28.2085,28.2085,2363.435,0.01193538
2024-05-13,28.2035,28.2035,2336.465,0.01207101
2024-05-14,28.6115,28.6115,2357.985,0.01213388
2024-05-15,29.6725,29.6725,2386.085,0.01243564
2024-05-16,29.581,29.5810,2376.74,0.01244604
2024-05-17,31.516,31.5160,2416.5,0.01304200
2024-05-20,31.831,31.8310,2426.36,0.01311883
2024-05-21,31.978,31.9780,2420.935,0.01320895
2024-05-22,30.798,30.7980,2378.74,0.01294719
2024-05-23,30.1255,30.1255,2328.885,0.01293559
2024-05-24,30.3525,30.3525,2333.825,0.01300547
2024-05-27,31.643,31.6430,2350.845,0.01346027
2024-05-28,32.1,32.1000,2361.215,0.01359470
2024-05-29,31.9765,31.9765,2337.81,0.01367797
2024-05-30,31.166,31.1660,2343.245,0.01330036
2024-05-31,30.382,30.3820,2327.825,0.01305167
2024-06-03,30.732,30.7320,2350.735,0.01307336
2024-06-04,29.496,29.4960,2327.025,0.01267541
2024-06-05,30.006,30.0060,2355.335,0.01273959
2024-06-06,31.3255,31.3255,2376.135,0.01318338
2024-06-07,29.1725,29.1725,2287.92,0.01275066
2024-06-10,29.7485,29.7485,2310.695,0.01287427
2024-06-11,29.285,29.2850,2316.87,0.01263990
2024-06-12,29.7285,29.7285,2324.765,0.01278774
2024-06-13,28.965,28.9650,2303.96,0.01257183
2024-06-14,29.5795,29.5795,2332.64,0.01268070
2024-06-17,29.465,29.4650,2319.165,0.01270500
2024-06-18,29.5415,29.5415,2329.51,0.01268142
2024-06-19,29.761,29.7610,2328.225,0.01278270
2024-06-20,30.737,30.7370,2359.995,0.01302418
2024-06-21,29.5405,29.5405,2322.415,0.01271973
2024-06-24,29.582,29.5820,2334.42,0.01267210
2024-06-25,28.914,28.9140,2319.605,0.01246505
2024-06-26,28.7705,28.7705,2298.24,0.01251849
2024-06-27,28.9775,28.9775,2327.915,0.01244783
2024-06-28,29.1125,29.1125,2325.185,0.01252051
2024-07-01,29.4495,29.4495,2331.855,0.01262922
2024-07-02,29.5235,29.5235,2329.575,0.01267334
2024-07-03,30.498,30.4980,2356.25,0.01294345
2024-07-04,30.409,30.4090,2357.345,0.01289968
2024-07-05,31.218,31.2180,2388.865,0.01306813
2024-07-08,30.7625,30.7625,2359.045,0.01304023
2024-07-09,30.7985,30.7985,2364.025,0.01302799
2024-07-10,30.8165,30.8165,2371.355,0.01299531
2024-07-11,31.4575,31.4575,2415.345,0.01302402
2024-07-12,30.7875,30.7875,2412.76,0.01276028
2024-07-15,30.6805,30.6805,2422.3,0.01266585
2024-07-16,31.2515,31.2515,2468.76,0.01265878
2024-07-17,30.3055,30.3055,2458.925,0.01232469
2024-07-18,29.829,29.8290,2445.36,0.01219820
2024-07-19,29.22,29.2200,2398.595,0.01218213
2024-07-22,29.1295,29.1295,2396.57,0.01215466
2024-07-23,29.2365,29.2365,2409.56,0.01213354
2024-07-24,28.9005,28.9005,2397.52,0.01205433
2024-07-25,27.8555,27.8555,2364.45,0.01178096
2024-07-26,27.903,27.9030,2386.385,0.01169258
2024-07-29,27.861,27.8610,2384.125,0.01168605
2024-07-30,28.386,28.3860,2410.725,0.01177488
2024-07-31,29.005,29.0050,2447.64,0.01185019
2024-08-01,28.5225,28.5225,2446.325,0.01165933
2024-08-02,28.5335,28.5335,2437.455,0.01170627
2024-08-05,27.2495,27.2495,2410.415,0.01130490
2024-08-06,26.9675,26.9675,2390.72,0.01128007
2024-08-07,26.6095,26.6095,2382.845,0.01116711
2024-08-08,27.5405,27.5405,2427.5,0.01134521
2024-08-09,27.4019,27.4019,2429.08,0.01128077
2024-08-12,27.9575,27.9575,2472.8,0.01130601
2024-08-13,27.856,27.8560,2465.115,0.01130008
2024-08-14,27.567,27.5670,2448.005,0.01126101
2024-08-15,28.357,28.3570,2456.785,0.01154232
2024-08-16,28.969,28.9690,2508.135,0.01155002
2024-08-19,29.4455,29.4455,2504.23,0.01175830
2024-08-20,29.4385,29.4385,2513.975,0.01170994
2024-08-21,29.6045,29.6045,2512.42,0.01178326
2024-08-22,28.984,28.9840,2484.8,0.01166452
2024-08-23,29.8325,29.8325,2510.94,0.01188101
2024-08-26,29.911,29.9110,2518.05,0.01187864
2024-08-27,29.974,29.9740,2524.59,0.01187282
2024-08-28,29.141,29.1410,2504.735,0.01163436
2024-08-29,29.4255,29.4255,2521.175,0.01167134
2024-08-30,28.8625,28.8625,2502.54,0.01153328
2024-09-02,28.5525,28.5525,2499.54,0.01142310
2024-09-03,28.0505,28.0505,2492.96,0.01125189
2024-09-04,28.271,28.2710,2495.65,0.01132811
2024-09-05,28.824,28.8240,2516.76,0.01145282
2024-09-06,27.9205,27.9205,2495.95,0.01118632
2024-09-09,28.35,28.3500,2506.22,0.01131186
2024-09-10,28.4,28.4000,2516.65,0.01128484
2024-09-11,28.676,28.6760,2511.52,0.01141779
2024-09-12,29.873,29.8730,2558.795,0.01167464
2024-09-13,30.73,30.7300,2582.845,0.01189773
2024-09-16,30.7335,30.7335,2582.51,0.01190063
2024-09-17,30.7035,30.7035,2569.59,0.01194879
2024-09-18,30.0835,30.0835,2559.005,0.01175594
2024-09-19,30.786,30.7860,2586.77,0.01190133
2024-09-20,31.1455,31.1455,2621.17,0.01188229
2024-09-23,30.6925,30.6925,2628.545,0.01167661
2024-09-24,32.0975,32.0975,2657.145,0.01207969
2024-09-25,31.812,31.8120,2657.17,0.01197214
2024-09-26,32.018,32.0180,2672.45,0.01198077
2024-09-27,31.634,31.6340,2652.05,0.01192813
2024-09-30,31.16,31.1600,2634.735,0.01182662
2024-10-01,31.4405,31.4405,2663.435,0.01180449
2024-10-02,31.8345,31.8345,2658.81,0.01197321
2024-10-03,32.028,32.0280,2656.21,0.01205778
2024-10-04,32.196,32.1960,2651.64,0.01214192
2024-10-07,31.687,31.6870,2642.66,0.01199057
2024-10-08,30.671,30.6710,2621.955,0.01169776
2024-10-09,30.5015,30.5015,2607.825,0.01169615
2024-10-10,31.1625,31.1625,2630.155,0.01184816
2024-10-11,31.5665,31.5665,2656.195,0.01188410
2024-10-14,31.189,31.1890,2648.62,0.01177557
2024-10-15,31.5075,31.5075,2662.855,0.01183223
2024-10-16,31.679,31.6790,2673.84,0.01184775
2024-10-17,31.695,31.6950,2693.1,0.01176897
2024-10-18,33.619,33.6190,2719.83,0.01236070
2024-10-21,33.787,33.7870,2719.745,0.01242286
2024-10-22,34.854,34.8540,2749.015,0.01267872
2024-10-23,33.7005,33.7005,2715.52,0.01241033
2024-10-24,33.675,33.6750,2735.985,0.01230818
2024-10-25,33.587,33.5870,2742.535,0.01224670
2024-10-28,33.656,33.6560,2742.225,0.01227325
2024-10-29,34.449,34.4490,2774.68,0.01241549
2024-10-30,33.771,33.7710,2787.59,0.01211477
2024-10-31,32.6735,32.6735,2746.205,0.01189769
2024-11-01,32.4475,32.4475,2736.515,0.01185723
2024-11-04,32.458,32.4580,2736.685,0.01186033
2024-11-05,32.6535,32.6535,2743.995,0.01189999
2024-11-06,31.1755,31.1755,2659.055,0.01172428
2024-11-07,32.0375,32.0375,2706.51,0.01183720
2024-11-08,31.253,31.2530,2685.17,0.01163911
2024-11-11,30.6915,30.6915,2619.54,0.01171637
2024-11-12,30.7155,30.7155,2598.275,0.01182150
2024-11-13,30.3125,30.3125,2572.935,0.01178129
2024-11-14,30.444,30.4440,2565.05,0.01186877
2024-11-15,30.251,30.2510,2562.33,0.01180605
2024-11-18,31.173,31.1730,2611.87,0.01193513
2024-11-19,31.2135,31.2135,2632.265,0.01185804
2024-11-20,30.8585,30.8585,2650.265,0.01164355
2024-11-21,30.7935,30.7935,2669.665,0.01153459
2024-11-22,31.2285,31.2285,2705.95,0.01154068
2024-11-25,30.3065,30.3065,2625.23,0.01154432
2024-11-26,30.446,30.4460,2633.225,0.01156225
2024-11-27,30.103,30.1030,2635.945,0.01142019
2024-11-28,30.224,30.2240,2637.585,0.01145897
2024-11-29,30.631,30.6310,2650.455,0.01155688
2024-12-02,30.5075,30.5075,2639.06,0.01155999
2024-12-03,31.0335,31.0335,2643.665,0.01173882
2024-12-04,31.297,31.2970,2650.095,0.01180977
2024-12-05,31.3285,31.3285,2631.985,0.01190299
2024-12-06,30.9925,30.9925,2631.985,0.01177533
2024-12-09,31.8265,31.8265,2660.395,0.01196307
2024-12-10,31.904,31.9040,2693.945,0.01184285
2024-12-11,31.914,31.9140,2718.13,0.01174116
2024-12-12,30.9665,30.9665,2680.865,0.01155094
2024-12-13,30.4755,30.4755,2647.72,0.01151009
2024-12-16,30.531,30.5310,2652.725,0.01150930
2024-12-17,30.5375,30.5375,2646.63,0.01153826
2024-12-18,29.3585,29.3585,2585.34,0.01135576
2024-12-19,29.0465,29.0465,2594.285,0.01119634
2024-12-20,29.5405,29.5405,2623.09,0.01126172
2024-12-23,29.653,29.6530,2612.945,0.01134850
2024-12-24,29.619,29.6190,2616.18,0.01132147
2024-12-26,29.804,29.8040,2633.795,0.01131599
2024-12-27,29.381,29.3810,2615.555,0.01123318
2024-12-30,28.9575,28.9575,2605.965,0.01111201
2024-12-31,28.9015,28.9015,2624.585,0.01101184
2025-01-02,29.5645,29.5645,2658.01,0.01112279
2025-01-03,29.612,29.6120,2638.26,0.01122406
2025-01-06,29.948,29.9480,2636.085,0.01136079
2025-01-07,30.05,30.0500,2648.735,0.01134504
2025-01-08,30.11,30.1100,2662.1,0.01131062
2025-01-09,30.11,30.1100,2670.36,0.01127563
2025-01-10,30.328,30.3280,2690.62,0.01127175
2025-01-13,29.62,29.6200,2663.045,0.01112261
2025-01-14,29.906,29.9060,2677.36,0.01116996
2025-01-15,30.679,30.6790,2696.525,0.01137724
2025-01-16,30.8195,30.8195,2714.685,0.01135288
2025-01-17,30.3135,30.3135,2700.865,0.01122363
2025-01-20,30.523,30.5230,2706.425,0.01127798
2025-01-21,30.841,30.8410,2744.81,0.01123611
2025-01-22,30.8275,30.8275,2756.305,0.01118436
2025-01-23,30.4455,30.4455,2754.885,0.01105146
2025-01-24,30.646,30.6460,2771.105,0.01105913
2025-01-27,30.218,30.2180,2740.93,0.01102473
2025-01-28,30.4125,30.4125,2763.89,0.01100351
2025-01-29,30.838,30.8380,2759.62,0.01117473
2025-01-30,31.6435,31.6435,2794.195,0.01132473
2025-01-31,31.336,31.3360,2801.28,0.01118631
2025-02-03,31.5945,31.5945,2815,0.01122362
2025-02-04,32.14,32.1400,2842.58,0.01130663
2025-02-05,32.312,32.3120,2866.67,0.01127161
2025-02-06,32.218,32.2180,2856.035,0.01128067
2025-02-07,31.856,31.8560,2860.655,0.01113591
2025-02-10,32.045,32.0450,2908.045,0.01101943
2025-02-11,31.827,31.8270,2897.58,0.01098399
2025-02-12,32.235,32.2350,2903.91,0.01110055
2025-02-13,32.345,32.3450,2928.14,0.01104626
2025-02-14,32.18,32.1800,2885.16,0.01115363
2025-02-17,32.402,32.4020,2899.265,0.01117594
2025-02-18,32.885,32.8850,2935.29,0.01120332
2025-02-19,32.7045,32.7045,2932.94,0.01115076
2025-02-20,32.9515,32.9515,2939.675,0.01120923
2025-02-21,32.5395,32.5395,2934.92,0.01108701
2025-02-24,32.3575,32.3575,2952.76,0.01095839
2025-02-25,31.7515,31.7515,2914.995,0.01089247
2025-02-26,31.8565,31.8565,2916.38,0.01092330
2025-02-27,31.265,31.2650,2877.07,0.01086696
2025-02-28,31.1075,31.1075,2854.945,0.01089601
2025-03-03,31.6895,31.6895,2892.82,0.01095454
2025-03-04,31.985,31.9850,2917.99,0.01096131
2025-03-05,32.659,32.6590,2919.17,0.01118777
2025-03-06,32.6375,32.6375,2911.14,0.01121124
2025-03-07,32.4915,32.4915,2909.36,0.01116792
2025-03-10,32.046,32.0460,2884.98,0.01110788
2025-03-11,32.9395,32.9395,2917.51,0.01129028
2025-03-12,33.2605,33.2605,2938.16,0.01132018
2025-03-13,33.876,33.8760,2987.325,0.01133991
2025-03-14,33.806,33.8060,2985.045,0.01132512