Date,AssetPrice,AssetPriceUSD,GoldPrice,Ratio
1925-03-02,11.6,11.6000,20.67,0.56119981
1925-03-03,11.68,11.6800,20.67,0.56507015
1925-03-04,11.53,11.5300,20.67,0.55781326
1925-03-05,11.64,11.6400,20.67,0.56313498
1925-03-06,11.69,11.6900,20.67,0.56555394
1925-03-07,11.63,11.6300,20.67,0.56265119
1925-06-01,11.81,11.8100,20.67,0.57135946
1925-06-02,11.84,11.8400,20.67,0.57281084
1925-06-03,11.84,11.8400,20.67,0.57281084
1925-06-04,11.74,11.7400,20.67,0.56797291
1925-06-05,11.74,11.7400,20.67,0.56797291
1925-06-06,11.74,11.7400,20.67,0.56797291
1925-06-08,11.58,11.5800,20.67,0.56023222
1925-09-01,12.43,12.4300,20.67,0.60135462
1925-09-02,12.24,12.2400,20.67,0.59216255
1925-09-03,12.42,12.4200,20.67,0.60087083
1925-09-04,12.51,12.5100,20.67,0.60522496
1925-09-05,12.54,12.5400,20.67,0.60667634
1925-09-08,12.52,12.5200,20.67,0.60570876
1925-12-01,13.4,13.4000,20.67,0.64828254
1925-12-02,13.43,13.4300,20.67,0.64973391
1925-12-03,13.48,13.4800,20.67,0.65215288
1925-12-04,13.55,13.5500,20.67,0.65553943
1925-12-05,13.6,13.6000,20.67,0.65795839
1925-12-07,13.6,13.6000,20.67,0.65795839
1925-12-08,13.57,13.5700,20.67,0.65650701
1926-03-01,13.32,13.3200,20.67,0.64441219
1926-03-02,13.04,13.0400,20.67,0.63086599
1926-03-03,12.79,12.7900,20.67,0.61877117
1926-03-04,13.28,13.2800,20.67,0.64247702
1926-03-05,13.36,13.3600,20.67,0.64634736
1926-03-06,13.31,13.3100,20.67,0.64392840
1926-03-08,13.28,13.2800,20.67,0.64247702
1926-06-01,13,13.0000,20.67,0.62893082
1926-06-02,13.06,13.0600,20.67,0.63183358
1926-06-03,13.15,13.1500,20.67,0.63618771
1926-06-04,13.21,13.2100,20.67,0.63909047
1926-06-05,13.23,13.2300,20.67,0.64005806
1926-06-07,13.24,13.2400,20.67,0.64054185
1926-06-08,13.22,13.2200,20.67,0.63957426
1926-09-01,14.77,14.7700,20.67,0.71456217
1926-09-02,14.73,14.7300,20.67,0.71262700
1926-09-03,14.82,14.8200,20.67,0.71698113
1926-09-07,14.93,14.9300,20.67,0.72230285
1926-09-08,14.81,14.8100,20.67,0.71649734
1926-12-01,14.19,14.1900,20.67,0.68650218
1926-12-02,14.24,14.2400,20.67,0.68892114
1926-12-03,14.29,14.2900,20.67,0.69134011
1926-12-04,14.3,14.3000,20.67,0.69182390
1926-12-06,14.29,14.2900,20.67,0.69134011
1926-12-07,14.28,14.2800,20.67,0.69085631
1926-12-08,14.25,14.2500,20.67,0.68940493
1927-03-01,14.91,14.9100,20.67,0.72133527
1927-03-02,14.69,14.6900,20.67,0.71069182
1927-03-03,14.84,14.8400,20.67,0.71794872
1927-03-04,14.74,14.7400,20.67,0.71311079
1927-03-05,14.69,14.6900,20.67,0.71069182
1927-03-07,14.63,14.6300,20.67,0.70778907
1927-03-08,14.63,14.6300,20.67,0.70778907
1927-06-01,16,16.0000,20.67,0.77406870
1927-06-02,15.98,15.9800,20.67,0.77310111
1927-06-03,15.78,15.7800,20.67,0.76342525
1927-06-04,15.86,15.8600,20.67,0.76729560
1927-06-06,15.97,15.9700,20.67,0.77261732
1927-06-07,15.87,15.8700,20.67,0.76777939
1927-06-08,15.88,15.8800,20.67,0.76826318
1927-09-01,17.09,17.0900,20.67,0.82680213
1927-09-02,17.21,17.2100,20.67,0.83260764
1927-09-03,17.14,17.1400,20.67,0.82922109
1927-09-06,17.41,17.4100,20.67,0.84228350
1927-09-07,17.46,17.4600,20.67,0.84470247
1927-09-08,17.39,17.3900,20.67,0.84131592
1927-12-01,17.38,17.3800,20.67,0.84083212
1927-12-02,17.54,17.5400,20.67,0.84857281
1927-12-03,17.6,17.6000,20.67,0.85147557
1927-12-05,17.53,17.5300,20.67,0.84808902
1927-12-06,17.48,17.4800,20.67,0.84567005
1927-12-07,17.38,17.3800,20.67,0.84083212
1927-12-08,17.23,17.2300,20.67,0.83357523
1928-03-01,17.3,17.3000,20.67,0.83696178
1928-03-02,17.3,17.3000,20.67,0.83696178
1928-03-03,17.42,17.4200,20.67,0.84276730
1928-03-05,17.57,17.5700,20.67,0.85002419
1928-03-06,17.67,17.6700,20.67,0.85486212
1928-03-07,17.58,17.5800,20.67,0.85050798
1928-03-08,17.64,17.6400,20.67,0.85341074
1928-06-01,20.07,20.0700,20.67,0.97097242
1928-06-02,20.22,20.2200,20.67,0.97822932
1928-06-04,19.8,19.8000,20.67,0.95791001
1928-06-05,19.85,19.8500,20.67,0.96032898
1928-06-06,19.66,19.6600,20.67,0.95113691
1928-06-07,19.61,19.6100,20.67,0.94871795
1928-06-08,19.37,19.3700,20.67,0.93710692
1928-09-01,20.87,20.8700,20.67,1.00967586
1928-09-04,20.97,20.9700,20.67,1.01451379
1928-09-05,21.07,21.0700,20.67,1.01935172
1928-09-06,20.94,20.9400,20.67,1.01306241
1928-09-07,21.09,21.0900,20.67,1.02031930
1928-09-08,21.03,21.0300,20.67,1.01741655
1928-12-01,24.03,24.0300,20.67,1.16255443
1928-12-03,23.85,23.8500,20.67,1.15384615
1928-12-04,23.91,23.9100,20.67,1.15674891
1928-12-05,23.81,23.8100,20.67,1.15191098
1928-12-06,22.91,22.9100,20.67,1.10836962
1928-12-07,22.36,22.3600,20.67,1.08176101
1928-12-08,21.92,21.9200,20.67,1.06047412
1929-03-01,25.83,25.8300,20.67,1.24963716
1929-03-02,25.77,25.7700,20.67,1.24673440
1929-03-04,25.49,25.4900,20.67,1.23318820
1929-03-05,25.32,25.3200,20.67,1.22496372
1929-03-06,24.92,24.9200,20.67,1.20561200
1929-03-07,25.15,25.1500,20.67,1.21673924
1929-03-08,25.31,25.3100,20.67,1.22447992
1929-06-01,24.92,24.9200,20.67,1.20561200
1929-06-03,25.27,25.2700,20.67,1.22254475
1929-06-04,25.64,25.6400,20.67,1.24044509
1929-06-05,25.59,25.5900,20.67,1.23802612
1929-06-06,25.64,25.6400,20.67,1.24044509
1929-06-07,25.53,25.5300,20.67,1.23512337
1929-06-08,25.39,25.3900,20.67,1.22835027
1929-09-03,31.82,31.8200,20.67,1.53942912
1929-09-04,31.72,31.7200,20.67,1.53459119
1929-09-05,31.02,31.0200,20.67,1.50072569
1929-09-06,31.83,31.8300,20.67,1.53991292
1929-09-07,31.92,31.9200,20.67,1.54426705
1929-12-02,20.95,20.9500,20.67,1.01354620
1929-12-03,21.65,21.6500,20.67,1.04741171
1929-12-04,22.05,22.0500,20.67,1.06676343
1929-12-05,21.87,21.8700,20.67,1.05805515
1929-12-06,22.45,22.4500,20.67,1.08611514
1929-12-07,22.73,22.7300,20.67,1.09966134
1930-03-01,23.45,23.4500,20.67,1.13449444
1930-03-03,23.36,23.3600,20.67,1.13014030
1930-03-04,23.54,23.5400,20.67,1.13884857
1930-03-05,23.36,23.3600,20.67,1.13014030
1930-03-06,23.59,23.5900,20.67,1.14126754
1930-03-07,23.59,23.5900,20.67,1.14126754
1930-03-08,23.6,23.6000,20.67,1.14175133
1930-06-02,24.4,24.4000,20.67,1.18045477
1930-06-03,24.18,24.1800,20.67,1.16981132
1930-06-04,24.29,24.2900,20.67,1.17513304
1930-06-05,23.91,23.9100,20.67,1.15674891
1930-06-06,23.52,23.5200,20.67,1.13788099
1930-06-07,23.03,23.0300,20.67,1.11417513
1930-09-02,21.38,21.3800,20.67,1.03434930
1930-09-03,21.17,21.1700,20.67,1.02418965
1930-09-04,21.02,21.0200,20.67,1.01693275
1930-09-05,21.34,21.3400,20.67,1.03241413
1930-09-06,21.65,21.6500,20.67,1.04741171
1930-09-08,21.63,21.6300,20.67,1.04644412
1930-12-01,16.8,16.8000,20.67,0.81277213
1930-12-02,16.96,16.9600,20.67,0.82051282
1930-12-03,16.67,16.6700,20.67,0.80648283
1930-12-04,16.42,16.4200,20.67,0.79438800
1930-12-05,16.43,16.4300,20.67,0.79487179
1930-12-06,16.22,16.2200,20.67,0.78471214
1930-12-08,15.97,15.9700,20.67,0.77261732
1931-03-02,17.52,17.5200,20.67,0.84760522
1931-03-03,17.5,17.5000,20.67,0.84663764
1931-03-04,17.34,17.3400,20.67,0.83889695
1931-03-05,17.69,17.6900,20.67,0.85582970
1931-03-06,17.32,17.3200,20.67,0.83792937
1931-03-07,17.64,17.6400,20.67,0.85341074
1931-06-01,12.4,12.4000,20.67,0.59990324
1931-06-02,12.2,12.2000,20.67,0.59022738
1931-06-03,13.12,13.1200,20.67,0.63473633
1931-06-04,13.55,13.5500,20.67,0.65553943
1931-06-05,13.4,13.4000,20.67,0.64828254
1931-06-06,13.06,13.0600,20.67,0.63183358
1931-06-08,13.56,13.5600,20.67,0.65602322
1931-09-01,13.92,13.9200,20.67,0.67343977
1931-09-02,13.66,13.6600,20.67,0.66086115
1931-09-03,13.35,13.3500,20.67,0.64586357
1931-09-04,13.29,13.2900,20.67,0.64296081
1931-09-08,12.87,12.8700,20.67,0.62264151
1931-12-01,9.38,9.3800,20.67,0.45379777
1931-12-02,9.05,9.0500,20.67,0.43783261
1931-12-03,9.22,9.2200,20.67,0.44605709
1931-12-04,9.02,9.0200,20.67,0.43638123
1931-12-05,9.33,9.3300,20.67,0.45137881
1931-12-07,9.29,9.2900,20.67,0.44944364
1931-12-08,9.02,9.0200,20.67,0.43638123
1932-03-01,8.35,8.3500,20.67,0.40396710
1932-03-02,8.71,8.7100,20.67,0.42138365
1932-03-03,8.71,8.7100,20.67,0.42138365
1932-03-04,8.72,8.7200,20.67,0.42186744
1932-03-05,8.98,8.9800,20.67,0.43444606
1932-03-07,8.82,8.8200,20.67,0.42670537
1932-03-08,8.98,8.9800,20.67,0.43444606
1932-06-01,4.4,4.4000,20.67,0.21286889
1932-06-02,4.64,4.6400,20.67,0.22447992
1932-06-03,4.89,4.8900,20.67,0.23657475
1932-06-04,5.22,5.2200,20.67,0.25253991
1932-06-06,5.07,5.0700,20.67,0.24528302
1932-06-07,4.85,4.8500,20.67,0.23463957
1932-06-08,4.57,4.5700,20.67,0.22109337
1932-09-01,8.47,8.4700,20.67,0.40977262
1932-09-02,8.84,8.8400,20.67,0.42767296
1932-09-03,9.06,9.0600,20.67,0.43831640
1932-09-06,8.91,8.9100,20.67,0.43105951
1932-09-07,9.31,9.3100,20.67,0.45041122
1932-09-08,8.97,8.9700,20.67,0.43396226
1932-12-01,6.73,6.7300,20.67,0.32559265
1932-12-02,6.47,6.4700,20.67,0.31301403
1932-12-03,6.46,6.4600,20.67,0.31253024
1932-12-05,6.54,6.5400,20.67,0.31640058
1932-12-06,6.87,6.8700,20.67,0.33236575
1932-12-07,6.89,6.8900,20.67,0.33333333
1932-12-08,6.89,6.8900,20.67,0.33333333
1933-03-01,5.77,5.7700,20.67,0.27914852
1933-03-02,5.65,5.6500,20.67,0.27334301
1933-03-03,5.84,5.8400,20.67,0.28253507
1933-06-01,9.74,9.7400,20.67,0.47121432
1933-06-02,10.13,10.1300,20.67,0.49008224
1933-06-03,9.85,9.8500,20.67,0.47653604
1933-06-05,10.07,10.0700,20.67,0.48717949
1933-06-06,10.04,10.0400,20.67,0.48572811
1933-06-07,10.22,10.2200,20.67,0.49443638
1933-06-08,10.31,10.3100,20.67,0.49879052
1933-09-01,11.23,11.2300,34.06,0.32971227
1933-09-05,10.84,10.8400,34.06,0.31826189
1933-09-06,10.85,10.8500,34.06,0.31855549
1933-09-07,10.7,10.7000,34.06,0.31415150
1933-09-08,10.66,10.6600,34.06,0.31297710
1933-12-01,9.91,9.9100,32.32,0.30662129
1933-12-02,9.92,9.9200,32.32,0.30693069
1933-12-04,9.9,9.9000,32.32,0.30631188
1933-12-05,10.2,10.2000,32.32,0.31559406
1933-12-06,10.13,10.1300,32.32,0.31342822
1933-12-07,10.2,10.2000,32.32,0.31559406
1933-12-08,10.1,10.1000,32.32,0.31250000
1934-03-01,10.72,10.7200,34.06,0.31473870
1934-03-02,11.07,11.0700,34.06,0.32501468
1934-03-03,11.07,11.0700,34.06,0.32501468
1934-03-05,11.01,11.0100,34.06,0.32325308
1934-03-06,10.88,10.8800,34.06,0.31943629
1934-03-07,10.6,10.6000,34.06,0.31121550
1934-03-08,10.8,10.8000,34.06,0.31708749
1934-06-01,9.38,9.3800,34.06,0.27539636
1934-06-02,9.35,9.3500,34.06,0.27451556
1934-06-04,9.49,9.4900,34.06,0.27862595
1934-06-05,9.72,9.7200,34.06,0.28537874
1934-06-06,9.74,9.7400,34.06,0.28596594
1934-06-07,9.71,9.7100,34.06,0.28508514
1934-06-08,10.17,10.1700,34.06,0.29859072
1934-09-01,9.13,9.1300,35,0.26085714
1934-09-04,9.06,9.0600,35,0.25885714
1934-09-05,9.21,9.2100,35,0.26314286
1934-09-06,9.02,9.0200,35,0.25771429
1934-09-07,8.92,8.9200,35,0.25485714
1934-09-08,8.89,8.8900,35,0.25400000
1934-12-01,9.53,9.5300,35,0.27228571
1934-12-03,9.41,9.4100,35,0.26885714
1934-12-04,9.48,9.4800,35,0.27085714
1934-12-05,9.56,9.5600,35,0.27314286
1934-12-06,9.54,9.5400,35,0.27257143
1934-12-07,9.46,9.4600,35,0.27028571
1934-12-08,9.4,9.4000,35,0.26857143
1935-03-01,8.79,8.7900,35,0.25114286
1935-03-02,8.79,8.7900,35,0.25114286
1935-03-04,8.72,8.7200,35,0.24914286
1935-03-05,8.47,8.4700,35,0.24200000
1935-03-06,8.45,8.4500,35,0.24142857
1935-03-07,8.56,8.5600,35,0.24457143
1935-03-08,8.54,8.5400,35,0.24400000
1935-06-01,9.51,9.5100,35,0.27171429
1935-06-03,9.67,9.6700,35,0.27628571
1935-06-04,9.92,9.9200,35,0.28342857
1935-06-05,9.91,9.9100,35,0.28314286
1935-06-06,9.84,9.8400,35,0.28114286
1935-06-07,9.9,9.9000,35,0.28285714
1935-06-08,9.98,9.9800,35,0.28514286
1935-09-03,11.21,11.2100,35,0.32028571
1935-09-04,11.36,11.3600,35,0.32457143
1935-09-05,11.47,11.4700,35,0.32771429
1935-09-06,11.65,11.6500,35,0.33285714
1935-09-07,11.72,11.7200,35,0.33485714
1935-12-02,12.75,12.7500,35,0.36428571
1935-12-03,13.1,13.1000,35,0.37428571
1935-12-04,13.21,13.2100,35,0.37742857
1935-12-05,13.18,13.1800,35,0.37657143
1935-12-06,13.15,13.1500,35,0.37571429
1935-12-07,13.3,13.3000,35,0.38000000
1936-03-02,14.77,14.7700,35,0.42200000
1936-03-03,14.98,14.9800,35,0.42800000
1936-03-04,15.02,15.0200,35,0.42914286
1936-03-05,15.04,15.0400,35,0.42971429
1936-03-06,15.1,15.1000,35,0.43142857
1936-03-07,14.99,14.9900,35,0.42828571
1936-06-01,14.39,14.3900,35,0.41114286
1936-06-02,14.39,14.3900,35,0.41114286
1936-06-03,14.34,14.3400,35,0.40971429
1936-06-04,14.13,14.1300,35,0.40371429
1936-06-05,14.12,14.1200,35,0.40342857
1936-06-06,14.2,14.2000,35,0.40571429
1936-06-08,14.34,14.3400,35,0.40971429
1936-09-01,15.95,15.9500,35,0.45571429
1936-09-02,16.01,16.0100,35,0.45742857
1936-09-03,15.95,15.9500,35,0.45571429
1936-09-04,16.02,16.0200,35,0.45771429
1936-09-05,16.12,16.1200,35,0.46057143
1936-09-08,16.29,16.2900,35,0.46542857
1936-12-01,17.14,17.1400,35,0.48971429
1936-12-02,16.95,16.9500,35,0.48428571
1936-12-03,17.04,17.0400,35,0.48685714
1936-12-04,17.01,17.0100,35,0.48600000
1936-12-05,17.03,17.0300,35,0.48657143
1936-12-07,16.91,16.9100,35,0.48314286
1936-12-08,16.97,16.9700,35,0.48485714
1937-03-01,18.09,18.0900,35,0.51685714
1937-03-02,18.34,18.3400,35,0.52400000
1937-03-03,18.55,18.5500,35,0.53000000
1937-03-04,18.38,18.3800,35,0.52514286
1937-03-05,18.62,18.6200,35,0.53200000
1937-03-06,18.68,18.6800,35,0.53371429
1937-03-08,18.56,18.5600,35,0.53028571
1937-06-01,15.96,15.9600,35,0.45600000
1937-06-02,16.07,16.0700,35,0.45914286
1937-06-03,16.1,16.1000,35,0.46000000
1937-06-04,16.28,16.2800,35,0.46514286
1937-06-05,16.25,16.2500,35,0.46428571
1937-06-07,16.13,16.1300,35,0.46085714
1937-06-08,16.18,16.1800,35,0.46228571
1937-09-01,15.61,15.6100,35,0.44600000
1937-09-02,15.36,15.3600,35,0.43885714
1937-09-03,15.46,15.4600,35,0.44171429
1937-09-04,15.58,15.5800,35,0.44514286
1937-09-07,14.69,14.6900,35,0.41971429
1937-09-08,14.61,14.6100,35,0.41742857
1937-12-01,10.97,10.9700,35,0.31342857
1937-12-02,11.19,11.1900,35,0.31971429
1937-12-03,11.34,11.3400,35,0.32400000
1937-12-04,11.35,11.3500,35,0.32428571
1937-12-06,11.13,11.1300,35,0.31800000
1937-12-07,11.32,11.3200,35,0.32342857
1937-12-08,11.42,11.4200,35,0.32628571
1938-03-01,11.46,11.4600,35,0.32742857
1938-03-02,11.35,11.3500,35,0.32428571
1938-03-03,11.24,11.2400,35,0.32114286
1938-03-04,11.13,11.1300,35,0.31800000
1938-03-05,11.12,11.1200,35,0.31771429
1938-03-07,10.88,10.8800,35,0.31085714
1938-03-08,10.88,10.8800,35,0.31085714
1938-06-01,9.57,9.5700,35,0.27342857
1938-06-02,9.54,9.5400,35,0.27257143
1938-06-03,9.42,9.4200,35,0.26914286
1938-06-04,9.65,9.6500,35,0.27571429
1938-06-06,9.74,9.7400,35,0.27828571
1938-06-07,9.7,9.7000,35,0.27714286
1938-06-08,9.73,9.7300,35,0.27800000
1938-09-01,11.92,11.9200,35,0.34057143
1938-09-02,12.26,12.2600,35,0.35028571
1938-09-03,12.35,12.3500,35,0.35285714
1938-09-06,12.22,12.2200,35,0.34914286
1938-09-07,12.41,12.4100,35,0.35457143
1938-09-08,12.29,12.2900,35,0.35114286
1938-12-01,12.61,12.6100,35,0.36028571
1938-12-02,12.48,12.4800,35,0.35657143
1938-12-03,12.47,12.4700,35,0.35628571
1938-12-05,12.4,12.4000,35,0.35428571
1938-12-06,12.5,12.5000,35,0.35714286
1938-12-07,12.54,12.5400,35,0.35828571
1938-12-08,12.39,12.3900,35,0.35400000
1939-03-01,12.7,12.7000,35,0.36285714
1939-03-02,12.68,12.6800,35,0.36228571
1939-03-03,12.86,12.8600,35,0.36742857
1939-03-04,12.9,12.9000,35,0.36857143
1939-03-06,12.79,12.7900,35,0.36542857
1939-03-07,12.85,12.8500,35,0.36714286
1939-03-08,13.07,13.0700,35,0.37342857
1939-06-01,11.42,11.4200,35,0.32628571
1939-06-02,11.48,11.4800,35,0.32800000
1939-06-03,11.52,11.5200,35,0.32914286
1939-06-05,11.51,11.5100,35,0.32885714
1939-06-06,11.66,11.6600,35,0.33314286
1939-06-07,11.67,11.6700,35,0.33342857
1939-06-08,11.64,11.6400,35,0.33257143
1939-09-01,11.3,11.3000,35,0.32285714
1939-09-02,11.53,11.5300,35,0.32942857
1939-09-05,12.64,12.6400,35,0.36114286
1939-09-06,12.53,12.5300,35,0.35800000
1939-09-07,12.5,12.5000,35,0.35714286
1939-09-08,12.69,12.6900,35,0.36257143
1939-12-01,12.29,12.2900,35,0.35114286
1939-12-02,12.3,12.3000,35,0.35142857
1939-12-04,12.28,12.2800,35,0.35085714
1939-12-05,12.26,12.2600,35,0.35028571
1939-12-06,12.45,12.4500,35,0.35571429
1939-12-07,12.46,12.4600,35,0.35600000
1939-12-08,12.36,12.3600,35,0.35314286
1940-03-01,12.06,12.0600,34.75,0.34705036
1940-03-02,12.08,12.0800,34.75,0.34762590
1940-03-04,12.09,12.0900,34.75,0.34791367
1940-03-05,12.15,12.1500,34.75,0.34964029
1940-03-06,12.24,12.2400,34.75,0.35223022
1940-03-07,12.25,12.2500,34.75,0.35251799
1940-03-08,12.2,12.2000,34.75,0.35107914
1940-06-01,9.23,9.2300,34.75,0.26561151
1940-06-03,9.11,9.1100,34.75,0.26215827
1940-06-04,9.23,9.2300,34.75,0.26561151
1940-06-05,9.09,9.0900,34.75,0.26158273
1940-06-06,9.22,9.2200,34.75,0.26532374
1940-06-07,9.34,9.3400,34.75,0.26877698
1940-06-08,9.33,9.3300,34.75,0.26848921
1940-09-03,10.56,10.5600,34.1,0.30967742
1940-09-04,10.78,10.7800,34.1,0.31612903
1940-09-05,10.93,10.9300,34.1,0.32052786
1940-09-06,10.85,10.8500,34.1,0.31818182
1940-09-07,10.81,10.8100,34.1,0.31700880
1940-12-02,10.62,10.6200,34.5,0.30782609
1940-12-03,10.58,10.5800,34.5,0.30666667
1940-12-04,10.58,10.5800,34.5,0.30666667
1940-12-05,10.51,10.5100,34.5,0.30463768
1940-12-06,10.53,10.5300,34.5,0.30521739
1940-12-07,10.6,10.6000,34.5,0.30724638
1941-03-01,9.9,9.9000,34.5,0.28695652
1941-03-03,9.77,9.7700,34.5,0.28318841
1941-03-04,9.82,9.8200,34.5,0.28463768
1941-03-05,9.76,9.7600,34.5,0.28289855
1941-03-06,9.95,9.9500,34.5,0.28840580
1941-03-07,9.9,9.9000,34.5,0.28695652
1941-03-08,9.91,9.9100,34.5,0.28724638
1941-06-02,9.36,9.3600,34.25,0.27328467
1941-06-03,9.47,9.4700,34.25,0.27649635
1941-06-04,9.46,9.4600,34.25,0.27620438
1941-06-05,9.5,9.5000,34.25,0.27737226
1941-06-06,9.49,9.4900,34.25,0.27708029
1941-06-07,9.57,9.5700,34.25,0.27941606
1941-09-02,10.34,10.3400,35.5,0.29126761
1941-09-03,10.27,10.2700,35.5,0.28929577
1941-09-04,10.24,10.2400,35.5,0.28845070
1941-09-05,10.21,10.2100,35.5,0.28760563
1941-09-06,10.22,10.2200,35.5,0.28788732
1941-09-08,10.23,10.2300,35.5,0.28816901
1941-12-01,9.07,9.0700,35.5,0.25549296
1941-12-02,9.26,9.2600,35.5,0.26084507
1941-12-03,9.36,9.3600,35.5,0.26366197
1941-12-04,9.38,9.3800,35.5,0.26422535
1941-12-05,9.32,9.3200,35.5,0.26253521
1941-12-06,9.38,9.3800,35.5,0.26422535
1941-12-08,8.97,8.9700,35.5,0.25267606
1942-03-02,8.47,8.4700,35.5,0.23859155
1942-03-03,8.6,8.6000,35.5,0.24225352
1942-03-04,8.51,8.5100,35.5,0.23971831
1942-03-05,8.38,8.3800,35.5,0.23605634
1942-03-06,8.16,8.1600,35.5,0.22985915
1942-03-07,8.23,8.2300,35.5,0.23183099
1942-06-01,8.19,8.1900,35,0.23400000
1942-06-02,8.18,8.1800,35,0.23371429
1942-06-03,8.24,8.2400,35,0.23542857
1942-06-04,8.35,8.3500,35,0.23857143
1942-06-05,8.37,8.3700,35,0.23914286
1942-06-06,8.4,8.4000,35,0.24000000
1942-06-08,8.47,8.4700,35,0.24200000
1942-09-01,8.62,8.6200,36.25,0.23779310
1942-09-02,8.63,8.6300,36.25,0.23806897
1942-09-03,8.62,8.6200,36.25,0.23779310
1942-09-04,8.61,8.6100,36.25,0.23751724
1942-09-05,8.62,8.6200,36.25,0.23779310
1942-09-08,8.68,8.6800,36.25,0.23944828
1942-12-01,9.28,9.2800,35.5,0.26140845
1942-12-02,9.31,9.3100,35.5,0.26225352
1942-12-03,9.34,9.3400,35.5,0.26309859
1942-12-04,9.34,9.3400,35.5,0.26309859
1942-12-05,9.35,9.3500,35.5,0.26338028
1942-12-07,9.3,9.3000,35.5,0.26197183
1942-12-08,9.36,9.3600,35.5,0.26366197
1943-03-01,10.92,10.9200,35.5,0.30760563
1943-03-02,10.84,10.8400,35.5,0.30535211
1943-03-03,10.98,10.9800,35.5,0.30929577
1943-03-04,11,11.0000,35.5,0.30985915
1943-03-05,11.05,11.0500,35.5,0.31126761
1943-03-06,11.07,11.0700,35.5,0.31183099
1943-03-08,11.01,11.0100,35.5,0.31014085
1943-06-01,12.18,12.1800,35.5,0.34309859
1943-06-02,12.19,12.1900,35.5,0.34338028
1943-06-03,12.24,12.2400,35.5,0.34478873
1943-06-04,12.18,12.1800,35.5,0.34309859
1943-06-05,12.28,12.2800,35.5,0.34591549
1943-06-07,12.15,12.1500,35.5,0.34225352
1943-06-08,12.08,12.0800,35.5,0.34028169
1943-09-01,11.84,11.8400,36.5,0.32438356
1943-09-02,11.84,11.8400,36.5,0.32438356
1943-09-03,11.82,11.8200,36.5,0.32383562
1943-09-04,11.84,11.8400,36.5,0.32438356
1943-09-07,11.85,11.8500,36.5,0.32465753
1943-09-08,11.78,11.7800,36.5,0.32273973
1943-12-01,11.13,11.1300,36.5,0.30493151
1943-12-02,11.22,11.2200,36.5,0.30739726
1943-12-03,11.23,11.2300,36.5,0.30767123
1943-12-04,11.24,11.2400,36.5,0.30794521
1943-12-06,11.28,11.2800,36.5,0.30904110
1943-12-07,11.38,11.3800,36.5,0.31178082
1943-12-08,11.5,11.5000,36.5,0.31506849
1944-03-01,11.87,11.8700,36.5,0.32520548
1944-03-02,11.88,11.8800,36.5,0.32547945
1944-03-03,11.9,11.9000,36.5,0.32602740
1944-03-04,11.9,11.9000,36.5,0.32602740
1944-03-06,11.93,11.9300,36.5,0.32684932
1944-03-07,12.01,12.0100,36.5,0.32904110
1944-03-08,12.11,12.1100,36.5,0.33178082
1944-06-01,12.31,12.3100,36.75,0.33496599
1944-06-02,12.3,12.3000,36.75,0.33469388
1944-06-03,12.31,12.3100,36.75,0.33496599
1944-06-05,12.23,12.2300,36.75,0.33278912
1944-06-06,12.31,12.3100,36.75,0.33496599
1944-06-07,12.3,12.3000,36.75,0.33469388
1944-06-08,12.25,12.2500,36.75,0.33333333
1944-09-01,12.86,12.8600,36,0.35722222
1944-09-05,12.78,12.7800,36,0.35500000
1944-09-06,12.47,12.4700,36,0.34638889
1944-09-07,12.43,12.4300,36,0.34527778
1944-09-08,12.41,12.4100,36,0.34472222
1944-12-01,12.8,12.8000,36.25,0.35310345
1944-12-02,12.83,12.8300,36.25,0.35393103
1944-12-04,12.91,12.9100,36.25,0.35613793
1944-12-05,12.96,12.9600,36.25,0.35751724
1944-12-06,12.96,12.9600,36.25,0.35751724
1944-12-07,12.99,12.9900,36.25,0.35834483
1944-12-08,13.09,13.0900,36.25,0.36110345
1945-03-01,14.32,14.3200,36.25,0.39503448
1945-03-02,14.23,14.2300,36.25,0.39255172
1945-03-03,14.23,14.2300,36.25,0.39255172
1945-03-05,14.3,14.3000,36.25,0.39448276
1945-03-06,14.37,14.3700,36.25,0.39641379
1945-03-07,14.38,14.3800,36.25,0.39668966
1945-03-08,14.12,14.1200,36.25,0.38951724
1945-06-01,15.03,15.0300,36.25,0.41462069
1945-06-02,15.06,15.0600,36.25,0.41544828
1945-06-04,15.05,15.0500,36.25,0.41517241
1945-06-05,15.03,15.0300,36.25,0.41462069
1945-06-06,14.96,14.9600,36.25,0.41268966
1945-06-07,14.97,14.9700,36.25,0.41296552
1945-06-08,14.93,14.9300,36.25,0.41186207
1945-09-04,15.51,15.5100,38.25,0.40549020
1945-09-05,15.53,15.5300,38.25,0.40601307
1945-09-06,15.74,15.7400,38.25,0.41150327
1945-09-07,15.73,15.7300,38.25,0.41124183
1945-09-08,15.76,15.7600,38.25,0.41202614
1945-12-01,17.29,17.2900,37.25,0.46416107
1945-12-03,17.44,17.4400,37.25,0.46818792
1945-12-04,17.42,17.4200,37.25,0.46765101
1945-12-05,17.41,17.4100,37.25,0.46738255
1945-12-06,17.5,17.5000,37.25,0.46979866
1945-12-07,17.54,17.5400,37.25,0.47087248
1945-12-08,17.65,17.6500,37.25,0.47382550
1946-03-01,17.21,17.2100,37.75,0.45589404
1946-03-02,17.1,17.1000,37.75,0.45298013
1946-03-04,17.09,17.0900,37.75,0.45271523
1946-03-05,17.27,17.2700,37.75,0.45748344
1946-03-06,17.19,17.1900,37.75,0.45536424
1946-03-07,17.34,17.3400,37.75,0.45933775
1946-03-08,17.49,17.4900,37.75,0.46331126
1946-06-03,19.05,19.0500,37.75,0.50463576
1946-06-04,18.93,18.9300,37.75,0.50145695
1946-06-05,18.82,18.8200,37.75,0.49854305
1946-06-06,18.81,18.8100,37.75,0.49827815
1946-06-07,18.82,18.8200,37.75,0.49854305
1946-09-03,15.53,15.5300,39.5,0.39316456
1946-09-04,15.46,15.4600,39.5,0.39139241
1946-09-05,15.99,15.9900,39.5,0.40481013
1946-09-06,15.84,15.8400,39.5,0.40101266
1946-12-02,14.44,14.4400,38.25,0.37751634
1946-12-03,14.49,14.4900,38.25,0.37882353
1946-12-04,14.72,14.7200,38.25,0.38483660
1946-12-05,14.64,14.6400,38.25,0.38274510
1946-12-06,14.7,14.7000,38.25,0.38431373
1946-12-07,14.81,14.8100,38.25,0.38718954
1947-03-01,15.44,15.4400,38.25,0.40366013
1947-03-03,15.41,15.4100,38.25,0.40287582
1947-03-04,15.41,15.4100,38.25,0.40287582
1947-03-05,15.59,15.5900,38.25,0.40758170
1947-03-06,15.65,15.6500,38.25,0.40915033
1947-03-07,15.16,15.1600,38.25,0.39633987
1947-03-08,15.1,15.1000,38.25,0.39477124
1947-06-02,14.3,14.3000,37.5,0.38133333
1947-06-03,14.5,14.5000,37.5,0.38666667
1947-06-04,14.4,14.4000,37.5,0.38400000
1947-06-05,14.39,14.3900,37.5,0.38373333
1947-06-06,14.5,14.5000,37.5,0.38666667
1947-09-02,15.37,15.3700,43.25,0.35537572
1947-09-03,15.33,15.3300,43.25,0.35445087
1947-09-04,15.14,15.1400,43.25,0.35005780
1947-09-05,15.1,15.1000,43.25,0.34913295
1947-09-08,14.86,14.8600,43.25,0.34358382
1947-12-01,15.07,15.0700,43,0.35046512
1947-12-02,15.09,15.0900,43,0.35093023
1947-12-03,14.95,14.9500,43,0.34767442
1947-12-04,14.86,14.8600,43,0.34558140
1947-12-05,14.63,14.6300,43,0.34023256
1947-12-06,14.61,14.6100,43,0.33976744
1947-12-08,14.77,14.7700,43,0.34348837
1948-03-01,14.07,14.0700,43,0.32720930
1948-03-02,14.16,14.1600,43,0.32930233
1948-03-03,14.17,14.1700,43,0.32953488
1948-03-04,14.08,14.0800,43,0.32744186
1948-03-05,14.11,14.1100,43,0.32813953
1948-03-06,14.16,14.1600,43,0.32930233
1948-03-08,14.04,14.0400,43,0.32651163
1948-06-01,16.74,16.7400,43.25,0.38705202
1948-06-02,16.76,16.7600,43.25,0.38751445
1948-06-03,16.72,16.7200,43.25,0.38658960
1948-06-04,16.59,16.5900,43.25,0.38358382
1948-06-07,16.54,16.5400,43.25,0.38242775
1948-06-08,16.82,16.8200,43.25,0.38890173
1948-09-01,16.16,16.1600,41.5,0.38939759
1948-09-02,16.24,16.2400,41.5,0.39132530
1948-09-03,16.27,16.2700,41.5,0.39204819
1948-09-07,16.35,16.3500,41.5,0.39397590
1948-09-08,16.07,16.0700,41.5,0.38722892
1948-12-01,15.01,15.0100,42,0.35738095
1948-12-02,15,15.0000,42,0.35714286
1948-12-03,15.13,15.1300,42,0.36023810
1948-12-04,15.25,15.2500,42,0.36309524
1948-12-06,15.23,15.2300,42,0.36261905
1948-12-07,15.24,15.2400,42,0.36285714
1948-12-08,15.2,15.2000,42,0.36190476
1949-03-01,14.71,14.7100,42,0.35023810
1949-03-02,14.67,14.6700,42,0.34928571
1949-03-03,14.65,14.6500,42,0.34880952
1949-03-04,14.67,14.6700,42,0.34928571
1949-03-05,14.81,14.8100,42,0.35261905
1949-03-07,14.86,14.8600,42,0.35380952
1949-03-08,14.89,14.8900,42,0.35452381
1949-06-01,14.14,14.1400,42.5,0.33270588
1949-06-02,14.14,14.1400,42.5,0.33270588
1949-06-03,14.05,14.0500,42.5,0.33058824
1949-06-06,13.82,13.8200,42.5,0.32517647
1949-06-07,13.84,13.8400,42.5,0.32564706
1949-06-08,13.93,13.9300,42.5,0.32776471
1949-09-01,15.31,15.3100,40.5,0.37802469
1949-09-02,15.29,15.2900,40.5,0.37753086
1949-09-06,15.28,15.2800,40.5,0.37728395
1949-09-07,15.38,15.3800,40.5,0.37975309
1949-09-08,15.41,15.4100,40.5,0.38049383
1949-12-01,16.15,16.1500,40.5,0.39876543
1949-12-02,16.28,16.2800,40.5,0.40197531
1949-12-03,16.41,16.4100,40.5,0.40518519
1949-12-05,16.41,16.4100,40.5,0.40518519
1949-12-06,16.39,16.3900,40.5,0.40469136
1949-12-07,16.43,16.4300,40.5,0.40567901
1949-12-08,16.43,16.4300,40.5,0.40567901
1950-03-01,17.24,17.2400,40.5,0.42567901
1950-03-02,17.23,17.2300,40.5,0.42543210
1950-03-03,17.29,17.2900,40.5,0.42691358
1950-03-04,17.33,17.3300,40.5,0.42790123
1950-03-06,17.32,17.3200,40.5,0.42765432
1950-03-07,17.2,17.2000,40.5,0.42469136
1950-03-08,17.19,17.1900,40.5,0.42444444
1950-06-01,18.77,18.7700,41.5,0.45228916
1950-06-02,18.79,18.7900,41.5,0.45277108
1950-06-05,18.6,18.6000,41.5,0.44819277
1950-06-06,18.88,18.8800,41.5,0.45493976
1950-06-07,18.93,18.9300,41.5,0.45614458
1950-06-08,19.14,19.1400,41.5,0.46120482
1950-09-01,18.55,18.5500,36.5,0.50821918
1950-09-05,18.68,18.6800,36.5,0.51178082
1950-09-06,18.54,18.5400,36.5,0.50794521
1950-09-07,18.59,18.5900,36.5,0.50931507
1950-09-08,18.75,18.7500,36.5,0.51369863
1950-12-01,19.66,19.6600,40.25,0.48844720
1950-12-02,19.54,19.5400,40.25,0.48546584
1950-12-04,19,19.0000,40.25,0.47204969
1950-12-05,19.31,19.3100,40.25,0.47975155
1950-12-06,19.45,19.4500,40.25,0.48322981
1950-12-07,19.4,19.4000,40.25,0.48198758
1950-12-08,19.4,19.4000,40.25,0.48198758
1951-03-01,21.85,21.8500,40.25,0.54285714
1951-03-02,21.93,21.9300,40.25,0.54484472
1951-03-03,21.94,21.9400,40.25,0.54509317
1951-03-05,21.79,21.7900,40.25,0.54136646
1951-03-06,21.79,21.7900,40.25,0.54136646
1951-03-07,21.86,21.8600,40.25,0.54310559
1951-03-08,21.95,21.9500,40.25,0.54534161
1951-06-01,21.48,21.4800,44,0.48818182
1951-06-04,21.24,21.2400,44,0.48272727
1951-06-05,21.33,21.3300,44,0.48477273
1951-06-06,21.48,21.4800,44,0.48818182
1951-06-07,21.56,21.5600,44,0.49000000
1951-06-08,21.49,21.4900,44,0.48840909
1951-09-04,23.28,23.2800,40,0.58200000
1951-09-05,23.42,23.4200,40,0.58550000
1951-09-06,23.47,23.4700,40,0.58675000
1951-09-07,23.53,23.5300,40,0.58825000
1951-12-01,22.94,22.9400,40,0.57350000
1951-12-03,23.01,23.0100,40,0.57525000
1951-12-04,23.14,23.1400,40,0.57850000
1951-12-05,23.07,23.0700,40,0.57675000
1951-12-06,23.34,23.3400,40,0.58350000
1951-12-07,23.38,23.3800,40,0.58450000
1951-12-08,23.41,23.4100,40,0.58525000
1952-03-01,23.28,23.2800,40,0.58200000
1952-03-03,23.29,23.2900,40,0.58225000
1952-03-04,23.68,23.6800,40,0.59200000
1952-03-05,23.71,23.7100,40,0.59275000
1952-03-06,23.69,23.6900,40,0.59225000
1952-03-07,23.72,23.7200,40,0.59300000
1952-03-08,23.77,23.7700,40,0.59425000
1952-06-02,23.8,23.8000,40.75,0.58404908
1952-06-03,23.78,23.7800,40.75,0.58355828
1952-06-04,23.95,23.9500,40.75,0.58773006
1952-06-05,24.1,24.1000,40.75,0.59141104
1952-06-06,24.26,24.2600,40.75,0.59533742
1952-09-02,25.15,25.1500,38.15,0.65923984
1952-09-03,25.25,25.2500,38.15,0.66186107
1952-09-04,25.24,25.2400,38.15,0.66159895
1952-09-05,25.21,25.2100,38.15,0.66081258
1952-09-08,25.11,25.1100,38.15,0.65819135
1952-12-01,25.68,25.6800,38.7,0.66356589
1952-12-02,25.74,25.7400,38.7,0.66511628
1952-12-03,25.71,25.7100,38.7,0.66434109
1952-12-04,25.61,25.6100,38.7,0.66175711
1952-12-05,25.62,25.6200,38.7,0.66201550
1952-12-08,25.76,25.7600,38.7,0.66563307
1953-03-02,25.93,25.9300,38.7,0.67002584
1953-03-03,26,26.0000,38.7,0.67183463
1953-03-04,25.78,25.7800,38.7,0.66614987
1953-03-05,25.79,25.7900,38.7,0.66640827
1953-03-06,25.84,25.8400,38.7,0.66770026
1953-06-01,24.15,24.1500,39.25,0.61528662
1953-06-02,24.22,24.2200,39.25,0.61707006
1953-06-03,24.18,24.1800,39.25,0.61605096
1953-06-04,24.03,24.0300,39.25,0.61222930
1953-06-05,24.09,24.0900,39.25,0.61375796
1953-06-08,24.01,24.0100,39.25,0.61171975
1953-09-01,23.42,23.4200,35.25,0.66439716
1953-09-02,23.56,23.5600,35.25,0.66836879
1953-09-03,23.51,23.5100,35.25,0.66695035
1953-09-04,23.57,23.5700,35.25,0.66865248
1953-09-08,23.61,23.6100,35.25,0.66978723
1953-12-01,24.78,24.7800,35.5,0.69802817
1953-12-02,24.95,24.9500,35.5,0.70281690
1953-12-03,24.97,24.9700,35.5,0.70338028
1953-12-04,24.98,24.9800,35.5,0.70366197
1953-12-07,24.95,24.9500,35.5,0.70281690
1953-12-08,24.87,24.8700,35.5,0.70056338
1954-03-01,26.25,26.2500,35.5,0.73943662
1954-03-02,26.32,26.3200,35.5,0.74140845
1954-03-03,26.32,26.3200,35.5,0.74140845
1954-03-04,26.41,26.4100,35.5,0.74394366
1954-03-05,26.52,26.5200,35.5,0.74704225
1954-03-08,26.45,26.4500,35.5,0.74507042
1954-06-01,29.19,29.1900,35.5,0.82225352
1954-06-02,29.16,29.1600,35.5,0.82140845
1954-06-03,29.15,29.1500,35.5,0.82112676
1954-06-04,29.1,29.1000,35.5,0.81971831
1954-06-07,28.99,28.9900,35.5,0.81661972
1954-06-08,28.34,28.3400,35.5,0.79830986
1954-09-01,30.04,30.0400,35.25,0.85219858
1954-09-02,30.27,30.2700,35.25,0.85872340
1954-09-03,30.5,30.5000,35.25,0.86524823
1954-09-07,30.66,30.6600,35.25,0.86978723
1954-09-08,30.68,30.6800,35.25,0.87035461
1954-12-01,33.99,33.9900,35.25,0.96425532
1954-12-02,34.18,34.1800,35.25,0.96964539
1954-12-03,34.49,34.4900,35.25,0.97843972
1954-12-06,34.76,34.7600,35.25,0.98609929
1954-12-07,34.92,34.9200,35.25,0.99063830
1954-12-08,34.86,34.8600,35.25,0.98893617
1955-03-01,36.83,36.8300,35.25,1.04482270
1955-03-02,37.15,37.1500,35.25,1.05390071
1955-03-03,37.29,37.2900,35.25,1.05787234
1955-03-04,37.52,37.5200,35.25,1.06439716
1955-03-07,37.28,37.2800,35.25,1.05758865
1955-03-08,36.58,36.5800,35.25,1.03773050
1955-06-01,37.96,37.9600,35.25,1.07687943
1955-06-02,38.01,38.0100,35.25,1.07829787
1955-06-03,38.37,38.3700,35.25,1.08851064
1955-06-06,39.69,39.6900,35.25,1.12595745
1955-06-07,39.96,39.9600,35.25,1.13361702
1955-06-08,39.22,39.2200,35.25,1.11262411
1955-09-01,43.37,43.3700,35.15,1.23385491
1955-09-02,43.6,43.6000,35.15,1.24039829
1955-09-06,43.86,43.8600,35.15,1.24779516
1955-09-07,43.85,43.8500,35.15,1.24751067
1955-09-08,43.88,43.8800,35.15,1.24836415
1955-12-01,45.35,45.3500,35.15,1.29018492
1955-12-02,45.44,45.4400,35.15,1.29274538
1955-12-05,45.7,45.7000,35.15,1.30014225
1955-12-06,45.7,45.7000,35.15,1.30014225
1955-12-07,45.55,45.5500,35.15,1.29587482
1955-12-08,45.82,45.8200,35.15,1.30355619
1956-03-01,45.54,45.5400,35.15,1.29559033
1956-03-02,45.81,45.8100,35.15,1.30327169
1956-03-05,46.06,46.0600,35.15,1.31038407
1956-03-06,46.04,46.0400,35.15,1.30981508
1956-03-07,46.01,46.0100,35.15,1.30896159
1956-03-08,46.12,46.1200,35.15,1.31209104
1956-06-01,45.58,45.5800,35.15,1.29672831
1956-06-04,45.85,45.8500,35.15,1.30440967
1956-06-05,45.86,45.8600,35.15,1.30469417
1956-06-06,45.63,45.6300,35.15,1.29815078
1956-06-07,45.99,45.9900,35.15,1.30839260
1956-06-08,45.14,45.1400,35.15,1.28421053
1956-09-04,47.89,47.8900,35.2,1.36051136
1956-09-05,48.02,48.0200,35.2,1.36420455
1956-09-06,48.1,48.1000,35.2,1.36647727
1956-09-07,47.81,47.8100,35.2,1.35823864
1956-12-03,45.98,45.9800,35.2,1.30625000
1956-12-04,45.84,45.8400,35.2,1.30227273
1956-12-05,46.39,46.3900,35.2,1.31789773
1956-12-06,46.81,46.8100,35.2,1.32982955
1956-12-07,47.04,47.0400,35.2,1.33636364
1957-03-01,43.74,43.7400,35.2,1.24261364
1957-03-04,44.06,44.0600,35.2,1.25170455
1957-03-05,44.22,44.2200,35.2,1.25625000
1957-03-06,44.23,44.2300,35.2,1.25653409
1957-03-07,44.21,44.2100,35.2,1.25596591
1957-03-08,44.07,44.0700,35.2,1.25198864
1957-06-03,47.37,47.3700,35.15,1.34765292
1957-06-04,47.28,47.2800,35.15,1.34509246
1957-06-05,47.27,47.2700,35.15,1.34480797
1957-06-06,47.8,47.8000,35.15,1.35988620
1957-06-07,47.85,47.8500,35.15,1.36130868
1957-09-03,45.44,45.4400,35.25,1.28907801
1957-09-04,45.05,45.0500,35.25,1.27801418
1957-09-05,44.82,44.8200,35.25,1.27148936
1957-09-06,44.68,44.6800,35.25,1.26751773
1957-12-02,41.36,41.3600,35.25,1.17333333
1957-12-03,41.37,41.3700,35.25,1.17361702
1957-12-04,41.54,41.5400,35.25,1.17843972
1957-12-05,41.52,41.5200,35.25,1.17787234
1957-12-06,41.31,41.3100,35.25,1.17191489
1958-03-03,41.13,41.1300,35.25,1.16680851
1958-03-04,41.35,41.3500,35.25,1.17304965
1958-03-05,41.47,41.4700,35.25,1.17645390
1958-03-06,42,42.0000,35.25,1.19148936
1958-03-07,42.07,42.0700,35.25,1.19347518
1958-06-02,44.31,44.3100,35.25,1.25702128
1958-06-03,44.46,44.4600,35.25,1.26127660
1958-06-04,44.5,44.5000,35.25,1.26241135
1958-06-05,44.55,44.5500,35.25,1.26382979
1958-06-06,44.64,44.6400,35.25,1.26638298
1958-09-02,48,48.0000,35.25,1.36170213
1958-09-03,48.18,48.1800,35.25,1.36680851
1958-09-04,48.1,48.1000,35.25,1.36453901
1958-09-05,47.97,47.9700,35.25,1.36085106
1958-09-08,48.13,48.1300,35.25,1.36539007
1958-12-01,52.69,52.6900,35.25,1.49475177
1958-12-02,52.46,52.4600,35.25,1.48822695
1958-12-03,52.53,52.5300,35.25,1.49021277
1958-12-04,52.55,52.5500,35.25,1.49078014
1958-12-05,52.46,52.4600,35.25,1.48822695
1958-12-08,52.46,52.4600,35.25,1.48822695
1959-03-02,55.73,55.7300,35.25,1.58099291
1959-03-03,56.25,56.2500,35.25,1.59574468
1959-03-04,56.35,56.3500,35.25,1.59858156
1959-03-05,56.43,56.4300,35.25,1.60085106
1959-03-06,56.21,56.2100,35.25,1.59460993
1959-06-01,58.63,58.6300,35.25,1.66326241
1959-06-02,58.23,58.2300,35.25,1.65191489
1959-06-03,58.25,58.2500,35.25,1.65248227
1959-06-04,57.63,57.6300,35.25,1.63489362
1959-06-05,57.51,57.5100,35.25,1.63148936
1959-06-08,56.76,56.7600,35.25,1.61021277
1959-09-01,58.87,58.8700,35.25,1.67007092
1959-09-02,58.92,58.9200,35.25,1.67148936
1959-09-03,58.26,58.2600,35.25,1.65276596
1959-09-04,58.54,58.5400,35.25,1.66070922
1959-09-08,57.7,57.7000,35.25,1.63687943
1959-12-01,58.7,58.7000,35.25,1.66524823
1959-12-02,58.6,58.6000,35.25,1.66241135
1959-12-03,58.73,58.7300,35.25,1.66609929
1959-12-04,58.85,58.8500,35.25,1.66950355
1959-12-07,58.96,58.9600,35.25,1.67262411
1959-12-08,59.34,59.3400,35.25,1.68340426
1960-03-01,56.01,56.0100,35.25,1.58893617
1960-03-02,55.62,55.6200,35.25,1.57787234
1960-03-03,54.78,54.7800,35.25,1.55404255
1960-03-04,54.57,54.5700,35.25,1.54808511
1960-03-07,54.02,54.0200,35.25,1.53248227
1960-03-08,53.47,53.4700,35.25,1.51687943
1960-06-01,55.89,55.8900,35.2,1.58778409
1960-06-02,56.13,56.1300,35.2,1.59460227
1960-06-03,56.23,56.2300,35.2,1.59744318
1960-06-06,56.89,56.8900,35.2,1.61619318
1960-06-07,57.43,57.4300,35.2,1.63153409
1960-06-08,57.89,57.8900,35.2,1.64460227
1960-09-01,57.09,57.0900,36.5,1.56410959
1960-09-02,57,57.0000,36.5,1.56164384
1960-09-06,56.49,56.4900,36.5,1.54767123
1960-09-07,55.79,55.7900,36.5,1.52849315
1960-09-08,55.74,55.7400,36.5,1.52712329
1960-12-01,55.3,55.3000,36.5,1.51506849
1960-12-02,55.39,55.3900,36.5,1.51753425
1960-12-05,55.31,55.3100,36.5,1.51534247
1960-12-06,55.47,55.4700,36.5,1.51972603
1960-12-07,56.02,56.0200,36.5,1.53479452
1960-12-08,56.15,56.1500,36.5,1.53835616
1961-03-01,63.43,63.4300,36.5,1.73780822
1961-03-02,63.85,63.8500,36.5,1.74931507
1961-03-03,63.95,63.9500,36.5,1.75205479
1961-03-06,64.05,64.0500,36.5,1.75479452
1961-03-07,63.47,63.4700,36.5,1.73890411
1961-03-08,63.44,63.4400,36.5,1.73808219
1961-06-01,66.56,66.5600,36.5,1.82356164
1961-06-02,66.73,66.7300,36.5,1.82821918
1961-06-05,67.08,67.0800,36.5,1.83780822
1961-06-06,66.89,66.8900,36.5,1.83260274
1961-06-07,65.64,65.6400,36.5,1.79835616
1961-06-08,66.67,66.6700,36.5,1.82657534
1961-09-01,68.19,68.1900,35.15,1.93997155
1961-09-05,67.96,67.9600,35.15,1.93342817
1961-09-06,68.46,68.4600,35.15,1.94765292
1961-09-07,68.35,68.3500,35.15,1.94452347
1961-09-08,67.88,67.8800,35.15,1.93115220
1961-12-01,71.78,71.7800,35.5,2.02197183
1961-12-04,72.01,72.0100,35.5,2.02845070
1961-12-05,71.93,71.9300,35.5,2.02619718
1961-12-06,71.99,71.9900,35.5,2.02788732
1961-12-07,71.7,71.7000,35.5,2.01971831
1961-12-08,72.04,72.0400,35.5,2.02929577
1962-03-01,70.2,70.2000,35.5,1.97746479
1962-03-02,70.16,70.1600,35.5,1.97633803
1962-03-05,70.01,70.0100,35.5,1.97211268
1962-03-06,69.78,69.7800,35.5,1.96563380
1962-03-07,69.69,69.6900,35.5,1.96309859
1962-03-08,70.19,70.1900,35.5,1.97718310
1962-06-01,59.38,59.3800,35.5,1.67267606
1962-06-04,57.27,57.2700,35.5,1.61323944
1962-06-05,57.57,57.5700,35.5,1.62169014
1962-06-06,58.39,58.3900,35.5,1.64478873
1962-06-07,58.4,58.4000,35.5,1.64507042
1962-06-08,58.45,58.4500,35.5,1.64647887
1962-09-04,58.56,58.5600,35.2,1.66363636
1962-09-05,58.12,58.1200,35.2,1.65113636
1962-09-06,58.36,58.3600,35.2,1.65795455
1962-09-07,58.38,58.3800,35.2,1.65852273
1962-12-03,61.94,61.9400,35.35,1.75219236
1962-12-04,62.64,62.6400,35.35,1.77199434
1962-12-05,62.39,62.3900,35.35,1.76492221
1962-12-06,62.93,62.9300,35.35,1.78019802
1962-12-07,63.06,63.0600,35.35,1.78387553
1963-03-01,64.1,64.1000,35.35,1.81329562
1963-03-04,64.72,64.7200,35.35,1.83083451
1963-03-05,64.74,64.7400,35.35,1.83140028
1963-03-06,64.85,64.8500,35.35,1.83451202
1963-03-07,65.26,65.2600,35.35,1.84611033
1963-03-08,65.33,65.3300,35.35,1.84809052
1963-06-03,70.69,70.6900,35.42,1.99576510
1963-06-04,70.7,70.7000,35.42,1.99604743
1963-06-05,70.53,70.5300,35.42,1.99124788
1963-06-06,70.58,70.5800,35.42,1.99265951
1963-06-07,70.41,70.4100,35.42,1.98785997
1963-09-03,72.66,72.6600,35.25,2.06127660
1963-09-04,72.64,72.6400,35.25,2.06070922
1963-09-05,73,73.0000,35.25,2.07092199
1963-09-06,72.84,72.8400,35.25,2.06638298
1963-12-02,73.66,73.6600,35.25,2.08964539
1963-12-03,73.62,73.6200,35.25,2.08851064
1963-12-04,73.8,73.8000,35.25,2.09361702
1963-12-05,74.28,74.2800,35.25,2.10723404
1963-12-06,74,74.0000,35.25,2.09929078
1964-03-02,77.97,77.9700,35.25,2.21191489
1964-03-03,78.22,78.2200,35.25,2.21900709
1964-03-04,78.07,78.0700,35.25,2.21475177
1964-03-05,78.06,78.0600,35.25,2.21446809
1964-03-06,78.31,78.3100,35.25,2.22156028
1964-06-01,80.11,80.1100,35.25,2.27262411
1964-06-02,79.7,79.7000,35.25,2.26099291
1964-06-03,79.49,79.4900,35.25,2.25503546
1964-06-04,78.67,78.6700,35.25,2.23177305
1964-06-05,79.02,79.0200,35.25,2.24170213
1964-06-08,78.64,78.6400,35.25,2.23092199
1964-09-01,82.18,82.1800,35.35,2.32475248
1964-09-02,82.31,82.3100,35.35,2.32842999
1964-09-03,82.56,82.5600,35.35,2.33550212
1964-09-04,82.76,82.7600,35.35,2.34115983
1964-09-08,82.87,82.8700,35.35,2.34427157
1964-12-01,83.55,83.5500,35.35,2.36350778
1964-12-02,83.79,83.7900,35.35,2.37029703
1964-12-03,84.18,84.1800,35.35,2.38132956
1964-12-04,84.35,84.3500,35.35,2.38613861
1964-12-07,84.33,84.3300,35.35,2.38557284
1964-12-08,84,84.0000,35.35,2.37623762
1965-03-01,87.25,87.2500,35.35,2.46817539
1965-03-02,87.4,87.4000,35.35,2.47241867
1965-03-03,87.26,87.2600,35.35,2.46845827
1965-03-04,86.98,86.9800,35.35,2.46053748
1965-03-05,86.8,86.8000,35.35,2.45544554
1965-03-08,86.83,86.8300,35.35,2.45629420
1965-06-01,88.72,88.7200,35.25,2.51687943
1965-06-02,87.09,87.0900,35.25,2.47063830
1965-06-03,86.9,86.9000,35.25,2.46524823
1965-06-04,87.11,87.1100,35.25,2.47120567
1965-06-07,86.88,86.8800,35.25,2.46468085
1965-06-08,85.93,85.9300,35.25,2.43773050
1965-09-01,87.17,87.1700,35.5,2.45549296
1965-09-02,87.65,87.6500,35.5,2.46901408
1965-09-03,88.06,88.0600,35.5,2.48056338
1965-09-07,88.36,88.3600,35.5,2.48901408
1965-09-08,88.66,88.6600,35.5,2.49746479
1965-12-01,91.5,91.5000,35.5,2.57746479
1965-12-02,91.21,91.2100,35.5,2.56929577
1965-12-03,91.27,91.2700,35.5,2.57098592
1965-12-06,90.59,90.5900,35.5,2.55183099
1965-12-07,91.39,91.3900,35.5,2.57436620
1965-12-08,91.28,91.2800,35.5,2.57126761
1966-03-01,90.06,90.0600,35.5,2.53690141
1966-03-02,89.15,89.1500,35.5,2.51126761
1966-03-03,89.47,89.4700,35.5,2.52028169
1966-03-04,89.24,89.2400,35.5,2.51380282
1966-03-07,88.04,88.0400,35.5,2.48000000
1966-03-08,88.18,88.1800,35.5,2.48394366
1966-06-01,86.1,86.1000,35.5,2.42535211
1966-06-02,85.96,85.9600,35.5,2.42140845
1966-06-03,86.06,86.0600,35.5,2.42422535
1966-06-06,85.42,85.4200,35.5,2.40619718
1966-06-07,84.83,84.8300,35.5,2.38957746
1966-06-08,84.93,84.9300,35.5,2.39239437
1966-09-01,77.7,77.7000,35.3,2.20113314
1966-09-02,77.42,77.4200,35.3,2.19320113
1966-09-06,76.96,76.9600,35.3,2.18016997
1966-09-07,76.37,76.3700,35.3,2.16345609
1966-09-08,76.05,76.0500,35.3,2.15439093
1966-12-01,80.08,80.0800,35.4,2.26214689
1966-12-02,80.13,80.1300,35.4,2.26355932
1966-12-05,80.24,80.2400,35.4,2.26666667
1966-12-06,80.84,80.8400,35.4,2.28361582
1966-12-07,81.72,81.7200,35.4,2.30847458
1966-12-08,82.05,82.0500,35.4,2.31779661
1967-03-01,87.68,87.6800,35.4,2.47683616
1967-03-02,88.16,88.1600,35.4,2.49039548
1967-03-03,88.29,88.2900,35.4,2.49406780
1967-03-06,88.1,88.1000,35.4,2.48870056
1967-03-07,88.16,88.1600,35.4,2.49039548
1967-03-08,88.27,88.2700,35.4,2.49350282
1967-06-01,90.23,90.2300,35.27,2.55826481
1967-06-02,89.79,89.7900,35.27,2.54578962
1967-06-05,88.43,88.4300,35.27,2.50722994
1967-06-06,90.23,90.2300,35.27,2.55826481
1967-06-07,90.91,90.9100,35.27,2.57754466
1967-06-08,91.4,91.4000,35.27,2.59143748
1967-09-01,93.68,93.6800,35.5,2.63887324
1967-09-05,94.21,94.2100,35.5,2.65380282
1967-09-06,94.39,94.3900,35.5,2.65887324
1967-09-07,94.33,94.3300,35.5,2.65718310
1967-09-08,94.36,94.3600,35.5,2.65802817
1967-12-01,94.5,94.5000,35.5,2.66197183
1967-12-04,95.1,95.1000,35.5,2.67887324
1967-12-05,95.23,95.2300,35.5,2.68253521
1967-12-06,95.64,95.6400,35.5,2.69408451
1967-12-07,95.53,95.5300,35.5,2.69098592
1967-12-08,95.42,95.4200,35.5,2.68788732
1968-01-31,92.24,92.2400,35.2,2.62045455
1968-02-01,92.56,92.5600,35.2,2.62954545
1968-02-02,92.27,92.2700,35.2,2.62130682
1968-02-05,91.87,91.8700,35.2,2.60994318
1968-02-06,91.9,91.9000,35.2,2.61079545
1968-02-07,92.06,92.0600,35.2,2.61534091
1968-02-29,89.36,89.3600,35.2,2.53863636
1968-03-01,89.11,89.1100,35.2,2.53153409
1968-03-04,87.92,87.9200,35.2,2.49772727
1968-03-05,87.72,87.7200,35.2,2.49204545
1968-03-06,89.26,89.2600,35.2,2.53579545
1968-03-07,89.1,89.1000,35.2,2.53125000
1968-03-29,90.2,90.2000,39.4,2.28934010
1968-04-01,92.48,92.4800,39.4,2.34720812
1968-04-02,92.64,92.6400,39.4,2.35126904
1968-04-03,93.47,93.4700,39.4,2.37233503
1968-04-04,93.84,93.8400,39.4,2.38172589
1968-04-05,93.29,93.2900,39.4,2.36776650
1968-04-30,97.46,97.4600,39.1,2.49258312
1968-05-01,97.97,97.9700,39.1,2.50562660
1968-05-02,98.59,98.5900,39.1,2.52148338
1968-05-03,98.66,98.6600,39.1,2.52327366
1968-05-06,98.35,98.3500,39.1,2.51534527
1968-05-07,98.9,98.9000,39.1,2.52941176
1968-05-31,98.68,98.6800,41.3,2.38934625
1968-06-03,99.99,99.9900,41.3,2.42106538
1968-06-04,100.38,100.3800,41.3,2.43050847
1968-06-05,99.89,99.8900,41.3,2.41864407
1968-06-06,100.65,100.6500,41.3,2.43704600
1968-06-07,101.27,101.2700,41.3,2.45205811
1968-06-28,99.58,99.5800,41,2.42878049
1968-07-01,99.4,99.4000,41,2.42439024
1968-07-02,99.74,99.7400,41,2.43268293
1968-07-03,100.91,100.9100,41,2.46121951
1968-08-01,97.28,97.2800,38.75,2.51045161
1968-08-02,96.63,96.6300,38.75,2.49367742
1968-08-05,96.85,96.8500,38.75,2.49935484
1968-08-06,97.25,97.2500,38.75,2.50967742
1968-08-30,98.86,98.8600,39.9,2.47769424
1968-09-03,99.32,99.3200,39.9,2.48922306
1968-09-04,100.02,100.0200,39.9,2.50676692
1968-09-05,100.74,100.7400,39.9,2.52481203
1968-09-06,101.2,101.2000,39.9,2.53634085
1968-09-30,102.67,102.6700,38.55,2.66329442
1968-10-01,102.86,102.8600,38.55,2.66822309
1968-10-03,103.22,103.2200,38.55,2.67756161
1968-10-04,103.71,103.7100,38.55,2.69027237
1968-10-07,103.7,103.7000,38.55,2.69001297
1968-10-31,103.41,103.4100,39.5,2.61797468
1968-11-01,103.06,103.0600,39.5,2.60911392
1968-11-04,103.1,103.1000,39.5,2.61012658
1968-11-06,103.27,103.2700,39.5,2.61443038
1968-11-07,103.5,103.5000,39.5,2.62025316
1968-11-29,108.37,108.3700,40.62,2.66789759
1968-12-02,108.12,108.1200,40.62,2.66174298
1968-12-03,108.02,108.0200,40.62,2.65928114
1968-12-05,107.67,107.6700,40.62,2.65066470
1968-12-06,107.93,107.9300,40.62,2.65706548
1968-12-31,103.86,103.8600,41.72,2.48945350
1969-01-02,103.93,103.9300,41.72,2.49113135
1969-01-03,103.99,103.9900,41.72,2.49256951
1969-01-06,102.47,102.4700,41.72,2.45613615
1969-01-07,101.22,101.2200,41.72,2.42617450
1969-01-31,103.01,103.0100,42.52,2.42262465
1969-02-03,102.89,102.8900,42.52,2.41980245
1969-02-04,102.92,102.9200,42.52,2.42050800
1969-02-05,103.2,103.2000,42.52,2.42709313
1969-02-06,103.54,103.5400,42.52,2.43508937
1969-02-07,103.53,103.5300,42.52,2.43485419
1969-02-28,98.13,98.1300,42.7,2.29812646
1969-03-03,98.38,98.3800,42.7,2.30398126
1969-03-04,99.32,99.3200,42.7,2.32599532
1969-03-05,99.71,99.7100,42.7,2.33512881
1969-03-06,98.7,98.7000,42.7,2.31147541
1969-03-07,98.65,98.6500,42.7,2.31030445
1969-04-01,101.42,101.4200,43.4,2.33686636
1969-04-02,100.78,100.7800,43.4,2.32211982
1969-04-03,100.68,100.6800,43.4,2.31981567
1969-04-07,99.89,99.8900,43.4,2.30161290
1969-04-30,103.69,103.6900,43.6,2.37821101
1969-05-01,103.51,103.5100,43.6,2.37408257
1969-05-02,104,104.0000,43.6,2.38532110
1969-05-05,104.37,104.3700,43.6,2.39380734
1969-05-06,104.86,104.8600,43.6,2.40504587
1969-05-07,104.67,104.6700,43.6,2.40068807
1969-06-02,102.94,102.9400,42.9,2.39953380
1969-06-03,102.63,102.6300,42.5,2.41482353
1969-06-04,102.59,102.5900,42.3,2.42529551
1969-06-05,102.76,102.7600,41.8,2.45837321
1969-06-06,102.12,102.1200,40.9,2.49682152
1969-06-09,101.2,101.2000,41.5,2.43855422
1969-06-10,100.42,100.4200,42.5,2.36282353
1969-06-11,99.05,99.0500,41.6,2.38100962
1969-06-12,98.26,98.2600,41.7,2.35635492
1969-06-13,98.65,98.6500,41.8,2.36004785
1969-06-16,98.32,98.3200,40.8,2.40980392
1969-06-17,97.95,97.9500,41.7,2.34892086
1969-06-18,97.81,97.8100,41.6,2.35120192
1969-06-19,97.24,97.2400,41.6,2.33750000
1969-06-20,96.67,96.6700,41.5,2.32939759
1969-06-23,96.23,96.2300,41.5,2.31879518
1969-06-24,97.32,97.3200,41.2,2.36213592
1969-06-25,97.01,97.0100,41.1,2.36034063
1969-06-26,97.25,97.2500,41.2,2.36043689
1969-06-27,97.33,97.3300,41.3,2.35665860
1969-06-30,97.71,97.7100,41.4,2.36014493
1969-07-01,98.08,98.0800,41.4,2.36908213
1969-07-02,98.94,98.9400,41.4,2.38985507
1969-07-03,99.61,99.6100,41.8,2.38301435
1969-07-07,99.03,99.0300,42,2.35785714
1969-07-08,97.63,97.6300,42.3,2.30803783
1969-07-09,96.88,96.8800,42,2.30666667
1969-07-10,95.38,95.3800,42.1,2.26555819
1969-07-11,95.77,95.7700,42.1,2.27482185
1969-07-14,94.55,94.5500,42.2,2.24052133
1969-07-15,94.24,94.2400,42.2,2.23317536
1969-07-16,95.18,95.1800,42,2.26619048
1969-07-17,95.76,95.7600,42.2,2.26919431
1969-07-18,94.95,94.9500,42.2,2.25000000
1969-07-22,93.52,93.5200,42.1,2.22137767
1969-07-23,93.12,93.1200,42,2.21714286
1969-07-24,92.8,92.8000,42.1,2.20427553
1969-07-25,92.06,92.0600,42.1,2.18669834
1969-07-28,90.21,90.2100,42,2.14785714
1969-07-29,89.48,89.4800,41.7,2.14580336
1969-07-30,89.93,89.9300,41.7,2.15659472
1969-07-31,91.83,91.8300,41.6,2.20745192
1969-08-01,93.47,93.4700,41.6,2.24687500
1969-08-04,92.99,92.9900,41.5,2.24072289
1969-08-05,93.41,93.4100,41.3,2.26174334
1969-08-06,93.92,93.9200,41.2,2.27961165
1969-08-07,93.99,93.9900,41.3,2.27578692
1969-08-08,93.94,93.9400,41.3,2.27457627
1969-08-11,93.36,93.3600,41.4,2.25507246
1969-08-12,92.63,92.6300,41.3,2.24285714
1969-08-13,92.7,92.7000,41.4,2.23913043
1969-08-14,93.34,93.3400,41.4,2.25458937
1969-08-15,94,94.0000,41.1,2.28710462
1969-08-18,94.57,94.5700,41.4,2.28429952
1969-08-19,95.07,95.0700,41.1,2.31313869
1969-08-20,95.07,95.0700,41.3,2.30193705
1969-08-21,95.35,95.3500,41.3,2.30871671
1969-08-22,95.92,95.9200,41.3,2.32251816
1969-08-25,94.93,94.9300,41.1,2.30973236
1969-08-26,94.3,94.3000,41.1,2.29440389
1969-08-27,94.49,94.4900,41.2,2.29344660
1969-08-28,94.89,94.8900,40.9,2.32004890
1969-08-29,95.51,95.5100,41.1,2.32384428
1969-09-02,95.54,95.5400,40.9,2.33594132
1969-09-03,94.98,94.9800,41,2.31658537
1969-09-04,94.2,94.2000,41.1,2.29197080
1969-09-05,93.64,93.6400,41.1,2.27834550
1969-09-08,92.7,92.7000,41.1,2.25547445
1969-09-09,93.38,93.3800,41.2,2.26650485
1969-09-10,94.95,94.9500,41.1,2.31021898
1969-09-11,94.22,94.2200,41.1,2.29245742
1969-09-12,94.13,94.1300,41.3,2.27917676
1969-09-15,94.87,94.8700,41.2,2.30266990
1969-09-16,94.95,94.9500,41.2,2.30461165
1969-09-17,94.76,94.7600,41.2,2.30000000
1969-09-18,94.9,94.9000,41.1,2.30900243
1969-09-19,95.19,95.1900,41.1,2.31605839
1969-09-22,95.63,95.6300,41.1,2.32676399
1969-09-23,95.63,95.6300,41.1,2.32676399
1969-09-24,95.5,95.5000,41,2.32926829
1969-09-25,94.77,94.7700,41,2.31146341
1969-09-26,94.16,94.1600,41,2.29658537
1969-09-29,93.41,93.4100,40.9,2.28386308
1969-09-30,93.12,93.1200,40.9,2.27677262
1969-10-01,92.52,92.5200,41,2.25658537
1969-10-02,93.24,93.2400,41.1,2.26861314
1969-10-03,93.19,93.1900,41.2,2.26189320
1969-10-06,93.38,93.3800,41,2.27756098
1969-10-07,93.09,93.0900,41,2.27048780
1969-10-08,92.67,92.6700,40.9,2.26577017
1969-10-09,93.03,93.0300,41,2.26902439
1969-10-10,93.56,93.5600,40.9,2.28753056
1969-10-13,94.55,94.5500,40.8,2.31740196
1969-10-14,95.7,95.7000,40.9,2.33985330
1969-10-15,95.72,95.7200,40.9,2.34034230
1969-10-16,96.37,96.3700,40.8,2.36200980
1969-10-17,96.26,96.2600,40.8,2.35931373
1969-10-20,96.46,96.4600,40.6,2.37586207
1969-10-21,97.2,97.2000,40.5,2.40000000
1969-10-22,97.83,97.8300,40.3,2.42754342
1969-10-23,97.46,97.4600,40.2,2.42437811
1969-10-24,98.12,98.1200,40.3,2.43473945
1969-10-27,97.97,97.9700,40.4,2.42500000
1969-10-28,97.66,97.6600,40.3,2.42332506
1969-10-29,96.81,96.8100,40.2,2.40820896
1969-10-30,96.93,96.9300,40.1,2.41720698
1969-10-31,97.12,97.1200,40,2.42800000
1969-11-03,97.15,97.1500,39.8,2.44095477
1969-11-04,97.21,97.2100,39.8,2.44246231
1969-11-05,97.64,97.6400,39.6,2.46565657
1969-11-06,97.67,97.6700,39.2,2.49158163
1969-11-07,98.26,98.2600,38.7,2.53901809
1969-11-10,98.33,98.3300,38.3,2.56736292
1969-11-11,98.07,98.0700,38.5,2.54727273
1969-11-12,97.89,97.8900,38,2.57605263
1969-11-13,97.42,97.4200,38,2.56368421
1969-11-14,97.07,97.0700,38.1,2.54776903
1969-11-17,96.41,96.4100,38,2.53710526
1969-11-18,96.39,96.3900,37.8,2.55000000
1969-11-19,95.9,95.9000,36.8,2.60597826
1969-11-20,94.91,94.9100,36.5,2.60027397
1969-11-21,94.32,94.3200,36.3,2.59834711
1969-11-24,93.24,93.2400,35.7,2.61176471
1969-11-25,92.94,92.9400,35.7,2.60336134
1969-11-26,93.27,93.2700,35.8,2.60530726
1969-11-28,93.81,93.8100,35.9,2.61309192
1969-12-01,93.22,93.2200,35.7,2.61120448
1969-12-02,92.65,92.6500,35.5,2.60985915
1969-12-03,91.65,91.6500,35.6,2.57443820
1969-12-04,91.95,91.9500,35.4,2.59745763
1969-12-05,91.73,91.7300,35.4,2.59124294
1969-12-08,90.84,90.8400,35.2,2.58068182
1969-12-09,90.55,90.5500,35.2,2.57244318
1969-12-10,90.48,90.4800,35.2,2.57045455
1969-12-11,90.52,90.5200,35.4,2.55706215
1969-12-12,90.81,90.8100,35.5,2.55802817
1969-12-15,90.54,90.5400,35.3,2.56487252
1969-12-16,89.72,89.7200,35.2,2.54886364
1969-12-17,89.2,89.2000,35.3,2.52691218
1969-12-18,90.61,90.6100,35.2,2.57414773
1969-12-19,91.38,91.3800,35.2,2.59602273
1969-12-22,90.58,90.5800,35.3,2.56600567
1969-12-23,90.23,90.2300,35.3,2.55609065
1969-12-24,91.18,91.1800,35.4,2.57570621
1969-12-26,91.89,91.8900,35.4,2.59576271
1969-12-29,91.25,91.2500,35.4,2.57768362
1969-12-30,91.6,91.6000,35.4,2.58757062
1969-12-31,92.06,92.0600,35.4,2.60056497
1970-01-02,93,93.0000,35.4,2.62711864
1970-01-05,93.46,93.4600,35.4,2.64011299
1970-01-06,92.82,92.8200,35.2,2.63693182
1970-01-07,92.63,92.6300,35.2,2.63153409
1970-01-08,92.68,92.6800,35.1,2.64045584
1970-01-09,92.4,92.4000,35.1,2.63247863
1970-01-12,91.7,91.7000,35.1,2.61253561
1970-01-13,91.92,91.9200,35.1,2.61880342
1970-01-14,91.65,91.6500,35.1,2.61111111
1970-01-15,91.68,91.6800,35,2.61942857
1970-01-16,90.92,90.9200,34.9,2.60515759
1970-01-19,89.65,89.6500,34.9,2.56876791
1970-01-20,89.83,89.8300,35,2.56657143
1970-01-21,89.95,89.9500,35,2.57000000
1970-01-22,90.04,90.0400,35.2,2.55795455
1970-01-23,89.37,89.3700,35.2,2.53892045
1970-01-26,88.17,88.1700,35.1,2.51196581
1970-01-27,87.62,87.6200,35.2,2.48920455
1970-01-28,86.79,86.7900,35.2,2.46562500
1970-01-29,85.69,85.6900,35.2,2.43437500
1970-01-30,85.02,85.0200,35.2,2.41534091
1970-02-02,85.75,85.7500,35.2,2.43607955
1970-02-03,86.77,86.7700,35.2,2.46505682
1970-02-04,86.24,86.2400,35.2,2.45000000
1970-02-05,85.9,85.9000,35.2,2.44034091
1970-02-06,86.33,86.3300,35.2,2.45255682
1970-02-09,87.01,87.0100,35.2,2.47187500
1970-02-10,86.1,86.1000,35.2,2.44602273
1970-02-11,86.94,86.9400,35.2,2.46988636
1970-02-12,86.73,86.7300,35.2,2.46392045
1970-02-13,86.54,86.5400,35.2,2.45852273
1970-02-16,86.47,86.4700,35.2,2.45653409
1970-02-17,86.37,86.3700,35.2,2.45369318
1970-02-18,87.44,87.4400,35.1,2.49116809
1970-02-19,87.76,87.7600,35.2,2.49318182
1970-02-20,88.03,88.0300,35.2,2.50085227
1970-02-24,87.99,87.9900,35.2,2.49971591
1970-02-25,89.35,89.3500,35.2,2.53835227
1970-02-26,88.9,88.9000,35.2,2.52556818
1970-02-27,89.5,89.5000,35.2,2.54261364
1970-03-02,89.71,89.7100,35.2,2.54857955
1970-03-03,90.23,90.2300,35.2,2.56335227
1970-03-04,90.04,90.0400,35.2,2.55795455
1970-03-05,90,90.0000,35.2,2.55681818
1970-03-06,89.44,89.4400,35.1,2.54814815
1970-03-09,88.51,88.5100,35.1,2.52165242
1970-03-10,88.75,88.7500,35.1,2.52849003
1970-03-11,88.69,88.6900,35.2,2.51960227
1970-03-12,88.33,88.3300,35.2,2.50937500
1970-03-13,87.86,87.8600,35.2,2.49602273
1970-03-16,86.91,86.9100,35.2,2.46903409
1970-03-17,87.29,87.2900,35.2,2.47982955
1970-03-18,87.54,87.5400,35.3,2.47988669
1970-03-19,87.42,87.4200,35.4,2.46949153
1970-03-20,87.06,87.0600,35.3,2.46628895
1970-03-23,86.99,86.9900,35.3,2.46430595
1970-03-24,87.98,87.9800,35.4,2.48531073
1970-03-25,89.77,89.7700,35.5,2.52873239
1970-03-26,89.92,89.9200,35.4,2.54011299
1970-03-30,89.63,89.6300,35.4,2.53192090
1970-03-31,89.63,89.6300,35.4,2.53192090
1970-04-01,90.07,90.0700,35.5,2.53718310
1970-04-02,89.79,89.7900,35.5,2.52929577
1970-04-03,89.39,89.3900,35.5,2.51802817
1970-04-06,88.76,88.7600,35.5,2.50028169
1970-04-07,88.52,88.5200,35.5,2.49352113
1970-04-08,88.49,88.4900,35.6,2.48567416
1970-04-09,88.53,88.5300,35.6,2.48679775
1970-04-10,88.24,88.2400,35.6,2.47865169
1970-04-13,87.64,87.6400,35.6,2.46179775
1970-04-14,86.89,86.8900,35.9,2.42033426
1970-04-15,86.73,86.7300,35.8,2.42262570
1970-04-16,85.88,85.8800,36,2.38555556
1970-04-17,85.67,85.6700,36,2.37972222
1970-04-20,85.83,85.8300,36,2.38416667
1970-04-21,85.38,85.3800,36.1,2.36509695
1970-04-22,84.27,84.2700,36.2,2.32790055
1970-04-23,83.04,83.0400,36.1,2.30027701
1970-04-24,82.77,82.7700,36,2.29916667
1970-04-27,81.46,81.4600,35.9,2.26908078
1970-04-28,80.27,80.2700,36.1,2.22354571
1970-04-29,81.81,81.8100,36.1,2.26620499
1970-04-30,81.52,81.5200,36.1,2.25817175
1970-05-01,81.44,81.4400,36.1,2.25595568
1970-05-04,79.37,79.3700,36.1,2.19861496
1970-05-05,78.6,78.6000,36.4,2.15934066
1970-05-06,79.47,79.4700,36.4,2.18324176
1970-05-07,79.83,79.8300,36.4,2.19313187
1970-05-08,79.44,79.4400,36.4,2.18241758
1970-05-11,78.6,78.6000,36.3,2.16528926
1970-05-12,77.85,77.8500,36.2,2.15055249
1970-05-13,76.53,76.5300,36.1,2.11994460
1970-05-14,75.44,75.4400,36.1,2.08975069
1970-05-15,76.9,76.9000,36.2,2.12430939
1970-05-18,76.96,76.9600,36.2,2.12596685
1970-05-19,75.46,75.4600,36.2,2.08453039
1970-05-20,73.52,73.5200,36.2,2.03093923
1970-05-21,72.16,72.1600,36.1,1.99889197
1970-05-22,72.25,72.2500,36.1,2.00138504
1970-05-25,70.25,70.2500,36.1,1.94598338
1970-05-26,69.29,69.2900,36,1.92472222
1970-05-27,72.77,72.7700,35.9,2.02701950
1970-05-28,74.61,74.6100,35.8,2.08407821
1970-05-29,76.55,76.5500,35.8,2.13826816
1970-06-01,77.84,77.8400,35.6,2.18651685
1970-06-02,77.84,77.8400,35.4,2.19887006
1970-06-03,78.52,78.5200,35.3,2.22436261
1970-06-04,77.36,77.3600,35.4,2.18531073
1970-06-05,76.17,76.1700,35.4,2.15169492
1970-06-08,76.29,76.2900,35.7,2.13697479
1970-06-09,76.25,76.2500,35.7,2.13585434
1970-06-10,75.48,75.4800,35.8,2.10837989
1970-06-11,74.45,74.4500,35.9,2.07381616
1970-06-12,73.88,73.8800,35.8,2.06368715
1970-06-15,74.58,74.5800,35.7,2.08907563
1970-06-16,76.15,76.1500,35.6,2.13904494
1970-06-17,76,76.0000,35.6,2.13483146
1970-06-18,76.51,76.5100,35.6,2.14915730
1970-06-19,77.05,77.0500,35.6,2.16432584
1970-06-22,76.64,76.6400,35.6,2.15280899
1970-06-23,74.76,74.7600,35.6,2.10000000
1970-06-24,73.97,73.9700,35.8,2.06620112
1970-06-25,74.02,74.0200,35.7,2.07338936
1970-06-26,73.47,73.4700,35.6,2.06376404
1970-06-29,72.89,72.8900,35.7,2.04173669
1970-06-30,72.72,72.7200,35.7,2.03697479
1970-07-01,72.94,72.9400,35.7,2.04313725
1970-07-02,72.92,72.9200,35.7,2.04257703
1970-07-06,71.78,71.7800,35.6,2.01629213
1970-07-07,71.23,71.2300,35.5,2.00647887
1970-07-08,73,73.0000,35.5,2.05633803
1970-07-09,74.06,74.0600,35.5,2.08619718
1970-07-10,74.45,74.4500,35.5,2.09718310
1970-07-13,74.55,74.5500,35.5,2.10000000
1970-07-14,74.42,74.4200,35.5,2.09633803
1970-07-15,75.23,75.2300,35.5,2.11915493
1970-07-16,76.34,76.3400,35.5,2.15042254
1970-07-17,77.69,77.6900,35.5,2.18845070
1970-07-20,77.79,77.7900,35.5,2.19126761
1970-07-21,76.98,76.9800,35.5,2.16845070
1970-07-22,77.03,77.0300,35.5,2.16985915
1970-07-23,78,78.0000,35.5,2.19718310
1970-07-24,77.82,77.8200,35.5,2.19211268
1970-07-27,77.65,77.6500,35.5,2.18732394
1970-07-28,77.77,77.7700,35.5,2.19070423
1970-07-29,78.04,78.0400,35.5,2.19830986
1970-07-30,78.07,78.0700,35.5,2.19915493
1970-07-31,78.05,78.0500,35.5,2.19859155
1970-08-03,77.02,77.0200,35.5,2.16957746
1970-08-04,77.19,77.1900,35.5,2.17436620
1970-08-05,77.18,77.1800,35.5,2.17408451
1970-08-06,77.08,77.0800,35.5,2.17126761
1970-08-07,77.28,77.2800,35.5,2.17690141
1970-08-10,76.2,76.2000,35.5,2.14647887
1970-08-11,75.82,75.8200,35.5,2.13577465
1970-08-12,75.42,75.4200,35.5,2.12450704
1970-08-13,74.76,74.7600,35.5,2.10591549
1970-08-14,75.18,75.1800,35.5,2.11774648
1970-08-17,75.33,75.3300,35.5,2.12197183
1970-08-18,76.2,76.2000,35.5,2.14647887
1970-08-19,76.96,76.9600,35.5,2.16788732
1970-08-20,77.84,77.8400,35.5,2.19267606
1970-08-21,79.24,79.2400,35.6,2.22584270
1970-08-24,80.99,80.9900,35.7,2.26862745
1970-08-25,81.12,81.1200,35.8,2.26592179
1970-08-26,81.21,81.2100,35.9,2.26211699
1970-08-27,81.08,81.0800,36,2.25222222
1970-08-28,81.86,81.8600,36,2.27388889
1970-08-31,81.52,81.5200,36.1,2.25817175
1970-09-01,80.95,80.9500,36.1,2.24238227
1970-09-02,80.96,80.9600,36.3,2.23030303
1970-09-03,82.09,82.0900,36.5,2.24904110
1970-09-04,82.83,82.8300,36.5,2.26931507
1970-09-08,83.04,83.0400,36.5,2.27506849
1970-09-09,82.79,82.7900,36.5,2.26821918
1970-09-10,82.3,82.3000,36.4,2.26098901
1970-09-11,82.52,82.5200,36.6,2.25464481
1970-09-14,82.07,82.0700,36.5,2.24849315
1970-09-15,81.36,81.3600,36.4,2.23516484
1970-09-16,81.79,81.7900,36.3,2.25316804
1970-09-17,82.29,82.2900,36.4,2.26071429
1970-09-18,82.62,82.6200,36.4,2.26978022
1970-09-21,81.91,81.9100,36.5,2.24410959
1970-09-22,81.86,81.8600,36.5,2.24273973
1970-09-23,81.91,81.9100,36.4,2.25027473
1970-09-24,81.66,81.6600,36.5,2.23726027
1970-09-25,82.83,82.8300,36.4,2.27554945
1970-09-28,83.91,83.9100,36.4,2.30521978
1970-09-29,83.86,83.8600,36.4,2.30384615
1970-09-30,84.3,84.3000,36.6,2.30327869
1970-10-01,84.32,84.3200,36.6,2.30382514
1970-10-02,85.16,85.1600,36.6,2.32677596
1970-10-05,86.47,86.4700,37,2.33702703
1970-10-06,86.85,86.8500,37.1,2.34097035
1970-10-07,86.89,86.8900,36.9,2.35474255
1970-10-08,85.95,85.9500,37,2.32297297
1970-10-09,85.08,85.0800,37.2,2.28709677
1970-10-12,84.17,84.1700,37.4,2.25053476
1970-10-13,84.06,84.0600,37.6,2.23563830
1970-10-14,84.19,84.1900,37.5,2.24506667
1970-10-15,84.65,84.6500,37.8,2.23941799
1970-10-16,84.28,84.2800,37.7,2.23554377
1970-10-19,83.15,83.1500,37.8,2.19973545
1970-10-20,83.64,83.6400,38.1,2.19527559
1970-10-21,83.66,83.6600,38.2,2.19005236
1970-10-22,83.38,83.3800,38.2,2.18272251
1970-10-23,83.77,83.7700,38.7,2.16459948
1970-10-26,83.31,83.3100,39.2,2.12525510
1970-10-27,83.12,83.1200,39.3,2.11501272
1970-10-28,83.43,83.4300,39.9,2.09097744
1970-10-29,83.36,83.3600,38.4,2.17083333
1970-10-30,83.25,83.2500,37.5,2.22000000
1970-11-02,83.51,83.5100,37.9,2.20343008
1970-11-03,84.22,84.2200,37.9,2.22216359
1970-11-04,84.39,84.3900,37.4,2.25641711
1970-11-05,84.1,84.1000,37,2.27297297
1970-11-06,84.22,84.2200,37.4,2.25187166
1970-11-09,84.67,84.6700,37.6,2.25186170
1970-11-10,84.79,84.7900,37.6,2.25505319
1970-11-11,85.03,85.0300,37.5,2.26746667
1970-11-12,84.15,84.1500,37.6,2.23803191
1970-11-13,83.37,83.3700,37.9,2.19973615
1970-11-16,83.24,83.2400,37.9,2.19630607
1970-11-17,83.47,83.4700,37.9,2.20237467
1970-11-18,82.79,82.7900,37.7,2.19602122
1970-11-19,82.91,82.9100,37.7,2.19920424
1970-11-20,83.72,83.7200,37.9,2.20897098
1970-11-23,84.24,84.2400,37.7,2.23448276
1970-11-24,84.78,84.7800,37.9,2.23693931
1970-11-25,85.09,85.0900,37.9,2.24511873
1970-11-27,85.93,85.9300,37.9,2.26728232
1970-11-30,87.2,87.2000,37.8,2.30687831
1970-12-01,87.47,87.4700,37.7,2.32015915
1970-12-02,88.48,88.4800,37.8,2.34074074
1970-12-03,88.9,88.9000,37.8,2.35185185
1970-12-04,89.46,89.4600,37.8,2.36666667
1970-12-07,89.94,89.9400,37.7,2.38567639
1970-12-08,89.47,89.4700,37.6,2.37952128
1970-12-09,89.54,89.5400,37.4,2.39411765
1970-12-10,89.92,89.9200,37.4,2.40427807
1970-12-11,90.26,90.2600,37.4,2.41336898
1970-12-14,89.8,89.8000,37.6,2.38829787
1970-12-15,89.66,89.6600,37.9,2.36569921
1970-12-16,89.72,89.7200,37.8,2.37354497
1970-12-17,90.04,90.0400,37.9,2.37572559
1970-12-18,90.22,90.2200,37.9,2.38047493
1970-12-21,89.94,89.9400,37.9,2.37308707
1970-12-22,90.04,90.0400,37.9,2.37572559
1970-12-23,90.1,90.1000,37.6,2.39627660
1970-12-24,90.61,90.6100,37.6,2.40984043
1970-12-28,91.09,91.0900,37.6,2.42260638
1970-12-29,92.08,92.0800,37.6,2.44893617
1970-12-30,92.27,92.2700,37.7,2.44748011
1970-12-31,92.15,92.1500,37.6,2.45079787
1971-01-04,91.15,91.1500,37.7,2.41777188
1971-01-05,91.8,91.8000,37.8,2.42857143
1971-01-06,92.35,92.3500,37.7,2.44960212
1971-01-07,92.38,92.3800,37.7,2.45039788
1971-01-08,92.19,92.1900,37.7,2.44535809
1971-01-11,91.98,91.9800,38,2.42052632
1971-01-12,92.72,92.7200,38.2,2.42722513
1971-01-13,92.56,92.5600,38.3,2.41671018
1971-01-14,92.8,92.8000,38.2,2.42931937
1971-01-15,93.03,93.0300,38.4,2.42265625
1971-01-18,93.41,93.4100,38.3,2.43890339
1971-01-19,93.76,93.7600,38.2,2.45445026
1971-01-20,93.78,93.7800,38.4,2.44218750
1971-01-21,94.19,94.1900,38.3,2.45926893
1971-01-22,94.88,94.8800,38.2,2.48376963
1971-01-25,95.28,95.2800,38.3,2.48772846
1971-01-26,95.59,95.5900,38.4,2.48932292
1971-01-27,94.89,94.8900,38.3,2.47754569
1971-01-28,95.21,95.2100,38.3,2.48590078
1971-01-29,95.88,95.8800,38.4,2.49687500
1971-02-01,96.42,96.4200,38.4,2.51093750
1971-02-02,96.43,96.4300,38.8,2.48530928
1971-02-03,96.63,96.6300,39.2,2.46505102
1971-02-04,96.62,96.6200,38.7,2.49664083
1971-02-05,96.93,96.9300,38.7,2.50465116
1971-02-08,97.45,97.4500,38.9,2.50514139
1971-02-09,97.51,97.5100,39.1,2.49386189
1971-02-10,97.39,97.3900,39.1,2.49079284
1971-02-11,97.91,97.9100,39.2,2.49770408
1971-02-12,98.43,98.4300,39.1,2.51739130
1971-02-16,98.66,98.6600,39.2,2.51683673
1971-02-17,98.2,98.2000,39.1,2.51150895
1971-02-18,97.56,97.5600,39.1,2.49514066
1971-02-19,96.74,96.7400,39,2.48051282
1971-02-22,95.72,95.7200,39,2.45435897
1971-02-23,96.09,96.0900,39.1,2.45754476
1971-02-24,96.73,96.7300,39,2.48025641
1971-02-25,96.96,96.9600,39.1,2.47979540
1971-02-26,96.75,96.7500,39.1,2.47442455
1971-03-01,97,97.0000,39,2.48717949
1971-03-02,96.98,96.9800,39,2.48666667
1971-03-03,96.95,96.9500,39.1,2.47953964
1971-03-04,97.92,97.9200,39,2.51076923
1971-03-05,98.96,98.9600,39,2.53743590
1971-03-08,99.38,99.3800,39.1,2.54168798
1971-03-09,99.46,99.4600,39.1,2.54373402
1971-03-10,99.3,99.3000,39.1,2.53964194
1971-03-11,99.39,99.3900,39.3,2.52900763
1971-03-12,99.57,99.5700,39.3,2.53358779
1971-03-15,100.71,100.7100,39.3,2.56259542
1971-03-16,101.21,101.2100,39.2,2.58188776
1971-03-17,101.12,101.1200,39.1,2.58618926
1971-03-18,101.19,101.1900,39.3,2.57480916
1971-03-19,101.01,101.0100,39.2,2.57678571
1971-03-22,100.62,100.6200,39.2,2.56683673
1971-03-23,100.28,100.2800,39.2,2.55816327
1971-03-24,99.62,99.6200,39.2,2.54132653
1971-03-25,99.61,99.6100,39.2,2.54107143
1971-03-26,99.95,99.9500,39.2,2.54974490
1971-03-29,100.03,100.0300,39,2.56487179
1971-03-30,100.26,100.2600,39.1,2.56419437
1971-03-31,100.31,100.3100,39.1,2.56547315
1971-04-01,100.39,100.3900,39.2,2.56096939
1971-04-02,100.56,100.5600,39.1,2.57186701
1971-04-05,100.79,100.7900,39.1,2.57774936
1971-04-06,101.51,101.5100,39.1,2.59616368
1971-04-07,101.98,101.9800,39.2,2.60153061
1971-04-08,102.1,102.1000,39.2,2.60459184
1971-04-12,102.88,102.8800,39.2,2.62448980
1971-04-13,102.98,102.9800,39.2,2.62704082
1971-04-14,103.37,103.3700,39.2,2.63698980
1971-04-15,103.52,103.5200,39.2,2.64081633
1971-04-16,103.49,103.4900,39.2,2.64005102
1971-04-19,104.01,104.0100,39.2,2.65331633
1971-04-20,103.61,103.6100,39.2,2.64311224
1971-04-21,103.36,103.3600,39.2,2.63673469
1971-04-22,103.56,103.5600,39.4,2.62842640
1971-04-23,104.05,104.0500,39.3,2.64758270
1971-04-26,103.94,103.9400,39.2,2.65153061
1971-04-27,104.59,104.5900,39.2,2.66811224
1971-04-28,104.77,104.7700,39.4,2.65913706
1971-04-29,104.63,104.6300,39.7,2.63551637
1971-04-30,103.95,103.9500,39.9,2.60526316
1971-05-03,103.29,103.2900,39.7,2.60176322
1971-05-04,103.79,103.7900,39.9,2.60125313
1971-05-05,103.78,103.7800,40.4,2.56881188
1971-05-06,103.23,103.2300,40.6,2.54261084
1971-05-07,102.87,102.8700,40.1,2.56533666
1971-05-10,102.36,102.3600,40.1,2.55261845
1971-05-11,102.62,102.6200,40.5,2.53382716
1971-05-12,102.9,102.9000,40.7,2.52825553
1971-05-13,102.69,102.6900,41.1,2.49854015
1971-05-14,102.21,102.2100,41.5,2.46289157
1971-05-17,100.69,100.6900,41,2.45585366
1971-05-18,100.83,100.8300,41.2,2.44733010
1971-05-19,101.07,101.0700,40.9,2.47114914
1971-05-20,101.31,101.3100,41.4,2.44710145
1971-05-21,100.99,100.9900,41.2,2.45121359
1971-05-24,100.13,100.1300,41.1,2.43625304
1971-05-25,99.47,99.4700,41.3,2.40847458
1971-05-26,99.59,99.5900,41.1,2.42311436
1971-05-27,99.4,99.4000,41.1,2.41849148
1971-05-28,99.63,99.6300,41.1,2.42408759
1971-06-01,100.2,100.2000,41.1,2.43795620
1971-06-02,100.96,100.9600,40.9,2.46845966
1971-06-03,101.01,101.0100,40.9,2.46968215
1971-06-04,101.3,101.3000,40.9,2.47677262
1971-06-07,101.09,101.0900,40.7,2.48378378
1971-06-08,100.32,100.3200,40.4,2.48316832
1971-06-09,100.29,100.2900,40.2,2.49477612
1971-06-10,100.64,100.6400,40,2.51600000
1971-06-11,101.07,101.0700,39.9,2.53308271
1971-06-14,100.22,100.2200,39.8,2.51809045
1971-06-15,100.32,100.3200,39.9,2.51428571
1971-06-16,100.52,100.5200,40.3,2.49429280
1971-06-17,100.5,100.5000,40.1,2.50623441
1971-06-18,98.97,98.9700,40.2,2.46194030
1971-06-21,97.87,97.8700,40.2,2.43457711
1971-06-22,97.59,97.5900,40.4,2.41559406
1971-06-23,98.41,98.4100,40.6,2.42389163
1971-06-24,98.13,98.1300,40.6,2.41699507
1971-06-25,97.99,97.9900,40.4,2.42549505
1971-06-28,97.74,97.7400,40.2,2.43134328
1971-06-29,98.82,98.8200,40.2,2.45820896
1971-06-30,98.7,98.7000,40.4,2.44306931
1971-07-01,99.78,99.7800,40.5,2.46370370
1971-07-02,99.78,99.7800,40.6,2.45763547
1971-07-06,99.76,99.7600,40.6,2.45714286
1971-07-07,100.04,100.0400,40.5,2.47012346
1971-07-08,100.34,100.3400,40.5,2.47753086
1971-07-09,100.69,100.6900,40.5,2.48617284
1971-07-12,100.82,100.8200,40.6,2.48325123
1971-07-13,99.5,99.5000,40.6,2.45073892
1971-07-14,99.22,99.2200,40.6,2.44384236
1971-07-15,99.28,99.2800,40.7,2.43931204
1971-07-16,99.11,99.1100,41,2.41731707
1971-07-19,98.93,98.9300,41.3,2.39539952
1971-07-20,99.32,99.3200,41.2,2.41067961
1971-07-21,99.28,99.2800,41.4,2.39806763
1971-07-22,99.11,99.1100,42,2.35976190
1971-07-23,98.94,98.9400,42,2.35571429
1971-07-26,98.14,98.1400,42,2.33666667
1971-07-27,97.78,97.7800,42.2,2.31706161
1971-07-28,97.07,97.0700,42.4,2.28938679
1971-07-29,96.02,96.0200,42.6,2.25399061
1971-07-30,95.58,95.5800,42.7,2.23840749
1971-08-02,95.96,95.9600,42.6,2.25258216
1971-08-03,94.51,94.5100,42.6,2.21854460
1971-08-04,93.89,93.8900,42.9,2.18857809
1971-08-05,94.09,94.0900,43.1,2.18306265
1971-08-06,94.25,94.2500,42.9,2.19696970
1971-08-09,93.53,93.5300,44.2,2.11606335
1971-08-10,93.54,93.5400,43.5,2.15034483
1971-08-11,94.66,94.6600,43.2,2.19120370
1971-08-12,96,96.0000,43.6,2.20183486
1971-08-13,95.69,95.6900,43.3,2.20993072
1971-08-16,98.76,98.7600,43.4,2.27557604
1971-08-17,99.99,99.9900,43.5,2.29862069
1971-08-18,98.6,98.6000,43.6,2.26146789
1971-08-19,98.16,98.1600,43.7,2.24622426
1971-08-20,98.33,98.3300,43.6,2.25527523
1971-08-23,99.25,99.2500,43.6,2.27637615
1971-08-24,100.4,100.4000,43.5,2.30804598
1971-08-25,100.41,100.4100,43.1,2.32969838
1971-08-26,100.24,100.2400,42.3,2.36973995
1971-08-27,100.48,100.4800,41.4,2.42705314
1971-08-30,99.52,99.5200,41.7,2.38657074
1971-08-31,99.03,99.0300,41,2.41536585
1971-09-01,99.07,99.0700,41.4,2.39299517
1971-09-02,99.29,99.2900,41.6,2.38677885
1971-09-03,100.69,100.6900,42,2.39738095
1971-09-07,101.15,101.1500,41.9,2.41408115
1971-09-08,101.34,101.3400,41.7,2.43021583
1971-09-09,100.8,100.8000,42.1,2.39429929
1971-09-10,100.42,100.4200,42,2.39095238
1971-09-13,100.07,100.0700,41.9,2.38830549
1971-09-14,99.34,99.3400,42.1,2.35961995
1971-09-15,99.77,99.7700,42.3,2.35862884
1971-09-16,99.66,99.6600,42.6,2.33943662
1971-09-17,99.96,99.9600,42.4,2.35754717
1971-09-20,99.68,99.6800,42.6,2.33990610
1971-09-21,99.34,99.3400,42.6,2.33192488
1971-09-22,98.47,98.4700,42.5,2.31694118
1971-09-23,98.38,98.3800,42.5,2.31482353
1971-09-24,98.15,98.1500,42.8,2.29322430
1971-09-27,97.62,97.6200,42.9,2.27552448
1971-09-28,97.88,97.8800,43.4,2.25529954
1971-09-29,97.9,97.9000,42.8,2.28738318
1971-09-30,98.34,98.3400,42.9,2.29230769
1971-10-01,98.93,98.9300,42.7,2.31686183
1971-10-04,99.21,99.2100,42.8,2.31799065
1971-10-05,99.11,99.1100,42.7,2.32107728
1971-10-06,99.82,99.8200,42.7,2.33770492
1971-10-07,100.02,100.0200,42.8,2.33691589
1971-10-08,99.36,99.3600,42.7,2.32693208
1971-10-11,99.21,99.2100,42.7,2.32341920
1971-10-12,99.57,99.5700,42.8,2.32640187
1971-10-13,99.03,99.0300,43,2.30302326
1971-10-14,98.13,98.1300,42.9,2.28741259
1971-10-15,97.79,97.7900,42.8,2.28481308
1971-10-18,97.35,97.3500,42.8,2.27453271
1971-10-19,97,97.0000,42.8,2.26635514
1971-10-20,95.65,95.6500,42.8,2.23481308
1971-10-21,95.6,95.6000,42.7,2.23887588
1971-10-22,95.57,95.5700,42.7,2.23817330
1971-10-25,95.1,95.1000,42.8,2.22196262
1971-10-26,94.74,94.7400,42.8,2.21355140
1971-10-27,93.79,93.7900,42.8,2.19135514
1971-10-28,93.96,93.9600,42.7,2.20046838
1971-10-29,94.23,94.2300,42.6,2.21197183
1971-11-01,92.8,92.8000,42.4,2.18867925
1971-11-02,93.18,93.1800,42.5,2.19247059
1971-11-03,94.91,94.9100,42.5,2.23317647
1971-11-04,94.79,94.7900,42.5,2.23035294
1971-11-05,94.46,94.4600,42.6,2.21737089
1971-11-08,94.39,94.3900,42.7,2.21053864
1971-11-09,94.46,94.4600,42.8,2.20700935
1971-11-10,93.41,93.4100,42.9,2.17738928
1971-11-11,92.12,92.1200,42.9,2.14731935
1971-11-12,92.12,92.1200,43,2.14232558
1971-11-15,91.81,91.8100,43.1,2.13016241
1971-11-16,92.71,92.7100,43.1,2.15104408
1971-11-17,92.85,92.8500,43.1,2.15429234
1971-11-18,92.13,92.1300,43.4,2.12281106
1971-11-19,91.61,91.6100,43.4,2.11082949
1971-11-22,90.79,90.7900,43.5,2.08712644
1971-11-23,90.16,90.1600,43.5,2.07264368
1971-11-24,90.33,90.3300,43.7,2.06704805
1971-11-26,91.94,91.9400,43.8,2.09908676
1971-11-29,93.41,93.4100,43.9,2.12779043
1971-11-30,93.99,93.9900,43.9,2.14100228
1971-12-01,95.44,95.4400,43.8,2.17899543
1971-12-02,95.84,95.8400,44,2.17818182
1971-12-03,97.06,97.0600,44.1,2.20090703
1971-12-06,96.51,96.5100,44.2,2.18348416
1971-12-07,96.87,96.8700,44.1,2.19659864
1971-12-08,96.92,96.9200,43.7,2.21784897
1971-12-09,96.96,96.9600,43.9,2.20865604
1971-12-10,97.69,97.6900,44,2.22022727
1971-12-13,97.97,97.9700,43.9,2.23166287
1971-12-14,97.67,97.6700,43.9,2.22482916
1971-12-15,98.54,98.5400,43.9,2.24464692
1971-12-16,99.74,99.7400,43.5,2.29287356
1971-12-17,100.26,100.2600,43,2.33162791
1971-12-20,101.55,101.5500,43,2.36162791
1971-12-21,101.8,101.8000,43.4,2.34562212
1971-12-22,101.18,101.1800,43.6,2.32064220
1971-12-23,100.74,100.7400,43.7,2.30526316
1971-12-27,100.95,100.9500,43.7,2.31006865
1971-12-28,101.95,101.9500,43.7,2.33295195
1971-12-29,102.21,102.2100,43.8,2.33356164
1971-12-30,101.78,101.7800,43.8,2.32374429
1971-12-31,102.09,102.0900,43.8,2.33082192
1972-01-03,101.67,101.6700,44.3,2.29503386
1972-01-04,102.09,102.0900,44.7,2.28389262
1972-01-05,103.06,103.0600,44.8,2.30044643
1972-01-06,103.51,103.5100,44.5,2.32606742
1972-01-07,103.47,103.4700,46.1,2.24446855
1972-01-10,103.32,103.3200,46,2.24608696
1972-01-11,103.65,103.6500,44.5,2.32921348
1972-01-12,103.59,103.5900,45.6,2.27171053
1972-01-13,102.99,102.9900,45.7,2.25361050
1972-01-14,103.39,103.3900,46.2,2.23787879
1972-01-17,103.7,103.7000,46.5,2.23010753
1972-01-18,104.05,104.0500,46.1,2.25704989
1972-01-19,103.88,103.8800,46.2,2.24848485
1972-01-20,103.88,103.8800,46.2,2.24848485
1972-01-21,103.65,103.6500,46.2,2.24350649
1972-01-24,102.57,102.5700,46.3,2.21533477
1972-01-25,102.7,102.7000,46.4,2.21336207
1972-01-26,102.5,102.5000,46.5,2.20430108
1972-01-27,103.5,103.5000,46.8,2.21153846
1972-01-28,104.16,104.1600,47.6,2.18823529
1972-01-31,103.94,103.9400,47.4,2.19282700
1972-02-01,104.01,104.0100,48.4,2.14896694
1972-02-02,104.68,104.6800,49.5,2.11474747
1972-02-03,104.64,104.6400,48.3,2.16645963
1972-02-04,104.86,104.8600,47.3,2.21691332
1972-02-07,104.54,104.5400,47.9,2.18246347
1972-02-08,104.74,104.7400,48.4,2.16404959
1972-02-09,105.55,105.5500,48.4,2.18078512
1972-02-10,105.59,105.5900,48.7,2.16817248
1972-02-11,105.08,105.0800,48.5,2.16659794
1972-02-14,104.59,104.5900,48.1,2.17442827
1972-02-15,105.03,105.0300,48.2,2.17904564
1972-02-16,105.62,105.6200,48.5,2.17773196
1972-02-17,105.59,105.5900,48.6,2.17263374
1972-02-18,105.28,105.2800,48.7,2.16180698
1972-02-22,105.29,105.2900,48.9,2.15316973
1972-02-23,105.38,105.3800,48.9,2.15501022
1972-02-24,105.45,105.4500,49.1,2.14765784
1972-02-25,106.18,106.1800,48.8,2.17581967
1972-02-28,106.19,106.1900,48.7,2.18049281
1972-02-29,106.57,106.5700,48.5,2.19731959
1972-03-01,107.35,107.3500,48.3,2.22256729
1972-03-02,107.32,107.3200,48.5,2.21278351
1972-03-03,107.94,107.9400,48.3,2.23478261
1972-03-06,108.77,108.7700,48.5,2.24268041
1972-03-07,108.87,108.8700,48.6,2.24012346
1972-03-08,108.96,108.9600,48.4,2.25123967
1972-03-09,108.94,108.9400,48.7,2.23696099
1972-03-10,108.38,108.3800,48.6,2.23004115
1972-03-13,107.33,107.3300,48.7,2.20390144
1972-03-14,107.61,107.6100,48.7,2.20965092
1972-03-15,107.75,107.7500,48.6,2.21707819
1972-03-16,107.5,107.5000,48.7,2.20739220
1972-03-17,107.92,107.9200,48.7,2.21601643
1972-03-20,107.59,107.5900,48.7,2.20924025
1972-03-21,106.69,106.6900,48.7,2.19075975
1972-03-22,106.84,106.8400,48.6,2.19835391
1972-03-23,107.75,107.7500,48.6,2.21707819
1972-03-24,107.52,107.5200,48.6,2.21234568
1972-03-27,107.3,107.3000,48.6,2.20781893
1972-03-28,107.17,107.1700,48.6,2.20514403
1972-03-29,106.49,106.4900,48.7,2.18665298
1972-03-30,107.2,107.2000,48.6,2.20576132
1972-04-03,107.48,107.4800,48.6,2.21152263
1972-04-04,108.12,108.1200,48.7,2.22012320
1972-04-05,109,109.0000,48.7,2.23819302
1972-04-06,109.53,109.5300,48.6,2.25370370
1972-04-07,109.62,109.6200,48.6,2.25555556
1972-04-10,109.45,109.4500,48.7,2.24743326
1972-04-11,109.76,109.7600,48.8,2.24918033
1972-04-12,110.18,110.1800,49.2,2.23943089
1972-04-13,109.91,109.9100,49.2,2.23394309
1972-04-14,109.84,109.8400,49.6,2.21451613
1972-04-17,109.51,109.5100,49.7,2.20342052
1972-04-18,109.77,109.7700,49.7,2.20865191
1972-04-19,109.2,109.2000,49.7,2.19718310
1972-04-20,109.04,109.0400,49.6,2.19838710
1972-04-21,108.89,108.8900,49.6,2.19536290
1972-04-24,108.19,108.1900,49.6,2.18125000
1972-04-25,107.12,107.1200,49.5,2.16404040
1972-04-26,106.89,106.8900,49.5,2.15939394
1972-04-27,107.05,107.0500,49.7,2.15392354
1972-04-28,107.67,107.6700,49.9,2.15771543
1972-05-01,106.69,106.6900,50.6,2.10849802
1972-05-02,106.08,106.0800,50.6,2.09644269
1972-05-03,105.99,105.9900,50.7,2.09053254
1972-05-04,106.25,106.2500,50.6,2.09980237
1972-05-05,106.63,106.6300,51.3,2.07855750
1972-05-08,106.14,106.1400,52.3,2.02944551
1972-05-09,104.74,104.7400,54,1.93962963
1972-05-10,105.42,105.4200,53.4,1.97415730
1972-05-11,105.77,105.7700,53.3,1.98442777
1972-05-12,106.38,106.3800,53.2,1.99962406
1972-05-15,106.86,106.8600,53.4,2.00112360
1972-05-16,106.66,106.6600,54.9,1.94280510
1972-05-17,106.89,106.8900,58,1.84293103
1972-05-18,107.94,107.9400,57.2,1.88706294
1972-05-19,108.98,108.9800,57.3,1.90191972
1972-05-22,109.69,109.6900,57.6,1.90434028
1972-05-23,109.78,109.7800,57.7,1.90259965
1972-05-24,110.31,110.3100,57.3,1.92513089
1972-05-25,110.46,110.4600,57.3,1.92774869
1972-05-26,110.66,110.6600,58.2,1.90137457
1972-05-30,110.35,110.3500,58.8,1.87670068
1972-05-31,109.53,109.5300,59.7,1.83467337
1972-06-01,109.69,109.6900,59.5,1.84352941
1972-06-02,109.73,109.7300,59.7,1.83802345
1972-06-05,108.82,108.8200,59.8,1.81973244
1972-06-06,108.21,108.2100,61.8,1.75097087
1972-06-07,107.65,107.6500,65.1,1.65360983
1972-06-08,107.28,107.2800,64.8,1.65555556
1972-06-09,106.86,106.8600,62.8,1.70159236
1972-06-12,107.01,107.0100,61.5,1.74000000
1972-06-13,107.55,107.5500,61.9,1.73747981
1972-06-14,108.39,108.3900,61.7,1.75672609
1972-06-15,108.44,108.4400,61.3,1.76900489
1972-06-16,108.36,108.3600,61.8,1.75339806
1972-06-19,108.11,108.1100,61.5,1.75788618
1972-06-20,108.56,108.5600,61.4,1.76807818
1972-06-21,108.79,108.7900,61.5,1.76894309
1972-06-22,108.68,108.6800,62,1.75290323
1972-06-23,108.27,108.2700,63.3,1.71042654
1972-06-26,107.48,107.4800,63.7,1.68728414
1972-06-27,107.37,107.3700,63.1,1.70158479
1972-06-28,107.02,107.0200,64.3,1.66438569
1972-06-29,106.82,106.8200,64.8,1.64845679
1972-06-30,107.14,107.1400,64.9,1.65084746
1972-07-03,107.49,107.4900,65.8,1.63358663
1972-07-05,108.1,108.1000,66.2,1.63293051
1972-07-06,109.04,109.0400,66.2,1.64712991
1972-07-07,108.69,108.6900,65.5,1.65938931
1972-07-10,108.11,108.1100,65.9,1.64051593
1972-07-11,107.32,107.3200,65.5,1.63847328
1972-07-12,106.89,106.8900,65.3,1.63690658
1972-07-13,106.28,106.2800,65.1,1.63256528
1972-07-14,106.8,106.8000,65.2,1.63803681
1972-07-17,105.88,105.8800,65.8,1.60911854
1972-07-18,105.83,105.8300,65.7,1.61080670
1972-07-19,106.14,106.1400,65.1,1.63041475
1972-07-20,105.81,105.8100,65.6,1.61295732
1972-07-21,106.66,106.6600,65.3,1.63338438
1972-07-24,107.92,107.9200,65.5,1.64763359
1972-07-25,107.6,107.6000,65.8,1.63525836
1972-07-26,107.53,107.5300,66,1.62924242
1972-07-27,107.28,107.2800,66.5,1.61323308
1972-07-28,107.38,107.3800,68.4,1.56988304
1972-07-31,107.39,107.3900,68.6,1.56545190
1972-08-01,108.4,108.4000,69.6,1.55747126
1972-08-02,109.29,109.2900,70.3,1.55462304
1972-08-03,110.14,110.1400,69.3,1.58932179
1972-08-04,110.43,110.4300,68.8,1.60508721
1972-08-07,110.61,110.6100,67.8,1.63141593
1972-08-08,110.69,110.6900,66.4,1.66701807
1972-08-09,110.86,110.8600,65.4,1.69510703
1972-08-10,111.05,111.0500,67,1.65746269
1972-08-11,111.95,111.9500,66,1.69621212
1972-08-14,112.55,112.5500,66,1.70530303
1972-08-15,112.06,112.0600,66,1.69787879
1972-08-16,111.66,111.6600,66.8,1.67155689
1972-08-17,111.34,111.3400,66.7,1.66926537
1972-08-18,111.76,111.7600,66.9,1.67055306
1972-08-21,111.72,111.7200,67.1,1.66497765
1972-08-22,112.41,112.4100,67.3,1.67028232
1972-08-23,112.26,112.2600,67.3,1.66805349
1972-08-24,111.02,111.0200,67.6,1.64230769
1972-08-25,110.67,110.6700,67.4,1.64198813
1972-08-28,110.23,110.2300,67.3,1.63789004
1972-08-29,110.41,110.4100,66.9,1.65037369
1972-08-30,110.57,110.5700,67.1,1.64783905
1972-08-31,111.09,111.0900,67.1,1.65558867
1972-09-01,111.51,111.5100,67.1,1.66184799
1972-09-05,111.23,111.2300,67.2,1.65520833
1972-09-06,110.55,110.5500,67.3,1.64264487
1972-09-07,110.29,110.2900,67.4,1.63635015
1972-09-08,110.15,110.1500,67.4,1.63427300
1972-09-11,109.51,109.5100,67.5,1.62237037
1972-09-12,108.47,108.4700,67.1,1.61654247
1972-09-13,108.9,108.9000,67.3,1.61812779
1972-09-14,108.93,108.9300,67.1,1.62339791
1972-09-15,108.81,108.8100,65.7,1.65616438
1972-09-18,108.61,108.6100,61.5,1.76601626
1972-09-19,108.55,108.5500,64.5,1.68294574
1972-09-20,108.6,108.6000,65.3,1.66309342
1972-09-21,108.43,108.4300,65.5,1.65541985
1972-09-22,108.52,108.5200,64.2,1.69034268
1972-09-25,108.05,108.0500,63.8,1.69357367
1972-09-26,108.12,108.1200,64.2,1.68411215
1972-09-27,109.66,109.6600,64.1,1.71076443
1972-09-28,110.35,110.3500,64.7,1.70556414
1972-09-29,110.55,110.5500,64.5,1.71395349
1972-10-02,110.16,110.1600,64.4,1.71055901
1972-10-03,110.3,110.3000,64.4,1.71273292
1972-10-04,110.09,110.0900,65.5,1.68076336
1972-10-05,108.89,108.8900,65.9,1.65235205
1972-10-06,109.62,109.6200,65.8,1.66595745
1972-10-09,109.9,109.9000,65.7,1.67275495
1972-10-10,109.99,109.9900,65.5,1.67923664
1972-10-11,109.5,109.5000,65.3,1.67687596
1972-10-12,108.6,108.6000,64.9,1.67334361
1972-10-13,107.92,107.9200,65,1.66030769
1972-10-16,106.77,106.7700,65.4,1.63256881
1972-10-17,107.5,107.5000,65.2,1.64877301
1972-10-18,108.19,108.1900,65.1,1.66190476
1972-10-19,108.05,108.0500,65.3,1.65467075
1972-10-20,109.24,109.2400,65.3,1.67289433
1972-10-23,110.35,110.3500,65.1,1.69508449
1972-10-24,110.81,110.8100,65.1,1.70215054
1972-10-25,110.72,110.7200,65,1.70338462
1972-10-26,110.99,110.9900,64.8,1.71280864
1972-10-27,110.62,110.6200,64.9,1.70446841
1972-10-30,110.59,110.5900,64.8,1.70663580
1972-10-31,111.58,111.5800,64.6,1.72724458
1972-11-01,112.67,112.6700,64.3,1.75225505
1972-11-02,113.23,113.2300,64.3,1.76096423
1972-11-03,114.22,114.2200,64.4,1.77360248
1972-11-06,113.98,113.9800,64.3,1.77262830
1972-11-08,113.35,113.3500,63.9,1.77386541
1972-11-09,113.5,113.5000,63.4,1.79022082
1972-11-10,113.73,113.7300,63.1,1.80237718
1972-11-13,113.9,113.9000,62.9,1.81081081
1972-11-14,114.95,114.9500,62.2,1.84807074
1972-11-15,114.5,114.5000,62.2,1.84083601
1972-11-16,115.13,115.1300,61.7,1.86596434
1972-11-17,115.49,115.4900,60.6,1.90577558
1972-11-20,115.53,115.5300,61.4,1.88159609
1972-11-21,116.21,116.2100,62.8,1.85047771
1972-11-22,116.9,116.9000,62.8,1.86146497
1972-11-24,117.27,117.2700,63.5,1.84677165
1972-11-27,116.72,116.7200,64.3,1.81524106
1972-11-28,116.47,116.4700,64,1.81984375
1972-11-29,116.52,116.5200,63.8,1.82633229
1972-11-30,116.67,116.6700,63.9,1.82582160
1972-12-01,117.38,117.3800,64.5,1.81984496
1972-12-04,117.77,117.7700,63.7,1.84882261
1972-12-05,117.58,117.5800,63.4,1.85457413
1972-12-06,118.01,118.0100,63.4,1.86135647
1972-12-07,118.6,118.6000,63.4,1.87066246
1972-12-08,118.86,118.8600,63.4,1.87476341
1972-12-11,119.12,119.1200,63.2,1.88481013
1972-12-12,118.66,118.6600,63.2,1.87753165
1972-12-13,118.56,118.5600,63.4,1.87003155
1972-12-14,118.24,118.2400,63.7,1.85620094
1972-12-15,118.26,118.2600,64.2,1.84205607
1972-12-18,116.9,116.9000,65.4,1.78746177
1972-12-19,116.34,116.3400,65.7,1.77077626
1972-12-20,115.95,115.9500,64.7,1.79211747
1972-12-21,115.11,115.1100,64.5,1.78465116
1972-12-22,115.83,115.8300,64.5,1.79581395
1972-12-26,116.3,116.3000,64.5,1.80310078
1972-12-27,116.93,116.9300,64.9,1.80169492
1972-12-29,118.05,118.0500,65.2,1.81058282
1973-01-02,119.1,119.1000,65.4,1.82110092
1973-01-03,119.57,119.5700,65.6,1.82271341
1973-01-04,119.4,119.4000,65.2,1.83128834
1973-01-05,119.87,119.8700,65.5,1.83007634
1973-01-08,119.85,119.8500,65.4,1.83256881
1973-01-09,119.73,119.7300,65.4,1.83073394
1973-01-10,119.43,119.4300,65.3,1.82894334
1973-01-11,120.24,120.2400,65.3,1.84134763
1973-01-12,119.3,119.3000,65.4,1.82415902
1973-01-15,118.44,118.4400,65.4,1.81100917
1973-01-16,118.14,118.1400,65.4,1.80642202
1973-01-17,118.68,118.6800,64.9,1.82865948
1973-01-18,118.85,118.8500,64.2,1.85124611
1973-01-19,118.78,118.7800,64.8,1.83302469
1973-01-22,118.21,118.2100,65.5,1.80473282
1973-01-23,118.22,118.2200,65.5,1.80488550
1973-01-24,116.73,116.7300,65.9,1.77132018
1973-01-26,116.45,116.4500,65.8,1.76975684
1973-01-29,116.01,116.0100,65.6,1.76844512
1973-01-30,115.83,115.8300,66.3,1.74705882
1973-01-31,116.03,116.0300,66.3,1.75007541
1973-02-01,114.76,114.7600,66.9,1.71539611
1973-02-02,114.35,114.3500,67.2,1.70163690
1973-02-05,114.23,114.2300,67.9,1.68232695
1973-02-06,114.45,114.4500,69.1,1.65629522
1973-02-07,113.66,113.6600,68.9,1.64963716
1973-02-08,113.16,113.1600,69.3,1.63290043
1973-02-09,114.68,114.6800,68.4,1.67660819
1973-02-12,116.06,116.0600,68.8,1.68691860
1973-02-13,116.78,116.7800,69.2,1.68757225
1973-02-14,115.1,115.1000,72.6,1.58539945
1973-02-15,114.45,114.4500,73.9,1.54871448
1973-02-16,114.98,114.9800,73.6,1.56222826
1973-02-20,115.4,115.4000,76.8,1.50260417
1973-02-21,114.69,114.6900,79.6,1.44082915
1973-02-22,114.44,114.4400,86.8,1.31843318
1973-02-23,113.16,113.1600,85.3,1.32661196
1973-02-26,112.19,112.1900,81,1.38506173
1973-02-27,110.9,110.9000,84,1.32023810
1973-02-28,111.68,111.6800,85.3,1.30926143
1973-03-01,111.05,111.0500,86,1.29127907
1973-03-02,112.28,112.2800,86.3,1.30104287
1973-03-05,112.68,112.6800,84.3,1.33665480
1973-03-06,114.1,114.1000,83.3,1.36974790
1973-03-07,114.45,114.4500,82.8,1.38224638
1973-03-08,114.23,114.2300,84,1.35988095
1973-03-09,113.79,113.7900,83.1,1.36931408
1973-03-12,113.86,113.8600,82.8,1.37512077
1973-03-13,114.48,114.4800,80.3,1.42565380
1973-03-14,114.98,114.9800,80.3,1.43188045
1973-03-15,114.12,114.1200,83,1.37493976
1973-03-16,113.54,113.5400,83,1.36795181
1973-03-19,112.17,112.1700,82.5,1.35963636
1973-03-20,111.95,111.9500,82.5,1.35696970
1973-03-21,110.49,110.4900,81.9,1.34908425
1973-03-22,108.84,108.8400,82,1.32731707
1973-03-23,108.88,108.8800,84.8,1.28396226
1973-03-26,109.84,109.8400,90.3,1.21638981
1973-03-27,111.56,111.5600,90.3,1.23543743
1973-03-28,111.62,111.6200,88.8,1.25698198
1973-03-29,112.71,112.7100,89.5,1.25932961
1973-03-30,111.52,111.5200,90.3,1.23499446
1973-04-02,110.18,110.1800,89.5,1.23106145
1973-04-03,109.24,109.2400,90.3,1.20974529
1973-04-04,108.77,108.7700,90.5,1.20187845
1973-04-05,108.52,108.5200,91.2,1.18991228
1973-04-06,109.28,109.2800,91,1.20087912
1973-04-09,110.86,110.8600,91.3,1.21423877
1973-04-10,112.21,112.2100,91.3,1.22902519
1973-04-11,112.68,112.6800,91.5,1.23147541
1973-04-12,112.58,112.5800,91.2,1.23442982
1973-04-13,112.08,112.0800,90.3,1.24119601
1973-04-16,111.44,111.4400,89.6,1.24375000
1973-04-17,110.94,110.9400,90.5,1.22585635
1973-04-18,111.54,111.5400,91.3,1.22168675
1973-04-19,112.17,112.1700,91,1.23263736
1973-04-23,111.57,111.5700,91,1.22604396
1973-04-24,109.99,109.9900,91.1,1.20735456
1973-04-25,108.34,108.3400,90.4,1.19845133
1973-04-26,108.89,108.8900,90.8,1.19922907
1973-04-27,107.23,107.2300,90.9,1.17964796
1973-04-30,106.97,106.9700,91,1.17549451
1973-05-01,107.1,107.1000,91,1.17692308
1973-05-02,108.43,108.4300,90.9,1.19284928
1973-05-03,110.22,110.2200,90.6,1.21655629
1973-05-04,111,111.0000,90.6,1.22516556
1973-05-07,110.53,110.5300,90.6,1.21997792
1973-05-08,111.25,111.2500,91.7,1.21319520
1973-05-09,110.44,110.4400,93,1.18752688
1973-05-10,109.54,109.5400,95.1,1.15184017
1973-05-11,108.17,108.1700,97,1.11515464
1973-05-14,105.9,105.9000,102.5,1.03317073
1973-05-15,106.57,106.5700,110.3,0.96618314
1973-05-16,106.43,106.4300,106.8,0.99653558
1973-05-17,105.56,105.5600,104.5,1.01014354
1973-05-18,103.86,103.8600,105.8,0.98166352
1973-05-21,102.73,102.7300,112.3,0.91478183
1973-05-22,103.58,103.5800,110.8,0.93483755
1973-05-23,104.07,104.0700,110,0.94609091
1973-05-24,107.14,107.1400,110.3,0.97135086
1973-05-25,107.94,107.9400,106.8,1.01067416
1973-05-29,107.51,107.5100,110.3,0.97470535
1973-05-30,105.91,105.9100,113.5,0.93312775
1973-05-31,104.95,104.9500,115,0.91260870
1973-06-01,103.93,103.9300,118,0.88076271
1973-06-04,102.97,102.9700,123.8,0.83174475
1973-06-05,104.62,104.6200,126.3,0.82834521
1973-06-06,104.31,104.3100,121.8,0.85640394
1973-06-07,105.84,105.8400,118.8,0.89090909
1973-06-08,107.03,107.0300,117.5,0.91089362
1973-06-11,106.7,106.7000,115.8,0.92141623
1973-06-12,108.29,108.2900,117.5,0.92161702
1973-06-13,107.6,107.6000,115.8,0.92918826
1973-06-14,106.4,106.4000,118,0.90169492
1973-06-15,105.1,105.1000,120.3,0.87364921
1973-06-18,103.6,103.6000,122.8,0.84364821
1973-06-19,103.99,103.9900,120.5,0.86298755
1973-06-20,104.44,104.4400,120.3,0.86816293
1973-06-21,103.21,103.2100,120.8,0.85438742
1973-06-22,103.7,103.7000,120.3,0.86201164
1973-06-25,102.25,102.2500,118.8,0.86069024
1973-06-26,103.3,103.3000,123.5,0.83643725
1973-06-27,103.62,103.6200,122.5,0.84587755
1973-06-28,104.69,104.6900,121.8,0.85952381
1973-06-29,104.26,104.2600,123.5,0.84421053
1973-07-02,102.9,102.9000,121.3,0.84830998
1973-07-03,101.87,101.8700,122.3,0.83295176
1973-07-05,101.78,101.7800,123.3,0.82546634
1973-07-06,101.28,101.2800,124.8,0.81153846
1973-07-09,102.14,102.1400,126.3,0.80870942
1973-07-10,103.52,103.5200,123.3,0.83957826
1973-07-11,105.8,105.8000,119.3,0.88683990
1973-07-12,105.5,105.5000,121.3,0.86974444
1973-07-13,104.09,104.0900,121.3,0.85812036
1973-07-16,105.67,105.6700,120.2,0.87911814
1973-07-17,105.72,105.7200,121.3,0.87155812
1973-07-18,106.35,106.3500,119.8,0.88772955
1973-07-19,106.55,106.5500,114.5,0.93056769
1973-07-20,107.14,107.1400,118,0.90796610
1973-07-23,107.52,107.5200,119,0.90352941
1973-07-24,108.14,108.1400,120.2,0.89966722
1973-07-25,109.64,109.6400,118.8,0.92289562
1973-07-26,109.85,109.8500,119.8,0.91694491
1973-07-27,109.59,109.5900,117.3,0.93427110
1973-07-30,109.25,109.2500,115.8,0.94343696
1973-07-31,108.22,108.2200,115.9,0.93373598
1973-08-01,106.83,106.8300,117.8,0.90687606
1973-08-02,106.67,106.6700,116.4,0.91640893
1973-08-03,106.49,106.4900,116.3,0.91564918
1973-08-06,106.73,106.7300,115.8,0.92167530
1973-08-07,106.55,106.5500,115.2,0.92491319
1973-08-08,105.55,105.5500,114,0.92587719
1973-08-09,105.61,105.6100,110.3,0.95747960
1973-08-10,104.77,104.7700,107,0.97915888
1973-08-13,103.71,103.7100,102.3,1.01378299
1973-08-14,102.71,102.7100,95.8,1.07212944
1973-08-15,103.01,103.0100,94.3,1.09236479
1973-08-16,102.29,102.2900,103.3,0.99022265
1973-08-17,102.31,102.3100,104.3,0.98092042
1973-08-20,101.61,101.6100,109.8,0.92540984
1973-08-21,100.89,100.8900,106,0.95179245
1973-08-22,100.53,100.5300,103.3,0.97318490
1973-08-23,101.91,101.9100,100.5,1.01402985
1973-08-24,101.62,101.6200,101.3,1.00315893
1973-08-27,102.42,102.4200,103.3,0.99148112
1973-08-28,103.02,103.0200,104.3,0.98772771
1973-08-29,104.03,104.0300,107.6,0.96682156
1973-08-30,103.88,103.8800,105.8,0.98185255
1973-08-31,104.25,104.2500,103.8,1.00433526
1973-09-04,104.51,104.5100,105.4,0.99155598
1973-09-05,104.64,104.6400,106.4,0.98345865
1973-09-06,105.15,105.1500,105.8,0.99385633
1973-09-07,104.76,104.7600,105.5,0.99298578
1973-09-10,103.85,103.8500,105,0.98904762
1973-09-11,103.22,103.2200,103,1.00213592
1973-09-12,103.06,103.0600,102.5,1.00546341
1973-09-13,103.36,103.3600,100.5,1.02845771
1973-09-14,104.44,104.4400,100.6,1.03817097
1973-09-17,104.15,104.1500,104.3,0.99856184
1973-09-18,103.77,103.7700,103.3,1.00454985
1973-09-19,105.88,105.8800,101.7,1.04110128
1973-09-20,106.76,106.7600,103.5,1.03149758
1973-09-21,107.2,107.2000,103.8,1.03275530
1973-09-24,107.36,107.3600,102.3,1.04946237
1973-09-25,108.05,108.0500,102,1.05931373
1973-09-26,108.83,108.8300,102.8,1.05865759
1973-09-27,109.08,109.0800,101.5,1.07467980
1973-09-28,108.43,108.4300,100.3,1.08105683
1973-10-01,108.21,108.2100,97,1.11556701
1973-10-02,108.79,108.7900,98,1.11010204
1973-10-03,108.78,108.7800,99.4,1.09436620
1973-10-04,108.41,108.4100,99.3,1.09174220
1973-10-05,109.85,109.8500,98.8,1.11184211
1973-10-08,110.23,110.2300,99.3,1.11007049
1973-10-09,110.13,110.1300,99.9,1.10240240
1973-10-10,109.22,109.2200,103.8,1.05221580
1973-10-11,111.09,111.0900,104,1.06817308
1973-10-12,111.44,111.4400,102.2,1.09041096
1973-10-15,110.05,110.0500,101.5,1.08423645
1973-10-16,110.19,110.1900,102.1,1.07923604
1973-10-17,109.97,109.9700,103.8,1.05944123
1973-10-18,110.01,110.0100,102.2,1.07641879
1973-10-19,110.22,110.2200,101.3,1.08805528
1973-10-22,109.16,109.1600,99.5,1.09708543
1973-10-23,109.75,109.7500,101,1.08663366
1973-10-24,110.27,110.2700,100,1.10270000
1973-10-25,110.5,110.5000,100.4,1.10059761
1973-10-26,111.38,111.3800,98.5,1.13076142
1973-10-29,111.15,111.1500,98.5,1.12842640
1973-10-30,109.33,109.3300,97.5,1.12133333
1973-10-31,108.29,108.2900,98.3,1.10162767
1973-11-01,107.69,107.6900,97,1.11020619
1973-11-02,107.07,107.0700,98.5,1.08700508
1973-11-05,105.52,105.5200,98,1.07673469
1973-11-06,104.96,104.9600,98,1.07102041
1973-11-07,105.8,105.8000,97.4,1.08624230
1973-11-08,107.02,107.0200,98,1.09204082
1973-11-09,105.3,105.3000,98.5,1.06903553
1973-11-12,104.44,104.4400,97,1.07670103
1973-11-13,104.36,104.3600,96.9,1.07698658
1973-11-14,102.45,102.4500,90,1.13833333
1973-11-15,102.43,102.4300,91.25,1.12252055
1973-11-16,103.88,103.8800,90.25,1.15102493
1973-11-19,100.71,100.7100,90,1.11900000
1973-11-20,98.66,98.6600,90.5,1.09016575
1973-11-21,99.76,99.7600,90.25,1.10537396
1973-11-23,99.44,99.4400,90,1.10488889
1973-11-26,96.58,96.5800,90.25,1.07013850
1973-11-27,95.7,95.7000,92,1.04021739
1973-11-28,97.65,97.6500,101.5,0.96206897
1973-11-29,97.31,97.3100,102,0.95401961
1973-11-30,95.96,95.9600,101.2,0.94822134
1973-12-03,93.9,93.9000,100.5,0.93432836
1973-12-04,93.59,93.5900,105.7,0.88543046
1973-12-05,92.16,92.1600,105.3,0.87521368
1973-12-06,94.42,94.4200,106,0.89075472
1973-12-07,96.51,96.5100,107.5,0.89776744
1973-12-10,97.95,97.9500,105.8,0.92580340
1973-12-11,96.04,96.0400,104.4,0.91992337
1973-12-12,93.57,93.5700,104.3,0.89712368
1973-12-13,92.38,92.3800,103.9,0.88912416
1973-12-14,93.29,93.2900,105.2,0.88678707
1973-12-17,92.75,92.7500,107,0.86682243
1973-12-18,94.74,94.7400,109.2,0.86758242
1973-12-19,94.82,94.8200,108.6,0.87311234
1973-12-20,94.55,94.5500,108.2,0.87384473
1973-12-21,93.54,93.5400,107,0.87420561
1973-12-24,92.9,92.9000,108.4,0.85701107
1973-12-26,95.74,95.7400,109.8,0.87194900
1973-12-27,97.74,97.7400,112,0.87267857
1973-12-28,97.54,97.5400,112.3,0.86856634
1973-12-31,97.55,97.5500,114.5,0.85196507
1974-01-02,97.68,97.6800,116.8,0.83630137
1974-01-03,99.8,99.8000,121.5,0.82139918
1974-01-04,98.9,98.9000,118.8,0.83249158
1974-01-07,98.07,98.0700,121.8,0.80517241
1974-01-08,96.12,96.1200,126.8,0.75804416
1974-01-09,93.42,93.4200,124.3,0.75156879
1974-01-10,92.39,92.3900,120.3,0.76799667
1974-01-11,93.66,93.6600,122.3,0.76582175
1974-01-14,93.42,93.4200,125,0.74736000
1974-01-15,94.23,94.2300,125.8,0.74904610
1974-01-16,95.67,95.6700,126.5,0.75628458
1974-01-17,97.3,97.3000,128.6,0.75660964
1974-01-18,95.56,95.5600,130.3,0.73338450
1974-01-21,95.4,95.4000,140.1,0.68094218
1974-01-22,96.55,96.5500,137.7,0.70116195
1974-01-23,97.07,97.0700,134.8,0.72010386
1974-01-24,96.82,96.8200,141.3,0.68520878
1974-01-25,96.63,96.6300,141.2,0.68434844
1974-01-28,96.09,96.0900,139.8,0.68733906
1974-01-29,96.01,96.0100,137.8,0.69673440
1974-01-30,97.06,97.0600,135.8,0.71472754
1974-01-31,96.57,96.5700,132.8,0.72718373
1974-02-01,95.32,95.3200,130.8,0.72874618
1974-02-04,93.29,93.2900,133.8,0.69723468
1974-02-05,93,93.0000,140.3,0.66286529
1974-02-06,93.26,93.2600,138.3,0.67433116
1974-02-07,93.3,93.3000,139.3,0.66977746
1974-02-08,92.33,92.3300,143.3,0.64431263
1974-02-11,90.66,90.6600,145.3,0.62395045
1974-02-12,90.94,90.9400,146.8,0.61948229
1974-02-13,90.98,90.9800,144.3,0.63049203
1974-02-14,90.95,90.9500,146.3,0.62166781
1974-02-15,92.27,92.2700,149.1,0.61884641
1974-02-19,92.12,92.1200,149.8,0.61495327
1974-02-20,93.44,93.4400,150.3,0.62168995
1974-02-21,94.71,94.7100,157,0.60324841
1974-02-22,95.39,95.3900,163.3,0.58413962
1974-02-25,95.03,95.0300,169.8,0.55965842
1974-02-26,96,96.0000,175.3,0.54763263
1974-02-27,96.4,96.4000,174.3,0.55306942
1974-02-28,96.22,96.2200,162.8,0.59103194
1974-03-01,95.53,95.5300,167.8,0.56930870
1974-03-04,95.53,95.5300,166.3,0.57444378
1974-03-05,97.32,97.3200,159.3,0.61092279
1974-03-06,97.98,97.9800,160.3,0.61122895
1974-03-07,96.94,96.9400,166.3,0.58292243
1974-03-08,97.78,97.7800,165.3,0.59153055
1974-03-11,98.88,98.8800,165.8,0.59638118
1974-03-12,99.15,99.1500,163.3,0.60716473
1974-03-13,99.74,99.7400,164.8,0.60521845
1974-03-14,99.65,99.6500,164.8,0.60467233
1974-03-15,99.28,99.2800,164.1,0.60499695
1974-03-18,98.05,98.0500,164.3,0.59677419
1974-03-19,97.23,97.2300,169.3,0.57430597
1974-03-20,97.57,97.5700,176.3,0.55343165
1974-03-21,97.34,97.3400,175.3,0.55527667
1974-03-22,97.27,97.2700,177.8,0.54707537
1974-03-25,97.64,97.6400,177,0.55163842
1974-03-26,97.95,97.9500,172.5,0.56782609
1974-03-27,96.59,96.5900,174.3,0.55415950
1974-03-28,94.82,94.8200,174.8,0.54244851
1974-03-29,93.98,93.9800,173.3,0.54229660
1974-04-01,93.25,93.2500,174.4,0.53469037
1974-04-02,93.35,93.3500,177.3,0.52650874
1974-04-03,94.33,94.3300,179.8,0.52463849
1974-04-04,94.33,94.3300,176.5,0.53444759
1974-04-05,93.01,93.0100,173.5,0.53608069
1974-04-08,92.03,92.0300,167.3,0.55008966
1974-04-09,92.61,92.6100,170.3,0.54380505
1974-04-10,92.4,92.4000,173.5,0.53256484
1974-04-11,92.12,92.1200,173.8,0.53003452
1974-04-15,92.05,92.0500,174,0.52902299
1974-04-16,93.66,93.6600,172.5,0.54295652
1974-04-17,94.36,94.3600,170.2,0.55440658
1974-04-18,94.78,94.7800,170.3,0.55654727
1974-04-19,93.75,93.7500,172.3,0.54410911
1974-04-22,93.38,93.3800,175,0.53360000
1974-04-23,91.81,91.8100,175,0.52462857
1974-04-24,90.3,90.3000,171,0.52807018
1974-04-25,89.57,89.5700,169.3,0.52906084
1974-04-26,90.18,90.1800,169.3,0.53266391
1974-04-29,90,90.0000,169.5,0.53097345
1974-04-30,90.31,90.3100,169.5,0.53280236
1974-05-01,92.22,92.2200,169.8,0.54310954
1974-05-02,92.09,92.0900,169.9,0.54202472
1974-05-03,91.29,91.2900,169.3,0.53922032
1974-05-06,91.12,91.1200,166.3,0.54792544
1974-05-07,91.46,91.4600,163.3,0.56007348
1974-05-08,91.64,91.6400,158,0.58000000
1974-05-09,92.96,92.9600,166.5,0.55831832
1974-05-10,91.47,91.4700,168,0.54446429
1974-05-13,90.66,90.6600,166.8,0.54352518
1974-05-14,90.69,90.6900,166.5,0.54468468
1974-05-15,90.45,90.4500,164.7,0.54918033
1974-05-16,89.72,89.7200,164.3,0.54607425
1974-05-17,88.21,88.2100,165.8,0.53202654
1974-05-20,87.86,87.8600,163.2,0.53835784
1974-05-21,87.91,87.9100,161.3,0.54500930
1974-05-22,87.09,87.0900,163.3,0.53331292
1974-05-23,87.29,87.2900,159.8,0.54624531
1974-05-24,88.58,88.5800,162,0.54679012
1974-05-28,88.37,88.3700,154.3,0.57271549
1974-05-29,86.89,86.8900,155.8,0.55770218
1974-05-30,87.43,87.4300,162.3,0.53869378
1974-05-31,87.28,87.2800,157,0.55592357
1974-06-03,89.1,89.1000,155.8,0.57188703
1974-06-04,90.14,90.1400,154.7,0.58267615
1974-06-05,90.31,90.3100,162,0.55746914
1974-06-06,91.96,91.9600,159.3,0.57727558
1974-06-07,92.55,92.5500,155.8,0.59403081
1974-06-10,93.1,93.1000,157.7,0.59036145
1974-06-11,92.28,92.2800,157.5,0.58590476
1974-06-12,92.06,92.0600,156.8,0.58711735
1974-06-13,92.34,92.3400,157.3,0.58703115
1974-06-14,91.3,91.3000,160.8,0.56778607
1974-06-17,90.04,90.0400,157.8,0.57059569
1974-06-18,89.45,89.4500,155.8,0.57413350
1974-06-19,88.84,88.8400,153.9,0.57725796
1974-06-20,88.21,88.2100,152,0.58032895
1974-06-21,87.46,87.4600,154,0.56792208
1974-06-24,87.69,87.6900,150.3,0.58343313
1974-06-25,88.98,88.9800,150,0.59320000
1974-06-26,87.61,87.6100,146.8,0.59679837
1974-06-27,86.31,86.3100,144.8,0.59606354
1974-06-28,86,86.0000,144.5,0.59515571
1974-07-01,86.02,86.0200,143.3,0.60027913
1974-07-02,84.3,84.3000,137.2,0.61443149
1974-07-03,84.25,84.2500,136.7,0.61631309
1974-07-05,83.66,83.6600,134.3,0.62293373
1974-07-08,81.09,81.0900,141.2,0.57429178
1974-07-09,81.48,81.4800,145.7,0.55923130
1974-07-10,79.99,79.9900,139,0.57546763
1974-07-11,79.89,79.8900,137.2,0.58228863
1974-07-12,83.15,83.1500,137.2,0.60604956
1974-07-15,83.78,83.7800,139,0.60273381
1974-07-16,82.81,82.8100,141.3,0.58605803
1974-07-17,83.7,83.7000,141,0.59361702
1974-07-18,83.78,83.7800,144.2,0.58099861
1974-07-19,83.54,83.5400,145.8,0.57297668
1974-07-22,83.81,83.8100,143.3,0.58485694
1974-07-23,84.65,84.6500,144.2,0.58703190
1974-07-24,84.99,84.9900,144.5,0.58816609
1974-07-25,83.98,83.9800,149.3,0.56249163
1974-07-26,82.4,82.4000,149.3,0.55190891
1974-07-29,80.94,80.9400,157.8,0.51292776
1974-07-30,80.5,80.5000,157.3,0.51176097
1974-07-31,79.31,79.3100,156.2,0.50774648
1974-08-01,78.75,78.7500,159.6,0.49342105
1974-08-02,78.59,78.5900,156.8,0.50121173
1974-08-05,79.29,79.2900,153.9,0.51520468
1974-08-06,80.52,80.5200,155.3,0.51848036
1974-08-07,82.65,82.6500,154.8,0.53391473
1974-08-08,81.57,81.5700,152.3,0.53558766
1974-08-09,80.86,80.8600,154.5,0.52336570
1974-08-12,79.75,79.7500,152.5,0.52295082
1974-08-13,78.49,78.4900,151.8,0.51706192
1974-08-14,76.73,76.7300,156.5,0.49028754
1974-08-15,76.3,76.3000,153.3,0.49771689
1974-08-16,75.67,75.6700,155.8,0.48568678
1974-08-19,74.57,74.5700,155.5,0.47954984
1974-08-20,74.95,74.9500,156.3,0.47952655
1974-08-21,73.51,73.5100,155.8,0.47182285
1974-08-22,72.8,72.8000,154.8,0.47028424
1974-08-23,71.55,71.5500,154.3,0.46370706
1974-08-26,72.16,72.1600,154.3,0.46766040
1974-08-27,70.94,70.9400,153.8,0.46124837
1974-08-28,70.76,70.7600,154.6,0.45769728
1974-08-29,69.99,69.9900,155.8,0.44922978
1974-08-30,72.15,72.1500,156.3,0.46161228
1974-09-03,70.52,70.5200,158,0.44632911
1974-09-04,68.69,68.6900,157.2,0.43695929
1974-09-05,70.87,70.8700,157.7,0.44939759
1974-09-06,71.42,71.4200,157.3,0.45403687
1974-09-09,69.72,69.7200,155.8,0.44749679
1974-09-10,69.24,69.2400,154.7,0.44757595
1974-09-11,68.55,68.5500,153.2,0.44745431
1974-09-12,66.71,66.7100,154.7,0.43122172
1974-09-13,65.2,65.2000,153.2,0.42558747
1974-09-16,66.26,66.2600,153,0.43307190
1974-09-17,67.38,67.3800,148,0.45527027
1974-09-18,67.72,67.7200,148.2,0.45695007
1974-09-19,70.09,70.0900,149.8,0.46789052
1974-09-20,70.14,70.1400,146.3,0.47942584
1974-09-23,69.42,69.4200,148.3,0.46810519
1974-09-24,68.02,68.0200,147.8,0.46021651
1974-09-25,67.57,67.5700,147.5,0.45810169
1974-09-26,66.46,66.4600,145.7,0.45614276
1974-09-27,64.94,64.9400,146,0.44479452
1974-09-30,63.54,63.5400,151.5,0.41940594
1974-10-01,63.39,63.3900,156,0.40634615
1974-10-02,63.38,63.3800,154.3,0.41075826
1974-10-03,62.28,62.2800,155.9,0.39948685
1974-10-04,62.34,62.3400,159.3,0.39133710
1974-10-07,64.95,64.9500,157.8,0.41159696
1974-10-08,64.84,64.8400,155.3,0.41751449
1974-10-09,67.82,67.8200,155.9,0.43502245
1974-10-10,69.79,69.7900,158.5,0.44031546
1974-10-11,71.14,71.1400,157.2,0.45254453
1974-10-14,72.74,72.7400,156.3,0.46538708
1974-10-15,71.44,71.4400,155.3,0.46001288
1974-10-16,70.33,70.3300,155.2,0.45315722
1974-10-17,71.17,71.1700,155.2,0.45856959
1974-10-18,72.28,72.2800,155.5,0.46482315
1974-10-21,73.5,73.5000,157.3,0.46726001
1974-10-22,73.13,73.1300,158.2,0.46226296
1974-10-23,71.03,71.0300,158,0.44955696
1974-10-24,70.22,70.2200,162.2,0.43292232
1974-10-25,70.12,70.1200,163.5,0.42886850
1974-10-28,70.09,70.0900,167.7,0.41794872
1974-10-29,72.83,72.8300,168.5,0.43222552
1974-10-30,74.31,74.3100,168.2,0.44179548
1974-10-31,73.9,73.9000,167.2,0.44198565
1974-11-01,73.88,73.8800,168,0.43976190
1974-11-04,73.08,73.0800,169.5,0.43115044
1974-11-05,75.11,75.1100,169.5,0.44312684
1974-11-06,74.75,74.7500,178.2,0.41947250
1974-11-07,75.21,75.2100,177.5,0.42371831
1974-11-08,74.91,74.9100,183.2,0.40889738
1974-11-11,75.15,75.1500,182.2,0.41245884
1974-11-12,73.67,73.6700,180.2,0.40882353
1974-11-13,73.35,73.3500,185.5,0.39541779
1974-11-14,73.06,73.0600,188.5,0.38758621
1974-11-15,71.91,71.9100,187.7,0.38311135
1974-11-18,69.27,69.2700,190.8,0.36305031
1974-11-19,68.2,68.2000,188,0.36276596
1974-11-20,67.9,67.9000,180.8,0.37555310
1974-11-21,68.18,68.1800,182.7,0.37318008
1974-11-22,68.9,68.9000,182.5,0.37753425
1974-11-25,68.83,68.8300,184,0.37407609
1974-11-26,69.47,69.4700,186.2,0.37309345
1974-11-27,69.94,69.9400,184.5,0.37907859
1974-11-29,69.97,69.9700,185.3,0.37760389
1974-12-02,68.11,68.1100,186,0.36618280
1974-12-03,67.17,67.1700,183.2,0.36664847
1974-12-04,67.41,67.4100,174.5,0.38630372
1974-12-05,66.13,66.1300,178.7,0.37006156
1974-12-06,65.01,65.0100,181.1,0.35897294
1974-12-09,65.6,65.6000,180.7,0.36303265
1974-12-10,67.28,67.2800,178.2,0.37755331
1974-12-11,67.67,67.6700,175,0.38668571
1974-12-12,67.45,67.4500,176,0.38323864
1974-12-13,67.07,67.0700,180,0.37261111
1974-12-16,66.46,66.4600,183.2,0.36277293
1974-12-17,67.58,67.5800,188.7,0.35813461
1974-12-18,67.9,67.9000,187.2,0.36271368
1974-12-19,67.65,67.6500,186.5,0.36273458
1974-12-20,66.91,66.9100,187.7,0.35647310
1974-12-23,65.96,65.9600,193.2,0.34140787
1974-12-24,66.88,66.8800,193.9,0.34492006
1974-12-26,67.44,67.4400,194.5,0.34673522
1974-12-27,67.14,67.1400,195.2,0.34395492
1974-12-30,67.16,67.1600,195.5,0.34352941
1974-12-31,68.56,68.5600,185.7,0.36919763
1975-01-02,70.23,70.2300,178.2,0.39410774
1975-01-03,70.71,70.7100,177.5,0.39836620
1975-01-06,71.07,71.0700,176.8,0.40197964
1975-01-07,71.02,71.0200,175.8,0.40398180
1975-01-08,70.04,70.0400,180.4,0.38824834
1975-01-09,71.17,71.1700,180.9,0.39342178
1975-01-10,72.61,72.6100,183.8,0.39504897
1975-01-13,72.31,72.3100,181.4,0.39862183
1975-01-14,71.68,71.6800,181.2,0.39558499
1975-01-15,72.14,72.1400,180,0.40077778
1975-01-16,72.05,72.0500,177.7,0.40545864
1975-01-17,70.96,70.9600,174.7,0.40618203
1975-01-20,71.08,71.0800,178.9,0.39731694
1975-01-21,70.7,70.7000,176.3,0.40102099
1975-01-22,71.74,71.7400,176.9,0.40553985
1975-01-23,72.07,72.0700,178.9,0.40285075
1975-01-24,72.98,72.9800,182.2,0.40054885
1975-01-27,75.37,75.3700,179.4,0.42012263
1975-01-28,76.03,76.0300,178.6,0.42569989
1975-01-29,77.26,77.2600,181.7,0.42520638
1975-01-30,76.21,76.2100,178.3,0.42742569
1975-01-31,76.98,76.9800,178,0.43247191
1975-02-03,77.82,77.8200,178.3,0.43645541
1975-02-04,77.61,77.6100,177.3,0.43773266
1975-02-05,78.95,78.9500,176.7,0.44680249
1975-02-06,78.56,78.5600,176.3,0.44560408
1975-02-07,78.63,78.6300,177.3,0.44348562
1975-02-10,78.36,78.3600,175.6,0.44624146
1975-02-11,78.58,78.5800,176.8,0.44445701
1975-02-12,79.92,79.9200,176.8,0.45203620
1975-02-13,81.01,81.0100,185.8,0.43600646
1975-02-14,81.5,81.5000,184.9,0.44077880
1975-02-18,80.93,80.9300,185.4,0.43651564
1975-02-19,81.44,81.4400,185.6,0.43879310
1975-02-20,82.21,82.2100,187.7,0.43798615
1975-02-21,82.62,82.6200,186,0.44419355
1975-02-24,81.44,81.4400,186.9,0.43574104
1975-02-25,79.53,79.5300,184.4,0.43129067
1975-02-26,80.37,80.3700,185.2,0.43396328
1975-02-27,80.77,80.7700,182.5,0.44257534
1975-02-28,81.59,81.5900,183,0.44584699
1975-03-03,83.03,83.0300,182.6,0.45470975
1975-03-04,83.56,83.5600,177,0.47209040
1975-03-05,83.9,83.9000,178.7,0.46950196
1975-03-06,83.69,83.6900,180.6,0.46339978
1975-03-07,84.3,84.3000,178,0.47359551
1975-03-10,84.95,84.9500,177.2,0.47940181
1975-03-11,84.36,84.3600,180,0.46866667
1975-03-12,83.59,83.5900,178.1,0.46934307
1975-03-13,83.74,83.7400,179.5,0.46651811
1975-03-14,84.76,84.7600,178.7,0.47431449
1975-03-17,86.01,86.0100,179,0.48050279
1975-03-18,85.13,85.1300,178.6,0.47665174
1975-03-19,84.34,84.3400,179.2,0.47064732
1975-03-20,83.61,83.6100,175.5,0.47641026
1975-03-21,83.39,83.3900,175.6,0.47488610
1975-03-24,81.42,81.4200,175.9,0.46287663
1975-03-25,82.06,82.0600,178.7,0.45920537
1975-03-26,83.59,83.5900,180.7,0.46258993
1975-03-27,83.85,83.8500,178.5,0.46974790
1975-03-31,83.36,83.3600,179.5,0.46440111
1975-04-01,82.64,82.6400,179.1,0.46141820
1975-04-02,82.43,82.4300,178.1,0.46282987
1975-04-03,81.51,81.5100,177.1,0.46024845
1975-04-04,80.88,80.8800,173.8,0.46536249
1975-04-07,80.35,80.3500,174.1,0.46151637
1975-04-08,80.99,80.9900,174.5,0.46412607
1975-04-09,82.84,82.8400,174.5,0.47472779
1975-04-10,83.77,83.7700,173.1,0.48393992
1975-04-11,84.18,84.1800,172.7,0.48743486
1975-04-14,85.6,85.6000,166.2,0.51504212
1975-04-15,86.3,86.3000,164.6,0.52430134
1975-04-16,86.6,86.6000,166.5,0.52012012
1975-04-17,87.25,87.2500,169.5,0.51474926
1975-04-18,86.3,86.3000,169,0.51065089
1975-04-21,87.23,87.2300,165.7,0.52643331
1975-04-22,87.09,87.0900,166.7,0.52243551
1975-04-23,86.12,86.1200,168.8,0.51018957
1975-04-24,86.04,86.0400,167,0.51520958
1975-04-25,86.62,86.6200,166.8,0.51930456
1975-04-28,86.23,86.2300,166.3,0.51852075
1975-04-29,85.64,85.6400,167.8,0.51036949
1975-04-30,87.3,87.3000,166.8,0.52338129
1975-05-01,88.1,88.1000,165.5,0.53232628
1975-05-02,89.22,89.2200,165,0.54072727
1975-05-05,90.08,90.0800,163.5,0.55094801
1975-05-06,88.64,88.6400,164.9,0.53753790
1975-05-07,89.08,89.0800,166.1,0.53630343
1975-05-08,89.56,89.5600,167.3,0.53532576
1975-05-09,90.53,90.5300,166.6,0.54339736
1975-05-12,90.61,90.6100,165.9,0.54617239
1975-05-13,91.58,91.5800,166.7,0.54937013
1975-05-14,92.27,92.2700,169.3,0.54500886
1975-05-15,91.41,91.4100,165.9,0.55099458
1975-05-16,90.43,90.4300,166.9,0.54182145
1975-05-19,90.53,90.5300,168.8,0.53631517
1975-05-20,90.07,90.0700,168.2,0.53549346
1975-05-21,89.06,89.0600,172.2,0.51718931
1975-05-22,89.39,89.3900,173.5,0.51521614
1975-05-23,90.58,90.5800,174.7,0.51848884
1975-05-27,90.34,90.3400,174.4,0.51800459
1975-05-28,89.71,89.7100,172.5,0.52005797
1975-05-29,89.68,89.6800,170.1,0.52721928
1975-05-30,91.15,91.1500,169,0.53934911
1975-06-02,92.58,92.5800,165.2,0.56041162
1975-06-03,92.89,92.8900,167.5,0.55456716
1975-06-04,92.6,92.6000,165.9,0.55816757
1975-06-05,92.69,92.6900,167.4,0.55370370
1975-06-06,92.48,92.4800,167.2,0.55311005
1975-06-09,91.21,91.2100,168.5,0.54130564
1975-06-10,90.44,90.4400,167.3,0.54058577
1975-06-11,90.55,90.5500,167.1,0.54189108
1975-06-12,90.08,90.0800,166.5,0.54102102
1975-06-13,90.52,90.5200,165.9,0.54562990
1975-06-16,91.46,91.4600,164.4,0.55632603
1975-06-17,90.58,90.5800,166,0.54566265
1975-06-18,90.39,90.3900,165.4,0.54649335
1975-06-19,92.02,92.0200,164.3,0.56007304
1975-06-20,92.61,92.6100,164.3,0.56366403
1975-06-23,93.62,93.6200,163.5,0.57259939
1975-06-24,94.19,94.1900,164.5,0.57258359
1975-06-25,94.62,94.6200,166.3,0.56897174
1975-06-26,94.81,94.8100,166,0.57114458
1975-06-27,94.81,94.8100,167.9,0.56468136
1975-06-30,95.19,95.1900,167.8,0.56728248
1975-07-01,94.85,94.8500,168.1,0.56424747
1975-07-02,94.18,94.1800,166.3,0.56632592
1975-07-03,94.36,94.3600,166.4,0.56706731
1975-07-07,93.54,93.5400,164,0.57036585
1975-07-08,93.39,93.3900,166.7,0.56022795
1975-07-09,94.8,94.8000,172.2,0.55052265
1975-07-10,94.81,94.8100,170.7,0.55541886
1975-07-11,94.66,94.6600,173,0.54716763
1975-07-14,95.19,95.1900,172.7,0.55118703
1975-07-15,95.61,95.6100,171.5,0.55749271
1975-07-16,94.61,94.6100,170.9,0.55359860
1975-07-17,93.63,93.6300,170.8,0.54818501
1975-07-18,93.2,93.2000,170.8,0.54566745
1975-07-21,92.44,92.4400,170.6,0.54185229
1975-07-22,91.45,91.4500,172.2,0.53106852
1975-07-23,90.18,90.1800,171.5,0.52583090
1975-07-24,90.07,90.0700,172,0.52366279
1975-07-25,89.29,89.2900,174.3,0.51227768
1975-07-28,88.69,88.6900,176.1,0.50363430
1975-07-29,88.19,88.1900,173.8,0.50742232
1975-07-30,88.83,88.8300,173.8,0.51110472
1975-07-31,88.75,88.7500,173.4,0.51182238
1975-08-01,87.99,87.9900,173.4,0.50743945
1975-08-04,87.15,87.1500,173.1,0.50346620
1975-08-05,86.23,86.2300,171.6,0.50250583
1975-08-06,86.25,86.2500,171,0.50438596
1975-08-07,86.3,86.3000,171.3,0.50379451
1975-08-08,86.02,86.0200,166.6,0.51632653
1975-08-11,86.55,86.5500,166.7,0.51919616
1975-08-12,87.12,87.1200,168.4,0.51733967
1975-08-13,85.97,85.9700,165,0.52103030
1975-08-14,85.6,85.6000,163.9,0.52226968
1975-08-15,86.36,86.3600,166.8,0.51774580
1975-08-18,86.2,86.2000,166.2,0.51865223
1975-08-19,84.95,84.9500,166.2,0.51113117
1975-08-20,83.22,83.2200,167,0.49832335
1975-08-21,83.07,83.0700,166.3,0.49951894
1975-08-22,84.28,84.2800,165.8,0.50832328
1975-08-25,85.06,85.0600,166,0.51240964
1975-08-26,83.96,83.9600,165.6,0.50700483
1975-08-27,84.43,84.4300,166,0.50861446
1975-08-28,86.4,86.4000,165.5,0.52205438
1975-08-29,86.88,86.8800,162.8,0.53366093
1975-09-02,85.48,85.4800,152.8,0.55942408
1975-09-03,86.03,86.0300,153.7,0.55972674
1975-09-04,86.2,86.2000,155.2,0.55541237
1975-09-05,85.62,85.6200,156,0.54884615
1975-09-08,85.89,85.8900,153,0.56137255
1975-09-09,84.6,84.6000,151.8,0.55731225
1975-09-10,83.79,83.7900,150.4,0.55711436
1975-09-11,83.45,83.4500,149.6,0.55782086
1975-09-12,83.3,83.3000,149.7,0.55644623
1975-09-15,82.88,82.8800,150,0.55253333
1975-09-16,82.09,82.0900,147.7,0.55578876
1975-09-17,82.37,82.3700,144.3,0.57082467
1975-09-18,84.06,84.0600,137.8,0.61001451
1975-09-19,85.88,85.8800,138.4,0.62052023
1975-09-22,85.07,85.0700,134.8,0.63108309
1975-09-23,84.94,84.9400,131.2,0.64740854
1975-09-24,85.74,85.7400,137.5,0.62356364
1975-09-25,85.64,85.6400,137,0.62510949
1975-09-26,86.19,86.1900,139,0.62007194
1975-09-29,85.03,85.0300,139.8,0.60822604
1975-09-30,83.87,83.8700,142.2,0.58980309
1975-10-01,82.93,82.9300,144.2,0.57510402
1975-10-02,83.82,83.8200,143.4,0.58451883
1975-10-03,85.95,85.9500,139.9,0.61436741
1975-10-06,86.88,86.8800,142.6,0.60925666
1975-10-07,86.77,86.7700,143.7,0.60382742
1975-10-08,87.94,87.9400,139.6,0.62994269
1975-10-09,88.37,88.3700,141.7,0.62364150
1975-10-10,88.21,88.2100,143.6,0.61427577
1975-10-13,89.46,89.4600,143.6,0.62298050
1975-10-14,89.28,89.2800,142.9,0.62477257
1975-10-15,89.23,89.2300,142.9,0.62442267
1975-10-16,89.37,89.3700,144,0.62062500
1975-10-17,88.86,88.8600,146.1,0.60821355
1975-10-20,89.82,89.8200,146.8,0.61185286
1975-10-21,90.56,90.5600,145.2,0.62369146
1975-10-22,90.71,90.7100,146.5,0.61918089
1975-10-23,91.24,91.2400,145.1,0.62880772
1975-10-24,89.83,89.8300,144.1,0.62338654
1975-10-27,89.73,89.7300,143,0.62748252
1975-10-28,90.51,90.5100,143.3,0.63161200
1975-10-29,89.39,89.3900,144.1,0.62033310
1975-10-30,89.31,89.3100,143.6,0.62193593
1975-10-31,89.04,89.0400,142.8,0.62352941
1975-11-03,88.09,88.0900,143.3,0.61472435
1975-11-04,88.51,88.5100,143.3,0.61765527
1975-11-05,89.15,89.1500,148.4,0.60074124
1975-11-06,89.55,89.5500,146,0.61335616
1975-11-07,89.33,89.3300,147.8,0.60439783
1975-11-10,89.34,89.3400,146.4,0.61024590
1975-11-11,89.87,89.8700,146.4,0.61386612
1975-11-12,91.19,91.1900,155.2,0.58756443
1975-11-13,91.04,91.0400,144.6,0.62959889
1975-11-14,90.97,90.9700,141.6,0.64244350
1975-11-17,91.46,91.4600,140.8,0.64957386
1975-11-18,91,91.0000,141.8,0.64174894
1975-11-19,89.98,89.9800,144.4,0.62313019
1975-11-20,89.64,89.6400,152.8,0.58664921
1975-11-21,89.53,89.5300,152.3,0.58785292
1975-11-24,89.7,89.7000,152.6,0.58781127
1975-11-25,90.71,90.7100,151.5,0.59874587
1975-11-26,90.94,90.9400,150.7,0.60345056
1975-11-28,91.24,91.2400,147.8,0.61732070
1975-12-01,90.67,90.6700,147.3,0.61554650
1975-12-02,89.33,89.3300,148.7,0.60073974
1975-12-03,87.6,87.6000,147.2,0.59510870
1975-12-04,87.84,87.8400,147.1,0.59714480
1975-12-05,86.82,86.8200,146.6,0.59222374
1975-12-08,87.07,87.0700,144.4,0.60297784
1975-12-09,87.3,87.3000,145.4,0.60041265
1975-12-10,88.08,88.0800,147,0.59918367
1975-12-11,87.8,87.8000,147,0.59727891
1975-12-12,87.83,87.8300,145.9,0.60198766
1975-12-15,88.09,88.0900,145.3,0.60626290
1975-12-16,88.93,88.9300,146.3,0.60786056
1975-12-17,89.15,89.1500,146.6,0.60811733
1975-12-18,89.43,89.4300,146.5,0.61044369
1975-12-19,88.8,88.8000,153.5,0.57850163
1975-12-22,88.14,88.1400,151.3,0.58255122
1975-12-23,88.73,88.7300,149.5,0.59351171
1975-12-24,89.46,89.4600,149.4,0.59879518
1975-12-26,90.25,90.2500,149.4,0.60408300
1975-12-29,90.13,90.1300,149.9,0.60126751
1975-12-30,89.77,89.7700,149.7,0.59966600
1975-12-31,90.19,90.1900,148.8,0.60611559
1976-01-02,90.9,90.9000,148.8,0.61088710
1976-01-05,92.58,92.5800,147.1,0.62936778
1976-01-06,93.53,93.5300,147.5,0.63410169
1976-01-07,93.95,93.9500,146.6,0.64085948
1976-01-08,94.58,94.5800,142.7,0.66278907
1976-01-09,94.95,94.9500,143.4,0.66213389
1976-01-12,96.33,96.3300,143.4,0.67175732
1976-01-13,95.57,95.5700,137.7,0.69404503
1976-01-14,97.13,97.1300,138.8,0.69978386
1976-01-15,96.61,96.6100,137.6,0.70210756
1976-01-16,97,97.0000,136.8,0.70906433
1976-01-19,98.32,98.3200,132.9,0.73980436
1976-01-20,98.86,98.8600,129.3,0.76457850
1976-01-21,98.24,98.2400,129.3,0.75978345
1976-01-22,98.04,98.0400,131.1,0.74782609
1976-01-23,99.21,99.2100,133.5,0.74314607
1976-01-26,99.68,99.6800,131.1,0.76033562
1976-01-27,99.07,99.0700,131.5,0.75338403
1976-01-28,98.53,98.5300,133.8,0.73639761
1976-01-29,100.11,100.1100,133.9,0.74764750
1976-01-30,100.86,100.8600,134,0.75268657
1976-02-02,100.87,100.8700,136.6,0.73843338
1976-02-03,101.18,101.1800,136.2,0.74287812
1976-02-04,101.91,101.9100,134.6,0.75713224
1976-02-05,100.39,100.3900,134.6,0.74583952
1976-02-06,99.46,99.4600,136.5,0.72864469
1976-02-09,99.62,99.6200,135.1,0.73737972
1976-02-10,100.47,100.4700,135.7,0.74038320
1976-02-11,100.77,100.7700,135.1,0.74589193
1976-02-12,100.25,100.2500,135.5,0.73985240
1976-02-13,99.67,99.6700,136,0.73286765
1976-02-17,99.05,99.0500,134.5,0.73643123
1976-02-18,99.85,99.8500,134.7,0.74127691
1976-02-19,101.41,101.4100,134.9,0.75174203
1976-02-20,102.1,102.1000,136,0.75073529
1976-02-23,101.61,101.6100,135.8,0.74823270
1976-02-24,102.03,102.0300,137.9,0.73988397
1976-02-25,101.69,101.6900,137.6,0.73902616
1976-02-26,100.11,100.1100,136.3,0.73448276
1976-02-27,99.71,99.7100,136.5,0.73047619
1976-03-01,100.02,100.0200,135.9,0.73598234
1976-03-02,100.58,100.5800,135.3,0.74338507
1976-03-03,99.98,99.9800,134.9,0.74114159
1976-03-04,98.92,98.9200,136.1,0.72681852
1976-03-05,99.11,99.1100,137.8,0.71923077
1976-03-08,100.19,100.1900,136.7,0.73291880
1976-03-09,100.58,100.5800,137,0.73416058
1976-03-10,100.94,100.9400,137.7,0.73304285
1976-03-11,101.89,101.8900,137.4,0.74155750
1976-03-12,100.86,100.8600,136.7,0.73782004
1976-03-15,99.8,99.8000,136.3,0.73220836
1976-03-16,100.92,100.9200,135.9,0.74260486
1976-03-17,100.86,100.8600,136.8,0.73728070
1976-03-18,100.45,100.4500,136.9,0.73374726
1976-03-19,100.58,100.5800,137.6,0.73095930
1976-03-22,100.71,100.7100,136.8,0.73618421
1976-03-23,102.24,102.2400,136.6,0.74846266
1976-03-24,103.42,103.4200,136.2,0.75932452
1976-03-25,102.85,102.8500,136.3,0.75458547
1976-03-26,102.85,102.8500,132.8,0.77447289
1976-03-29,102.41,102.4100,131.7,0.77760061
1976-03-30,102.01,102.0100,133.1,0.76641623
1976-03-31,102.77,102.7700,132.7,0.77445365
1976-04-01,102.24,102.2400,132.7,0.77045968
1976-04-02,102.25,102.2500,132.6,0.77111614
1976-04-05,103.51,103.5100,130.9,0.79075630
1976-04-06,103.36,103.3600,131.3,0.78720487
1976-04-07,102.21,102.2100,131,0.78022901
1976-04-08,101.28,101.2800,132.4,0.76495468
1976-04-09,100.35,100.3500,130.5,0.76896552
1976-04-12,100.2,100.2000,131.6,0.76139818
1976-04-13,101.05,101.0500,131.7,0.76727411
1976-04-14,100.31,100.3100,131.3,0.76397563
1976-04-15,100.67,100.6700,131.3,0.76671744
1976-04-19,101.44,101.4400,132,0.76848485
1976-04-20,102.87,102.8700,132.1,0.77872824
1976-04-21,103.32,103.3200,131,0.78870229
1976-04-22,102.98,102.9800,131.1,0.78550725
1976-04-23,102.29,102.2900,131.1,0.78024409
1976-04-26,102.43,102.4300,131.9,0.77657316
1976-04-27,101.86,101.8600,132.8,0.76701807
1976-04-28,102.13,102.1300,132.1,0.77312642
1976-04-29,102.13,102.1300,132.1,0.77312642
1976-04-30,101.64,101.6400,132.5,0.76709434
1976-05-03,100.92,100.9200,132.5,0.76166038
1976-05-04,101.46,101.4600,131.8,0.76980273
1976-05-05,100.88,100.8800,131.8,0.76540212
1976-05-06,101.16,101.1600,132.7,0.76232102
1976-05-07,101.88,101.8800,132.3,0.77006803
1976-05-10,103.1,103.1000,132.1,0.78046934
1976-05-11,102.95,102.9500,131.9,0.78051554
1976-05-12,102.77,102.7700,131.8,0.77974203
1976-05-13,102.16,102.1600,131.2,0.77865854
1976-05-14,101.34,101.3400,131.1,0.77299771
1976-05-17,101.09,101.0900,130.7,0.77345065
1976-05-18,101.26,101.2600,130.5,0.77593870
1976-05-19,101.18,101.1800,128.6,0.78678072
1976-05-20,102,102.0000,128.8,0.79192547
1976-05-21,101.26,101.2600,129.1,0.78435321
1976-05-24,99.44,99.4400,128.5,0.77385214
1976-05-25,99.49,99.4900,128.1,0.77665886
1976-05-26,99.34,99.3400,130.7,0.76006121
1976-05-27,99.38,99.3800,130.8,0.75978593
1976-05-28,100.18,100.1800,130.1,0.77002306
1976-06-01,99.85,99.8500,132.9,0.75131678
1976-06-02,100.22,100.2200,134.4,0.74568452
1976-06-03,100.13,100.1300,132.5,0.75569811
1976-06-04,99.15,99.1500,131,0.75687023
1976-06-07,98.63,98.6300,132,0.74719697
1976-06-08,98.8,98.8000,131.9,0.74905231
1976-06-09,98.74,98.7400,131.2,0.75259146
1976-06-10,99.56,99.5600,131,0.76000000
1976-06-11,100.92,100.9200,130,0.77630769
1976-06-14,101.95,101.9500,130.3,0.78242517
1976-06-15,101.46,101.4600,130.1,0.77986164
1976-06-16,102.01,102.0100,129.4,0.78833076
1976-06-17,103.61,103.6100,130,0.79700000
1976-06-18,103.76,103.7600,130.1,0.79754035
1976-06-21,104.28,104.2800,130.2,0.80092166
1976-06-22,103.47,103.4700,128.9,0.80271528
1976-06-23,103.25,103.2500,128.3,0.80475448
1976-06-24,103.79,103.7900,128.3,0.80896337
1976-06-25,103.72,103.7200,128.1,0.80967994
1976-06-28,103.43,103.4300,126.2,0.81957211
1976-06-29,103.86,103.8600,126.3,0.82232779
1976-06-30,104.28,104.2800,126,0.82761905
1976-07-01,103.59,103.5900,125.8,0.82344992
1976-07-02,104.11,104.1100,126.3,0.82430721
1976-07-06,103.54,103.5400,126.6,0.81785150
1976-07-07,103.83,103.8300,126.4,0.82143987
1976-07-08,103.98,103.9800,126.2,0.82393027
1976-07-09,104.98,104.9800,125.5,0.83649402
1976-07-12,105.9,105.9000,124.7,0.84923817
1976-07-13,105.67,105.6700,125.6,0.84132166
1976-07-14,105.95,105.9500,125.7,0.84287987
1976-07-15,105.2,105.2000,120,0.87666667
1976-07-16,104.68,104.6800,120.1,0.87160699
1976-07-19,104.29,104.2900,114.6,0.91003490
1976-07-20,103.72,103.7200,110.9,0.93525699
1976-07-21,103.82,103.8200,114.8,0.90435540
1976-07-22,103.93,103.9300,113,0.91973451
1976-07-23,104.06,104.0600,113.3,0.91844660
1976-07-26,104.07,104.0700,114.3,0.91049869
1976-07-27,103.48,103.4800,115.4,0.89670711
1976-07-28,103.05,103.0500,115.2,0.89453125
1976-07-29,102.93,102.9300,113.7,0.90527704
1976-07-30,103.44,103.4400,114.2,0.90577933
1976-08-02,103.19,103.1900,113.3,0.91076787
1976-08-03,104.14,104.1400,113.9,0.91431080
1976-08-04,104.43,104.4300,114.3,0.91364829
1976-08-05,103.85,103.8500,113.3,0.91659312
1976-08-06,103.79,103.7900,113.8,0.91203866
1976-08-09,103.49,103.4900,113.6,0.91100352
1976-08-10,104.41,104.4100,114.7,0.91028771
1976-08-11,104.06,104.0600,114.5,0.90882096
1976-08-12,104.22,104.2200,113.9,0.91501317
1976-08-13,104.25,104.2500,114.5,0.91048035
1976-08-16,104.43,104.4300,114,0.91605263
1976-08-17,104.8,104.8000,112.2,0.93404635
1976-08-18,104.56,104.5600,108.8,0.96102941
1976-08-19,103.39,103.3900,108.9,0.94940312
1976-08-20,102.37,102.3700,108.6,0.94263352
1976-08-23,101.96,101.9600,104.5,0.97569378
1976-08-24,101.27,101.2700,103.4,0.97940039
1976-08-25,102.03,102.0300,106.1,0.96163996
1976-08-26,101.32,101.3200,104.9,0.96587226
1976-08-27,101.48,101.4800,103.1,0.98428710
1976-08-30,102.07,102.0700,102.8,0.99289883
1976-08-31,102.91,102.9100,103.2,0.99718992
1976-09-01,104.06,104.0600,105.4,0.98728653
1976-09-02,103.92,103.9200,105.4,0.98595825
1976-09-03,104.3,104.3000,108,0.96574074
1976-09-07,105.03,105.0300,111.8,0.93944544
1976-09-08,104.94,104.9400,112.4,0.93362989
1976-09-09,104.4,104.4000,113.9,0.91659350
1976-09-10,104.65,104.6500,118.4,0.88386824
1976-09-13,104.29,104.2900,114.7,0.90924150
1976-09-14,103.94,103.9400,110.8,0.93808664
1976-09-15,104.25,104.2500,112.3,0.92831701
1976-09-16,105.34,105.3400,114,0.92403509
1976-09-17,106.27,106.2700,117.5,0.90442553
1976-09-20,106.32,106.3200,115,0.92452174
1976-09-21,107.83,107.8300,119.1,0.90537364
1976-09-22,107.46,107.4600,118.5,0.90683544
1976-09-23,106.92,106.9200,117.8,0.90764007
1976-09-24,106.8,106.8000,118.6,0.90050590
1976-09-27,107.27,107.2700,117.7,0.91138488
1976-09-28,105.92,105.9200,116.2,0.91153184
1976-09-29,105.37,105.3700,116.1,0.90757967
1976-09-30,105.24,105.2400,116.1,0.90645995
1976-10-01,104.17,104.1700,116,0.89801724
1976-10-04,104.03,104.0300,114.2,0.91094571
1976-10-05,103.23,103.2300,114.5,0.90157205
1976-10-06,102.97,102.9700,116.6,0.88310463
1976-10-07,103.54,103.5400,115.5,0.89645022
1976-10-08,102.56,102.5600,114,0.89964912
1976-10-11,101.64,101.6400,114.6,0.88691099
1976-10-12,100.81,100.8100,114.7,0.87890148
1976-10-13,102.12,102.1200,115,0.88800000
1976-10-14,100.85,100.8500,114.9,0.87771976
1976-10-15,100.88,100.8800,117,0.86222222
1976-10-18,101.47,101.4700,116.9,0.86800684
1976-10-19,101.45,101.4500,115.3,0.87987858
1976-10-20,101.74,101.7400,114.9,0.88546562
1976-10-21,100.77,100.7700,116.3,0.86646604
1976-10-22,99.96,99.9600,115.8,0.86321244
1976-10-25,100.07,100.0700,116.9,0.85603080
1976-10-26,101.06,101.0600,118.4,0.85354730
1976-10-27,101.76,101.7600,120,0.84800000
1976-10-28,101.61,101.6100,125.8,0.80771065
1976-10-29,102.9,102.9000,123.8,0.83117932
1976-11-01,103.1,103.1000,123.7,0.83346807
1976-11-03,101.92,101.9200,125.2,0.81405751
1976-11-04,102.41,102.4100,126,0.81277778
1976-11-05,100.82,100.8200,128,0.78765625
1976-11-08,99.6,99.6000,133,0.74887218
1976-11-09,99.32,99.3200,133.2,0.74564565
1976-11-10,98.81,98.8100,137.1,0.72071481
1976-11-11,99.64,99.6400,135.8,0.73372607
1976-11-12,99.24,99.2400,136.9,0.72490869
1976-11-15,99.9,99.9000,135.9,0.73509934
1976-11-16,100.04,100.0400,133.3,0.75048762
1976-11-17,100.61,100.6100,136.9,0.73491600
1976-11-18,101.89,101.8900,128.6,0.79230171
1976-11-19,101.92,101.9200,130.8,0.77920489
1976-11-22,102.59,102.5900,138.3,0.74179320
1976-11-23,101.96,101.9600,135.6,0.75191740
1976-11-24,102.41,102.4100,136.1,0.75246143
1976-11-26,103.15,103.1500,132.6,0.77790347
1976-11-29,102.44,102.4400,133.4,0.76791604
1976-11-30,102.1,102.1000,132.6,0.76998492
1976-12-01,102.49,102.4900,132.2,0.77526475
1976-12-02,102.12,102.1200,132.1,0.77305072
1976-12-03,102.76,102.7600,133.3,0.77089272
1976-12-06,103.56,103.5600,136,0.76147059
1976-12-07,103.49,103.4900,140.8,0.73501420
1976-12-08,104.08,104.0800,138.1,0.75365677
1976-12-09,104.51,104.5100,138.6,0.75404040
1976-12-10,104.7,104.7000,143.7,0.72860125
1976-12-13,104.63,104.6300,140.9,0.74258339
1976-12-14,105.07,105.0700,139,0.75589928
1976-12-15,105.14,105.1400,138,0.76188406
1976-12-16,104.8,104.8000,139.3,0.75233309
1976-12-17,104.26,104.2600,133.9,0.77864078
1976-12-20,103.65,103.6500,134.2,0.77235469
1976-12-21,104.22,104.2200,137,0.76072993
1976-12-22,104.71,104.7100,136.2,0.76879589
1976-12-23,104.84,104.8400,135.7,0.77258659
1976-12-27,106.06,106.0600,138.5,0.76577617
1976-12-28,106.77,106.7700,136.5,0.78219780
1976-12-29,106.34,106.3400,137.1,0.77563822
1976-12-30,106.88,106.8800,137.7,0.77618010
1976-12-31,107.46,107.4600,137.7,0.78039216
1977-01-03,107,107.0000,138.2,0.77424023
1977-01-04,105.7,105.7000,138.6,0.76262626
1977-01-05,104.76,104.7600,137.8,0.76023222
1977-01-06,105.02,105.0200,140.8,0.74588068
1977-01-07,105.01,105.0100,138.8,0.75655620
1977-01-10,105.2,105.2000,127.6,0.82445141
1977-01-11,104.12,104.1200,130.7,0.79663351
1977-01-12,103.4,103.4000,131.7,0.78511769
1977-01-13,104.2,104.2000,132.3,0.78760393
1977-01-14,104.01,104.0100,136.9,0.75975164
1977-01-17,103.73,103.7300,138.1,0.75112238
1977-01-18,103.32,103.3200,132.5,0.77977358
1977-01-19,103.85,103.8500,138.7,0.74873828
1977-01-20,102.97,102.9700,138.7,0.74239366
1977-01-21,103.32,103.3200,133.4,0.77451274
1977-01-24,103.25,103.2500,138.5,0.74548736
1977-01-25,103.13,103.1300,140.3,0.73506771
1977-01-26,102.34,102.3400,132.7,0.77121326
1977-01-27,101.79,101.7900,132.2,0.76996974
1977-01-28,101.93,101.9300,132.9,0.76696764
1977-01-31,102.03,102.0300,138.8,0.73508646
1977-02-01,102.54,102.5400,136,0.75397059
1977-02-02,102.36,102.3600,138.7,0.73799567
1977-02-03,101.85,101.8500,137.2,0.74234694
1977-02-04,101.88,101.8800,138.7,0.73453497
1977-02-07,101.89,101.8900,136.4,0.74699413
1977-02-08,101.6,101.6000,140.6,0.72261735
1977-02-09,100.73,100.7300,137.1,0.73471918
1977-02-10,100.82,100.8200,141.2,0.71402266
1977-02-11,100.22,100.2200,141.8,0.70677010
1977-02-14,100.74,100.7400,141.4,0.71244696
1977-02-15,101.04,101.0400,141.1,0.71608788
1977-02-16,101.5,101.5000,142.1,0.71428571
1977-02-17,100.92,100.9200,142.6,0.70771388
1977-02-18,100.49,100.4900,143.2,0.70174581
1977-02-22,100.49,100.4900,141,0.71269504
1977-02-23,100.19,100.1900,142,0.70556338
1977-02-24,99.6,99.6000,143.4,0.69456067
1977-02-25,99.48,99.4800,143.6,0.69275766
1977-02-28,99.82,99.8200,146,0.68369863
1977-03-01,100.66,100.6600,145,0.69420690
1977-03-02,100.39,100.3900,148.9,0.67421088
1977-03-03,100.88,100.8800,147.5,0.68393220
1977-03-04,101.2,101.2000,149.7,0.67601870
1977-03-07,101.25,101.2500,149.7,0.67635271
1977-03-08,100.87,100.8700,149.6,0.67426471
1977-03-09,100.1,100.1000,149.5,0.66956522
1977-03-10,100.67,100.6700,148.3,0.67882670
1977-03-11,100.65,100.6500,147.7,0.68144888
1977-03-14,101.42,101.4200,147.2,0.68899457
1977-03-15,101.98,101.9800,149.6,0.68168449
1977-03-16,102.17,102.1700,150.7,0.67796948
1977-03-17,102.08,102.0800,151.8,0.67246377
1977-03-18,101.86,101.8600,152.6,0.66749672
1977-03-21,101.31,101.3100,155.3,0.65235029
1977-03-22,101,101.0000,152.6,0.66186107
1977-03-23,100.2,100.2000,155.5,0.64437299
1977-03-24,99.7,99.7000,154.6,0.64489004
1977-03-25,99.06,99.0600,154.8,0.63992248
1977-03-28,99,99.0000,151.5,0.65346535
1977-03-29,99.69,99.6900,150.2,0.66371505
1977-03-30,98.54,98.5400,151.5,0.65042904
1977-03-31,98.42,98.4200,151,0.65178808
1977-04-01,99.21,99.2100,152.2,0.65183968
1977-04-04,98.23,98.2300,151.1,0.65009927
1977-04-05,98.01,98.0100,147.7,0.66357481
1977-04-06,97.91,97.9100,149,0.65711409
1977-04-07,98.35,98.3500,149.5,0.65785953
1977-04-11,98.88,98.8800,150.7,0.65613802
1977-04-12,100.15,100.1500,151.3,0.66192994
1977-04-13,100.16,100.1600,153.8,0.65123537
1977-04-14,101,101.0000,153.3,0.65883888
1977-04-15,101.04,101.0400,152.7,0.66168959
1977-04-18,100.54,100.5400,152.3,0.66014445
1977-04-19,100.07,100.0700,151.1,0.66227664
1977-04-20,100.4,100.4000,149.2,0.67292225
1977-04-21,99.75,99.7500,150,0.66500000
1977-04-22,98.44,98.4400,150.1,0.65582945
1977-04-25,97.15,97.1500,148.3,0.65509103
1977-04-26,97.11,97.1100,146.7,0.66196319
1977-04-27,97.96,97.9600,146.9,0.66684820
1977-04-28,98.2,98.2000,146.2,0.67168263
1977-04-29,98.44,98.4400,148,0.66513514
1977-05-02,98.93,98.9300,149.6,0.66129679
1977-05-03,99.43,99.4300,147.9,0.67227857
1977-05-04,99.96,99.9600,148,0.67540541
1977-05-05,100.11,100.1100,147.6,0.67825203
1977-05-06,99.49,99.4900,148.5,0.66996633
1977-05-09,99.18,99.1800,148.2,0.66923077
1977-05-10,99.47,99.4700,148,0.67209459
1977-05-11,98.78,98.7800,147.5,0.66969492
1977-05-12,98.73,98.7300,148,0.66709459
1977-05-13,99.03,99.0300,148.3,0.66776804
1977-05-16,99.47,99.4700,148.5,0.66983165
1977-05-17,99.77,99.7700,147.5,0.67640678
1977-05-18,100.3,100.3000,146.8,0.68324251
1977-05-19,99.88,99.8800,151.5,0.65927393
1977-05-20,99.45,99.4500,151.4,0.65686922
1977-05-23,98.15,98.1500,149.5,0.65652174
1977-05-24,97.67,97.6700,148.2,0.65904184
1977-05-25,96.77,96.7700,148.3,0.65252866
1977-05-26,97.01,97.0100,146.6,0.66173261
1977-05-27,96.27,96.2700,148.1,0.65003376
1977-05-31,96.12,96.1200,147.1,0.65343304
1977-06-01,96.93,96.9300,147.9,0.65537525
1977-06-02,96.74,96.7400,146.4,0.66079235
1977-06-03,97.69,97.6900,146.4,0.66728142
1977-06-06,97.23,97.2300,147.1,0.66097893
1977-06-07,97.73,97.7300,146.4,0.66755464
1977-06-08,98.2,98.2000,145.5,0.67491409
1977-06-09,98.14,98.1400,143.4,0.68437936
1977-06-10,98.46,98.4600,142.1,0.69289233
1977-06-13,98.74,98.7400,141.1,0.69978738
1977-06-14,99.86,99.8600,140.1,0.71277659
1977-06-15,99.61,99.6100,142.9,0.69706088
1977-06-16,99.85,99.8500,142.7,0.69971969
1977-06-17,99.97,99.9700,143.1,0.69860238
1977-06-20,100.42,100.4200,143.5,0.69979094
1977-06-21,100.74,100.7400,144.2,0.69861304
1977-06-22,100.46,100.4600,143.2,0.70153631
1977-06-23,100.62,100.6200,144.1,0.69826509
1977-06-24,101.19,101.1900,144.3,0.70124740
1977-06-27,100.98,100.9800,147,0.68693878
1977-06-28,100.14,100.1400,145.5,0.68824742
1977-06-29,100.11,100.1100,146.2,0.68474692
1977-06-30,100.48,100.4800,146.1,0.68774812
1977-07-01,100.1,100.1000,144.4,0.69321330
1977-07-05,100.09,100.0900,143.1,0.69944095
1977-07-06,99.58,99.5800,143.6,0.69345404
1977-07-07,99.93,99.9300,144.3,0.69251559
1977-07-08,99.79,99.7900,144.7,0.68963372
1977-07-11,99.55,99.5500,143.9,0.69179986
1977-07-12,99.45,99.4500,145.9,0.68163125
1977-07-13,99.59,99.5900,147.5,0.67518644
1977-07-15,100.18,100.1800,147.2,0.68057065
1977-07-18,100.95,100.9500,148.3,0.68071477
1977-07-19,101.79,101.7900,147.7,0.68916723
1977-07-20,101.73,101.7300,147.3,0.69063136
1977-07-21,101.59,101.5900,146.6,0.69297408
1977-07-22,101.67,101.6700,147.7,0.68835477
1977-07-25,100.85,100.8500,149.7,0.67368069
1977-07-26,100.27,100.2700,149.1,0.67250168
1977-07-27,98.64,98.6400,147.8,0.66738836
1977-07-28,98.79,98.7900,146.4,0.67479508
1977-07-29,98.85,98.8500,147.1,0.67199184
1977-08-01,99.12,99.1200,148.2,0.66882591
1977-08-02,98.5,98.5000,148.3,0.66419420
1977-08-03,98.37,98.3700,149.1,0.65975855
1977-08-04,98.74,98.7400,148.6,0.66446837
1977-08-05,98.76,98.7600,149.2,0.66193029
1977-08-08,97.99,97.9900,149.3,0.65632954
1977-08-09,98.05,98.0500,148.5,0.66026936
1977-08-10,98.92,98.9200,148.6,0.66567968
1977-08-11,98.16,98.1600,148.6,0.66056528
1977-08-12,97.88,97.8800,146,0.67041096
1977-08-15,98.18,98.1800,144.7,0.67850726
1977-08-16,97.73,97.7300,145.9,0.66984236
1977-08-17,97.74,97.7400,146.4,0.66762295
1977-08-18,97.68,97.6800,147,0.66448980
1977-08-19,97.51,97.5100,146.8,0.66423706
1977-08-22,97.79,97.7900,146.2,0.66887825
1977-08-23,97.62,97.6200,146.4,0.66680328
1977-08-24,97.23,97.2300,146.9,0.66187883
1977-08-25,96.15,96.1500,146.4,0.65676230
1977-08-26,96.06,96.0600,148.6,0.64643338
1977-08-29,96.92,96.9200,148.1,0.65442269
1977-08-30,96.38,96.3800,148.5,0.64902357
1977-08-31,96.77,96.7700,148.1,0.65340986
1977-09-01,96.83,96.8300,148.3,0.65293324
1977-09-02,97.45,97.4500,150.8,0.64622016
1977-09-06,97.71,97.7100,149.3,0.65445412
1977-09-07,98.01,98.0100,150.6,0.65079681
1977-09-08,97.28,97.2800,149.4,0.65113788
1977-09-09,96.37,96.3700,150.4,0.64075798
1977-09-12,96.03,96.0300,150.3,0.63892216
1977-09-13,96.09,96.0900,150,0.64060000
1977-09-14,96.55,96.5500,150.4,0.64195479
1977-09-15,96.8,96.8000,150.3,0.64404524
1977-09-16,96.48,96.4800,151.5,0.63683168
1977-09-19,95.85,95.8500,152,0.63059211
1977-09-20,95.89,95.8900,153.5,0.62469055
1977-09-21,95.1,95.1000,154,0.61753247
1977-09-22,95.09,95.0900,154.1,0.61706684
1977-09-23,95.04,95.0400,154,0.61714286
1977-09-26,95.38,95.3800,155.9,0.61180244
1977-09-27,95.24,95.2400,155.3,0.61326465
1977-09-28,95.31,95.3100,155.6,0.61253213
1977-09-29,95.85,95.8500,156,0.61442308
1977-09-30,96.53,96.5300,156.4,0.61719949
1977-10-03,96.74,96.7400,157.8,0.61305450
1977-10-04,96.03,96.0300,157.8,0.60855513
1977-10-05,95.68,95.6800,156.8,0.61020408
1977-10-06,96.05,96.0500,155.5,0.61768489
1977-10-07,95.97,95.9700,157.3,0.61010807
1977-10-10,95.75,95.7500,159,0.60220126
1977-10-11,94.93,94.9300,160.2,0.59257179
1977-10-12,94.04,94.0400,160,0.58775000
1977-10-13,93.46,93.4600,159.5,0.58595611
1977-10-14,93.56,93.5600,162.1,0.57717458
1977-10-17,93.47,93.4700,164.1,0.56959171
1977-10-18,93.46,93.4600,162.6,0.57478475
1977-10-19,92.38,92.3800,160.2,0.57665418
1977-10-20,92.67,92.6700,162.5,0.57027692
1977-10-21,92.32,92.3200,164.3,0.56189897
1977-10-24,91.63,91.6300,166.6,0.55000000
1977-10-25,91,91.0000,166.5,0.54654655
1977-10-26,92.1,92.1000,164.1,0.56124314
1977-10-27,92.34,92.3400,161.7,0.57105751
1977-10-28,92.61,92.6100,162,0.57166667
1977-10-31,92.34,92.3400,162.7,0.56754763
1977-11-01,91.35,91.3500,163.6,0.55837408
1977-11-02,90.71,90.7100,163.4,0.55514076
1977-11-03,90.76,90.7600,166.1,0.54641782
1977-11-04,91.58,91.5800,168.3,0.54414736
1977-11-07,92.29,92.2900,166.2,0.55529483
1977-11-08,92.46,92.4600,167.5,0.55200000
1977-11-09,92.98,92.9800,168.2,0.55279429
1977-11-10,94.71,94.7100,168.7,0.56141079
1977-11-11,95.98,95.9800,168.9,0.56826525
1977-11-14,95.32,95.3200,164.3,0.58015825
1977-11-15,95.93,95.9300,163.5,0.58672783
1977-11-16,95.45,95.4500,158.4,0.60258838
1977-11-17,95.16,95.1600,160.6,0.59252802
1977-11-18,95.33,95.3300,161.5,0.59027864
1977-11-21,95.25,95.2500,155.2,0.61372423
1977-11-22,96.09,96.0900,155.9,0.61635664
1977-11-23,96.49,96.4900,160.7,0.60043559
1977-11-25,96.69,96.6900,161.8,0.59758962
1977-11-28,96.04,96.0400,163,0.58920245
1977-11-29,94.55,94.5500,162.8,0.58077396
1977-11-30,94.83,94.8300,162.3,0.58428835
1977-12-01,94.69,94.6900,159.6,0.59329574
1977-12-02,94.67,94.6700,160.1,0.59131793
1977-12-05,94.27,94.2700,161.7,0.58299320
1977-12-06,92.83,92.8300,161.8,0.57373300
1977-12-07,92.78,92.7800,163.6,0.56711491
1977-12-08,92.96,92.9600,162,0.57382716
1977-12-09,93.65,93.6500,160,0.58531250
1977-12-12,93.63,93.6300,157.2,0.59561069
1977-12-13,93.56,93.5600,159.5,0.58658307
1977-12-14,94.03,94.0300,161.5,0.58222910
1977-12-15,93.55,93.5500,161.5,0.57925697
1977-12-16,93.4,93.4000,161.6,0.57797030
1977-12-19,92.69,92.6900,160.8,0.57643035
1977-12-20,92.5,92.5000,161.5,0.57275542
1977-12-21,93.05,93.0500,161.2,0.57723325
1977-12-22,93.8,93.8000,162.9,0.57581338
1977-12-23,94.69,94.6900,164.7,0.57492410
1977-12-27,94.69,94.6900,166.2,0.56973526
1977-12-28,94.75,94.7500,166.2,0.57009627
1977-12-29,94.94,94.9400,167.7,0.56612999
1977-12-30,95.1,95.1000,167.5,0.56776119
1978-01-03,93.82,93.8200,173,0.54231214
1978-01-04,93.52,93.5200,168,0.55666667
1978-01-05,92.74,92.7400,170.8,0.54297424
1978-01-06,91.62,91.6200,171.3,0.53485114
1978-01-09,90.64,90.6400,173.3,0.52302366
1978-01-10,90.17,90.1700,172.8,0.52181713
1978-01-11,89.74,89.7400,175,0.51280000
1978-01-12,89.82,89.8200,172.6,0.52039397
1978-01-13,89.69,89.6900,175.5,0.51105413
1978-01-16,89.43,89.4300,181.3,0.49327082
1978-01-17,89.88,89.8800,179,0.50212291
1978-01-18,90.56,90.5600,177.3,0.51077270
1978-01-19,90.09,90.0900,178.7,0.50414102
1978-01-20,89.89,89.8900,178.7,0.50302182
1978-01-23,89.24,89.2400,182,0.49032967
1978-01-24,89.25,89.2500,182,0.49038462
1978-01-25,89.39,89.3900,181.9,0.49142386
1978-01-26,88.58,88.5800,181.4,0.48831312
1978-01-27,88.58,88.5800,180,0.49211111
1978-01-30,89.34,89.3400,179.3,0.49827105
1978-01-31,89.25,89.2500,181.5,0.49173554
1978-02-01,89.93,89.9300,180.5,0.49822715
1978-02-02,90.13,90.1300,178.6,0.50464726
1978-02-03,89.62,89.6200,179.1,0.50039084
1978-02-06,89.5,89.5000,179.9,0.49749861
1978-02-07,90.33,90.3300,179.9,0.50211228
1978-02-08,90.83,90.8300,178.2,0.50970819
1978-02-09,90.3,90.3000,178.8,0.50503356
1978-02-10,90.08,90.0800,180.5,0.49905817
1978-02-13,89.86,89.8600,182.3,0.49292375
1978-02-14,89.04,89.0400,181.8,0.48976898
1978-02-15,88.83,88.8300,184.6,0.48120260
1978-02-16,88.08,88.0800,185.2,0.47559395
1978-02-17,87.96,87.9600,183.9,0.47830343
1978-02-21,87.59,87.5900,185.7,0.47167474
1978-02-22,87.56,87.5600,184.7,0.47406605
1978-02-23,87.64,87.6400,187.3,0.46791244
1978-02-24,88.49,88.4900,184.2,0.48040174
1978-02-27,87.72,87.7200,185.3,0.47339450
1978-02-28,87.04,87.0400,187.1,0.46520577
1978-03-01,87.19,87.1900,186.7,0.46700589
1978-03-02,87.32,87.3200,187.7,0.46521044
1978-03-03,87.45,87.4500,187.3,0.46689802
1978-03-06,86.9,86.9000,189.8,0.45785037
1978-03-07,87.36,87.3600,192,0.45500000
1978-03-08,87.84,87.8400,193.5,0.45395349
1978-03-09,87.89,87.8900,190.8,0.46063941
1978-03-10,88.88,88.8800,191.6,0.46388309
1978-03-13,88.95,88.9500,192.2,0.46279917
1978-03-14,89.35,89.3500,188.9,0.47300159
1978-03-15,89.12,89.1200,186.3,0.47836822
1978-03-16,89.51,89.5100,188.3,0.47535847
1978-03-17,90.2,90.2000,184.5,0.48888889
1978-03-20,90.82,90.8200,178.5,0.50879552
1978-03-21,89.79,89.7900,179.7,0.49966611
1978-03-22,89.47,89.4700,182.9,0.48917441
1978-03-23,89.36,89.3600,183.4,0.48724100
1978-03-27,88.87,88.8700,185.8,0.47831001
1978-03-28,89.5,89.5000,185.1,0.48352242
1978-03-29,89.64,89.6400,181.7,0.49334067
1978-03-30,89.41,89.4100,182.9,0.48884636
1978-03-31,89.21,89.2100,186.2,0.47910849
1978-04-03,88.46,88.4600,179.8,0.49199110
1978-04-04,88.86,88.8600,179.2,0.49587054
1978-04-05,89.64,89.6400,180.4,0.49689579
1978-04-06,89.79,89.7900,182.5,0.49200000
1978-04-07,90.17,90.1700,179.5,0.50233983
1978-04-10,90.49,90.4900,180.5,0.50132964
1978-04-11,90.25,90.2500,182,0.49587912
1978-04-12,90.11,90.1100,181.2,0.49729581
1978-04-13,90.98,90.9800,179.6,0.50657016
1978-04-14,92.92,92.9200,178.3,0.52114414
1978-04-17,94.45,94.4500,173,0.54595376
1978-04-18,93.43,93.4300,174.6,0.53510882
1978-04-19,93.86,93.8600,174.3,0.53849684
1978-04-20,94.54,94.5400,171.4,0.55157526
1978-04-21,94.34,94.3400,171.5,0.55008746
1978-04-24,95.77,95.7700,168.4,0.56870546
1978-04-25,96.64,96.6400,168.4,0.57387173
1978-04-26,96.82,96.8200,169.4,0.57154664
1978-04-27,95.86,95.8600,171.7,0.55829936
1978-04-28,96.83,96.8300,170.6,0.56758499
1978-05-01,97.67,97.6700,169.8,0.57520612
1978-05-02,97.25,97.2500,170.7,0.56971295
1978-05-03,96.26,96.2600,172.2,0.55900116
1978-05-04,95.93,95.9300,174.1,0.55100517
1978-05-05,96.53,96.5300,174,0.55477011
1978-05-08,96.19,96.1900,172.6,0.55730012
1978-05-09,95.9,95.9000,172.8,0.55497685
1978-05-10,95.92,95.9200,174.9,0.54842767
1978-05-11,97.2,97.2000,174.4,0.55733945
1978-05-12,98.07,98.0700,174.4,0.56232798
1978-05-15,98.76,98.7600,176.6,0.55922990
1978-05-16,99.35,99.3500,177.6,0.55940315
1978-05-17,99.6,99.6000,177.2,0.56207675
1978-05-18,98.62,98.6200,179,0.55094972
1978-05-19,98.12,98.1200,178.6,0.54938410
1978-05-22,99.09,99.0900,179.9,0.55080600
1978-05-23,98.05,98.0500,181.8,0.53932893
1978-05-24,97.08,97.0800,179.4,0.54113712
1978-05-25,96.8,96.8000,188.3,0.51407329
1978-05-26,96.58,96.5800,188.2,0.51317747
1978-05-30,96.86,96.8600,192.4,0.50343035
1978-05-31,97.24,97.2400,192.8,0.50435685
1978-06-01,97.35,97.3500,192.5,0.50571429
1978-06-02,98.14,98.1400,190.9,0.51409115
1978-06-05,99.95,99.9500,189.6,0.52716245
1978-06-06,100.32,100.3200,189.9,0.52827804
1978-06-07,100.12,100.1200,188.2,0.53198725
1978-06-08,100.21,100.2100,189.5,0.52881266
1978-06-09,99.93,99.9300,189,0.52873016
1978-06-12,99.55,99.5500,188.8,0.52727754
1978-06-13,99.57,99.5700,191.1,0.52103611
1978-06-14,99.48,99.4800,190.6,0.52193075
1978-06-15,98.34,98.3400,191.5,0.51352480
1978-06-16,97.42,97.4200,193.5,0.50346253
1978-06-19,97.49,97.4900,194.3,0.50174987
1978-06-20,96.51,96.5100,193.8,0.49798762
1978-06-21,96.01,96.0100,193.7,0.49566340
1978-06-22,96.24,96.2400,194,0.49608247
1978-06-23,95.85,95.8500,193.4,0.49560496
1978-06-26,94.6,94.6000,192.4,0.49168399
1978-06-27,94.98,94.9800,192.4,0.49365904
1978-06-28,95.4,95.4000,191.9,0.49713392
1978-06-29,95.57,95.5700,189.5,0.50432718
1978-06-30,95.53,95.5300,189.2,0.50491543
1978-07-03,95.09,95.0900,190.4,0.49942227
1978-07-05,94.27,94.2700,190.5,0.49485564
1978-07-06,94.32,94.3200,189.4,0.49799366
1978-07-07,94.89,94.8900,192.2,0.49370447
1978-07-10,95.27,95.2700,193.1,0.49337131
1978-07-11,95.93,95.9300,192.5,0.49833766
1978-07-12,96.24,96.2400,193.1,0.49839461
1978-07-13,96.25,96.2500,192,0.50130208
1978-07-14,97.58,97.5800,192.5,0.50690909
1978-07-17,97.78,97.7800,190.4,0.51355042
1978-07-18,96.87,96.8700,191.6,0.50558455
1978-07-19,98.12,98.1200,193.2,0.50786749
1978-07-20,98.03,98.0300,198.3,0.49435199
1978-07-21,97.75,97.7500,202.5,0.48271605
1978-07-24,97.72,97.7200,200,0.48860000
1978-07-25,98.44,98.4400,201.7,0.48805156
1978-07-26,99.08,99.0800,201.2,0.49244533
1978-07-27,99.54,99.5400,204.5,0.48674817
1978-07-28,100,100.0000,206.9,0.48332528
1978-07-31,100.68,100.6800,209.8,0.47988561
1978-08-01,100.66,100.6600,207.5,0.48510843
1978-08-02,102.92,102.9200,208.4,0.49385797
1978-08-03,103.51,103.5100,205.7,0.50320856
1978-08-04,103.92,103.9200,209.6,0.49580153
1978-08-07,103.55,103.5500,213.1,0.48592210
1978-08-08,104.01,104.0100,214,0.48602804
1978-08-09,104.5,104.5000,210.8,0.49573055
1978-08-10,103.66,103.6600,215.3,0.48146772
1978-08-11,103.96,103.9600,216,0.48129630
1978-08-14,103.97,103.9700,220.3,0.47194734
1978-08-15,103.85,103.8500,218,0.47637615
1978-08-16,104.65,104.6500,217.3,0.48159227
1978-08-17,105.08,105.0800,211.7,0.49636278
1978-08-18,104.73,104.7300,212.7,0.49238364
1978-08-21,103.89,103.8900,212.7,0.48843441
1978-08-22,104.31,104.3100,209.5,0.49789976
1978-08-23,104.91,104.9100,207.1,0.50656688
1978-08-24,105.08,105.0800,204.8,0.51308594
1978-08-25,104.9,104.9000,202.6,0.51776900
1978-08-28,103.96,103.9600,202.8,0.51262327
1978-08-29,103.39,103.3900,211.4,0.48907285
1978-08-30,103.5,103.5000,211.6,0.48913043
1978-08-31,103.29,103.2900,210.6,0.49045584
1978-09-01,103.68,103.6800,215.5,0.48111369
1978-09-05,104.49,104.4900,217.6,0.48019301
1978-09-06,105.38,105.3800,216.5,0.48674365
1978-09-07,105.42,105.4200,211.3,0.49891150
1978-09-08,106.79,106.7900,210.2,0.50803996
1978-09-11,106.98,106.9800,210.4,0.50846008
1978-09-12,106.99,106.9900,211.5,0.50586288
1978-09-13,106.34,106.3400,215.6,0.49322820
1978-09-14,105.1,105.1000,214.2,0.49066293
1978-09-15,104.12,104.1200,214.5,0.48540793
1978-09-18,103.21,103.2100,216.3,0.47716135
1978-09-19,102.53,102.5300,214.4,0.47821828
1978-09-20,101.73,101.7300,219.4,0.46367366
1978-09-21,101.9,101.9000,220.1,0.46297138
1978-09-22,101.84,101.8400,222.8,0.45709156
1978-09-25,101.86,101.8600,221.7,0.45944971
1978-09-26,102.62,102.6200,219.7,0.46709149
1978-09-27,101.66,101.6600,222.3,0.45730994
1978-09-28,101.96,101.9600,221.4,0.46052394
1978-09-29,102.54,102.5400,220.9,0.46419194
1978-10-02,102.96,102.9600,223.1,0.46149709
1978-10-03,102.6,102.6000,226.4,0.45318021
1978-10-04,103.06,103.0600,227,0.45400881
1978-10-05,103.27,103.2700,227.2,0.45453345
1978-10-06,103.52,103.5200,225.5,0.45906874
1978-10-09,104.59,104.5900,227.1,0.46054601
1978-10-10,104.46,104.4600,227.9,0.45835893
1978-10-11,105.39,105.3900,230.7,0.45682705
1978-10-12,104.88,104.8800,226.3,0.46345559
1978-10-13,104.66,104.6600,226.9,0.46126047
1978-10-16,102.61,102.6100,229.6,0.44690767
1978-10-17,101.26,101.2600,231.1,0.43816530
1978-10-18,100.49,100.4900,230.9,0.43521005
1978-10-19,99.33,99.3300,227.7,0.43623188
1978-10-20,97.95,97.9500,230,0.42586957
1978-10-23,98.18,98.1800,227.8,0.43099210
1978-10-24,97.49,97.4900,229.8,0.42423847
1978-10-25,97.31,97.3100,235.5,0.41320594
1978-10-26,96.03,96.0300,236.5,0.40604651
1978-10-27,94.59,94.5900,239.4,0.39511278
1978-10-30,95.06,95.0600,247,0.38485830
1978-10-31,93.15,93.1500,240.7,0.38699626
1978-11-01,96.85,96.8500,230.7,0.41980928
1978-11-02,95.61,95.6100,220.7,0.43321251
1978-11-03,96.18,96.1800,215,0.44734884
1978-11-06,95.19,95.1900,213.2,0.44648218
1978-11-07,93.85,93.8500,213.2,0.44019700
1978-11-08,94.45,94.4500,218.3,0.43266148
1978-11-09,94.42,94.4200,208.5,0.45285372
1978-11-10,94.77,94.7700,210.2,0.45085633
1978-11-13,93.13,93.1300,211.2,0.44095644
1978-11-14,92.49,92.4900,209,0.44253589
1978-11-15,92.71,92.7100,199.1,0.46564540
1978-11-16,93.71,93.7100,199.3,0.47019568
1978-11-17,94.42,94.4200,200,0.47210000
1978-11-20,95.25,95.2500,198.3,0.48033283
1978-11-21,95.01,95.0100,197.9,0.48009096
1978-11-22,95.48,95.4800,205,0.46575610
1978-11-24,95.79,95.7900,205.1,0.46704047
1978-11-27,95.99,95.9900,200.4,0.47899202
1978-11-28,95.15,95.1500,196.2,0.48496432
1978-11-29,93.75,93.7500,195.4,0.47978506
1978-11-30,94.7,94.7000,196.4,0.48217923
1978-12-01,96.28,96.2800,200.1,0.48115942
1978-12-04,96.15,96.1500,199.9,0.48099050
1978-12-05,97.44,97.4400,199.1,0.48940231
1978-12-06,97.49,97.4900,200.9,0.48526630
1978-12-07,97.08,97.0800,202.2,0.48011869
1978-12-08,96.63,96.6300,207.6,0.46546243
1978-12-11,97.11,97.1100,206.2,0.47095053
1978-12-12,96.59,96.5900,208.3,0.46370619
1978-12-13,96.06,96.0600,204.6,0.46950147
1978-12-14,96.04,96.0400,207.1,0.46373732
1978-12-15,95.33,95.3300,208.1,0.45809707
1978-12-18,93.44,93.4400,217.6,0.42941176
1978-12-19,94.24,94.2400,223.7,0.42127850
1978-12-20,94.68,94.6800,217.6,0.43511029
1978-12-21,94.71,94.7100,217.6,0.43524816
1978-12-22,96.31,96.3100,216.7,0.44443932
1978-12-26,97.52,97.5200,221.6,0.44007220
1978-12-27,96.66,96.6600,249.6,0.38725962
1978-12-28,96.28,96.2800,225.1,0.42772101
1978-12-29,96.11,96.1100,229,0.41969432
1979-01-02,96.73,96.7300,224.1,0.43163766
1979-01-03,97.8,97.8000,223,0.43856502
1979-01-04,98.58,98.5800,226.9,0.43446452
1979-01-05,99.13,99.1300,224.8,0.44096975
1979-01-08,98.8,98.8000,226.7,0.43581826
1979-01-09,99.33,99.3300,222,0.44743243
1979-01-10,98.77,98.7700,223.4,0.44212175
1979-01-11,99.1,99.1000,218.6,0.45333943
1979-01-12,99.93,99.9300,219.4,0.45546946
1979-01-15,100.69,100.6900,220,0.45768182
1979-01-16,99.46,99.4600,226.3,0.43950508
1979-01-17,99.48,99.4800,227.4,0.43746702
1979-01-18,99.72,99.7200,230.8,0.43206239
1979-01-19,99.75,99.7500,237,0.42088608
1979-01-22,99.9,99.9000,235.7,0.42384387
1979-01-23,100.6,100.6000,237.7,0.42322255
1979-01-24,100.16,100.1600,242.7,0.41269056
1979-01-25,101.19,101.1900,239,0.42338912
1979-01-26,101.86,101.8600,240.2,0.42406328
1979-01-29,101.55,101.5500,236.2,0.42993226
1979-01-30,101.05,101.0500,238,0.42457983
1979-01-31,99.93,99.9300,236.6,0.42235841
1979-02-01,99.96,99.9600,235.2,0.42500000
1979-02-02,99.5,99.5000,242.5,0.41030928
1979-02-05,98.09,98.0900,250.4,0.39173323
1979-02-06,98.05,98.0500,247,0.39696356
1979-02-07,97.16,97.1600,257,0.37805447
1979-02-08,97.65,97.6500,247,0.39534413
1979-02-09,97.87,97.8700,247.3,0.39575414
1979-02-12,98.2,98.2000,248.6,0.39501207
1979-02-13,98.93,98.9300,241.9,0.40897065
1979-02-14,98.87,98.8700,249,0.39706827
1979-02-15,98.73,98.7300,248,0.39810484
1979-02-16,98.67,98.6700,250.6,0.39373504
1979-02-20,99.42,99.4200,252.7,0.39343095
1979-02-21,99.07,99.0700,252.6,0.39220111
1979-02-22,98.33,98.3300,253.8,0.38743105
1979-02-23,97.78,97.7800,255.7,0.38240125
1979-02-26,97.67,97.6700,247.7,0.39430763
1979-02-27,96.13,96.1300,251.2,0.38268312
1979-02-28,96.28,96.2800,252.9,0.38070384
1979-03-01,96.9,96.9000,252,0.38452381
1979-03-02,96.97,96.9700,243.2,0.39872533
1979-03-05,98.06,98.0600,236.7,0.41427968
1979-03-06,97.87,97.8700,239.7,0.40830204
1979-03-07,98.44,98.4400,242.5,0.40593814
1979-03-08,99.58,99.5800,244.3,0.40761359
1979-03-09,99.54,99.5400,245.9,0.40479870
1979-03-12,99.67,99.6700,244.3,0.40798199
1979-03-13,99.84,99.8400,244.4,0.40851064
1979-03-14,99.71,99.7100,244.4,0.40797872
1979-03-15,99.86,99.8600,248.3,0.40217479
1979-03-16,100.69,100.6900,248,0.40600806
1979-03-19,101.06,101.0600,248.4,0.40684380
1979-03-20,100.5,100.5000,243.7,0.41239229
1979-03-21,101.25,101.2500,247.4,0.40925627
1979-03-22,101.67,101.6700,246.6,0.41228710
1979-03-23,101.6,101.6000,246.4,0.41233766
1979-03-26,101.04,101.0400,251,0.40254980
1979-03-27,102.48,102.4800,247.6,0.41389338
1979-03-28,102.12,102.1200,246.9,0.41360875
1979-03-29,102.03,102.0300,243.9,0.41832718
1979-03-30,101.59,101.5900,243.8,0.41669401
1979-04-02,100.9,100.9000,243.8,0.41386382
1979-04-03,102.4,102.4000,242.8,0.42174629
1979-04-04,102.65,102.6500,245.3,0.41846718
1979-04-05,103.26,103.2600,243.5,0.42406571
1979-04-06,103.18,103.1800,244.3,0.42234957
1979-04-09,102.87,102.8700,243.2,0.42298520
1979-04-10,103.34,103.3400,242.4,0.42632013
1979-04-11,102.31,102.3100,235.3,0.43480663
1979-04-12,102,102.0000,235.6,0.43293718
1979-04-16,101.12,101.1200,233.1,0.43380523
1979-04-17,101.24,101.2400,235.6,0.42971138
1979-04-18,101.7,101.7000,242.5,0.41938144
1979-04-19,101.28,101.2800,240.5,0.42112266
1979-04-20,101.23,101.2300,239,0.42355649
1979-04-23,101.57,101.5700,243.8,0.41661198
1979-04-24,102.2,102.2000,244.2,0.41850942
1979-04-25,102.5,102.5000,245.4,0.41768541
1979-04-26,102.01,102.0100,245.1,0.41619747
1979-04-27,101.8,101.8000,248.5,0.40965795
1979-04-30,101.76,101.7600,249.2,0.40834671
1979-05-01,101.68,101.6800,247.8,0.41033091
1979-05-02,101.72,101.7200,248.5,0.40933602
1979-05-03,101.81,101.8100,249.5,0.40805611
1979-05-04,100.69,100.6900,250.3,0.40227727
1979-05-07,99.02,99.0200,251.7,0.39340485
1979-05-08,99.17,99.1700,247.7,0.40036334
1979-05-09,99.46,99.4600,252.3,0.39421324
1979-05-10,98.52,98.5200,252.6,0.39002375
1979-05-11,98.52,98.5200,249.8,0.39439552
1979-05-14,98.06,98.0600,254.2,0.38575924
1979-05-15,98.14,98.1400,255.8,0.38365911
1979-05-16,98.42,98.4200,258.7,0.38044066
1979-05-17,99.94,99.9400,259.7,0.38482865
1979-05-18,99.93,99.9300,274.4,0.36417638
1979-05-21,100.14,100.1400,272.4,0.36762115
1979-05-22,100.51,100.5100,270.6,0.37143385
1979-05-23,99.89,99.8900,279.1,0.35790039
1979-05-24,99.93,99.9300,280,0.35689286
1979-05-25,100.22,100.2200,275.3,0.36403923
1979-05-29,100.05,100.0500,274.4,0.36461370
1979-05-30,99.11,99.1100,276.3,0.35870431
1979-05-31,99.08,99.0800,281.1,0.35247243
1979-06-01,99.17,99.1700,276.9,0.35814373
1979-06-04,99.32,99.3200,279.9,0.35484101
1979-06-05,100.62,100.6200,283.9,0.35442057
1979-06-06,101.3,101.3000,293.9,0.34467506
1979-06-07,101.79,101.7900,281.6,0.36147017
1979-06-08,101.49,101.4900,284.6,0.35660576
1979-06-11,101.91,101.9100,284.6,0.35808152
1979-06-12,102.85,102.8500,279.4,0.36811024
1979-06-13,102.31,102.3100,283,0.36151943
1979-06-14,102.2,102.2000,281.1,0.36357168
1979-06-15,102.09,102.0900,283.1,0.36061462
1979-06-18,101.56,101.5600,281.2,0.36116643
1979-06-19,101.58,101.5800,285,0.35642105
1979-06-20,101.63,101.6300,282.6,0.35962491
1979-06-21,102.09,102.0900,284.5,0.35884007
1979-06-22,102.64,102.6400,284.6,0.36064652
1979-06-25,102.09,102.0900,286.5,0.35633508
1979-06-26,101.66,101.6600,281.9,0.36062433
1979-06-27,102.27,102.2700,280,0.36525000
1979-06-28,102.8,102.8000,280.3,0.36674991
1979-06-29,102.91,102.9100,283.8,0.36261452
1979-07-02,101.99,101.9900,284,0.35911972
1979-07-03,102.09,102.0900,296.1,0.34478217
1979-07-05,102.43,102.4300,292.8,0.34982923
1979-07-06,103.62,103.6200,301.4,0.34379562
1979-07-09,104.47,104.4700,303.6,0.34410408
1979-07-10,104.2,104.2000,302.9,0.34400792
1979-07-11,103.64,103.6400,303.9,0.34103323
1979-07-12,102.69,102.6900,302,0.34003311
1979-07-13,102.32,102.3200,301.4,0.33948242
1979-07-16,102.74,102.7400,308.2,0.33335496
1979-07-17,101.83,101.8300,310.1,0.32837794
1979-07-18,101.69,101.6900,312.6,0.32530390
1979-07-19,101.61,101.6100,312.2,0.32546445
1979-07-20,101.82,101.8200,313.7,0.32457762
1979-07-23,101.59,101.5900,317.5,0.31996850
1979-07-24,101.97,101.9700,318.7,0.31995607
1979-07-25,103.08,103.0800,316.4,0.32579014
1979-07-26,103.1,103.1000,317.2,0.32503153
1979-07-27,103.1,103.1000,317.3,0.32492909
1979-07-30,103.15,103.1500,307.3,0.33566547
1979-07-31,103.81,103.8100,297.3,0.34917592
1979-08-01,104.17,104.1700,300.9,0.34619475
1979-08-02,104.1,104.1000,295.5,0.35228426
1979-08-03,104.04,104.0400,295.8,0.35172414
1979-08-06,104.3,104.3000,290.4,0.35915978
1979-08-07,105.65,105.6500,294.2,0.35910945
1979-08-08,105.98,105.9800,303,0.34976898
1979-08-09,105.49,105.4900,309.1,0.34128114
1979-08-10,106.4,106.4000,312.7,0.34026223
1979-08-13,107.42,107.4200,305.8,0.35127534
1979-08-14,107.52,107.5200,308.8,0.34818653
1979-08-15,108.25,108.2500,309.6,0.34964470
1979-08-16,108.09,108.0900,310.2,0.34845261
1979-08-17,108.3,108.3000,307.3,0.35242434
1979-08-20,108.83,108.8300,307,0.35449511
1979-08-21,108.91,108.9100,316.2,0.34443390
1979-08-22,108.99,108.9900,320.4,0.34016854
1979-08-23,108.63,108.6300,324.7,0.33455497
1979-08-24,108.6,108.6000,320.7,0.33863424
1979-08-27,109.14,109.1400,323.9,0.33695585
1979-08-28,109.02,109.0200,326.8,0.33359853
1979-08-29,109.02,109.0200,326,0.33441718
1979-08-30,109.02,109.0200,329.2,0.33116646
1979-08-31,109.32,109.3200,326.7,0.33461892
1979-09-04,107.44,107.4400,330.6,0.32498488
1979-09-05,106.4,106.4000,340.6,0.31238990
1979-09-06,106.85,106.8500,339,0.31519174
1979-09-07,107.66,107.6600,346.3,0.31088651
1979-09-10,108.17,108.1700,348.9,0.31003153
1979-09-11,107.51,107.5100,346,0.31072254
1979-09-12,107.82,107.8200,343.3,0.31406933
1979-09-13,107.85,107.8500,352.9,0.30561065
1979-09-14,108.76,108.7600,354.4,0.30688488
1979-09-17,108.84,108.8400,364.4,0.29868277
1979-09-18,108,108.0000,374.4,0.28846154
1979-09-19,108.28,108.2800,384.8,0.28139293
1979-09-20,110.51,110.5100,381.5,0.28967235
1979-09-21,110.47,110.4700,384.2,0.28753254
1979-09-24,109.61,109.6100,383.2,0.28603862
1979-09-25,109.68,109.6800,381,0.28787402
1979-09-26,109.96,109.9600,389,0.28267352
1979-09-27,110.21,110.2100,408,0.27012255
1979-09-28,109.32,109.3200,404.5,0.27025958
1979-10-01,108.56,108.5600,424.5,0.25573616
1979-10-02,109.59,109.5900,421,0.26030879
1979-10-03,109.59,109.5900,402.5,0.27227329
1979-10-04,110.17,110.1700,382.5,0.28802614
1979-10-05,111.27,111.2700,393,0.28312977
1979-10-08,109.88,109.8800,374.5,0.29340454
1979-10-09,106.63,106.6300,399.5,0.26690864
1979-10-10,105.3,105.3000,424.5,0.24805654
1979-10-11,105.05,105.0500,396,0.26527778
1979-10-12,104.49,104.4900,404,0.25863861
1979-10-15,103.36,103.3600,407,0.25395577
1979-10-16,103.19,103.1900,396,0.26058081
1979-10-17,103.39,103.3900,393,0.26307888
1979-10-18,103.61,103.6100,393.5,0.26330368
1979-10-19,101.6,101.6000,400,0.25400000
1979-10-22,100.71,100.7100,396.8,0.25380544
1979-10-23,100.28,100.2800,392.5,0.25549045
1979-10-24,100.44,100.4400,402.5,0.24954037
1979-10-25,100,100.0000,394.7,0.25335698
1979-10-26,100.57,100.5700,377.7,0.26626953
1979-10-29,100.71,100.7100,379.5,0.26537549
1979-10-30,102.67,102.6700,383.5,0.26771838
1979-10-31,101.82,101.8200,385.7,0.26398756
1979-11-01,102.57,102.5700,372,0.27572581
1979-11-02,102.51,102.5100,378.5,0.27083223
1979-11-05,101.82,101.8200,383.3,0.26564049
1979-11-06,101.2,101.2000,397.5,0.25459119
1979-11-07,99.87,99.8700,396,0.25219697
1979-11-08,100.3,100.3000,394,0.25456853
1979-11-09,101.51,101.5100,391.2,0.25948364
1979-11-12,103.51,103.5100,397,0.26073048
1979-11-13,102.94,102.9400,387,0.26599483
1979-11-14,103.39,103.3900,392.4,0.26348114
1979-11-15,104.13,104.1300,388.3,0.26816894
1979-11-16,103.79,103.7900,410.9,0.25259187
1979-11-19,104.23,104.2300,408.6,0.25509055
1979-11-20,103.69,103.6900,393.5,0.26350699
1979-11-21,103.89,103.8900,394.2,0.26354642
1979-11-23,104.67,104.6700,415.7,0.25179216
1979-11-26,106.8,106.8000,401,0.26633416
1979-11-27,106.38,106.3800,408.6,0.26035242
1979-11-28,106.77,106.7700,422.5,0.25271006
1979-11-29,106.81,106.8100,419.5,0.25461263
1979-11-30,106.16,106.1600,430.5,0.24659698
1979-12-03,105.83,105.8300,443.7,0.23851702
1979-12-04,106.79,106.7900,438.5,0.24353478
1979-12-05,107.25,107.2500,444,0.24155405
1979-12-06,108,108.0000,436.7,0.24730937
1979-12-07,107.52,107.5200,436,0.24660550
1979-12-10,107.67,107.6700,446,0.24141256
1979-12-11,107.49,107.4900,460,0.23367391
1979-12-12,107.52,107.5200,459.3,0.23409536
1979-12-13,107.67,107.6700,472,0.22811441
1979-12-14,108.92,108.9200,474.5,0.22954689
1979-12-17,109.33,109.3300,479,0.22824635
1979-12-18,108.3,108.3000,492,0.22012195
1979-12-19,108.2,108.2000,480,0.22541667
1979-12-20,108.26,108.2600,481,0.22507277
1979-12-21,107.59,107.5900,495.5,0.21713421
1979-12-24,107.66,107.6600,495.5,0.21727548
1979-12-26,107.78,107.7800,514.3,0.20956640
1979-12-27,107.96,107.9600,523.5,0.20622732
1979-12-28,107.84,107.8400,525,0.20540952
1979-12-31,107.94,107.9400,541,0.19951941
1980-01-02,105.76,105.7600,582.8,0.18146877
1980-01-03,105.22,105.2200,607.8,0.17311616
1980-01-04,106.52,106.5200,611,0.17433715
1980-01-07,106.81,106.8100,634,0.16847003
1980-01-08,108.95,108.9500,609,0.17889984
1980-01-09,109.05,109.0500,605,0.18024793
1980-01-10,109.89,109.8900,603,0.18223881
1980-01-11,109.92,109.9200,628,0.17503185
1980-01-14,110.38,110.3800,722.4,0.15279623
1980-01-15,111.14,111.1400,704.8,0.15769012
1980-01-16,111.05,111.0500,754.8,0.14712507
1980-01-17,110.7,110.7000,790.5,0.14003795
1980-01-18,111.07,111.0700,845,0.13144379
1980-01-21,112.1,112.1000,834,0.13441247
1980-01-22,111.51,111.5100,909.9,0.12255193
1980-01-23,113.44,113.4400,859.9,0.13192232
1980-01-24,113.7,113.7000,809.9,0.14038770
1980-01-25,113.61,113.6100,661,0.17187595
1980-01-28,114.85,114.8500,659.2,0.17422633
1980-01-29,114.07,114.0700,709.2,0.16084320
1980-01-30,115.2,115.2000,681,0.16916300
1980-01-31,114.16,114.1600,704,0.16215909
1980-02-01,115.12,115.1200,704,0.16352273
1980-02-04,114.37,114.3700,677,0.16893648
1980-02-05,114.66,114.6600,702,0.16333333
1980-02-06,115.72,115.7200,727,0.15917469
1980-02-07,116.28,116.2800,710,0.16377465
1980-02-08,117.95,117.9500,717.5,0.16439024
1980-02-11,117.12,117.1200,726,0.16132231
1980-02-12,117.9,117.9000,718.5,0.16409186
1980-02-13,118.44,118.4400,709,0.16705219
1980-02-14,116.72,116.7200,690.5,0.16903693
1980-02-15,115.41,115.4100,680.5,0.16959589
1980-02-19,114.6,114.6000,655.5,0.17482838
1980-02-20,116.47,116.4700,673,0.17306092
1980-02-21,115.28,115.2800,666.5,0.17296324
1980-02-22,115.04,115.0400,641.5,0.17932970
1980-02-25,113.33,113.3300,659,0.17197269
1980-02-26,113.98,113.9800,635.5,0.17935484
1980-02-27,112.38,112.3800,639,0.17586854
1980-02-28,112.35,112.3500,650.5,0.17271330
1980-02-29,113.66,113.6600,640,0.17759375
1980-03-03,112.5,112.5000,641,0.17550702
1980-03-04,112.78,112.7800,651.5,0.17310821
1980-03-05,111.13,111.1300,643,0.17283048
1980-03-06,108.65,108.6500,618,0.17580906
1980-03-07,106.9,106.9000,605,0.17669421
1980-03-10,106.51,106.5100,567.5,0.18768282
1980-03-11,107.78,107.7800,570.5,0.18892200
1980-03-12,106.87,106.8700,581.5,0.18378332
1980-03-13,105.62,105.6200,544,0.19415441
1980-03-14,105.43,105.4300,530,0.19892453
1980-03-17,102.26,102.2600,480,0.21304167
1980-03-18,104.1,104.1000,488.5,0.21310133
1980-03-19,104.31,104.3100,538.5,0.19370474
1980-03-20,103.12,103.1200,538.5,0.19149489
1980-03-21,102.31,102.3100,565,0.18107965
1980-03-24,99.28,99.2800,549,0.18083789
1980-03-25,99.19,99.1900,529,0.18750473
1980-03-26,98.68,98.6800,521,0.18940499
1980-03-27,98.22,98.2200,463,0.21213823
1980-03-28,100.68,100.6800,525,0.19177143
1980-03-31,102.09,102.0900,519,0.19670520
1980-04-01,102.18,102.1800,515,0.19840777
1980-04-02,102.68,102.6800,506,0.20292490
1980-04-03,102.15,102.1500,501.5,0.20368893
1980-04-07,100.19,100.1900,526.5,0.19029440
1980-04-08,101.2,101.2000,551.5,0.18349955
1980-04-09,103.11,103.1100,550,0.18747273
1980-04-10,104.08,104.0800,544.5,0.19114784
1980-04-11,103.79,103.7900,544,0.19079044
1980-04-14,102.84,102.8400,519.5,0.19795958
1980-04-15,102.63,102.6300,530,0.19364151
1980-04-16,101.54,101.5400,516,0.19678295
1980-04-17,101.05,101.0500,522,0.19358238
1980-04-18,100.55,100.5500,520,0.19336538
1980-04-21,99.8,99.8000,497,0.20080483
1980-04-22,103.43,103.4300,510,0.20280392
1980-04-23,103.73,103.7300,515,0.20141748
1980-04-24,104.4,104.4000,538,0.19405204
1980-04-25,105.16,105.1600,547,0.19224863
1980-04-28,105.64,105.6400,522,0.20237548
1980-04-29,105.86,105.8600,529,0.20011342
1980-04-30,106.29,106.2900,507,0.20964497
1980-05-01,105.46,105.4600,520,0.20280769
1980-05-02,105.58,105.5800,516,0.20461240
1980-05-05,106.38,106.3800,523,0.20340344
1980-05-06,106.25,106.2500,510,0.20833333
1980-05-07,107.18,107.1800,517,0.20731141
1980-05-08,106.13,106.1300,512.5,0.20708293
1980-05-09,104.72,104.7200,515.7,0.20306380
1980-05-12,104.78,104.7800,510,0.20545098
1980-05-13,106.3,106.3000,520,0.20442308
1980-05-14,106.85,106.8500,524.5,0.20371783
1980-05-15,106.99,106.9900,514.5,0.20794947
1980-05-16,107.35,107.3500,514.8,0.20852758
1980-05-19,107.67,107.6700,511,0.21070450
1980-05-20,107.62,107.6200,512,0.21019531
1980-05-21,107.72,107.7200,506.5,0.21267522
1980-05-22,109.01,109.0100,515,0.21166990
1980-05-23,110.62,110.6200,510,0.21690196
1980-05-27,111.4,111.4000,524,0.21259542
1980-05-28,112.06,112.0600,529,0.21183365
1980-05-29,110.27,110.2700,537.5,0.20515349
1980-05-30,111.24,111.2400,555,0.20043243
1980-06-02,110.76,110.7600,576.5,0.19212489
1980-06-03,110.51,110.5100,569,0.19421793
1980-06-04,112.61,112.6100,592.5,0.19005907
1980-06-05,112.78,112.7800,597,0.18891122
1980-06-06,113.2,113.2000,616,0.18376623
1980-06-09,113.71,113.7100,633.5,0.17949487
1980-06-10,114.66,114.6600,608.5,0.18843057
1980-06-11,116.02,116.0200,594.5,0.19515559
1980-06-12,115.52,115.5200,609.5,0.18953240
1980-06-13,115.81,115.8100,613,0.18892333
1980-06-16,116.09,116.0900,598,0.19413043
1980-06-17,116.03,116.0300,606.5,0.19131080
1980-06-18,116.26,116.2600,603,0.19280265
1980-06-19,114.66,114.6600,613,0.18704731
1980-06-20,114.06,114.0600,609.5,0.18713700
1980-06-23,114.51,114.5100,610,0.18772131
1980-06-24,115.14,115.1400,624,0.18451923
1980-06-25,116.72,116.7200,623.5,0.18720128
1980-06-26,116.19,116.1900,633,0.18355450
1980-06-27,116,116.0000,657.5,0.17642586
1980-06-30,114.24,114.2400,654,0.17467890
1980-07-01,114.93,114.9300,676,0.17001479
1980-07-02,115.68,115.6800,667.5,0.17330337
1980-07-03,117.46,117.4600,676,0.17375740
1980-07-07,118.29,118.2900,684,0.17293860
1980-07-08,117.84,117.8400,678.5,0.17367723
1980-07-09,117.98,117.9800,666.5,0.17701425
1980-07-10,116.95,116.9500,672,0.17403274
1980-07-11,117.84,117.8400,670.5,0.17574944
1980-07-14,120.01,120.0100,645.5,0.18591789
1980-07-15,119.3,119.3000,620.5,0.19226430
1980-07-16,119.63,119.6300,628.5,0.19034208
1980-07-17,121.44,121.4400,620.2,0.19580780
1980-07-18,122.04,122.0400,614,0.19876221
1980-07-21,122.51,122.5100,635.1,0.19289876
1980-07-22,122.19,122.1900,638,0.19152038
1980-07-23,121.93,121.9300,631.5,0.19307997
1980-07-24,121.79,121.7900,639.5,0.19044566
1980-07-25,120.78,120.7800,678,0.17814159
1980-07-28,121.43,121.4300,673.2,0.18037730
1980-07-29,122.4,122.4000,661,0.18517398
1980-07-30,122.23,122.2300,636,0.19218553
1980-07-31,121.67,121.6700,642,0.18951713
1980-08-01,121.21,121.2100,640,0.18939062
1980-08-04,120.98,120.9800,650,0.18612308
1980-08-05,120.74,120.7400,649.5,0.18589684
1980-08-06,121.55,121.5500,654,0.18585627
1980-08-07,123.3,123.3000,656,0.18795732
1980-08-08,123.61,123.6100,647,0.19105100
1980-08-11,124.78,124.7800,623,0.20028892
1980-08-12,123.79,123.7900,633,0.19556082
1980-08-13,123.28,123.2800,635,0.19414173
1980-08-14,125.25,125.2500,647.4,0.19346617
1980-08-15,125.72,125.7200,635,0.19798425
1980-08-18,123.39,123.3900,640.5,0.19264637
1980-08-19,122.6,122.6000,642,0.19096573
1980-08-20,123.77,123.7700,667,0.18556222
1980-08-21,125.46,125.4600,659,0.19037936
1980-08-22,126.02,126.0200,658,0.19151976
1980-08-25,125.16,125.1600,643.3,0.19455930
1980-08-26,124.84,124.8400,651,0.19176651
1980-08-27,123.52,123.5200,653.5,0.18901301
1980-08-28,122.08,122.0800,654,0.18666667
1980-08-29,122.38,122.3800,656,0.18655488
1980-09-02,123.74,123.7400,660,0.18748485
1980-09-03,126.12,126.1200,658,0.19167173
1980-09-04,125.42,125.4200,673,0.18635958
1980-09-05,124.88,124.8800,670,0.18638806
1980-09-08,123.31,123.3100,695,0.17742446
1980-09-09,124.07,124.0700,693.5,0.17890411
1980-09-10,124.81,124.8100,703.5,0.17741294
1980-09-11,125.66,125.6600,713.5,0.17611773
1980-09-12,125.54,125.5400,704,0.17832386
1980-09-15,125.67,125.6700,685,0.18345985
1980-09-16,126.74,126.7400,700,0.18105714
1980-09-17,128.87,128.8700,692,0.18622832
1980-09-18,128.4,128.4000,693,0.18528139
1980-09-19,129.25,129.2500,708,0.18255650
1980-09-22,130.4,130.4000,733,0.17789905
1980-09-23,129.43,129.4300,731.5,0.17693780
1980-09-24,130.37,130.3700,729.5,0.17871145
1980-09-25,128.72,128.7200,728.5,0.17669183
1980-09-26,126.35,126.3500,703.5,0.17960199
1980-09-29,123.54,123.5400,678.5,0.18207811
1980-09-30,125.46,125.4600,688.5,0.18222222
1980-10-01,127.13,127.1300,696.5,0.18252692
1980-10-02,128.09,128.0900,685,0.18699270
1980-10-03,129.33,129.3300,684.5,0.18894083
1980-10-06,131.73,131.7300,693.5,0.18994953
1980-10-07,131,131.0000,688,0.19040698
1980-10-08,131.65,131.6500,690,0.19079710
1980-10-09,131.04,131.0400,699.5,0.18733381
1980-10-10,130.29,130.2900,700,0.18612857
1980-10-13,132.03,132.0300,691.7,0.19087755
1980-10-14,132.02,132.0200,691.5,0.19091829
1980-10-15,133.7,133.7000,686,0.19489796
1980-10-16,132.22,132.2200,677.5,0.19515867
1980-10-17,131.52,131.5200,665,0.19777444
1980-10-20,132.61,132.6100,667,0.19881559
1980-10-21,131.84,131.8400,668,0.19736527
1980-10-22,131.92,131.9200,660,0.19987879
1980-10-23,129.53,129.5300,635,0.20398425
1980-10-24,129.85,129.8500,639,0.20320814
1980-10-27,127.88,127.8800,640.5,0.19965652
1980-10-28,128.05,128.0500,642,0.19945483
1980-10-29,127.91,127.9100,645,0.19831008
1980-10-30,126.29,126.2900,647.5,0.19504247
1980-10-31,127.47,127.4700,642,0.19855140
1980-11-03,129.04,129.0400,655,0.19700763
1980-11-05,131.33,131.3300,643,0.20424572
1980-11-06,128.91,128.9100,618,0.20859223
1980-11-07,129.18,129.1800,607,0.21281713
1980-11-10,129.48,129.4800,609.5,0.21243642
1980-11-11,131.26,131.2600,617,0.21273906
1980-11-12,134.59,134.5900,618.5,0.21760711
1980-11-13,136.49,136.4900,611,0.22338789
1980-11-14,137.15,137.1500,621,0.22085346
1980-11-17,137.75,137.7500,617,0.22325770
1980-11-18,139.7,139.7000,621.5,0.22477876
1980-11-19,139.06,139.0600,634,0.21933754
1980-11-20,140.4,140.4000,645,0.21767442
1980-11-21,139.11,139.1100,638.5,0.21787001
1980-11-24,138.31,138.3100,637.5,0.21695686
1980-11-25,139.33,139.3300,647.8,0.21508182
1980-11-26,140.17,140.1700,642.5,0.21816342
1980-11-28,140.52,140.5200,644.5,0.21802948
1980-12-01,137.21,137.2100,647,0.21207110
1980-12-02,136.97,136.9700,641.5,0.21351520
1980-12-03,136.71,136.7100,647.3,0.21120037
1980-12-04,136.48,136.4800,639.5,0.21341673
1980-12-05,134.03,134.0300,638,0.21007837
1980-12-08,130.61,130.6100,630.4,0.20718591
1980-12-09,130.48,130.4800,608,0.21460526
1980-12-10,128.26,128.2600,583,0.22000000
1980-12-11,127.36,127.3600,558,0.22824373
1980-12-12,129.23,129.2300,587,0.22015332
1980-12-15,129.45,129.4500,587.5,0.22034043
1980-12-16,130.6,130.6000,580,0.22517241
1980-12-17,132.89,132.8900,588,0.22600340
1980-12-18,133,133.0000,583,0.22813036
1980-12-19,133.7,133.7000,607.5,0.22008230
1980-12-22,135.78,135.7800,604,0.22480132
1980-12-23,135.3,135.3000,616,0.21964286
1980-12-24,135.88,135.8800,617,0.22022690
1980-12-26,136.57,136.5700,617,0.22134522
1980-12-29,135.03,135.0300,595,0.22694118
1980-12-30,135.33,135.3300,595,0.22744538
1980-12-31,135.76,135.7600,599.5,0.22645538
1981-01-02,136.34,136.3400,594.5,0.22933558
1981-01-05,137.97,137.9700,601.5,0.22937656
1981-01-06,138.12,138.1200,605,0.22829752
1981-01-07,135.08,135.0800,580,0.23289655
1981-01-08,133.06,133.0600,577.5,0.23040693
1981-01-09,133.48,133.4800,581,0.22974182
1981-01-12,133.52,133.5200,566.5,0.23569285
1981-01-13,133.29,133.2900,565.5,0.23570292
1981-01-14,133.47,133.4700,573.5,0.23272886
1981-01-15,134.22,134.2200,562,0.23882562
1981-01-16,134.77,134.7700,567.5,0.23748018
1981-01-19,134.37,134.3700,565.5,0.23761273
1981-01-20,131.65,131.6500,571,0.23056042
1981-01-21,131.36,131.3600,568,0.23126761
1981-01-22,130.26,130.2600,557,0.23385996
1981-01-23,130.23,130.2300,552.5,0.23571041
1981-01-26,129.84,129.8400,527.5,0.24614218
1981-01-27,131.12,131.1200,520.5,0.25191162
1981-01-28,130.34,130.3400,521.4,0.24998082
1981-01-29,130.24,130.2400,529,0.24620038
1981-01-30,129.55,129.5500,512.5,0.25278049
1981-02-02,126.91,126.9100,492.5,0.25768528
1981-02-03,128.46,128.4600,505,0.25437624
1981-02-04,128.59,128.5900,500,0.25718000
1981-02-05,129.63,129.6300,510,0.25417647
1981-02-06,130.6,130.6000,514,0.25408560
1981-02-09,129.27,129.2700,527.5,0.24506161
1981-02-10,129.24,129.2400,517.5,0.24973913
1981-02-11,128.24,128.2400,507,0.25293886
1981-02-12,127.48,127.4800,504,0.25293651
1981-02-13,126.98,126.9800,501,0.25345309
1981-02-17,127.81,127.8100,507,0.25209073
1981-02-18,128.48,128.4800,500.5,0.25670330
1981-02-19,126.61,126.6100,515.5,0.24560621
1981-02-20,126.58,126.5800,514.5,0.24602527
1981-02-23,127.35,127.3500,505,0.25217822
1981-02-24,127.39,127.3900,511,0.24929550
1981-02-25,128.52,128.5200,504,0.25500000
1981-02-26,130.1,130.1000,499,0.26072144
1981-02-27,131.27,131.2700,486.5,0.26982528
1981-03-02,132.01,132.0100,465,0.28389247
1981-03-03,130.56,130.5600,476,0.27428571
1981-03-04,130.86,130.8600,461,0.28386117
1981-03-05,129.93,129.9300,466.5,0.27852090
1981-03-06,129.85,129.8500,467,0.27805139
1981-03-09,131.12,131.1200,475,0.27604211
1981-03-10,130.46,130.4600,485.5,0.26871267
1981-03-11,129.95,129.9500,478,0.27186192
1981-03-12,133.19,133.1900,485,0.27461856
1981-03-13,133.11,133.1100,488.5,0.27248721
1981-03-16,134.68,134.6800,495.5,0.27180626
1981-03-17,133.92,133.9200,509,0.26310413
1981-03-18,134.22,134.2200,508.5,0.26395280
1981-03-19,133.46,133.4600,512,0.26066406
1981-03-20,134.08,134.0800,537,0.24968343
1981-03-23,135.69,135.6900,527,0.25747628
1981-03-24,134.67,134.6700,536.5,0.25101584
1981-03-25,137.11,137.1100,544,0.25204044
1981-03-26,136.27,136.2700,558.4,0.24403653
1981-03-27,134.65,134.6500,542.5,0.24820276
1981-03-30,134.28,134.2800,524.5,0.25601525
1981-03-31,136,136.0000,525.5,0.25880114
1981-04-01,136.57,136.5700,528,0.25865530
1981-04-02,136.32,136.3200,528.5,0.25793756
1981-04-03,135.49,135.4900,532.5,0.25444131
1981-04-06,133.93,133.9300,538,0.24894052
1981-04-07,133.91,133.9100,522.5,0.25628708
1981-04-08,134.31,134.3100,524.5,0.25607245
1981-04-09,134.67,134.6700,501.5,0.26853440
1981-04-10,134.51,134.5100,496,0.27118952
1981-04-13,133.15,133.1500,487,0.27340862
1981-04-14,132.68,132.6800,492,0.26967480
1981-04-15,134.17,134.1700,482.3,0.27818785
1981-04-16,134.7,134.7000,495.5,0.27184662
1981-04-20,135.45,135.4500,495.7,0.27324995
1981-04-21,134.23,134.2300,497.5,0.26980905
1981-04-22,134.14,134.1400,496,0.27044355
1981-04-23,133.94,133.9400,498,0.26895582
1981-04-24,135.14,135.1400,491.3,0.27506615
1981-04-27,135.48,135.4800,491,0.27592668
1981-04-28,134.33,134.3300,489.8,0.27425480
1981-04-29,133.05,133.0500,484.5,0.27461300
1981-04-30,132.81,132.8100,489,0.27159509
1981-05-01,132.72,132.7200,496,0.26758065
1981-05-04,130.67,130.6700,486.5,0.26859198
1981-05-05,130.32,130.3200,486.5,0.26787256
1981-05-06,130.78,130.7800,484.5,0.26992776
1981-05-07,131.67,131.6700,487,0.27036961
1981-05-08,131.66,131.6600,496.5,0.26517623
1981-05-11,129.71,129.7100,488,0.26579918
1981-05-12,130.72,130.7200,491.5,0.26596134
1981-05-13,130.55,130.5500,482,0.27085062
1981-05-14,131.28,131.2800,486.5,0.26984584
1981-05-15,132.17,132.1700,479.5,0.27564129
1981-05-18,132.54,132.5400,485,0.27327835
1981-05-19,132.09,132.0900,478.5,0.27605016
1981-05-20,132,132.0000,482.5,0.27357513
1981-05-21,131.75,131.7500,468,0.28151709
1981-05-22,131.33,131.3300,471,0.27883227
1981-05-26,132.77,132.7700,465.5,0.28522019
1981-05-27,133.77,133.7700,483.5,0.27667011
1981-05-28,133.45,133.4500,494.5,0.26986855
1981-05-29,132.59,132.5900,492.5,0.26921827
1981-06-01,132.41,132.4100,487.5,0.27161026
1981-06-02,130.62,130.6200,487,0.26821355
1981-06-03,130.71,130.7100,481.5,0.27146417
1981-06-04,130.96,130.9600,476,0.27512605
1981-06-05,132.22,132.2200,462.5,0.28588108
1981-06-08,132.24,132.2400,473,0.27957717
1981-06-09,131.97,131.9700,469,0.28138593
1981-06-10,132.32,132.3200,477,0.27740042
1981-06-11,133.75,133.7500,476,0.28098739
1981-06-12,133.49,133.4900,476,0.28044118
1981-06-15,133.61,133.6100,472,0.28307203
1981-06-16,132.15,132.1500,472.5,0.27968254
1981-06-17,133.32,133.3200,469,0.28426439
1981-06-18,131.64,131.6400,467,0.28188437
1981-06-19,132.27,132.2700,467.5,0.28293048
1981-06-22,131.95,131.9500,472.3,0.27937751
1981-06-23,133.35,133.3500,471.2,0.28300085
1981-06-24,132.66,132.6600,460.5,0.28807818
1981-06-25,132.81,132.8100,451,0.29447894
1981-06-26,132.56,132.5600,447,0.29655481
1981-06-29,131.89,131.8900,432,0.30530093
1981-06-30,131.21,131.2100,428.5,0.30620770
1981-07-01,129.77,129.7700,419,0.30971360
1981-07-02,128.64,128.6400,416.5,0.30885954
1981-07-06,127.37,127.3700,404,0.31527228
1981-07-07,128.24,128.2400,409.5,0.31316239
1981-07-08,128.32,128.3200,407,0.31528256
1981-07-09,129.3,129.3000,415.5,0.31119134
1981-07-10,129.37,129.3700,422,0.30656398
1981-07-13,129.64,129.6400,409,0.31696822
1981-07-14,129.65,129.6500,414.5,0.31278649
1981-07-15,130.23,130.2300,414,0.31456522
1981-07-16,130.34,130.3400,417.5,0.31219162
1981-07-17,130.76,130.7600,420,0.31133333
1981-07-20,128.72,128.7200,411,0.31318735
1981-07-21,128.34,128.3400,411.5,0.31188335
1981-07-22,127.13,127.1300,408,0.31159314
1981-07-23,127.4,127.4000,408.7,0.31172009
1981-07-24,128.46,128.4600,408.2,0.31469868
1981-07-27,129.9,129.9000,402,0.32313433
1981-07-28,129.14,129.1400,406.5,0.31768758
1981-07-29,129.16,129.1600,403.5,0.32009913
1981-07-30,130.01,130.0100,424.4,0.30633836
1981-07-31,130.92,130.9200,423.2,0.30935728
1981-08-03,130.48,130.4800,406.5,0.32098401
1981-08-04,131.18,131.1800,408.5,0.32112607
1981-08-05,132.67,132.6700,409.3,0.32413877
1981-08-06,132.64,132.6400,418.2,0.31716882
1981-08-07,131.75,131.7500,414.8,0.31762295
1981-08-10,132.54,132.5400,415.5,0.31898917
1981-08-11,133.85,133.8500,429,0.31200466
1981-08-12,133.4,133.4000,423,0.31536643
1981-08-13,133.51,133.5100,429,0.31121212
1981-08-14,132.49,132.4900,430.5,0.30775842
1981-08-17,131.22,131.2200,433,0.30304850
1981-08-18,130.11,130.1100,455.5,0.28564215
1981-08-19,130.49,130.4900,456,0.28616228
1981-08-20,130.69,130.6900,448,0.29171875
1981-08-21,129.23,129.2300,452.5,0.28559116
1981-08-24,125.5,125.5000,433,0.28983834
1981-08-25,125.13,125.1300,427.5,0.29270175
1981-08-26,124.96,124.9600,430.5,0.29026713
1981-08-27,123.51,123.5100,436,0.28327982
1981-08-28,124.08,124.0800,445,0.27883146
1981-08-31,122.79,122.7900,443.5,0.27686584
1981-09-01,123.02,123.0200,444.7,0.27663593
1981-09-02,123.49,123.4900,452.5,0.27290608
1981-09-03,121.24,121.2400,462.5,0.26214054
1981-09-04,120.07,120.0700,455.5,0.26360044
1981-09-08,117.98,117.9800,448.5,0.26305463
1981-09-09,118.4,118.4000,463.5,0.25544768
1981-09-10,120.14,120.1400,464.5,0.25864370
1981-09-11,121.61,121.6100,470,0.25874468
1981-09-14,120.66,120.6600,476.4,0.25327456
1981-09-15,119.77,119.7700,469,0.25537313
1981-09-16,118.87,118.8700,466,0.25508584
1981-09-17,117.15,117.1500,456.5,0.25662651
1981-09-18,116.26,116.2600,465,0.25002151
1981-09-21,117.24,117.2400,482,0.24323651
1981-09-22,116.68,116.6800,475,0.24564211
1981-09-23,115.65,115.6500,469.5,0.24632588
1981-09-24,115.01,115.0100,459.5,0.25029380
1981-09-25,112.77,112.7700,441.5,0.25542469
1981-09-28,115.53,115.5300,441.8,0.26149842
1981-09-29,115.94,115.9400,441.5,0.26260476
1981-09-30,116.18,116.1800,443,0.26225734
1981-10-01,117.08,117.0800,440,0.26609091
1981-10-02,119.36,119.3600,447.5,0.26672626
1981-10-05,119.51,119.5100,445.5,0.26826038
1981-10-06,119.39,119.3900,461.5,0.25869989
1981-10-07,121.31,121.3100,453.5,0.26749724
1981-10-08,122.31,122.3100,457.5,0.26734426
1981-10-09,121.45,121.4500,457,0.26575492
1981-10-12,121.21,121.2100,452,0.26816372
1981-10-13,120.78,120.7800,456,0.26486842
1981-10-14,118.8,118.8000,452,0.26283186
1981-10-15,119.71,119.7100,450.2,0.26590404
1981-10-16,119.19,119.1900,447.5,0.26634637
1981-10-19,118.98,118.9800,442.7,0.26875988
1981-10-20,120.28,120.2800,437.5,0.27492571
1981-10-21,120.1,120.1000,438,0.27420091
1981-10-22,119.64,119.6400,439.2,0.27240437
1981-10-23,118.6,118.6000,436,0.27201835
1981-10-26,118.16,118.1600,429.8,0.27491857
1981-10-27,119.29,119.2900,435.3,0.27404089
1981-10-28,119.45,119.4500,428,0.27908879
1981-10-29,119.06,119.0600,433.3,0.27477498
1981-10-30,121.89,121.8900,431.2,0.28267625
1981-11-02,124.2,124.2000,432.5,0.28716763
1981-11-03,124.8,124.8000,434.2,0.28742515
1981-11-04,124.74,124.7400,433.3,0.28788368
1981-11-05,123.54,123.5400,431.2,0.28650278
1981-11-06,122.67,122.6700,430.9,0.28468322
1981-11-09,123.29,123.2900,423.5,0.29112161
1981-11-10,122.7,122.7000,414.5,0.29601930
1981-11-11,122.92,122.9200,412.1,0.29827712
1981-11-12,123.19,123.1900,414,0.29756039
1981-11-13,121.67,121.6700,415.2,0.29303950
1981-11-16,120.24,120.2400,401.4,0.29955157
1981-11-17,121.15,121.1500,405,0.29913580
1981-11-18,120.26,120.2600,398,0.30216080
1981-11-19,120.71,120.7100,400.5,0.30139825
1981-11-20,121.71,121.7100,398,0.30580402
1981-11-23,121.6,121.6000,394,0.30862944
1981-11-24,123.51,123.5100,401.8,0.30739174
1981-11-25,124.05,124.0500,419,0.29606205
1981-11-27,125.09,125.0900,419.8,0.29797523
1981-11-30,126.35,126.3500,413.3,0.30571014
1981-12-01,126.1,126.1000,412,0.30606796
1981-12-02,124.69,124.6900,429,0.29065268
1981-12-03,125.12,125.1200,428,0.29233645
1981-12-04,126.26,126.2600,429,0.29431235
1981-12-07,125.19,125.1900,424,0.29525943
1981-12-08,124.82,124.8200,415.8,0.30019240
1981-12-09,125.48,125.4800,416.8,0.30105566
1981-12-10,125.71,125.7100,413.5,0.30401451
1981-12-11,124.93,124.9300,412.5,0.30286061
1981-12-14,122.78,122.7800,419.5,0.29268176
1981-12-15,122.99,122.9900,423,0.29075650
1981-12-16,122.42,122.4200,428.3,0.28582769
1981-12-17,123.12,123.1200,422.3,0.29154629
1981-12-18,124,124.0000,418.2,0.29650885
1981-12-21,123.34,123.3400,405.8,0.30394283
1981-12-22,122.88,122.8800,408.4,0.30088149
1981-12-23,122.31,122.3100,408,0.29977941
1981-12-24,122.54,122.5400,406.3,0.30159980
1981-12-28,122.27,122.2700,397.2,0.30782981
1981-12-29,121.67,121.6700,399,0.30493734
1981-12-30,122.3,122.3000,403,0.30347395
1981-12-31,122.55,122.5500,402.8,0.30424528
1982-01-04,122.74,122.7400,407.3,0.30135036
1982-01-05,120.05,120.0500,405.6,0.29598126
1982-01-06,119.18,119.1800,403,0.29573201
1982-01-07,118.93,118.9300,402,0.29584577
1982-01-08,119.55,119.5500,397.5,0.30075472
1982-01-11,116.78,116.7800,388,0.30097938
1982-01-12,116.3,116.3000,390,0.29820513
1982-01-13,114.88,114.8800,379.6,0.30263435
1982-01-14,115.54,115.5400,378.6,0.30517697
1982-01-15,116.33,116.3300,372,0.31271505
1982-01-18,117.22,117.2200,377,0.31092838
1982-01-19,115.97,115.9700,371.2,0.31241918
1982-01-20,115.27,115.2700,374.5,0.30779706
1982-01-21,115.75,115.7500,376.5,0.30743692
1982-01-22,115.38,115.3800,378.5,0.30483487
1982-01-25,115.41,115.4100,375.6,0.30726837
1982-01-26,115.19,115.1900,376.4,0.30603082
1982-01-27,115.74,115.7400,391.6,0.29555669
1982-01-28,118.92,118.9200,392.4,0.30305810
1982-01-29,120.4,120.4000,391.8,0.30729964
1982-02-01,117.78,117.7800,389.2,0.30262076
1982-02-02,118.01,118.0100,384.7,0.30675851
1982-02-03,116.48,116.4800,386.8,0.30113754
1982-02-04,116.42,116.4200,393.8,0.29563230
1982-02-05,117.26,117.2600,392,0.29913265
1982-02-08,114.63,114.6300,386.8,0.29635471
1982-02-09,113.68,113.6800,387.6,0.29329205
1982-02-10,114.66,114.6600,391.3,0.29302326
1982-02-11,114.43,114.4300,384,0.29799479
1982-02-12,114.38,114.3800,384.9,0.29716810
1982-02-16,114.06,114.0600,381.8,0.29874280
1982-02-17,113.69,113.6900,381.1,0.29832065
1982-02-18,113.82,113.8200,374.1,0.30425020
1982-02-19,113.22,113.2200,369.3,0.30658002
1982-02-22,111.59,111.5900,368.8,0.30257592
1982-02-23,111.51,111.5100,367.7,0.30326353
1982-02-24,113.47,113.4700,372.4,0.30469925
1982-02-25,113.21,113.2100,369.8,0.30613845
1982-02-26,113.11,113.1100,364.5,0.31031550
1982-03-01,113.31,113.3100,365.8,0.30975943
1982-03-02,112.68,112.6800,361.6,0.31161504
1982-03-03,110.92,110.9200,354.2,0.31315641
1982-03-04,109.88,109.8800,346.8,0.31683968
1982-03-05,109.34,109.3400,336.3,0.32512638
1982-03-08,107.34,107.3400,331,0.32429003
1982-03-09,108.83,108.8300,336,0.32389881
1982-03-10,109.41,109.4100,338.8,0.32293388
1982-03-11,109.36,109.3600,330,0.33139394
1982-03-12,108.61,108.6100,319.6,0.33983104
1982-03-15,109.45,109.4500,326.2,0.33553035
1982-03-16,109.28,109.2800,314.5,0.34747218
1982-03-17,109.08,109.0800,319.3,0.34162230
1982-03-18,110.3,110.3000,325.2,0.33917589
1982-03-19,110.61,110.6100,317.7,0.34815864
1982-03-22,112.77,112.7700,324.6,0.34741220
1982-03-23,113.55,113.5500,327,0.34724771
1982-03-24,112.97,112.9700,334.2,0.33803112
1982-03-25,113.21,113.2100,333.6,0.33935851
1982-03-26,111.94,111.9400,329.2,0.34003645
1982-03-29,112.3,112.3000,330.5,0.33978820
1982-03-30,112.27,112.2700,326.5,0.34385911
1982-03-31,111.96,111.9600,334.2,0.33500898
1982-04-01,113.79,113.7900,332.8,0.34191707
1982-04-02,115.12,115.1200,336.8,0.34180523
1982-04-05,114.73,114.7300,353.3,0.32473818
1982-04-06,115.36,115.3600,367,0.31433243
1982-04-07,115.46,115.4600,357,0.32341737
1982-04-08,116.22,116.2200,366,0.31754098
1982-04-12,116,116.0000,357.5,0.32447552
1982-04-13,115.99,115.9900,362.7,0.31979597
1982-04-14,115.83,115.8300,376,0.30805851
1982-04-15,116.35,116.3500,371.8,0.31293706
1982-04-16,116.81,116.8100,366,0.31915301
1982-04-19,116.7,116.7000,346.5,0.33679654
1982-04-20,115.44,115.4400,350.5,0.32935806
1982-04-21,115.72,115.7200,349.1,0.33148095
1982-04-22,117.19,117.1900,349.6,0.33521167
1982-04-23,118.64,118.6400,356.7,0.33260443
1982-04-26,119.26,119.2600,356.5,0.33453015
1982-04-27,118,118.0000,360,0.32777778
1982-04-28,117.26,117.2600,359.1,0.32653857
1982-04-29,116.14,116.1400,360.5,0.32216366
1982-04-30,116.44,116.4400,346.5,0.33604618
1982-05-03,116.82,116.8200,349,0.33472779
1982-05-04,117.46,117.4600,346.5,0.33898990
1982-05-05,117.67,117.6700,339.8,0.34629194
1982-05-06,118.68,118.6800,335,0.35426866
1982-05-07,119.47,119.4700,336.5,0.35503715
1982-05-10,118.38,118.3800,331.5,0.35710407
1982-05-11,119.42,119.4200,335.8,0.35562835
1982-05-12,119.17,119.1700,335,0.35573134
1982-05-13,118.22,118.2200,333.5,0.35448276
1982-05-14,118.01,118.0100,340,0.34708824
1982-05-17,116.71,116.7100,336.2,0.34714456
1982-05-18,115.84,115.8400,342.1,0.33861444
1982-05-19,114.89,114.8900,342.5,0.33544526
1982-05-20,114.59,114.5900,344,0.33311047
1982-05-21,114.89,114.8900,337.2,0.34071767
1982-05-24,114.79,114.7900,328.8,0.34911800
1982-05-25,114.4,114.4000,329.5,0.34719272
1982-05-26,113.11,113.1100,331.7,0.34100090
1982-05-27,112.66,112.6600,333.3,0.33801380
1982-05-28,111.88,111.8800,329,0.34006079
1982-06-01,111.68,111.6800,323.8,0.34490426
1982-06-02,112.04,112.0400,326.4,0.34325980
1982-06-03,111.86,111.8600,323.5,0.34578053
1982-06-04,110.09,110.0900,325.3,0.33842607
1982-06-07,110.12,110.1200,342.5,0.32151825
1982-06-08,109.63,109.6300,337.3,0.32502224
1982-06-09,108.99,108.9900,333.2,0.32710084
1982-06-10,109.61,109.6100,332.6,0.32955502
1982-06-11,111.24,111.2400,333.2,0.33385354
1982-06-14,109.96,109.9600,322.5,0.34096124
1982-06-15,109.69,109.6900,321,0.34171340
1982-06-16,108.87,108.8700,321.4,0.33873678
1982-06-17,107.6,107.6000,312.2,0.34465086
1982-06-18,107.28,107.2800,308.5,0.34774716
1982-06-21,107.2,107.2000,305,0.35147541
1982-06-22,108.3,108.3000,301.5,0.35920398
1982-06-23,110.14,110.1400,311,0.35414791
1982-06-24,109.83,109.8300,307.5,0.35717073
1982-06-25,109.14,109.1400,310.2,0.35183752
1982-06-28,110.26,110.2600,313.7,0.35148231
1982-06-29,110.21,110.2100,318,0.34657233
1982-06-30,109.61,109.6100,317.8,0.34490245
1982-07-01,108.71,108.7100,316.5,0.34347551
1982-07-02,107.65,107.6500,315,0.34174603
1982-07-06,107.29,107.2900,311.5,0.34443018
1982-07-07,107.22,107.2200,313.5,0.34200957
1982-07-08,107.53,107.5300,324.7,0.33116723
1982-07-09,108.83,108.8300,348,0.31272989
1982-07-12,109.57,109.5700,343.5,0.31898108
1982-07-13,109.45,109.4500,359.5,0.30445063
1982-07-14,110.44,110.4400,349.2,0.31626575
1982-07-15,110.47,110.4700,345.7,0.31955453
1982-07-16,111.07,111.0700,351.5,0.31598862
1982-07-19,110.73,110.7300,346.5,0.31956710
1982-07-20,111.54,111.5400,360.3,0.30957535
1982-07-21,111.42,111.4200,356.2,0.31280180
1982-07-22,111.48,111.4800,359.5,0.31009736
1982-07-23,111.17,111.1700,361.2,0.30777962
1982-07-26,110.36,110.3600,355.5,0.31043601
1982-07-27,109.43,109.4300,352.2,0.31070415
1982-07-28,107.74,107.7400,339.5,0.31734904
1982-07-29,107.72,107.7200,338.6,0.31813349
1982-07-30,107.09,107.0900,355.5,0.30123769
1982-08-02,108.98,108.9800,366.1,0.29767823
1982-08-03,107.83,107.8300,358,0.30120112
1982-08-04,106.14,106.1400,363.1,0.29231617
1982-08-05,105.16,105.1600,356.8,0.29473094
1982-08-06,103.71,103.7100,355.5,0.29172996
1982-08-09,103.08,103.0800,346.5,0.29748918
1982-08-10,102.84,102.8400,343.3,0.29956306
1982-08-11,102.6,102.6000,344.5,0.29782293
1982-08-12,102.42,102.4200,348.5,0.29388809
1982-08-13,103.85,103.8500,344.9,0.30110177
1982-08-16,104.09,104.0900,348.4,0.29876579
1982-08-17,109.04,109.0400,354.5,0.30758815
1982-08-18,108.54,108.5400,368.9,0.29422608
1982-08-19,109.16,109.1600,384.5,0.28390117
1982-08-20,113.02,113.0200,396,0.28540404
1982-08-23,116.11,116.1100,408.7,0.28409591
1982-08-24,115.35,115.3500,413.2,0.27916263
1982-08-25,117.58,117.5800,417,0.28196643
1982-08-26,118.55,118.5500,437.5,0.27097143
1982-08-27,117.11,117.1100,413,0.28355932
1982-08-30,117.66,117.6600,419.5,0.28047676
1982-08-31,119.51,119.5100,418.5,0.28556750
1982-09-01,118.25,118.2500,415.5,0.28459687
1982-09-02,120.29,120.2900,440.5,0.27307605
1982-09-03,122.68,122.6800,465.5,0.26354458
1982-09-07,121.37,121.3700,481,0.25232848
1982-09-08,122.2,122.2000,497,0.24587525
1982-09-09,121.97,121.9700,472,0.25841102
1982-09-10,120.97,120.9700,452,0.26763274
1982-09-13,122.24,122.2400,457,0.26748359
1982-09-14,123.1,123.1000,447,0.27539150
1982-09-15,124.29,124.2900,454.5,0.27346535
1982-09-16,123.77,123.7700,454,0.27262115
1982-09-17,122.55,122.5500,443,0.27663657
1982-09-20,122.51,122.5100,436,0.28098624
1982-09-21,124.88,124.8800,447,0.27937360
1982-09-22,123.99,123.9900,445.5,0.27831650
1982-09-23,123.81,123.8100,447.3,0.27679410
1982-09-24,123.32,123.3200,424.3,0.29064341
1982-09-27,123.62,123.6200,412,0.30004854
1982-09-28,123.24,123.2400,420.5,0.29307967
1982-09-29,121.63,121.6300,400,0.30407500
1982-09-30,120.42,120.4200,404.8,0.29748024
1982-10-01,121.97,121.9700,413,0.29532688
1982-10-04,121.51,121.5100,392.5,0.30957962
1982-10-05,121.98,121.9800,398.4,0.30617470
1982-10-06,125.97,125.9700,403.8,0.31196137
1982-10-07,128.8,128.8000,428.8,0.30037313
1982-10-08,131.05,131.0500,424.5,0.30871614
1982-10-11,134.47,134.4700,449.5,0.29915462
1982-10-12,134.44,134.4400,443.5,0.30313416
1982-10-13,136.71,136.7100,460,0.29719565
1982-10-14,134.57,134.5700,445.5,0.30206510
1982-10-15,133.57,133.5700,433,0.30847575
1982-10-18,136.73,136.7300,439.5,0.31110353
1982-10-19,136.58,136.5800,427,0.31985948
1982-10-20,139.23,139.2300,437,0.31860412
1982-10-21,139.06,139.0600,427.5,0.32528655
1982-10-22,138.83,138.8300,435.5,0.31878301
1982-10-25,133.32,133.3200,420.5,0.31705113
1982-10-26,134.48,134.4800,426.7,0.31516288
1982-10-27,135.29,135.2900,425,0.31832941
1982-10-28,133.59,133.5900,422.7,0.31603974
1982-10-29,133.72,133.7200,423,0.31612293
1982-11-01,135.47,135.4700,432.5,0.31322543
1982-11-02,137.49,137.4900,432.5,0.31789595
1982-11-03,142.87,142.8700,426,0.33537559
1982-11-04,141.85,141.8500,429.3,0.33042162
1982-11-05,142.16,142.1600,419,0.33928401
1982-11-08,140.44,140.4400,407.5,0.34463804
1982-11-09,143.02,143.0200,414,0.34545894
1982-11-10,141.16,141.1600,405,0.34854321
1982-11-11,141.75,141.7500,406,0.34913793
1982-11-12,139.53,139.5300,410.5,0.33990256
1982-11-15,137.03,137.0300,406.5,0.33709717
1982-11-16,135.42,135.4200,411.5,0.32908870
1982-11-17,137.93,137.9300,408.5,0.33764994
1982-11-18,138.34,138.3400,413.2,0.33480155
1982-11-19,137.02,137.0200,414.8,0.33032787
1982-11-22,134.22,134.2200,406,0.33059113
1982-11-23,132.93,132.9300,405.3,0.32797927
1982-11-24,133.88,133.8800,411.5,0.32534629
1982-11-26,134.88,134.8800,433.9,0.31085504
1982-11-29,134.2,134.2000,440.6,0.30458466
1982-11-30,138.53,138.5300,449,0.30853007
1982-12-01,138.72,138.7200,441.7,0.31405932
1982-12-02,138.82,138.8200,449.5,0.30883204
1982-12-03,138.69,138.6900,447.8,0.30971416
1982-12-06,141.77,141.7700,452,0.31365044
1982-12-07,142.72,142.7200,458.5,0.31127590
1982-12-08,141.82,141.8200,444.5,0.31905512
1982-12-09,140,140.0000,449.2,0.31166518
1982-12-10,139.57,139.5700,441.5,0.31612684
1982-12-13,139.95,139.9500,449.5,0.31134594
1982-12-14,137.4,137.4000,436.8,0.31456044
1982-12-15,135.24,135.2400,443.7,0.30480054
1982-12-16,135.3,135.3000,446,0.30336323
1982-12-17,137.49,137.4900,444.2,0.30952274
1982-12-20,136.25,136.2500,446.9,0.30487805
1982-12-21,138.61,138.6100,455.5,0.30430296
1982-12-22,138.83,138.8300,448,0.30988839
1982-12-23,139.72,139.7200,450.8,0.30993789
1982-12-27,142.17,142.1700,462.2,0.30759412
1982-12-28,140.77,140.7700,460,0.30602174
1982-12-29,141.24,141.2400,465.5,0.30341568
1982-12-30,140.33,140.3300,453,0.30977925
1982-12-31,140.64,140.6400,453,0.31046358
1983-01-03,138.34,138.3400,453.4,0.30511689
1983-01-04,141.36,141.3600,456.7,0.30952485
1983-01-05,141.96,141.9600,461,0.30793926
1983-01-06,145.27,145.2700,456.5,0.31822563
1983-01-07,145.18,145.1800,469.5,0.30922258
1983-01-10,146.78,146.7800,483.2,0.30376656
1983-01-11,145.78,145.7800,482.4,0.30219735
1983-01-12,146.69,146.6900,492.6,0.29778725
1983-01-13,145.73,145.7300,490,0.29740816
1983-01-14,146.65,146.6500,490,0.29928571
1983-01-17,146.72,146.7200,492.5,0.29790863
1983-01-18,146.4,146.4000,503.8,0.29059150
1983-01-19,145.27,145.2700,489.6,0.29671160
1983-01-20,146.29,146.2900,492.5,0.29703553
1983-01-21,143.85,143.8500,485,0.29659794
1983-01-24,139.97,139.9700,482.5,0.29009326
1983-01-25,141.75,141.7500,490,0.28928571
1983-01-26,141.54,141.5400,499.1,0.28359046
1983-01-27,144.27,144.2700,504.1,0.28619322
1983-01-28,144.51,144.5100,502.8,0.28741050
1983-01-31,145.3,145.3000,518.2,0.28039367
1983-02-01,142.96,142.9600,511.5,0.27949169
1983-02-02,143.23,143.2300,515,0.27811650
1983-02-03,144.26,144.2600,504,0.28623016
1983-02-04,146.14,146.1400,501,0.29169661
1983-02-07,146.93,146.9300,501,0.29327345
1983-02-08,145.7,145.7000,499.2,0.29186699
1983-02-09,145,145.0000,498.3,0.29098936
1983-02-10,147.5,147.5000,509.5,0.28949951
1983-02-11,147.65,147.6500,510,0.28950980
1983-02-14,148.93,148.9300,514.2,0.28963438
1983-02-15,148.3,148.3000,511.5,0.28993157
1983-02-16,147.43,147.4300,511,0.28851272
1983-02-17,147.44,147.4400,508,0.29023622
1983-02-18,148,148.0000,510.5,0.28991185
1983-02-22,145.48,145.4800,485.5,0.29964985
1983-02-23,146.79,146.7900,471.5,0.31132556
1983-02-24,149.6,149.6000,473.7,0.31581170
1983-02-25,149.74,149.7400,448.7,0.33371963
1983-02-28,148.06,148.0600,423.7,0.34944536
1983-03-01,150.88,150.8800,415,0.36356627
1983-03-02,152.3,152.3000,436,0.34931193
1983-03-03,153.48,153.4800,433,0.35445727
1983-03-04,153.67,153.6700,420,0.36588095
1983-03-07,153.67,153.6700,429.5,0.35778813
1983-03-08,151.26,151.2600,424.5,0.35632509
1983-03-09,152.87,152.8700,426.3,0.35859723
1983-03-10,151.8,151.8000,433,0.35057737
1983-03-11,151.24,151.2400,429.3,0.35229443
1983-03-14,150.83,150.8300,438.5,0.34396807
1983-03-15,151.37,151.3700,427.8,0.35383357
1983-03-16,149.81,149.8100,419.5,0.35711561
1983-03-17,149.59,149.5900,420.8,0.35548954
1983-03-18,149.9,149.9000,416.5,0.35990396
1983-03-21,151.19,151.1900,421,0.35912114
1983-03-22,150.66,150.6600,419.5,0.35914184
1983-03-23,152.81,152.8100,418.5,0.36513740
1983-03-24,153.37,153.3700,410.5,0.37361754
1983-03-25,152.67,152.6700,414.5,0.36832328
1983-03-28,151.85,151.8500,412.3,0.36829978
1983-03-29,151.59,151.5900,422.2,0.35904784
1983-03-30,153.39,153.3900,419.5,0.36564958
1983-03-31,152.96,152.9600,422,0.36246445
1983-04-04,153.02,153.0200,433.5,0.35298731
1983-04-05,151.9,151.9000,434.8,0.34935603
1983-04-06,151.04,151.0400,435.5,0.34681975
1983-04-07,151.76,151.7600,431,0.35211137
1983-04-08,152.85,152.8500,427.2,0.35779494
1983-04-11,155.14,155.1400,436.8,0.35517399
1983-04-12,155.82,155.8200,437,0.35656751
1983-04-13,156.77,156.7700,437.4,0.35841335
1983-04-14,158.12,158.1200,443,0.35693002
1983-04-15,158.75,158.7500,442.2,0.35900045
1983-04-18,159.74,159.7400,449.8,0.35513562
1983-04-19,158.71,158.7100,437.5,0.36276571
1983-04-20,160.71,160.7100,443,0.36277652
1983-04-21,160.05,160.0500,439.7,0.36399818
1983-04-22,160.42,160.4200,443.3,0.36187683
1983-04-25,158.81,158.8100,440.8,0.36027677
1983-04-26,161.81,161.8100,442.3,0.36583767
1983-04-27,161.44,161.4400,435,0.37112644
1983-04-28,162.95,162.9500,434.2,0.37528789
1983-04-29,164.43,164.4300,433.5,0.37930796
1983-05-02,162.11,162.1100,432.3,0.37499422
1983-05-03,162.34,162.3400,436.4,0.37199817
1983-05-04,163.31,163.3100,437.7,0.37310944
1983-05-05,164.28,164.2800,434.8,0.37782889
1983-05-06,166.1,166.1000,439.5,0.37792947
1983-05-09,165.81,165.8100,443.8,0.37361424
1983-05-10,165.95,165.9500,445.3,0.37267011
1983-05-11,164.96,164.9600,445.7,0.37011443
1983-05-12,164.25,164.2500,440.4,0.37295640
1983-05-13,164.91,164.9100,442.8,0.37242547
1983-05-16,163.4,163.4000,440.2,0.37119491
1983-05-17,163.71,163.7100,444.3,0.36846725
1983-05-18,163.27,163.2700,441.2,0.37005893
1983-05-19,161.99,161.9900,439.3,0.36874573
1983-05-20,162.14,162.1400,438,0.37018265
1983-05-23,163.43,163.4300,439,0.37227790
1983-05-24,165.54,165.5400,437.5,0.37837714
1983-05-25,166.21,166.2100,440.1,0.37766417
1983-05-26,165.48,165.4800,444.4,0.37236724
1983-05-27,164.46,164.4600,442.8,0.37140921
1983-05-31,162.39,162.3900,418.5,0.38802867
1983-06-01,162.55,162.5500,411.5,0.39501823
1983-06-02,163.98,163.9800,417.8,0.39248444
1983-06-03,164.42,164.4200,418,0.39334928
1983-06-06,164.83,164.8300,407.5,0.40449080
1983-06-07,162.77,162.7700,409.9,0.39709685
1983-06-08,161.36,161.3600,408,0.39549020
1983-06-09,161.83,161.8300,418,0.38715311
1983-06-10,162.68,162.6800,412.4,0.39447139
1983-06-13,164.84,164.8400,418.5,0.39388292
1983-06-14,165.53,165.5300,416.2,0.39771744
1983-06-15,167.12,167.1200,413.9,0.40376903
1983-06-16,169.14,169.1400,419.7,0.40300214
1983-06-17,169.13,169.1300,417.8,0.40481091
1983-06-20,169.02,169.0200,420.3,0.40214133
1983-06-21,170.53,170.5300,422.8,0.40333491
1983-06-22,170.99,170.9900,424.2,0.40308817
1983-06-23,170.57,170.5700,425.3,0.40105808
1983-06-24,170.41,170.4100,426.8,0.39927366
1983-06-27,168.46,168.4600,419,0.40205251
1983-06-28,165.68,165.6800,417.5,0.39683832
1983-06-29,166.64,166.6400,419.3,0.39742428
1983-06-30,167.64,167.6400,418.5,0.40057348
1983-07-01,168.64,168.6400,421.2,0.40037987
1983-07-05,166.6,166.6000,416,0.40048077
1983-07-06,168.48,168.4800,415.5,0.40548736
1983-07-07,167.56,167.5600,432.8,0.38715342
1983-07-08,167.08,167.0800,430.3,0.38828724
1983-07-11,168.11,168.1100,432.7,0.38851398
1983-07-12,165.53,165.5300,430,0.38495349
1983-07-13,165.46,165.4600,426.5,0.38794842
1983-07-14,166.01,166.0100,422.3,0.39310916
1983-07-15,164.29,164.2900,421.7,0.38958976
1983-07-18,163.95,163.9500,426.3,0.38458832
1983-07-19,164.82,164.8200,424.8,0.38799435
1983-07-20,169.29,169.2900,430.2,0.39351464
1983-07-21,169.06,169.0600,423.8,0.39891458
1983-07-22,168.89,168.8900,425.7,0.39673479
1983-07-25,169.53,169.5300,428.3,0.39582069
1983-07-26,170.53,170.5300,426.7,0.39964846
1983-07-27,167.59,167.5900,425,0.39432941
1983-07-28,165.04,165.0400,440.2,0.37492049
1983-07-29,162.56,162.5600,427.4,0.38034628
1983-08-01,162.04,162.0400,426.5,0.37992966
1983-08-02,162.01,162.0100,428,0.37852804
1983-08-03,163.44,163.4400,429.2,0.38080149
1983-08-04,161.33,161.3300,424.4,0.38013666
1983-08-05,161.74,161.7400,426.8,0.37895970
1983-08-08,159.18,159.1800,425.3,0.37427698
1983-08-09,160.13,160.1300,423,0.37855792
1983-08-10,161.54,161.5400,424.9,0.38018357
1983-08-11,161.54,161.5400,423.6,0.38135033
1983-08-12,162.16,162.1600,426.2,0.38047865
1983-08-15,163.7,163.7000,432.8,0.37823475
1983-08-16,163.41,163.4100,432.2,0.37808885
1983-08-17,165.29,165.2900,434,0.38085253
1983-08-18,163.55,163.5500,432.7,0.37797550
1983-08-19,163.98,163.9800,430.3,0.38108297
1983-08-22,164.34,164.3400,437.6,0.37554845
1983-08-23,162.77,162.7700,436.8,0.37264194
1983-08-24,161.25,161.2500,433.4,0.37205814
1983-08-25,160.84,160.8400,428.7,0.37518078
1983-08-26,162.14,162.1400,430.8,0.37636955
1983-08-29,162.25,162.2500,428.5,0.37864644
1983-08-30,162.58,162.5800,428.5,0.37941657
1983-08-31,164.4,164.4000,424.8,0.38700565
1983-09-01,164.23,164.2300,425.8,0.38569751
1983-09-02,165,165.0000,427,0.38641686
1983-09-06,167.89,167.8900,422.3,0.39756098
1983-09-07,167.96,167.9600,423.9,0.39622552
1983-09-08,167.77,167.7700,424.3,0.39540420
1983-09-09,166.92,166.9200,422.9,0.39470324
1983-09-12,165.48,165.4800,414,0.39971014
1983-09-13,164.8,164.8000,415.7,0.39643974
1983-09-14,165.35,165.3500,416.5,0.39699880
1983-09-15,164.38,164.3800,413.2,0.39782188
1983-09-16,166.25,166.2500,418.7,0.39706234
1983-09-19,167.62,167.6200,421.5,0.39767497
1983-09-20,169.24,169.2400,419.2,0.40372137
1983-09-21,168.41,168.4100,419.1,0.40183727
1983-09-22,169.76,169.7600,419.5,0.40467223
1983-09-23,169.51,169.5100,423.6,0.40016525
1983-09-26,170.07,170.0700,421.9,0.40310500
1983-09-27,168.43,168.4300,420.2,0.40083294
1983-09-28,168,168.0000,417.6,0.40229885
1983-09-29,167.23,167.2300,411.5,0.40639125
1983-09-30,166.07,166.0700,407.8,0.40723394
1983-10-03,165.81,165.8100,396.4,0.41828961
1983-10-04,166.27,166.2700,398.8,0.41692578
1983-10-05,167.74,167.7400,402.3,0.41695252
1983-10-06,170.28,170.2800,400.5,0.42516854
1983-10-07,170.8,170.8000,405.3,0.42141623
1983-10-10,172.65,172.6500,408.4,0.42274731
1983-10-11,170.34,170.3400,403,0.42267990
1983-10-12,169.62,169.6200,401.8,0.42215032
1983-10-13,169.87,169.8700,403.7,0.42078276
1983-10-14,169.86,169.8600,403.7,0.42075799
1983-10-17,170.43,170.4300,401.6,0.42437749
1983-10-18,167.81,167.8100,400.3,0.41921059
1983-10-19,166.73,166.7300,394.8,0.42231510
1983-10-20,166.98,166.9800,397.5,0.42007547
1983-10-21,165.95,165.9500,396.8,0.41822077
1983-10-24,165.99,165.9900,401.8,0.41311598
1983-10-25,166.47,166.4700,400.8,0.41534431
1983-10-26,165.38,165.3800,389.3,0.42481377
1983-10-27,164.84,164.8400,389,0.42375321
1983-10-28,163.37,163.3700,389.8,0.41911237
1983-10-31,163.55,163.5500,378.8,0.43175818
1983-11-01,163.66,163.6600,380.8,0.42977941
1983-11-02,164.84,164.8400,385.5,0.42760052
1983-11-03,163.45,163.4500,385,0.42454545
1983-11-04,162.44,162.4400,382.3,0.42490191
1983-11-07,161.91,161.9100,383.4,0.42230047
1983-11-08,161.76,161.7600,383,0.42234987
1983-11-09,163.97,163.9700,383.5,0.42756193
1983-11-10,164.41,164.4100,383.4,0.42882107
1983-11-11,166.29,166.2900,385.7,0.43113819
1983-11-14,166.58,166.5800,384.1,0.43368914
1983-11-15,165.36,165.3600,384.2,0.43040083
1983-11-16,166.08,166.0800,376.3,0.44134999
1983-11-17,166.13,166.1300,378.2,0.43926494
1983-11-18,165.09,165.0900,376.3,0.43871911
1983-11-21,166.05,166.0500,376.7,0.44080170
1983-11-22,166.84,166.8400,376.2,0.44348751
1983-11-23,166.96,166.9600,375.7,0.44439713
1983-11-25,167.18,167.1800,377.2,0.44321315
1983-11-28,166.54,166.5400,401.7,0.41458800
1983-11-29,167.91,167.9100,403.8,0.41582467
1983-11-30,166.4,166.4000,409,0.40684597
1983-12-01,166.49,166.4900,406.9,0.40916687
1983-12-02,165.44,165.4400,404.1,0.40940361
1983-12-05,165.76,165.7600,404.5,0.40978986
1983-12-06,165.47,165.4700,404.4,0.40917409
1983-12-07,165.91,165.9100,408.8,0.40584638
1983-12-08,165.2,165.2000,394,0.41928934
1983-12-09,165.08,165.0800,393.4,0.41962379
1983-12-12,165.62,165.6200,395.5,0.41876106
1983-12-13,164.93,164.9300,395.3,0.41722742
1983-12-14,163.33,163.3300,393.4,0.41517539
1983-12-15,161.66,161.6600,385.1,0.41978707
1983-12-16,162.39,162.3900,377,0.43074271
1983-12-19,162.32,162.3200,377.3,0.43021468
1983-12-20,162,162.0000,383.4,0.42253521
1983-12-21,163.56,163.5600,381.7,0.42850406
1983-12-22,163.53,163.5300,385.7,0.42398237
1983-12-23,163.22,163.2200,383.6,0.42549531
1983-12-27,164.76,164.7600,382.9,0.43029512
1983-12-28,165.34,165.3400,381.6,0.43328092
1983-12-29,164.86,164.8600,385.5,0.42765240
1983-12-30,164.93,164.9300,388,0.42507732
1984-01-03,164.04,164.0400,381.7,0.42976159
1984-01-04,166.78,166.7800,379.7,0.43924151
1984-01-05,168.81,168.8100,377.7,0.44694202
1984-01-06,169.28,169.2800,370,0.45751351
1984-01-09,168.9,168.9000,367.7,0.45934185
1984-01-10,167.95,167.9500,370.2,0.45367369
1984-01-11,167.8,167.8000,372.9,0.44998659
1984-01-12,167.75,167.7500,371.8,0.45118343
1984-01-13,167.02,167.0200,372.5,0.44837584
1984-01-16,167.18,167.1800,371.3,0.45025586
1984-01-17,167.83,167.8300,370.8,0.45261597
1984-01-18,167.55,167.5500,370.2,0.45259319
1984-01-19,167.04,167.0400,375.3,0.44508393
1984-01-20,166.21,166.2100,372.4,0.44632116
1984-01-23,164.87,164.8700,366.3,0.45009555
1984-01-24,165.94,165.9400,366.8,0.45239913
1984-01-25,164.84,164.8400,367.5,0.44854422
1984-01-26,164.24,164.2400,366.3,0.44837565
1984-01-27,163.94,163.9400,375.4,0.43670751
1984-01-30,162.87,162.8700,375.8,0.43339542
1984-01-31,163.41,163.4100,379.2,0.43093354
1984-02-01,162.74,162.7400,384.9,0.42281112
1984-02-02,163.36,163.3600,391.8,0.41694742
1984-02-03,160.91,160.9100,391.5,0.41100894
1984-02-06,158.08,158.0800,387,0.40847545
1984-02-07,158.74,158.7400,386.2,0.41103055
1984-02-08,155.85,155.8500,387.3,0.40240124
1984-02-09,155.42,155.4200,383.6,0.40516163
1984-02-10,156.3,156.3000,382.5,0.40862745
1984-02-13,154.95,154.9500,381.8,0.40584075
1984-02-14,156.61,156.6100,387.8,0.40384219
1984-02-15,156.25,156.2500,385.7,0.40510760
1984-02-16,156.13,156.1300,387.4,0.40302013
1984-02-17,155.74,155.7400,388.7,0.40066890
1984-02-21,154.64,154.6400,392.4,0.39408767
1984-02-22,154.31,154.3100,403.5,0.38242875
1984-02-23,154.29,154.2900,402.8,0.38304369
1984-02-24,157.51,157.5100,399.5,0.39426783
1984-02-27,159.3,159.3000,405,0.39333333
1984-02-28,156.82,156.8200,398.3,0.39372332
1984-02-29,157.06,157.0600,398.9,0.39373277
1984-03-01,158.19,158.1900,397.8,0.39766214
1984-03-02,159.24,159.2400,403.7,0.39445133
1984-03-05,157.89,157.8900,407.3,0.38765038
1984-03-06,156.25,156.2500,407,0.38390663
1984-03-07,154.57,154.5700,401.2,0.38526919
1984-03-08,155.19,155.1900,405.3,0.38290155
1984-03-09,154.35,154.3500,402.8,0.38319265
1984-03-12,156.34,156.3400,398.3,0.39251820
1984-03-13,156.78,156.7800,400.4,0.39155844
1984-03-14,156.77,156.7700,395.8,0.39608388
1984-03-15,157.41,157.4100,394.7,0.39880922
1984-03-16,159.27,159.2700,395.3,0.40290918
1984-03-19,157.78,157.7800,395.5,0.39893805
1984-03-20,158.86,158.8600,395.3,0.40187200
1984-03-21,158.66,158.6600,394,0.40269036
1984-03-22,156.69,156.6900,387.8,0.40404848
1984-03-23,156.86,156.8600,386.8,0.40553257
1984-03-26,156.67,156.6700,388.5,0.40326898
1984-03-27,157.3,157.3000,387.3,0.40614511
1984-03-28,159.88,159.8800,397.2,0.40251762
1984-03-29,159.52,159.5200,396.7,0.40211747
1984-03-30,159.18,159.1800,394.3,0.40370276
1984-04-02,157.98,157.9800,385.7,0.40959295
1984-04-03,157.66,157.6600,387.5,0.40686452
1984-04-04,157.54,157.5400,388.2,0.40582174
1984-04-05,155.04,155.0400,385.4,0.40228334
1984-04-06,155.48,155.4800,387.1,0.40165332
1984-04-09,155.45,155.4500,388,0.40064433
1984-04-10,155.87,155.8700,387.9,0.40183037
1984-04-11,155,155.0000,388.7,0.39876511
1984-04-12,157.73,157.7300,384.7,0.41000780
1984-04-13,157.31,157.3100,387,0.40648579
1984-04-16,158.32,158.3200,384.5,0.41175553
1984-04-17,158.97,158.9700,385.6,0.41226660
1984-04-18,157.9,157.9000,392,0.40280612
1984-04-19,158.02,158.0200,388.8,0.40643004
1984-04-23,156.8,156.8000,390.6,0.40143369
1984-04-24,158.07,158.0700,386.1,0.40940171
1984-04-25,158.65,158.6500,385.9,0.41111687
1984-04-26,160.3,160.3000,381.2,0.42051417
1984-04-27,159.89,159.8900,381.5,0.41910878
1984-04-30,160.05,160.0500,379.6,0.42162803
1984-05-01,161.68,161.6800,380.3,0.42513805
1984-05-02,161.9,161.9000,381.3,0.42460005
1984-05-03,161.2,161.2000,381.3,0.42276423
1984-05-04,159.11,159.1100,378.5,0.42036988
1984-05-07,159.47,159.4700,374.5,0.42582109
1984-05-08,160.52,160.5200,375.9,0.42702847
1984-05-09,160.11,160.1100,373.3,0.42890437
1984-05-10,160,160.0000,375,0.42666667
1984-05-11,158.49,158.4900,373.3,0.42456469
1984-05-14,157.5,157.5000,375.5,0.41944075
1984-05-15,158,158.0000,376.4,0.41976621
1984-05-16,157.99,157.9900,378.1,0.41785242
1984-05-17,156.57,156.5700,376.4,0.41596706
1984-05-18,155.78,155.7800,379.6,0.41037935
1984-05-21,154.73,154.7300,380.2,0.40697002
1984-05-22,153.88,153.8800,380.4,0.40452156
1984-05-23,153.15,153.1500,377.2,0.40601803
1984-05-24,151.23,151.2300,379,0.39902375
1984-05-25,151.62,151.6200,390,0.38876923
1984-05-29,150.29,150.2900,392.3,0.38309967
1984-05-30,150.35,150.3500,391.6,0.38393769
1984-05-31,150.55,150.5500,393.6,0.38249492
1984-06-01,153.24,153.2400,397,0.38599496
1984-06-04,154.34,154.3400,402.2,0.38373943
1984-06-05,153.65,153.6500,401.1,0.38307155
1984-06-06,155.01,155.0100,398.9,0.38859363
1984-06-07,154.92,154.9200,396.4,0.39081736
1984-06-08,155.17,155.1700,389.5,0.39838254
1984-06-11,153.06,153.0600,378.9,0.40395883
1984-06-12,152.19,152.1900,379.5,0.40102767
1984-06-13,152.13,152.1300,379.2,0.40118671
1984-06-14,150.39,150.3900,379.9,0.39586733
1984-06-15,149.03,149.0300,375.3,0.39709566
1984-06-18,151.73,151.7300,375.7,0.40385946
1984-06-19,152.61,152.6100,375.8,0.40609367
1984-06-20,154.84,154.8400,376.6,0.41115242
1984-06-21,154.51,154.5100,377.6,0.40918962
1984-06-22,154.46,154.4600,376.6,0.41014339
1984-06-25,153.97,153.9700,372.5,0.41334228
1984-06-26,152.71,152.7100,374.5,0.40777036
1984-06-27,151.64,151.6400,373.7,0.40578004
1984-06-28,152.84,152.8400,376.9,0.40551871
1984-06-29,153.18,153.1800,376.1,0.40728530
1984-07-02,153.2,153.2000,373.6,0.41006424
1984-07-03,153.7,153.7000,372.4,0.41272825
1984-07-05,152.76,152.7600,362,0.42198895
1984-07-06,152.24,152.2400,347.2,0.43847926
1984-07-09,153.36,153.3600,349.8,0.43842196
1984-07-10,152.89,152.8900,345.3,0.44277440
1984-07-11,150.56,150.5600,343.3,0.43856685
1984-07-12,150.03,150.0300,339.5,0.44191458
1984-07-13,150.88,150.8800,345.8,0.43632157
1984-07-16,151.6,151.6000,349.8,0.43339051
1984-07-17,152.38,152.3800,347.3,0.43875612
1984-07-18,151.4,151.4000,350.3,0.43220097
1984-07-19,150.37,150.3700,348.3,0.43172552
1984-07-20,149.55,149.5500,340,0.43985294
1984-07-23,148.95,148.9500,337.8,0.44094139
1984-07-24,147.82,147.8200,337.8,0.43759621
1984-07-25,148.83,148.8300,343.7,0.43302299
1984-07-26,150.08,150.0800,333.8,0.44961055
1984-07-27,151.19,151.1900,342,0.44207602
1984-07-30,150.19,150.1900,355.1,0.42295128
1984-07-31,150.66,150.6600,350.3,0.43008850
1984-08-01,154.08,154.0800,358,0.43039106
1984-08-02,157.99,157.9900,357.1,0.44242509
1984-08-03,162.35,162.3500,363,0.44724518
1984-08-06,162.6,162.6000,361.5,0.44979253
1984-08-07,162.72,162.7200,356.3,0.45669380
1984-08-08,161.75,161.7500,356.7,0.45346229
1984-08-09,165.54,165.5400,361.3,0.45817880
1984-08-10,165.42,165.4200,354.8,0.46623450
1984-08-13,165.43,165.4300,362.7,0.45610698
1984-08-14,164.42,164.4200,366.8,0.44825518
1984-08-15,162.8,162.8000,365.7,0.44517364
1984-08-16,163.77,163.7700,362.2,0.45215351
1984-08-17,164.14,164.1400,362.3,0.45304996
1984-08-20,164.94,164.9400,354.8,0.46488162
1984-08-21,167.83,167.8300,357.1,0.46998040
1984-08-22,167.06,167.0600,365,0.45769863
1984-08-23,167.12,167.1200,360.4,0.46370699
1984-08-24,167.51,167.5100,362.3,0.46235164
1984-08-27,166.44,166.4400,358.9,0.46375035
1984-08-28,167.4,167.4000,358.7,0.46668525
1984-08-29,167.09,167.0900,360,0.46413889
1984-08-30,166.6,166.6000,358.2,0.46510329
1984-08-31,166.68,166.6800,358,0.46558659
1984-09-04,164.88,164.8800,347.3,0.47474806
1984-09-05,164.29,164.2900,348.8,0.47101491
1984-09-06,165.65,165.6500,352.7,0.46966260
1984-09-07,164.37,164.3700,344.3,0.47740343
1984-09-10,164.26,164.2600,347.2,0.47309908
1984-09-11,164.45,164.4500,347.7,0.47296520
1984-09-12,164.68,164.6800,346.8,0.47485582
1984-09-13,167.94,167.9400,346.2,0.48509532
1984-09-14,168.78,168.7800,348.1,0.48486067
1984-09-17,168.87,168.8700,343.5,0.49161572
1984-09-18,167.65,167.6500,348.3,0.48133793
1984-09-19,166.94,166.9400,348,0.47971264
1984-09-20,167.47,167.4700,349.3,0.47944460
1984-09-21,165.67,165.6700,354.3,0.46759808
1984-09-24,165.28,165.2800,352.3,0.46914561
1984-09-25,165.62,165.6200,352.4,0.46997730
1984-09-26,166.28,166.2800,348.7,0.47685690
1984-09-27,166.96,166.9600,350.3,0.47662004
1984-09-28,166.1,166.1000,351.3,0.47281526
1984-10-01,164.62,164.6200,350.9,0.46913651
1984-10-02,163.59,163.5900,353.4,0.46290323
1984-10-03,162.44,162.4400,351.9,0.46160841
1984-10-04,162.92,162.9200,352.8,0.46179138
1984-10-05,162.68,162.6800,347,0.46881844
1984-10-08,162.13,162.1300,347.8,0.46615871
1984-10-09,161.67,161.6700,342,0.47271930
1984-10-10,162.11,162.1100,343.6,0.47179860
1984-10-11,162.78,162.7800,341.3,0.47694111
1984-10-12,164.18,164.1800,346.3,0.47409760
1984-10-15,165.77,165.7700,345.2,0.48021437
1984-10-16,164.78,164.7800,343.2,0.48012821
1984-10-17,164.14,164.1400,340.7,0.48177282
1984-10-18,168.1,168.1000,344.3,0.48823700
1984-10-19,167.96,167.9600,342.4,0.49053738
1984-10-22,167.36,167.3600,342,0.48935673
1984-10-23,167.09,167.0900,343.4,0.48657542
1984-10-24,167.2,167.2000,342.9,0.48760572
1984-10-25,166.31,166.3100,340.4,0.48857227
1984-10-26,165.29,165.2900,340.3,0.48571848
1984-10-29,164.78,164.7800,338,0.48751479
1984-10-30,166.84,166.8400,336.5,0.49580981
1984-10-31,166.09,166.0900,336,0.49431548
1984-11-01,167.49,167.4900,338,0.49553254
1984-11-02,167.42,167.4200,345.4,0.48471338
1984-11-05,168.58,168.5800,349.8,0.48193253
1984-11-06,170.41,170.4100,347.2,0.49081221
1984-11-07,169.17,169.1700,352.5,0.47991489
1984-11-08,168.68,168.6800,349.7,0.48235631
1984-11-09,167.6,167.6000,347.5,0.48230216
1984-11-12,167.36,167.3600,349.2,0.47926690
1984-11-13,165.97,165.9700,347.7,0.47733678
1984-11-14,165.99,165.9900,347.8,0.47725704
1984-11-15,165.89,165.8900,345.8,0.47972817
1984-11-16,164.1,164.1000,345,0.47565217
1984-11-19,163.09,163.0900,343.3,0.47506554
1984-11-20,164.18,164.1800,343.8,0.47754508
1984-11-21,164.51,164.5100,342.9,0.47976086
1984-11-23,166.92,166.9200,345.5,0.48312590
1984-11-26,165.55,165.5500,331.5,0.49939668
1984-11-27,166.29,166.2900,327.4,0.50791081
1984-11-28,165.02,165.0200,335.6,0.49171633
1984-11-29,163.91,163.9100,335.4,0.48870006
1984-11-30,163.58,163.5800,333.5,0.49049475
1984-12-03,162.82,162.8200,336.1,0.48443916
1984-12-04,163.38,163.3800,334.1,0.48901526
1984-12-05,162.1,162.1000,334.3,0.48489381
1984-12-06,162.76,162.7600,334.7,0.48628623
1984-12-07,162.26,162.2600,330.8,0.49050786
1984-12-10,162.83,162.8300,329.4,0.49432301
1984-12-11,163.07,163.0700,329.3,0.49520194
1984-12-12,162.63,162.6300,329.5,0.49356601
1984-12-13,161.81,161.8100,327.8,0.49362416
1984-12-14,162.69,162.6900,325.4,0.49996927
1984-12-17,163.61,163.6100,316.9,0.51628274
1984-12-18,168.11,168.1100,311.5,0.53967897
1984-12-19,167.16,167.1600,311.1,0.53731919
1984-12-20,166.38,166.3800,309.6,0.53740310
1984-12-21,165.51,165.5100,313.2,0.52844828
1984-12-24,166.76,166.7600,313.2,0.53243934
1984-12-26,166.47,166.4700,314.2,0.52982177
1984-12-27,165.75,165.7500,309.2,0.53606080
1984-12-28,166.26,166.2600,310,0.53632258
1984-12-31,167.24,167.2400,309.7,0.54000646
1985-01-02,165.37,165.3700,304.2,0.54362262
1985-01-03,164.57,164.5700,303.2,0.54277704
1985-01-04,163.68,163.6800,299.7,0.54614615
1985-01-07,164.24,164.2400,303.7,0.54079684
1985-01-08,163.99,163.9900,298,0.55030201
1985-01-09,165.18,165.1800,305.5,0.54068740
1985-01-10,168.31,168.3100,304.3,0.55310549
1985-01-11,167.91,167.9100,300.3,0.55914086
1985-01-14,170.51,170.5100,303.9,0.56107272
1985-01-15,170.81,170.8100,302.3,0.56503473
1985-01-16,171.19,171.1900,304.5,0.56220033
1985-01-17,170.73,170.7300,308.5,0.55341977
1985-01-18,171.32,171.3200,307.2,0.55768229
1985-01-21,175.23,175.2300,308.4,0.56819066
1985-01-22,175.48,175.4800,303.9,0.57742679
1985-01-23,177.3,177.3000,301.7,0.58766987
1985-01-24,176.71,176.7100,299.7,0.58962296
1985-01-25,177.35,177.3500,300.4,0.59037949
1985-01-28,177.4,177.4000,306.3,0.57917075
1985-01-29,179.18,179.1800,305.3,0.58689813
1985-01-30,179.39,179.3900,307.9,0.58262423
1985-01-31,179.63,179.6300,307.4,0.58435264
1985-02-01,178.63,178.6300,306.5,0.58280587
1985-02-04,180.35,180.3500,305.4,0.59053700
1985-02-05,180.61,180.6100,305.5,0.59119476
1985-02-06,180.43,180.4300,305.3,0.59099247
1985-02-07,181.82,181.8200,302.7,0.60066072
1985-02-08,182.19,182.1900,303.4,0.60049440
1985-02-11,180.51,180.5100,307.5,0.58702439
1985-02-12,180.56,180.5600,304.7,0.59258287
1985-02-13,183.35,183.3500,305.7,0.59977102
1985-02-14,182.41,182.4100,305.9,0.59630598
1985-02-15,181.6,181.6000,306.9,0.59172369
1985-02-19,181.33,181.3300,306.4,0.59180809
1985-02-20,181.18,181.1800,306,0.59209150
1985-02-21,180.19,180.1900,301.1,0.59843906
1985-02-22,179.36,179.3600,296.5,0.60492411
1985-02-25,179.23,179.2300,284.1,0.63086941
1985-02-26,181.17,181.1700,290,0.62472414
1985-02-27,180.71,180.7100,289.8,0.62356798
1985-02-28,181.18,181.1800,288.7,0.62757187
1985-03-01,183.23,183.2300,291.6,0.62836077
1985-03-04,182.06,182.0600,291.9,0.62370675
1985-03-05,182.23,182.2300,287.9,0.63296283
1985-03-06,180.65,180.6500,292.9,0.61676340
1985-03-07,179.51,179.5100,291,0.61687285
1985-03-08,179.1,179.1000,288.5,0.62079723
1985-03-11,178.79,178.7900,290.1,0.61630472
1985-03-12,179.66,179.6600,292.3,0.61464249
1985-03-13,178.19,178.1900,291.9,0.61044878
1985-03-14,177.84,177.8400,291.8,0.60945853
1985-03-15,176.53,176.5300,295.2,0.59800136
1985-03-18,176.88,176.8800,303.8,0.58222515
1985-03-19,179.54,179.5400,328.8,0.54604623
1985-03-20,179.08,179.0800,324.3,0.55220475
1985-03-21,179.35,179.3500,317.5,0.56488189
1985-03-22,179.04,179.0400,316.8,0.56515152
1985-03-25,177.97,177.9700,320.9,0.55459645
1985-03-26,178.43,178.4300,324.4,0.55003083
1985-03-27,179.54,179.5400,332.4,0.54013237
1985-03-28,179.54,179.5400,331.4,0.54176222
1985-03-29,180.66,180.6600,334.1,0.54073631
1985-04-01,181.27,181.2700,322.7,0.56172916
1985-04-02,180.53,180.5300,326.2,0.55343348
1985-04-03,179.11,179.1100,320.7,0.55849704
1985-04-04,179.03,179.0300,324,0.55256173
1985-04-08,178.03,178.0300,329,0.54112462
1985-04-09,178.21,178.2100,327.9,0.54348887
1985-04-10,179.42,179.4200,330,0.54369697
1985-04-11,180.19,180.1900,336.4,0.53564209
1985-04-12,180.54,180.5400,331.6,0.54445115
1985-04-15,180.92,180.9200,333.2,0.54297719
1985-04-16,181.2,181.2000,330.8,0.54776300
1985-04-17,181.68,181.6800,327.9,0.55407136
1985-04-18,180.84,180.8400,330.8,0.54667473
1985-04-19,181.11,181.1100,331.3,0.54666465
1985-04-22,180.7,180.7000,330.1,0.54740988
1985-04-23,181.88,181.8800,325.6,0.55859951
1985-04-24,182.26,182.2600,325.3,0.56028282
1985-04-25,183.43,183.4300,326.2,0.56232373
1985-04-26,182.18,182.1800,325.2,0.56020910
1985-04-29,180.63,180.6300,327.2,0.55204768
1985-04-30,179.83,179.8300,316.5,0.56818325
1985-05-01,178.37,178.3700,315.3,0.56571519
1985-05-02,179.01,179.0100,316.3,0.56595005
1985-05-03,180.08,180.0800,313.3,0.57478455
1985-05-06,179.99,179.9900,310.5,0.57967794
1985-05-07,180.76,180.7600,316.5,0.57112164
1985-05-08,180.62,180.6200,314.2,0.57485678
1985-05-09,181.92,181.9200,314.3,0.57881005
1985-05-10,184.28,184.2800,317.5,0.58040945
1985-05-13,184.61,184.6100,326.3,0.56576770
1985-05-14,183.87,183.8700,325.8,0.56436464
1985-05-15,184.54,184.5400,323.9,0.56974375
1985-05-16,185.66,185.6600,321.5,0.57748056
1985-05-17,187.42,187.4200,321,0.58386293
1985-05-20,189.72,189.7200,314,0.60420382
1985-05-21,189.64,189.6400,317.9,0.59653979
1985-05-22,188.56,188.5600,316.1,0.59652009
1985-05-23,187.6,187.6000,316.1,0.59348307
1985-05-24,188.29,188.2900,314.8,0.59812579
1985-05-28,187.86,187.8600,310.3,0.60541412
1985-05-29,187.68,187.6800,315.5,0.59486529
1985-05-30,187.75,187.7500,316.6,0.59301958
1985-05-31,189.55,189.5500,319.5,0.59327074
1985-06-03,189.32,189.3200,320.3,0.59107087
1985-06-04,190.04,190.0400,319.1,0.59554998
1985-06-05,190.16,190.1600,318.4,0.59723618
1985-06-06,191.06,191.0600,318.9,0.59912198
1985-06-07,189.68,189.6800,317.7,0.59704123
1985-06-10,189.51,189.5100,317.2,0.59744641
1985-06-11,189.04,189.0400,316.9,0.59652887
1985-06-12,187.61,187.6100,316.7,0.59239027
1985-06-13,185.33,185.3300,317.4,0.58390044
1985-06-14,187.1,187.1000,322,0.58105590
1985-06-17,186.53,186.5300,321.8,0.57964574
1985-06-18,187.34,187.3400,330.5,0.56683812
1985-06-19,186.63,186.6300,324.8,0.57459975
1985-06-20,186.73,186.7300,316,0.59091772
1985-06-21,189.61,189.6100,316.6,0.59889450
1985-06-24,189.15,189.1500,317.9,0.59499843
1985-06-25,189.74,189.7400,318.3,0.59610430
1985-06-26,190.06,190.0600,317.8,0.59804909
1985-06-27,191.23,191.2300,319,0.59946708
1985-06-28,191.85,191.8500,317.7,0.60387158
1985-07-01,192.43,192.4300,310.8,0.61914414
1985-07-02,192.01,192.0100,311.4,0.61660244
1985-07-03,191.45,191.4500,311.4,0.61480411
1985-07-05,192.52,192.5200,311.4,0.61824021
1985-07-08,191.93,191.9300,316.6,0.60622236
1985-07-09,191.05,191.0500,314.5,0.60747218
1985-07-10,192.37,192.3700,316.2,0.60838077
1985-07-11,192.94,192.9400,315.1,0.61231355
1985-07-12,193.29,193.2900,319.2,0.60554511
1985-07-15,192.72,192.7200,318.4,0.60527638
1985-07-16,194.72,194.7200,321,0.60660436
1985-07-17,195.65,195.6500,324,0.60385802
1985-07-18,194.38,194.3800,318.8,0.60972396
1985-07-19,195.13,195.1300,318.8,0.61207654
1985-07-22,194.35,194.3500,322.3,0.60300962
1985-07-23,192.55,192.5500,318.3,0.60493245
1985-07-24,191.58,191.5800,319.3,0.60000000
1985-07-25,192.06,192.0600,319.6,0.60093867
1985-07-26,192.4,192.4000,322,0.59751553
1985-07-29,189.6,189.6000,324.2,0.58482418
1985-07-30,189.93,189.9300,332,0.57207831
1985-07-31,190.92,190.9200,335.2,0.56957041
1985-08-01,192.11,192.1100,328,0.58570122
1985-08-02,191.48,191.4800,329.7,0.58077040
1985-08-05,190.62,190.6200,330.6,0.57658802
1985-08-06,187.93,187.9300,328.6,0.57191114
1985-08-07,187.68,187.6800,330.2,0.56838280
1985-08-08,188.95,188.9500,329.6,0.57327063
1985-08-09,188.32,188.3200,336.3,0.55997621
1985-08-12,187.63,187.6300,334.7,0.56059157
1985-08-13,187.3,187.3000,334.3,0.56027520
1985-08-14,187.41,187.4100,334.2,0.56077199
1985-08-15,187.26,187.2600,340.4,0.55011751
1985-08-16,186.1,186.1000,345.6,0.53848380
1985-08-19,186.38,186.3800,345.8,0.53898207
1985-08-20,188.08,188.0800,343,0.54833819
1985-08-21,189.16,189.1600,346.2,0.54638937
1985-08-22,187.36,187.3600,345.2,0.54275782
1985-08-23,187.17,187.1700,342.7,0.54616282
1985-08-26,187.31,187.3100,342.9,0.54625255
1985-08-27,188.1,188.1000,344,0.54680233
1985-08-28,188.83,188.8300,347.3,0.54370861
1985-08-29,188.93,188.9300,341.6,0.55307377
1985-08-30,188.63,188.6300,339.8,0.55512066
1985-09-03,187.91,187.9100,331,0.56770393
1985-09-04,187.37,187.3700,331.1,0.56590154
1985-09-05,187.27,187.2700,326.3,0.57391971
1985-09-06,188.24,188.2400,326.6,0.57636252
1985-09-09,188.25,188.2500,325.2,0.57887454
1985-09-10,186.9,186.9000,327.6,0.57051282
1985-09-11,185.03,185.0300,326.7,0.56636058
1985-09-12,183.69,183.6900,326.3,0.56294821
1985-09-13,182.91,182.9100,324,0.56453704
1985-09-16,182.88,182.8800,324.5,0.56357473
1985-09-17,181.36,181.3600,321.5,0.56410575
1985-09-18,181.71,181.7100,319.8,0.56819887
1985-09-19,183.39,183.3900,324.6,0.56497227
1985-09-20,182.05,182.0500,323.8,0.56222977
1985-09-23,184.3,184.3000,333.7,0.55229248
1985-09-24,182.62,182.6200,334.8,0.54545998
1985-09-25,180.66,180.6600,334.3,0.54041280
1985-09-26,181.29,181.2900,332.2,0.54572547
1985-09-30,182.08,182.0800,327.1,0.55664934
1985-10-01,185.07,185.0700,327.1,0.56579028
1985-10-02,184.06,184.0600,328.3,0.56064575
1985-10-03,184.36,184.3600,333.9,0.55214136
1985-10-04,183.22,183.2200,332.2,0.55153522
1985-10-07,181.87,181.8700,330.5,0.55028744
1985-10-08,181.87,181.8700,328.6,0.55346926
1985-10-09,182.52,182.5200,329,0.55477204
1985-10-10,182.78,182.7800,329.1,0.55539350
1985-10-11,184.28,184.2800,330.7,0.55724221
1985-10-14,186.37,186.3700,329.8,0.56510006
1985-10-15,186.08,186.0800,329.1,0.56542084
1985-10-16,187.98,187.9800,326.8,0.57521420
1985-10-17,187.66,187.6600,328.4,0.57143727
1985-10-18,187.04,187.0400,329.7,0.56730361
1985-10-21,186.96,186.9600,329.4,0.56757741
1985-10-22,188.04,188.0400,330.1,0.56964556
1985-10-23,189.09,189.0900,329,0.57474164
1985-10-24,188.5,188.5000,328.2,0.57434491
1985-10-25,187.52,187.5200,329.4,0.56927747
1985-10-28,187.76,187.7600,328.9,0.57087261
1985-10-29,189.23,189.2300,329.3,0.57464318
1985-10-30,190.07,190.0700,327.8,0.57983527
1985-10-31,189.82,189.8200,326.7,0.58102234
1985-11-01,191.53,191.5300,328.1,0.58375495
1985-11-04,191.25,191.2500,327.1,0.58468358
1985-11-05,192.37,192.3700,326.2,0.58973023
1985-11-06,192.76,192.7600,325.5,0.59219662
1985-11-07,192.62,192.6200,323.1,0.59616218
1985-11-08,193.72,193.7200,325.6,0.59496314
1985-11-11,197.28,197.2800,324.5,0.60795069
1985-11-12,198.08,198.0800,325.8,0.60798036
1985-11-13,197.1,197.1000,326.2,0.60423053
1985-11-14,199.06,199.0600,325.8,0.61098834
1985-11-15,198.11,198.1100,324.7,0.61013243
1985-11-18,198.71,198.7100,324.7,0.61198029
1985-11-19,198.67,198.6700,324.7,0.61185710
1985-11-20,198.99,198.9900,326.8,0.60890453
1985-11-21,201.41,201.4100,327.4,0.61518021
1985-11-22,201.52,201.5200,327.4,0.61551619
1985-11-25,200.35,200.3500,332.7,0.60219417
1985-11-26,200.67,200.6700,335.6,0.59794398
1985-11-27,202.54,202.5400,330.2,0.61338583
1985-11-29,202.17,202.1700,327.3,0.61769019
1985-12-02,200.46,200.4600,326.5,0.61396631
1985-12-03,200.86,200.8600,326.7,0.61481481
1985-12-04,204.23,204.2300,325.7,0.62704943
1985-12-05,203.88,203.8800,326.9,0.62367697
1985-12-06,202.99,202.9900,326.2,0.62228694
1985-12-09,204.25,204.2500,319.8,0.63868043
1985-12-10,204.39,204.3900,321.2,0.63633250
1985-12-11,206.31,206.3100,320.1,0.64451734
1985-12-12,206.73,206.7300,320.4,0.64522472
1985-12-13,209.94,209.9400,322.2,0.65158287
1985-12-16,212.02,212.0200,324.9,0.65257002
1985-12-17,210.65,210.6500,323.9,0.65035505
1985-12-18,209.81,209.8100,327.3,0.64103269
1985-12-19,210.02,210.0200,327.2,0.64187042
1985-12-20,210.94,210.9400,328.7,0.64174019
1985-12-23,208.57,208.5700,328.3,0.63530308
1985-12-24,207.14,207.1400,328.2,0.63113955
1985-12-26,207.65,207.6500,327.7,0.63365883
1985-12-27,209.61,209.6100,329,0.63711246
1985-12-30,210.68,210.6800,330.6,0.63726558
1985-12-31,211.28,211.2800,331.1,0.63811537
1986-01-02,209.59,209.5900,328.9,0.63724536
1986-01-03,210.88,210.8800,330,0.63903030
1986-01-06,210.65,210.6500,330.7,0.63698216
1986-01-07,213.8,213.8000,332.8,0.64242788
1986-01-08,207.97,207.9700,336.1,0.61877417
1986-01-09,206.11,206.1100,339.9,0.60638423
1986-01-10,205.96,205.9600,343.3,0.59994174
1986-01-13,206.72,206.7200,341.5,0.60532943
1986-01-14,206.64,206.6400,341,0.60598240
1986-01-15,208.26,208.2600,350.7,0.59384089
1986-01-16,209.17,209.1700,357.6,0.58492729
1986-01-17,208.43,208.4300,358,0.58220670
1986-01-20,207.53,207.5300,355.1,0.58442692
1986-01-21,205.79,205.7900,352.8,0.58330499
1986-01-22,203.49,203.4900,351.5,0.57891892
1986-01-23,204.25,204.2500,351.9,0.58042057
1986-01-24,206.43,206.4300,358.4,0.57597656
1986-01-27,207.39,207.3900,354.3,0.58535140
1986-01-28,209.81,209.8100,357.1,0.58753850
1986-01-29,210.29,210.2900,360.2,0.58381455
1986-01-30,209.33,209.3300,359.4,0.58244296
1986-01-31,211.78,211.7800,352.9,0.60011335
1986-02-03,213.96,213.9600,347.4,0.61588946
1986-02-04,212.79,212.7900,337.4,0.63067576
1986-02-05,212.96,212.9600,339.3,0.62764515
1986-02-06,213.47,213.4700,340.4,0.62711516
1986-02-07,214.56,214.5600,342.5,0.62645255
1986-02-10,216.24,216.2400,340.8,0.63450704
1986-02-11,215.92,215.9200,341.6,0.63208431
1986-02-12,215.97,215.9700,340.8,0.63371479
1986-02-13,217.4,217.4000,335.3,0.64837459
1986-02-14,219.76,219.7600,336.2,0.65365854
1986-02-18,222.45,222.4500,339.7,0.65484251
1986-02-19,219.76,219.7600,339,0.64825959
1986-02-20,222.22,222.2200,341.4,0.65090803
1986-02-21,224.62,224.6200,343.3,0.65429653
1986-02-24,224.34,224.3400,351,0.63914530
1986-02-25,223.79,223.7900,350,0.63940000
1986-02-26,224.04,224.0400,338.5,0.66186115
1986-02-27,226.77,226.7700,339.2,0.66854363
1986-02-28,226.92,226.9200,341,0.66545455
1986-03-03,225.42,225.4200,340.5,0.66202643
1986-03-04,224.38,224.3800,346,0.64849711
1986-03-05,224.34,224.3400,344.5,0.65120464
1986-03-06,225.13,225.1300,344.3,0.65387743
1986-03-07,225.57,225.5700,345.7,0.65250217
1986-03-10,226.58,226.5800,343.3,0.66000583
1986-03-11,231.69,231.6900,344.9,0.67175993
1986-03-12,232.54,232.5400,353,0.65875354
1986-03-13,233.19,233.1900,349.2,0.66778351
1986-03-14,236.55,236.5500,348.9,0.67798796
1986-03-17,234.67,234.6700,350.8,0.66895667
1986-03-18,235.78,235.7800,350.3,0.67308022
1986-03-19,235.6,235.6000,350.8,0.67160775
1986-03-20,236.54,236.5400,352.7,0.67065495
1986-03-21,233.34,233.3400,357.4,0.65288193
1986-03-24,235.33,235.3300,351.3,0.66988329
1986-03-25,234.72,234.7200,344,0.68232558
1986-03-26,237.3,237.3000,348.5,0.68091822
1986-03-27,238.97,238.9700,347.2,0.68827765
1986-03-31,238.9,238.9000,334.8,0.71356033
1986-04-01,235.14,235.1400,337,0.69774481
1986-04-02,235.71,235.7100,339.5,0.69428571
1986-04-03,232.47,232.4700,338.4,0.68696809
1986-04-04,228.69,228.6900,338.4,0.67579787
1986-04-07,228.63,228.6300,342.5,0.66753285
1986-04-08,233.52,233.5200,342.9,0.68101487
1986-04-09,233.75,233.7500,342.2,0.68308007
1986-04-10,236.44,236.4400,341.7,0.69195200
1986-04-11,235.97,235.9700,347.5,0.67905036
1986-04-14,237.28,237.2800,344.2,0.68936665
1986-04-15,237.73,237.7300,343.4,0.69228305
1986-04-16,242.22,242.2200,341.9,0.70845276
1986-04-17,243.03,243.0300,341.5,0.71165447
1986-04-18,242.38,242.3800,346.7,0.69910586
1986-04-21,244.74,244.7400,345.7,0.70795487
1986-04-22,242.42,242.4200,349,0.69461318
1986-04-23,241.75,241.7500,348.1,0.69448434
1986-04-24,242.02,242.0200,347.1,0.69726304
1986-04-25,242.29,242.2900,346.2,0.69985557
1986-04-28,243.08,243.0800,345.8,0.70294968
1986-04-29,240.51,240.5100,346.9,0.69331219
1986-04-30,235.52,235.5200,348.1,0.67658719
1986-05-01,235.16,235.1600,342.8,0.68599767
1986-05-02,234.79,234.7900,344.7,0.68114302
1986-05-05,237.73,237.7300,344.2,0.69067403
1986-05-06,237.24,237.2400,344,0.68965116
1986-05-07,236.08,236.0800,345.8,0.68270677
1986-05-08,237.13,237.1300,345.5,0.68633864
1986-05-09,237.85,237.8500,345.5,0.68842258
1986-05-12,237.58,237.5800,345.5,0.68764110
1986-05-13,236.41,236.4100,345.1,0.68504781
1986-05-14,237.54,237.5400,343.1,0.69233460
1986-05-15,234.43,234.4300,343.4,0.68267327
1986-05-16,232.76,232.7600,343.8,0.67702152
1986-05-19,233.2,233.2000,340.7,0.68447314
1986-05-20,236.11,236.1100,339.8,0.69484991
1986-05-21,235.45,235.4500,339.8,0.69290759
1986-05-22,240.12,240.1200,342.6,0.70087566
1986-05-23,241.35,241.3500,342.4,0.70487734
1986-05-27,244.75,244.7500,341.8,0.71606202
1986-05-28,246.63,246.6300,342.5,0.72008759
1986-05-29,247.98,247.9800,347,0.71463977
1986-05-30,247.35,247.3500,347.1,0.71261884
1986-06-02,245.04,245.0400,345.1,0.71005506
1986-06-03,245.51,245.5100,345.3,0.71100492
1986-06-04,243.94,243.9400,344.8,0.70748260
1986-06-05,245.65,245.6500,344.6,0.71285548
1986-06-06,245.67,245.6700,344.8,0.71250000
1986-06-09,239.96,239.9600,354.2,0.67747036
1986-06-10,239.58,239.5800,351.2,0.68217540
1986-06-11,241.13,241.1300,351.7,0.68561274
1986-06-12,241.49,241.4900,349.8,0.69036592
1986-06-13,245.73,245.7300,348.8,0.70450115
1986-06-16,246.13,246.1300,337.5,0.72927407
1986-06-17,244.35,244.3500,339.3,0.72015915
1986-06-18,244.99,244.9900,340.5,0.71950073
1986-06-19,244.06,244.0600,340.9,0.71592842
1986-06-20,247.58,247.5800,342.7,0.72243945
1986-06-23,245.26,245.2600,343.3,0.71441888
1986-06-24,247.03,247.0300,345.2,0.71561414
1986-06-25,248.93,248.9300,347.1,0.71717084
1986-06-26,248.74,248.7400,346.6,0.71765724
1986-06-27,249.6,249.6000,346.9,0.71951571
1986-06-30,250.84,250.8400,347.7,0.72142652
1986-07-01,252.04,252.0400,345.8,0.72886061
1986-07-02,252.7,252.7000,344.9,0.73267614
1986-07-03,251.79,251.7900,344.9,0.73003769
1986-07-07,244.05,244.0500,345.9,0.70555074
1986-07-08,241.59,241.5900,351.2,0.68789863
1986-07-09,242.82,242.8200,349.6,0.69456522
1986-07-10,243.01,243.0100,348.6,0.69710270
1986-07-11,242.22,242.2200,347.8,0.69643473
1986-07-14,238.11,238.1100,346.4,0.68738453
1986-07-15,233.66,233.6600,349.1,0.66932111
1986-07-16,235.01,235.0100,348.7,0.67396042
1986-07-17,236.07,236.0700,348.7,0.67700029
1986-07-18,236.36,236.3600,356.5,0.66300140
1986-07-21,236.24,236.2400,355.6,0.66434196
1986-07-22,238.18,238.1800,353.7,0.67339553
1986-07-23,238.67,238.6700,349,0.68386819
1986-07-24,237.95,237.9500,349.3,0.68121958
1986-07-25,240.22,240.2200,348.2,0.68989087
1986-07-28,236.01,236.0100,355.1,0.66462968
1986-07-29,234.55,234.5500,358.6,0.65407139
1986-07-30,236.59,236.5900,358.6,0.65976018
1986-07-31,236.12,236.1200,369.7,0.63868001
1986-08-01,234.91,234.9100,367.5,0.63921088
1986-08-04,235.99,235.9900,367,0.64302452
1986-08-05,237.03,237.0300,366.1,0.64744605
1986-08-06,236.84,236.8400,367.5,0.64446259
1986-08-07,237.04,237.0400,369.3,0.64186298
1986-08-08,236.88,236.8800,382.5,0.61929412
1986-08-11,240.68,240.6800,398.5,0.60396487
1986-08-12,243.34,243.3400,392.4,0.62013252
1986-08-13,245.67,245.6700,391.7,0.62718918
1986-08-14,246.25,246.2500,393.7,0.62547625
1986-08-15,247.15,247.1500,390.2,0.63339313
1986-08-18,247.38,247.3800,382.8,0.64623824
1986-08-19,246.51,246.5100,381,0.64700787
1986-08-20,249.77,249.7700,385.1,0.64858478
1986-08-21,249.67,249.6700,390.6,0.63919611
1986-08-22,250.19,250.1900,379.5,0.65926219
1986-08-25,247.81,247.8100,386.5,0.64116429
1986-08-26,252.84,252.8400,385.6,0.65570539
1986-08-27,253.3,253.3000,386.3,0.65570800
1986-08-28,252.84,252.8400,392,0.64500000
1986-08-29,252.93,252.9300,393.3,0.64309687
1986-09-02,248.52,248.5200,411.5,0.60393682
1986-09-03,250.08,250.0800,410.3,0.60950524
1986-09-04,253.83,253.8300,415.5,0.61090253
1986-09-05,250.47,250.4700,428.3,0.58480037
1986-09-08,248.14,248.1400,416.4,0.59591739
1986-09-09,247.67,247.6700,414.4,0.59765927
1986-09-10,247.06,247.0600,409.8,0.60287945
1986-09-11,235.18,235.1800,413,0.56944310
1986-09-12,230.67,230.6700,421.5,0.54725979
1986-09-15,231.94,231.9400,422.3,0.54923040
1986-09-16,231.72,231.7200,420.2,0.55145169
1986-09-17,231.68,231.6800,418.8,0.55319962
1986-09-18,232.31,232.3100,422.6,0.54971604
1986-09-19,232.21,232.2100,441,0.52655329
1986-09-22,234.93,234.9300,445.2,0.52769542
1986-09-23,235.67,235.6700,436,0.54052752
1986-09-24,236.28,236.2800,436,0.54192661
1986-09-25,231.83,231.8300,438.8,0.52832726
1986-09-26,232.23,232.2300,431.5,0.53819235
1986-09-29,229.91,229.9100,427.1,0.53830485
1986-09-30,231.32,231.3200,429.8,0.53820382
1986-10-01,233.6,233.6000,429.2,0.54426841
1986-10-02,233.92,233.9200,441.1,0.53031059
1986-10-03,233.71,233.7100,437.5,0.53419429
1986-10-06,234.78,234.7800,442.8,0.53021680
1986-10-07,234.41,234.4100,444.8,0.52700090
1986-10-08,236.68,236.6800,442.4,0.53499096
1986-10-09,235.85,235.8500,433,0.54468822
1986-10-10,235.48,235.4800,434.5,0.54195627
1986-10-13,235.91,235.9100,437.2,0.53959286
1986-10-14,235.37,235.3700,430.5,0.54673635
1986-10-15,238.8,238.8000,428.7,0.55703289
1986-10-16,239.53,239.5300,427.4,0.56043519
1986-10-17,238.84,238.8400,422.2,0.56570346
1986-10-20,235.97,235.9700,428.9,0.55017487
1986-10-21,235.88,235.8800,427.9,0.55125029
1986-10-22,236.26,236.2600,428.7,0.55110800
1986-10-23,239.28,239.2800,417.5,0.57312575
1986-10-24,238.26,238.2600,409.7,0.58154747
1986-10-27,238.77,238.7700,410.3,0.58194004
1986-10-28,239.26,239.2600,413.9,0.57806233
1986-10-29,240.94,240.9400,407.3,0.59155414
1986-10-30,243.71,243.7100,409.9,0.59455965
1986-10-31,243.98,243.9800,405.5,0.60167694
1986-11-03,245.8,245.8000,406.8,0.60422812
1986-11-04,246.2,246.2000,411.1,0.59888105
1986-11-05,246.58,246.5800,408.5,0.60362301
1986-11-06,245.87,245.8700,412.4,0.59619302
1986-11-07,245.77,245.7700,410.6,0.59856308
1986-11-10,246.13,246.1300,407.5,0.60400000
1986-11-11,247.08,247.0800,409.3,0.60366479
1986-11-12,246.64,246.6400,409.4,0.60244260
1986-11-13,243.02,243.0200,409.5,0.59345543
1986-11-14,244.5,244.5000,398.8,0.61308927
1986-11-17,243.21,243.2100,389.3,0.62473671
1986-11-18,236.78,236.7800,394.5,0.60020279
1986-11-19,237.66,237.6600,388.5,0.61173745
1986-11-20,242.05,242.0500,391.7,0.61794741
1986-11-21,245.86,245.8600,379.3,0.64819404
1986-11-24,247.45,247.4500,382.4,0.64709728
1986-11-25,248.17,248.1700,385.6,0.64359440
1986-11-26,248.77,248.7700,387.1,0.64265048
1986-11-28,249.22,249.2200,394.8,0.63125633
1986-12-01,249.05,249.0500,397.5,0.62654088
1986-12-02,254,254.0000,392.9,0.64647493
1986-12-03,253.85,253.8500,395.8,0.64135927
1986-12-04,253.04,253.0400,391.7,0.64600460
1986-12-05,251.17,251.1700,392.9,0.63927208
1986-12-08,251.16,251.1600,393.7,0.63794768
1986-12-09,249.28,249.2800,390.4,0.63852459
1986-12-10,250.96,250.9600,393.1,0.63841262
1986-12-11,248.17,248.1700,393.7,0.63035306
1986-12-12,247.35,247.3500,395.8,0.62493684
1986-12-15,248.21,248.2100,398.4,0.62301707
1986-12-16,250.04,250.0400,396.3,0.63093616
1986-12-17,247.56,247.5600,395.3,0.62625854
1986-12-18,246.78,246.7800,397.8,0.62036199
1986-12-19,249.73,249.7300,395.8,0.63094997
1986-12-22,248.75,248.7500,396.3,0.62768105
1986-12-23,246.34,246.3400,391.5,0.62922095
1986-12-24,246.75,246.7500,393,0.62786260
1986-12-26,246.92,246.9200,393,0.62829517
1986-12-29,244.67,244.6700,391.9,0.62431743
1986-12-30,243.37,243.3700,392.4,0.62020897
1986-12-31,242.17,242.1700,406.9,0.59515852
1987-01-02,246.45,246.4500,404,0.61002475
1987-01-05,252.19,252.1900,405,0.62269136
1987-01-06,252.78,252.7800,402.2,0.62849329
1987-01-07,255.33,255.3300,404.3,0.63153599
1987-01-08,257.28,257.2800,403.9,0.63698935
1987-01-09,258.73,258.7300,407.5,0.63492025
1987-01-12,260.3,260.3000,410.2,0.63456850
1987-01-13,259.95,259.9500,412.3,0.63048751
1987-01-14,262.64,262.6400,419.2,0.62652672
1987-01-15,265.49,265.4900,417,0.63666667
1987-01-16,266.28,266.2800,417.3,0.63810208
1987-01-19,269.34,269.3400,423.3,0.63628632
1987-01-20,269.04,269.0400,408.2,0.65908868
1987-01-21,267.84,267.8400,408.8,0.65518591
1987-01-22,273.91,273.9100,408.9,0.66987038
1987-01-23,270.1,270.1000,405.3,0.66641994
1987-01-26,269.61,269.6100,411.3,0.65550693
1987-01-27,273.75,273.7500,419.8,0.65209624
1987-01-28,275.4,275.4000,414.7,0.66409453
1987-01-29,274.24,274.2400,416.6,0.65828133
1987-01-30,274.08,274.0800,408.9,0.67028613
1987-02-02,276.45,276.4500,404.8,0.68292984
1987-02-03,275.99,275.9900,407.2,0.67777505
1987-02-04,279.64,279.6400,406.2,0.68842935
1987-02-05,281.16,281.1600,412,0.68242718
1987-02-06,280.04,280.0400,407.4,0.68738341
1987-02-09,278.16,278.1600,407.2,0.68310413
1987-02-10,275.07,275.0700,406.2,0.67717873
1987-02-11,277.54,277.5400,405.5,0.68443896
1987-02-12,275.62,275.6200,398.3,0.69199096
1987-02-13,279.7,279.7000,400.7,0.69802845
1987-02-17,285.49,285.4900,394.9,0.72294252
1987-02-18,285.42,285.4200,395.3,0.72203390
1987-02-19,285.57,285.5700,402.7,0.70913832
1987-02-20,285.48,285.4800,408.7,0.69850746
1987-02-23,282.38,282.3800,404.6,0.69792388
1987-02-24,282.88,282.8800,404.6,0.69915966
1987-02-25,284,284.0000,405.2,0.70088845
1987-02-26,282.96,282.9600,408.5,0.69268054
1987-02-27,284.2,284.2000,407.4,0.69759450
1987-03-02,283,283.0000,405.6,0.69773176
1987-03-03,284.12,284.1200,409.1,0.69450012
1987-03-04,288.62,288.6200,412.2,0.70019408
1987-03-05,290.52,290.5200,408.8,0.71066536
1987-03-06,290.66,290.6600,407.8,0.71275135
1987-03-09,288.3,288.3000,406.5,0.70922509
1987-03-10,290.86,290.8600,408.3,0.71236836
1987-03-11,290.31,290.3100,408.3,0.71102131
1987-03-12,291.22,291.2200,409.9,0.71046597
1987-03-13,289.89,289.8900,405,0.71577778
1987-03-16,288.23,288.2300,406.6,0.70887850
1987-03-17,292.47,292.4700,406.8,0.71895280
1987-03-18,292.78,292.7800,406,0.72113300
1987-03-19,294.08,294.0800,406.1,0.72415661
1987-03-20,298.17,298.1700,406.3,0.73386660
1987-03-23,301.16,301.1600,410.8,0.73310613
1987-03-24,301.64,301.6400,414.1,0.72842309
1987-03-25,300.38,300.3800,413.3,0.72678442
1987-03-26,300.93,300.9300,416.3,0.72286812
1987-03-27,296.13,296.1300,427.5,0.69270175
1987-03-30,289.2,289.2000,425.9,0.67903264
1987-03-31,291.7,291.7000,422.7,0.69008753
1987-04-01,292.38,292.3800,422.5,0.69202367
1987-04-02,293.63,293.6300,422.2,0.69547608
1987-04-03,300.41,300.4100,423.9,0.70868129
1987-04-06,301.95,301.9500,422.6,0.71450544
1987-04-07,296.69,296.6900,426.2,0.69612858
1987-04-08,297.26,297.2600,424.1,0.70091959
1987-04-09,292.86,292.8600,436.5,0.67092784
1987-04-10,292.49,292.4900,436.7,0.66977330
1987-04-13,285.62,285.6200,440.8,0.64795826
1987-04-14,279.16,279.1600,454.6,0.61407831
1987-04-15,284.44,284.4400,446.5,0.63704367
1987-04-16,286.91,286.9100,447.3,0.64142634
1987-04-20,286.09,286.0900,456.8,0.62629159
1987-04-21,293.07,293.0700,451,0.64982262
1987-04-22,287.19,287.1900,452.5,0.63467403
1987-04-23,286.82,286.8200,463.4,0.61894691
1987-04-24,281.52,281.5200,465.5,0.60476907
1987-04-27,281.83,281.8300,446,0.63190583
1987-04-28,282.51,282.5100,454.7,0.62131075
1987-04-29,284.57,284.5700,453.5,0.62749724
1987-04-30,288.36,288.3600,456.5,0.63167579
1987-05-01,288.03,288.0300,459.5,0.62683351
1987-05-04,289.36,289.3600,465.2,0.62201204
1987-05-05,295.34,295.3400,460.8,0.64092882
1987-05-06,295.47,295.4700,460.8,0.64121094
1987-05-07,294.71,294.7100,459.6,0.64123151
1987-05-08,293.37,293.3700,456.7,0.64236917
1987-05-11,291.57,291.5700,457.7,0.63703299
1987-05-12,293.3,293.3000,461.5,0.63553629
1987-05-13,293.98,293.9800,460,0.63908696
1987-05-14,294.24,294.2400,465.6,0.63195876
1987-05-15,287.43,287.4300,476.2,0.60359093
1987-05-18,286.65,286.6500,472.8,0.60628173
1987-05-19,279.62,279.6200,478.3,0.58461217
1987-05-20,278.21,278.2100,473.3,0.58780900
1987-05-21,280.17,280.1700,470.3,0.59572613
1987-05-22,282.16,282.1600,464.6,0.60731812
1987-05-26,289.11,289.1100,451.8,0.63990704
1987-05-27,288.73,288.7300,448.5,0.64376812
1987-05-28,290.76,290.7600,459.5,0.63277476
1987-05-29,290.1,290.1000,456,0.63618421
1987-06-01,289.83,289.8300,451.6,0.64178477
1987-06-02,288.46,288.4600,461.8,0.62464270
1987-06-03,293.47,293.4700,455.5,0.64428101
1987-06-04,295.09,295.0900,458.2,0.64402008
1987-06-05,293.45,293.4500,458.8,0.63960331
1987-06-08,296.72,296.7200,454.3,0.65313669
1987-06-09,297.28,297.2800,462.8,0.64235091
1987-06-10,297.47,297.4700,461.3,0.64485151
1987-06-11,298.73,298.7300,468.3,0.63790305
1987-06-12,301.62,301.6200,458.9,0.65726738
1987-06-15,303.14,303.1400,456.7,0.66376177
1987-06-16,304.76,304.7600,451.9,0.67439699
1987-06-17,304.81,304.8100,451.8,0.67465693
1987-06-18,305.69,305.6900,454.6,0.67243731
1987-06-19,306.97,306.9700,448.7,0.68413194
1987-06-22,309.65,309.6500,440.8,0.70247278
1987-06-23,308.43,308.4300,443.8,0.69497521
1987-06-24,306.86,306.8600,446.4,0.68741039
1987-06-25,308.96,308.9600,443.8,0.69616945
1987-06-26,307.16,307.1600,450.1,0.68242613
1987-06-29,307.9,307.9000,449.4,0.68513574
1987-06-30,304,304.0000,452.2,0.67226891
1987-07-01,302.94,302.9400,449.4,0.67409880
1987-07-02,305.63,305.6300,448.8,0.68099376
1987-07-06,304.92,304.9200,450.3,0.67714857
1987-07-07,307.4,307.4000,446.1,0.68908317
1987-07-08,308.29,308.2900,446.8,0.68999552
1987-07-09,307.52,307.5200,446.8,0.68827216
1987-07-10,308.37,308.3700,446,0.69141256
1987-07-13,307.63,307.6300,448.6,0.68575568
1987-07-14,310.68,310.6800,449.5,0.69116796
1987-07-15,310.42,310.4200,455.3,0.68179222
1987-07-16,312.7,312.7000,455.4,0.68664910
1987-07-17,314.59,314.5900,449.3,0.70017805
1987-07-20,311.39,311.3900,452.3,0.68845899
1987-07-21,308.55,308.5500,453.7,0.68007494
1987-07-22,308.47,308.4700,455.7,0.67691464
1987-07-23,307.81,307.8100,455.7,0.67546632
1987-07-24,309.27,309.2700,454.5,0.68046205
1987-07-27,310.65,310.6500,454.2,0.68394980
1987-07-28,312.33,312.3300,457,0.68343545
1987-07-29,315.65,315.6500,468.8,0.67331485
1987-07-30,318.05,318.0500,473.3,0.67198394
1987-07-31,318.66,318.6600,475.1,0.67072195
1987-08-03,317.57,317.5700,488.3,0.65035839
1987-08-04,316.23,316.2300,488.9,0.64681939
1987-08-05,318.45,318.4500,477.6,0.66677136
1987-08-06,322.09,322.0900,478.6,0.67298370
1987-08-07,323,323.0000,464.8,0.69492255
1987-08-10,328,328.0000,470.6,0.69698258
1987-08-11,333.33,333.3300,474.2,0.70293125
1987-08-12,332.39,332.3900,473,0.70272727
1987-08-13,334.65,334.6500,467.8,0.71536982
1987-08-14,333.99,333.9900,461.2,0.72417606
1987-08-17,334.11,334.1100,463.1,0.72146405
1987-08-18,329.25,329.2500,467.7,0.70397691
1987-08-19,329.83,329.8300,467.3,0.70582067
1987-08-20,334.84,334.8400,462.2,0.72444829
1987-08-21,335.9,335.9000,465.7,0.72127979
1987-08-24,333.33,333.3300,469.3,0.71027062
1987-08-25,336.77,336.7700,465.8,0.72299270
1987-08-26,334.57,334.5700,465.8,0.71826964
1987-08-27,331.38,331.3800,463.7,0.71464309
1987-08-28,327.04,327.0400,461.3,0.70895296
1987-08-31,329.8,329.8000,458.7,0.71898845
1987-09-01,323.4,323.4000,462.8,0.69878997
1987-09-02,321.68,321.6800,473.4,0.67950993
1987-09-03,320.21,320.2100,471.7,0.67884248
1987-09-04,316.7,316.7000,470.8,0.67268479
1987-09-08,313.56,313.5600,465.5,0.67359828
1987-09-09,313.92,313.9200,464.5,0.67582347
1987-09-10,317.13,317.1300,470.6,0.67388440
1987-09-11,321.98,321.9800,464.3,0.69347405
1987-09-14,323.08,323.0800,463.8,0.69659336
1987-09-15,317.74,317.7400,465.9,0.68199184
1987-09-16,314.86,314.8600,465.1,0.67697269
1987-09-17,314.93,314.9300,466.9,0.67451274
1987-09-18,314.86,314.8600,465.3,0.67668171
1987-09-21,310.54,310.5400,469.3,0.66170893
1987-09-22,319.5,319.5000,468.9,0.68138196
1987-09-23,321.19,321.1900,468.7,0.68527843
1987-09-24,319.72,319.7200,468.7,0.68214210
1987-09-25,320.16,320.1600,466.6,0.68615517
1987-09-28,323.2,323.2000,466.4,0.69296741
1987-09-29,321.69,321.6900,464.4,0.69270026
1987-09-30,321.83,321.8300,458.8,0.70146033
1987-10-01,327.33,327.3300,459.7,0.71205134
1987-10-02,328.07,328.0700,460.3,0.71273083
1987-10-05,328.08,328.0800,462.8,0.70890233
1987-10-06,319.22,319.2200,462.7,0.68990707
1987-10-07,318.54,318.5400,463.4,0.68739750
1987-10-08,314.16,314.1600,466.5,0.67344051
1987-10-09,311.07,311.0700,466.9,0.66624545
1987-10-12,309.39,309.3900,466.7,0.66293122
1987-10-13,314.52,314.5200,464,0.67784483
1987-10-14,305.23,305.2300,465.8,0.65528124
1987-10-15,298.08,298.0800,467.8,0.63719538
1987-10-16,282.7,282.7000,476.3,0.59353349
1987-10-19,224.84,224.8400,486.8,0.46187346
1987-10-20,236.83,236.8300,467.5,0.50658824
1987-10-21,258.38,258.3800,471.7,0.54776341
1987-10-22,248.25,248.2500,473.2,0.52461961
1987-10-23,248.22,248.2200,476.7,0.52070485
1987-10-26,227.67,227.6700,479.4,0.47490613
1987-10-27,233.19,233.1900,478.8,0.48703008
1987-10-28,233.28,233.2800,480.5,0.48549428
1987-10-29,244.77,244.7700,468.7,0.52223170
1987-10-30,251.79,251.7900,471.2,0.53435908
1987-11-02,255.75,255.7500,472.5,0.54126984
1987-11-03,250.82,250.8200,470.6,0.53297918
1987-11-04,248.96,248.9600,468.2,0.53173857
1987-11-05,254.48,254.4800,459.2,0.55418118
1987-11-06,250.41,250.4100,462.1,0.54189569
1987-11-09,243.17,243.1700,463.3,0.52486510
1987-11-10,239,239.0000,462.4,0.51686851
1987-11-11,241.9,241.9000,463.1,0.52234938
1987-11-12,248.52,248.5200,464.7,0.53479664
1987-11-13,245.64,245.6400,465.6,0.52757732
1987-11-16,246.76,246.7600,464.3,0.53146672
1987-11-17,243.04,243.0400,465.8,0.52176900
1987-11-18,245.55,245.5500,464.8,0.52829174
1987-11-19,240.05,240.0500,465.8,0.51534994
1987-11-20,242,242.0000,470.3,0.51456517
1987-11-23,242.99,242.9900,476,0.51048319
1987-11-24,246.39,246.3900,475.4,0.51827934
1987-11-25,244.1,244.1000,476.9,0.51184735
1987-11-27,240.34,240.3400,492.3,0.48819825
1987-11-30,230.3,230.3000,497.2,0.46319389
1987-12-01,232,232.0000,496.2,0.46755341
1987-12-02,233.45,233.4500,493.7,0.47285801
1987-12-03,225.21,225.2100,493.8,0.45607533
1987-12-04,223.92,223.9200,487.8,0.45904059
1987-12-07,228.76,228.7600,486.5,0.47021583
1987-12-08,234.91,234.9100,488.6,0.48078183
1987-12-09,238.89,238.8900,489.4,0.48812832
1987-12-10,233.57,233.5700,497.2,0.46977072
1987-12-11,235.32,235.3200,502,0.46876494
1987-12-14,242.19,242.1900,500.4,0.48399281
1987-12-15,242.81,242.8100,487.2,0.49837849
1987-12-16,248.08,248.0800,490.1,0.50618241
1987-12-17,242.98,242.9800,489.7,0.49618134
1987-12-18,249.16,249.1600,484,0.51479339
1987-12-21,249.54,249.5400,483.7,0.51589828
1987-12-22,249.95,249.9500,487.9,0.51229760
1987-12-23,253.16,253.1600,486.5,0.52036999
1987-12-24,252.03,252.0300,489.6,0.51476716
1987-12-28,245.57,245.5700,491.1,0.50004072
1987-12-29,244.59,244.5900,489.4,0.49977523
1987-12-30,247.86,247.8600,485.5,0.51052523
1987-12-31,247.08,247.0800,488.9,0.50537942
1988-01-04,255.94,255.9400,480.5,0.53265349
1988-01-05,258.63,258.6300,483.2,0.53524421
1988-01-06,258.89,258.8900,485.3,0.53346384
1988-01-07,261.07,261.0700,483.1,0.54040571
1988-01-08,243.4,243.4000,485.5,0.50133883
1988-01-11,247.49,247.4900,483.6,0.51176592
1988-01-12,245.42,245.4200,482.3,0.50885341
1988-01-13,245.81,245.8100,481.6,0.51040282
1988-01-14,245.88,245.8800,488.2,0.50364605
1988-01-15,252.05,252.0500,474.5,0.53119073
1988-01-18,251.88,251.8800,476.8,0.52827181
1988-01-19,249.32,249.3200,478.2,0.52137181
1988-01-20,242.63,242.6300,476.8,0.50887164
1988-01-21,243.14,243.1400,478.8,0.50781119
1988-01-22,246.5,246.5000,477.8,0.51590624
1988-01-25,252.17,252.1700,469.5,0.53710330
1988-01-26,249.57,249.5700,474.8,0.52563184
1988-01-27,249.38,249.3800,472.2,0.52812368
1988-01-28,253.29,253.2900,471.5,0.53720042
1988-01-29,257.07,257.0700,458.5,0.56067612
1988-02-01,255.04,255.0400,458.4,0.55636998
1988-02-02,255.57,255.5700,458.3,0.55764783
1988-02-03,252.21,252.2100,442.5,0.56996610
1988-02-04,252.21,252.2100,448.2,0.56271754
1988-02-05,250.96,250.9600,443.2,0.56624549
1988-02-08,249.1,249.1000,444,0.56103604
1988-02-09,251.72,251.7200,444.9,0.56579007
1988-02-10,256.66,256.6600,443.9,0.57819329
1988-02-11,255.95,255.9500,443.2,0.57750451
1988-02-12,257.63,257.6300,448.7,0.57416982
1988-02-16,259.83,259.8300,447.6,0.58049598
1988-02-17,259.21,259.2100,449.2,0.57704809
1988-02-18,257.91,257.9100,445.8,0.57853297
1988-02-19,261.61,261.6100,448,0.58395089
1988-02-22,265.64,265.6400,447.6,0.59347632
1988-02-23,265.02,265.0200,444.3,0.59648886
1988-02-24,264.43,264.4300,434.1,0.60914536
1988-02-25,261.58,261.5800,434.7,0.60174833
1988-02-26,262.46,262.4600,431.1,0.60881466
1988-02-29,267.82,267.8200,431.9,0.62009724
1988-03-01,267.22,267.2200,432.4,0.61799260
1988-03-02,267.98,267.9800,432.2,0.62003702
1988-03-03,267.88,267.8800,429.1,0.62428338
1988-03-04,267.3,267.3000,438.8,0.60916135
1988-03-07,267.38,267.3800,438.6,0.60962152
1988-03-08,269.43,269.4300,436.6,0.61710948
1988-03-09,269.06,269.0600,437.5,0.61499429
1988-03-10,263.84,263.8400,444.5,0.59356580
1988-03-11,264.94,264.9400,442.6,0.59859919
1988-03-14,266.37,266.3700,443.1,0.60115098
1988-03-15,266.13,266.1300,447.5,0.59470391
1988-03-16,268.65,268.6500,446.5,0.60167973
1988-03-17,271.22,271.2200,444.9,0.60962014
1988-03-18,271.12,271.1200,445.2,0.60898473
1988-03-21,268.74,268.7400,450.2,0.59693470
1988-03-22,268.84,268.8400,449.6,0.59795374
1988-03-23,268.91,268.9100,452,0.59493363
1988-03-24,263.35,263.3500,454.3,0.57968303
1988-03-25,258.51,258.5100,453.3,0.57028458
1988-03-28,258.06,258.0600,455.9,0.56604519
1988-03-29,260.07,260.0700,459.8,0.56561548
1988-03-30,258.07,258.0700,461.3,0.55944071
1988-03-31,258.89,258.8900,457.9,0.56538546
1988-04-04,256.09,256.0900,459.5,0.55732318
1988-04-05,258.51,258.5100,456.2,0.56665936
1988-04-06,265.49,265.4900,451.3,0.58827831
1988-04-07,266.16,266.1600,452.7,0.58793903
1988-04-08,269.43,269.4300,453.7,0.59385056
1988-04-11,270.16,270.1600,454.7,0.59414999
1988-04-12,271.37,271.3700,453.7,0.59812652
1988-04-13,271.58,271.5800,449.6,0.60404804
1988-04-14,259.75,259.7500,456.5,0.56900329
1988-04-15,259.77,259.7700,458.5,0.56656489
1988-04-18,259.21,259.2100,461.7,0.56142517
1988-04-19,257.92,257.9200,460.4,0.56020851
1988-04-20,256.13,256.1300,459,0.55801743
1988-04-21,256.42,256.4200,457.2,0.56084864
1988-04-22,260.14,260.1400,452.4,0.57502210
1988-04-25,262.51,262.5100,450.1,0.58322595
1988-04-26,263.93,263.9300,451.3,0.58482163
1988-04-27,263.8,263.8000,454.3,0.58067356
1988-04-28,262.61,262.6100,452.6,0.58022536
1988-04-29,261.33,261.3300,452.6,0.57739726
1988-05-02,261.56,261.5600,447.2,0.58488372
1988-05-03,263,263.0000,445.1,0.59087845
1988-05-04,260.32,260.3200,446.6,0.58289297
1988-05-05,258.79,258.7900,447,0.57894855
1988-05-06,257.48,257.4800,445.3,0.57821693
1988-05-09,256.54,256.5400,448.8,0.57161319
1988-05-10,257.62,257.6200,451.6,0.57046058
1988-05-11,253.31,253.3100,451.2,0.56141401
1988-05-12,253.85,253.8500,453.3,0.56000441
1988-05-13,256.78,256.7800,453.7,0.56596870
1988-05-16,258.71,258.7100,456,0.56734649
1988-05-17,255.39,255.3900,456.4,0.55957493
1988-05-18,251.35,251.3500,458.1,0.54867933
1988-05-19,252.57,252.5700,458.2,0.55122217
1988-05-20,253.02,253.0200,458.7,0.55160235
1988-05-23,250.83,250.8300,462.8,0.54198358
1988-05-24,253.51,253.5100,461.1,0.54979397
1988-05-25,253.76,253.7600,454.8,0.55795954
1988-05-26,254.63,254.6300,458.7,0.55511227
1988-05-27,253.42,253.4200,456,0.55574561
1988-05-31,262.16,262.1600,459.8,0.57016094
1988-06-01,266.69,266.6900,462.4,0.57675173
1988-06-02,265.33,265.3300,471.5,0.56273595
1988-06-03,266.45,266.4500,469.3,0.56776049
1988-06-06,267.05,267.0500,468.1,0.57049776
1988-06-07,265.17,265.1700,464.8,0.57050344
1988-06-08,271.52,271.5200,460.7,0.58936401
1988-06-09,270.2,270.2000,461.7,0.58522850
1988-06-10,271.26,271.2600,453.3,0.59841165
1988-06-13,271.43,271.4300,453.8,0.59812693
1988-06-14,274.3,274.3000,454.6,0.60338759
1988-06-15,274.45,274.4500,455.8,0.60212813
1988-06-16,269.77,269.7700,453.9,0.59433796
1988-06-17,270.68,270.6800,458.3,0.59061750
1988-06-20,268.94,268.9400,454.5,0.59172717
1988-06-21,271.67,271.6700,455.4,0.59655248
1988-06-22,275.66,275.6600,453,0.60852097
1988-06-23,274.82,274.8200,450.9,0.60949213
1988-06-24,273.78,273.7800,446,0.61385650
1988-06-27,269.06,269.0600,445.9,0.60340884
1988-06-28,272.31,272.3100,440.5,0.61818388
1988-06-29,270.98,270.9800,438.3,0.61825234
1988-06-30,273.5,273.5000,437.7,0.62485721
1988-07-01,271.78,271.7800,439.6,0.61824386
1988-07-05,275.81,275.8100,440.3,0.62641381
1988-07-06,272.02,272.0200,440.7,0.61724529
1988-07-07,271.78,271.7800,441.1,0.61614146
1988-07-08,270.02,270.0200,441,0.61229025
1988-07-11,270.55,270.5500,436.4,0.61995875
1988-07-12,267.85,267.8500,438.7,0.61055391
1988-07-13,269.32,269.3200,441.8,0.60959710
1988-07-14,270.26,270.2600,439.9,0.61436690
1988-07-15,272.05,272.0500,441.3,0.61647405
1988-07-18,270.51,270.5100,438.8,0.61647675
1988-07-19,268.47,268.4700,447.5,0.59993296
1988-07-20,270,270.0000,445.7,0.60578865
1988-07-21,266.66,266.6600,442.7,0.60234922
1988-07-22,263.5,263.5000,442.9,0.59494242
1988-07-25,264.68,264.6800,426.6,0.62044069
1988-07-26,265.19,265.1900,431.7,0.61429233
1988-07-27,262.5,262.5000,444.5,0.59055118
1988-07-28,266.02,266.0200,443.8,0.59941415
1988-07-29,272.02,272.0200,447.3,0.60813772
1988-08-01,272.21,272.2100,445.6,0.61088420
1988-08-02,272.06,272.0600,442.5,0.61482486
1988-08-03,272.98,272.9800,444.3,0.61440468
1988-08-04,271.93,271.9300,443.8,0.61273096
1988-08-05,271.15,271.1500,442.6,0.61262991
1988-08-08,269.98,269.9800,440.8,0.61247731
1988-08-09,266.49,266.4900,437.8,0.60870260
1988-08-10,261.9,261.9000,439.4,0.59604005
1988-08-11,262.75,262.7500,439.2,0.59824681
1988-08-12,262.55,262.5500,441.2,0.59508160
1988-08-15,258.69,258.6900,442.9,0.58408219
1988-08-16,260.56,260.5600,438.8,0.59380128
1988-08-17,260.77,260.7700,440.9,0.59144931
1988-08-18,261.03,261.0300,442.1,0.59043203
1988-08-19,260.24,260.2400,441.4,0.58957861
1988-08-22,256.98,256.9800,443.2,0.57982852
1988-08-23,257.09,257.0900,441.8,0.58191489
1988-08-24,261.13,261.1300,444.4,0.58760126
1988-08-25,259.18,259.1800,442.2,0.58611488
1988-08-26,259.68,259.6800,441.4,0.58830992
1988-08-29,262.33,262.3300,438.7,0.59797128
1988-08-30,262.51,262.5100,437.7,0.59974869
1988-08-31,261.52,261.5200,439.9,0.59449875
1988-09-01,258.35,258.3500,438.7,0.58889902
1988-09-02,264.48,264.4800,437.4,0.60466392
1988-09-06,265.59,265.5900,434.8,0.61083257
1988-09-07,265.87,265.8700,435.7,0.61021345
1988-09-08,265.88,265.8800,436.3,0.60939720
1988-09-09,266.84,266.8400,428.5,0.62273046
1988-09-12,266.47,266.4700,428,0.62259346
1988-09-13,267.43,267.4300,428.2,0.62454461
1988-09-14,269.31,269.3100,428,0.62922897
1988-09-15,268.13,268.1300,425,0.63089412
1988-09-16,270.65,270.6500,418.2,0.64717838
1988-09-19,268.82,268.8200,415.4,0.64713529
1988-09-20,269.73,269.7300,411.3,0.65579869
1988-09-21,270.16,270.1600,404,0.66871287
1988-09-22,269.18,269.1800,404.6,0.66529906
1988-09-23,269.76,269.7600,399.3,0.67558227
1988-09-26,268.88,268.8800,400.3,0.67169623
1988-09-27,268.26,268.2600,402.5,0.66648447
1988-09-28,269.08,269.0800,403.4,0.66703024
1988-09-29,272.59,272.5900,401.6,0.67875996
1988-09-30,271.91,271.9100,399.2,0.68113727
1988-10-03,271.38,271.3800,402.2,0.67473894
1988-10-04,270.62,270.6200,402.7,0.67201391
1988-10-05,271.86,271.8600,405.3,0.67076240
1988-10-06,272.39,272.3900,408,0.66762255
1988-10-07,278.07,278.0700,407.3,0.68271544
1988-10-10,278.24,278.2400,412.7,0.67419433
1988-10-11,277.93,277.9300,408.4,0.68053379
1988-10-12,273.98,273.9800,412.2,0.66467734
1988-10-13,275.22,275.2200,410.4,0.67061404
1988-10-14,275.5,275.5000,412.5,0.66787879
1988-10-17,276.41,276.4100,415.5,0.66524669
1988-10-18,279.38,279.3800,415.1,0.67304264
1988-10-19,276.97,276.9700,414.7,0.66788040
1988-10-20,282.88,282.8800,415.4,0.68098219
1988-10-21,283.66,283.6600,411.5,0.68933171
1988-10-24,282.28,282.2800,408.8,0.69050881
1988-10-25,282.38,282.3800,409.4,0.68974108
1988-10-26,281.38,281.3800,411.1,0.68445634
1988-10-27,277.28,277.2800,410.1,0.67612777
1988-10-28,278.53,278.5300,414.9,0.67131839
1988-10-31,278.97,278.9700,415.1,0.67205493
1988-11-01,279.06,279.0600,414,0.67405797
1988-11-02,279.06,279.0600,424.2,0.65785007
1988-11-03,279.2,279.2000,423.7,0.65895681
1988-11-04,276.31,276.3100,423.5,0.65244392
1988-11-07,273.93,273.9300,424.7,0.64499647
1988-11-08,275.15,275.1500,421.2,0.65325261
1988-11-09,273.33,273.3300,424.7,0.64358371
1988-11-10,273.69,273.6900,420.5,0.65086801
1988-11-11,267.92,267.9200,423.1,0.63323091
1988-11-14,267.72,267.7200,425.2,0.62963311
1988-11-15,268.34,268.3400,425.6,0.63049812
1988-11-16,263.82,263.8200,425.6,0.61987782
1988-11-17,264.6,264.6000,421.1,0.62835431
1988-11-18,266.47,266.4700,418.1,0.63733557
1988-11-21,266.22,266.2200,416.5,0.63918367
1988-11-22,267.21,267.2100,418.1,0.63910548
1988-11-23,269,269.0000,420.1,0.64032373
1988-11-25,267.23,267.2300,420.1,0.63611045
1988-11-28,268.64,268.6400,423.3,0.63463265
1988-11-29,270.91,270.9100,427.1,0.63430110
1988-11-30,273.7,273.7000,429.6,0.63710428
1988-12-01,272.49,272.4900,428.6,0.63576762
1988-12-02,271.81,271.8100,436.7,0.62241814
1988-12-05,274.93,274.9300,434.2,0.63318747
1988-12-06,277.59,277.5900,432.6,0.64167822
1988-12-07,278.13,278.1300,427.7,0.65029226
1988-12-08,276.59,276.5900,426.7,0.64820717
1988-12-09,277.03,277.0300,427.6,0.64787184
1988-12-12,276.52,276.5200,424.6,0.65124823
1988-12-13,276.31,276.3100,424.1,0.65152087
1988-12-14,275.31,275.3100,425.7,0.64672304
1988-12-15,274.28,274.2800,416.6,0.65837734
1988-12-16,276.29,276.2900,417.6,0.66161398
1988-12-19,278.91,278.9100,418,0.66724880
1988-12-20,277.47,277.4700,417.5,0.66459880
1988-12-21,277.38,277.3800,418.8,0.66232092
1988-12-22,276.87,276.8700,421.3,0.65718016
1988-12-23,277.87,277.8700,421.6,0.65908444
1988-12-27,276.83,276.8300,420.9,0.65770967
1988-12-28,277.08,277.0800,416.6,0.66509842
1988-12-29,279.4,279.4000,410.5,0.68063337
1988-12-30,277.72,277.7200,412.3,0.67358719
1989-01-03,275.31,275.3100,413.4,0.66596517
1989-01-04,279.43,279.4300,411,0.67987835
1989-01-05,280.01,280.0100,410.1,0.68278469
1989-01-06,280.67,280.6700,408.1,0.68774810
1989-01-09,280.98,280.9800,406.7,0.69087780
1989-01-10,280.38,280.3800,405.6,0.69127219
1989-01-11,282.01,282.0100,405.2,0.69597730
1989-01-12,283.17,283.1700,405.8,0.69780680
1989-01-13,283.87,283.8700,403.5,0.70351921
1989-01-16,284.14,284.1400,403.3,0.70453757
1989-01-17,283.55,283.5500,404,0.70185644
1989-01-18,286.53,286.5300,403.3,0.71046367
1989-01-19,286.91,286.9100,404.5,0.70929543
1989-01-20,286.63,286.6300,409.3,0.70029318
1989-01-23,284.5,284.5000,408.5,0.69645043
1989-01-24,288.49,288.4900,406.3,0.71004184
1989-01-25,289.14,289.1400,406.4,0.71146654
1989-01-26,291.69,291.6900,403.2,0.72343750
1989-01-27,293.82,293.8200,400.2,0.73418291
1989-01-30,294.99,294.9900,399.6,0.73821321
1989-01-31,297.47,297.4700,395.8,0.75156645
1989-02-01,297.09,297.0900,397.2,0.74796073
1989-02-02,296.84,296.8400,395.9,0.74978530
1989-02-03,296.97,296.9700,396.3,0.74935655
1989-02-06,296.04,296.0400,396.9,0.74588057
1989-02-07,299.63,299.6300,395.5,0.75759798
1989-02-08,298.65,298.6500,399.1,0.74830869
1989-02-09,296.06,296.0600,398,0.74386935
1989-02-10,292.02,292.0200,391.7,0.74551953
1989-02-13,292.54,292.5400,389.7,0.75068001
1989-02-14,291.81,291.8100,389,0.75015424
1989-02-15,294.24,294.2400,388.2,0.75795981
1989-02-16,294.81,294.8100,387.1,0.76158615
1989-02-17,296.76,296.7600,384.3,0.77220921
1989-02-21,295.98,295.9800,389.4,0.76009245
1989-02-22,290.91,290.9100,390.2,0.74554075
1989-02-23,292.05,292.0500,394,0.74124365
1989-02-24,287.13,287.1300,392.6,0.73135507
1989-02-27,287.82,287.8200,389.8,0.73837866
1989-02-28,288.86,288.8600,390.4,0.73990779
1989-03-01,287.11,287.1100,387.1,0.74169465
1989-03-02,289.95,289.9500,386.6,0.75000000
1989-03-03,291.18,291.1800,389.3,0.74795787
1989-03-06,294.81,294.8100,390.5,0.75495519
1989-03-07,293.87,293.8700,395.7,0.74265858
1989-03-08,294.08,294.0800,395.4,0.74375316
1989-03-09,293.93,293.9300,397.3,0.73981878
1989-03-10,292.88,292.8800,396.5,0.73866330
1989-03-13,295.32,295.3200,396.4,0.74500505
1989-03-14,295.14,295.1400,398.1,0.74137151
1989-03-15,296.67,296.6700,393.8,0.75335196
1989-03-16,299.44,299.4400,391.3,0.76524406
1989-03-17,292.69,292.6900,395,0.74098734
1989-03-20,289.92,289.9200,397.4,0.72954202
1989-03-21,291.33,291.3300,395.6,0.73642568
1989-03-22,290.49,290.4900,400.2,0.72586207
1989-03-23,288.98,288.9800,393.4,0.73457041
1989-03-27,290.57,290.5700,396.4,0.73302220
1989-03-28,291.59,291.5900,388,0.75152062
1989-03-29,292.35,292.3500,387.5,0.75445161
1989-03-30,292.52,292.5200,386.2,0.75743138
1989-03-31,294.87,294.8700,390,0.75607692
1989-04-03,296.39,296.3900,391.1,0.75783687
1989-04-04,295.31,295.3100,390.9,0.75546175
1989-04-05,296.24,296.2400,388.6,0.76232630
1989-04-06,295.29,295.2900,388.7,0.75968613
1989-04-07,297.16,297.1600,388,0.76587629
1989-04-10,297.11,297.1100,390.3,0.76123495
1989-04-11,298.49,298.4900,389.9,0.76555527
1989-04-12,298.99,298.9900,392.1,0.76253507
1989-04-13,296.4,296.4000,394.2,0.75190259
1989-04-14,301.36,301.3600,389.8,0.77311442
1989-04-17,301.72,301.7200,390.1,0.77344271
1989-04-18,306.02,306.0200,387.4,0.78993289
1989-04-19,307.15,307.1500,387.1,0.79346422
1989-04-20,306.19,306.1900,389.3,0.78651426
1989-04-21,309.61,309.6100,388.2,0.79755281
1989-04-24,308.69,308.6900,391,0.78948849
1989-04-25,306.75,306.7500,388.8,0.78896605
1989-04-26,306.93,306.9300,388.2,0.79064915
1989-04-27,309.58,309.5800,386.1,0.80181300
1989-04-28,309.64,309.6400,380.5,0.81377135
1989-05-01,309.12,309.1200,380.7,0.81197794
1989-05-02,308.12,308.1200,380.1,0.81062878
1989-05-03,308.16,308.1600,380.4,0.81009464
1989-05-04,307.77,307.7700,379.6,0.81077450
1989-05-05,307.61,307.6100,379.3,0.81099394
1989-05-08,306,306.0000,378.4,0.80866808
1989-05-09,305.19,305.1900,380.3,0.80249803
1989-05-10,305.8,305.8000,379,0.80686016
1989-05-11,306.95,306.9500,382.1,0.80332374
1989-05-12,313.84,313.8400,378.9,0.82829243
1989-05-15,316.16,316.1600,376.5,0.83973440
1989-05-16,315.28,315.2800,376.2,0.83806486
1989-05-17,317.48,317.4800,373.9,0.84910404
1989-05-18,317.97,317.9700,370.3,0.85868215
1989-05-19,321.24,321.2400,366.6,0.87626841
1989-05-22,321.98,321.9800,363.7,0.88529007
1989-05-23,318.32,318.3200,364.3,0.87378534
1989-05-24,319.14,319.1400,364.7,0.87507540
1989-05-25,319.17,319.1700,367.2,0.86919935
1989-05-26,321.59,321.5900,365.9,0.87890134
1989-05-30,319.05,319.0500,369.7,0.86299702
1989-05-31,320.52,320.5200,366.5,0.87454297
1989-06-01,321.97,321.9700,367.3,0.87658590
1989-06-02,325.52,325.5200,371.9,0.87528906
1989-06-05,322.03,322.0300,370.8,0.86847357
1989-06-06,324.24,324.2400,383.2,0.84613779
1989-06-07,326.95,326.9500,380.8,0.85858718
1989-06-08,326.75,326.7500,378.1,0.86418937
1989-06-09,326.69,326.6900,362,0.90245856
1989-06-12,326.24,326.2400,365.8,0.89185347
1989-06-13,323.91,323.9100,366.8,0.88306979
1989-06-14,323.83,323.8300,367.5,0.88117007
1989-06-15,320.08,320.0800,370.7,0.86344753
1989-06-16,321.35,321.3500,368.8,0.87133948
1989-06-19,321.89,321.8900,370.6,0.86856449
1989-06-20,321.25,321.2500,369.6,0.86918290
1989-06-21,320.48,320.4800,375.7,0.85302103
1989-06-22,322.32,322.3200,374.2,0.86135756
1989-06-23,328,328.0000,381.8,0.85908853
1989-06-26,326.6,326.6000,378.3,0.86333598
1989-06-27,328.44,328.4400,379.8,0.86477093
1989-06-28,325.81,325.8100,379.2,0.85920359
1989-06-29,319.68,319.6800,373.9,0.85498796
1989-06-30,317.98,317.9800,377.3,0.84277763
1989-07-03,319.23,319.2300,381.1,0.83765416
1989-07-05,320.64,320.6400,388.4,0.82554068
1989-07-06,321.55,321.5500,388.6,0.82745754
1989-07-07,324.91,324.9100,385.7,0.84239046
1989-07-10,327.07,327.0700,386.6,0.84601655
1989-07-11,328.78,328.7800,383.3,0.85776154
1989-07-12,329.81,329.8100,380.4,0.86700841
1989-07-13,329.95,329.9500,378.5,0.87173052
1989-07-14,331.84,331.8400,372.2,0.89156368
1989-07-17,332.44,332.4400,372.2,0.89317571
1989-07-18,331.35,331.3500,373.8,0.88643660
1989-07-19,335.73,335.7300,369.3,0.90909829
1989-07-20,333.51,333.5100,372.2,0.89605051
1989-07-21,335.9,335.9000,373,0.90053619
1989-07-24,333.67,333.6700,373.9,0.89240439
1989-07-25,333.88,333.8800,382.6,0.87266074
1989-07-26,338.05,338.0500,375,0.90146667
1989-07-27,341.99,341.9900,382,0.89526178
1989-07-28,342.15,342.1500,375.4,0.91142781
1989-07-31,346.08,346.0800,378.7,0.91386322
1989-08-01,343.75,343.7500,378.8,0.90747096
1989-08-02,344.34,344.3400,377.8,0.91143462
1989-08-03,344.74,344.7400,381.4,0.90388044
1989-08-04,343.92,343.9200,375.4,0.91614278
1989-08-07,349.41,349.4100,373.4,0.93575254
1989-08-08,349.35,349.3500,373.6,0.93509101
1989-08-09,346.94,346.9400,373.9,0.92789516
1989-08-10,348.25,348.2500,374.2,0.93065206
1989-08-11,344.74,344.7400,371.4,0.92821756
1989-08-14,343.06,343.0600,373.2,0.91923901
1989-08-15,344.71,344.7100,377.5,0.91313907
1989-08-16,345.66,345.6600,374.7,0.92249800
1989-08-17,344.45,344.4500,374.6,0.91951415
1989-08-18,346.03,346.0300,373.9,0.92546135
1989-08-21,340.67,340.6700,374.5,0.90966622
1989-08-22,341.19,341.1900,374.5,0.91105474
1989-08-23,344.7,344.7000,371.9,0.92686206
1989-08-24,351.52,351.5200,370.6,0.94851592
1989-08-25,350.52,350.5200,366.7,0.95587674
1989-08-28,352.09,352.0900,366,0.96199454
1989-08-29,349.84,349.8400,369.3,0.94730571
1989-08-30,350.65,350.6500,367.6,0.95389010
1989-08-31,351.45,351.4500,365.4,0.96182266
1989-09-01,353.73,353.7300,366.1,0.96621142
1989-09-05,352.56,352.5600,365.1,0.96565325
1989-09-06,349.24,349.2400,367.4,0.95057158
1989-09-07,348.35,348.3500,366,0.95177596
1989-09-08,348.76,348.7600,365,0.95550685
1989-09-11,347.66,347.6600,364.6,0.95353812
1989-09-12,348.7,348.7000,364.8,0.95586623
1989-09-13,345.46,345.4600,365,0.94646575
1989-09-14,343.16,343.1600,365.5,0.93887825
1989-09-15,345.06,345.0600,368.9,0.93537544
1989-09-18,346.73,346.7300,366.5,0.94605730
1989-09-19,346.55,346.5500,366.2,0.94634080
1989-09-20,346.47,346.4700,370.1,0.93615239
1989-09-21,345.7,345.7000,370.3,0.93356738
1989-09-22,347.05,347.0500,370.7,0.93620178
1989-09-25,344.23,344.2300,374.6,0.91892686
1989-09-26,344.33,344.3300,373.1,0.92288931
1989-09-27,345.1,345.1000,372.3,0.92694064
1989-09-28,348.6,348.6000,372.8,0.93508584
1989-09-29,349.15,349.1500,372,0.93857527
1989-10-02,350.87,350.8700,372.1,0.94294544
1989-10-03,354.71,354.7100,371.4,0.95506193
1989-10-04,356.94,356.9400,371.5,0.96080754
1989-10-05,356.97,356.9700,367.9,0.97029084
1989-10-06,358.78,358.7800,368.2,0.97441608
1989-10-09,359.8,359.8000,367.4,0.97931410
1989-10-10,359.13,359.1300,365.2,0.98337897
1989-10-11,356.99,356.9900,366.1,0.97511609
1989-10-12,355.39,355.3900,367.4,0.96731083
1989-10-13,333.65,333.6500,367.3,0.90838552
1989-10-16,342.85,342.8500,371.2,0.92362608
1989-10-17,341.16,341.1600,371.2,0.91907328
1989-10-18,341.76,341.7600,372.4,0.91772288
1989-10-19,347.13,347.1300,370.6,0.93667026
1989-10-20,347.16,347.1600,370.6,0.93675121
1989-10-23,344.83,344.8300,370.2,0.93146948
1989-10-24,343.7,343.7000,373.4,0.92046063
1989-10-25,342.5,342.5000,372.3,0.91995702
1989-10-26,337.93,337.9300,375.4,0.90018647
1989-10-27,335.06,335.0600,381.2,0.87896118
1989-10-30,335.07,335.0700,380.8,0.87991071
1989-10-31,340.36,340.3600,377.6,0.90137712
1989-11-01,341.2,341.2000,376.9,0.90527992
1989-11-02,338.48,338.4800,382.9,0.88399060
1989-11-03,337.62,337.6200,381,0.88614173
1989-11-06,332.61,332.6100,383.8,0.86662324
1989-11-07,334.81,334.8100,388.4,0.86202369
1989-11-08,338.15,338.1500,390.8,0.86527636
1989-11-09,336.57,336.5700,389,0.86521851
1989-11-10,339.1,339.1000,388.6,0.87261966
1989-11-13,339.55,339.5500,392.7,0.86465495
1989-11-14,337.99,337.9900,394.9,0.85588757
1989-11-15,340.54,340.5400,392.8,0.86695519
1989-11-16,340.58,340.5800,392.7,0.86727782
1989-11-17,341.61,341.6100,395.8,0.86308742
1989-11-20,339.35,339.3500,399.3,0.84986226
1989-11-21,339.59,339.5900,404.4,0.83973788
1989-11-22,341.91,341.9100,411.6,0.83068513
1989-11-24,343.97,343.9700,419.3,0.82034343
1989-11-27,345.61,345.6100,414.1,0.83460517
1989-11-28,345.77,345.7700,419.4,0.82443968
1989-11-29,343.6,343.6000,415.5,0.82695548
1989-11-30,345.99,345.9900,417.5,0.82871856
1989-12-01,350.63,350.6300,419.3,0.83622705
1989-12-04,351.41,351.4100,406.6,0.86426463
1989-12-05,349.58,349.5800,408.9,0.85492786
1989-12-06,348.55,348.5500,410.1,0.84991465
1989-12-07,347.59,347.5900,415,0.83756627
1989-12-08,348.69,348.6900,416.8,0.83658829
1989-12-11,348.56,348.5600,421.8,0.82636321
1989-12-12,351.73,351.7300,422.8,0.83190634
1989-12-13,352.75,352.7500,412.9,0.85432308
1989-12-14,350.93,350.9300,412.8,0.85012112
1989-12-15,350.14,350.1400,418.3,0.83705475
1989-12-18,343.69,343.6900,416.1,0.82597933
1989-12-19,342.46,342.4600,416.1,0.82302331
1989-12-20,342.84,342.8400,417.5,0.82117365
1989-12-21,344.78,344.7800,415.5,0.82979543
1989-12-22,347.42,347.4200,416.7,0.83374130
1989-12-26,346.81,346.8100,410.1,0.84567179
1989-12-27,348.81,348.8100,403.8,0.86381872
1989-12-28,350.67,350.6700,401.4,0.87361734
1989-12-29,353.4,353.4000,405.2,0.87216190
1990-01-02,359.69,359.6900,402.1,0.89452872
1990-01-03,358.76,358.7600,396.4,0.90504541
1990-01-04,355.67,355.6700,400.8,0.88740020
1990-01-05,352.2,352.2000,408.5,0.86217870
1990-01-08,353.79,353.7900,405,0.87355556
1990-01-09,349.62,349.6200,406.2,0.86070901
1990-01-10,347.31,347.3100,414.2,0.83850797
1990-01-11,348.53,348.5300,415.6,0.83861886
1990-01-12,339.93,339.9300,414.7,0.81970099
1990-01-15,337,337.0000,415.1,0.81185257
1990-01-16,340.75,340.7500,412.2,0.82666181
1990-01-17,337.4,337.4000,413.7,0.81556684
1990-01-18,338.19,338.1900,411.2,0.82244650
1990-01-19,339.15,339.1500,410.9,0.82538330
1990-01-22,330.38,330.3800,408,0.80975490
1990-01-23,331.61,331.6100,413.7,0.80157119
1990-01-24,330.26,330.2600,417.7,0.79066316
1990-01-25,326.08,326.0800,416.3,0.78328129
1990-01-26,325.8,325.8000,420.3,0.77516060
1990-01-29,325.2,325.2000,425.1,0.76499647
1990-01-30,322.98,322.9800,423.9,0.76192498
1990-01-31,329.08,329.0800,417.8,0.78764959
1990-02-01,328.79,328.7900,423.3,0.77673045
1990-02-02,330.92,330.9200,423.4,0.78157770
1990-02-05,331.85,331.8500,427.5,0.77625731
1990-02-06,329.66,329.6600,426.4,0.77312383
1990-02-07,333.75,333.7500,423.1,0.78882061
1990-02-08,332.96,332.9600,423.5,0.78621015
1990-02-09,333.62,333.6200,420.6,0.79320019
1990-02-12,330.08,330.0800,423.6,0.77922568
1990-02-13,331.02,331.0200,422,0.78440758
1990-02-14,332.01,332.0100,420.7,0.78918469
1990-02-15,334.89,334.8900,416.2,0.80463719
1990-02-16,332.72,332.7200,420.8,0.79068441
1990-02-20,327.99,327.9900,423.6,0.77429178
1990-02-21,327.67,327.6700,421.6,0.77720588
1990-02-22,325.7,325.7000,419,0.77732697
1990-02-23,324.15,324.1500,418.2,0.77510760
1990-02-26,328.67,328.6700,411.8,0.79813016
1990-02-27,330.26,330.2600,411,0.80355231
1990-02-28,331.89,331.8900,408.9,0.81166544
1990-03-01,332.74,332.7400,409,0.81354523
1990-03-02,335.54,335.5400,405.6,0.82726824
1990-03-05,333.74,333.7400,406.6,0.82080669
1990-03-06,337.93,337.9300,406.1,0.83213494
1990-03-07,336.95,336.9500,402.3,0.83755904
1990-03-08,340.27,340.2700,401.9,0.84665340
1990-03-09,337.93,337.9300,401.6,0.84145916
1990-03-12,338.67,338.6700,401.1,0.84435303
1990-03-13,336,336.0000,400.7,0.83853257
1990-03-14,336.87,336.8700,399.5,0.84322904
1990-03-15,338.07,338.0700,399.6,0.84602102
1990-03-16,341.91,341.9100,400.9,0.85285607
1990-03-19,343.53,343.5300,401.9,0.85476487
1990-03-20,341.57,341.5700,393.3,0.86847190
1990-03-21,339.74,339.7400,392.5,0.86557962
1990-03-22,335.69,335.6900,394.7,0.85049405
1990-03-23,337.22,337.2200,389.4,0.86599897
1990-03-26,337.63,337.6300,366.2,0.92198252
1990-03-27,341.5,341.5000,369.1,0.92522352
1990-03-28,342,342.0000,374.2,0.91394976
1990-03-29,340.79,340.7900,376,0.90635638
1990-03-30,339.94,339.9400,375,0.90650667
1990-04-02,338.7,338.7000,374.5,0.90440587
1990-04-03,343.64,343.6400,380.1,0.90407787
1990-04-04,341.09,341.0900,381.8,0.89337349
1990-04-05,340.73,340.7300,379.3,0.89831268
1990-04-06,340.08,340.0800,385.2,0.88286604
1990-04-09,341.37,341.3700,380.4,0.89739748
1990-04-10,342.07,342.0700,379.3,0.90184550
1990-04-11,341.92,341.9200,378.4,0.90359408
1990-04-12,344.34,344.3400,379.7,0.90687385
1990-04-16,344.74,344.7400,378.9,0.90984429
1990-04-17,344.68,344.6800,378.8,0.90992608
1990-04-18,340.72,340.7200,379.7,0.89734001
1990-04-19,338.09,338.0900,380.7,0.88807460
1990-04-20,335.12,335.1200,379.9,0.88212688
1990-04-23,331.05,331.0500,382.1,0.86639623
1990-04-24,330.36,330.3600,379,0.87166227
1990-04-25,332.03,332.0300,373.6,0.88873126
1990-04-26,332.92,332.9200,373.3,0.89182963
1990-04-27,329.11,329.1100,374,0.87997326
1990-04-30,330.8,330.8000,371.4,0.89068390
1990-05-01,332.25,332.2500,372.7,0.89146767
1990-05-02,334.48,334.4800,372,0.89913978
1990-05-03,335.57,335.5700,373.7,0.89796628
1990-05-04,338.39,338.3900,373.1,0.90696864
1990-05-07,340.53,340.5300,374,0.91050802
1990-05-08,342.01,342.0100,372,0.91938172
1990-05-09,342.86,342.8600,373.7,0.91747391
1990-05-10,343.82,343.8200,371.9,0.92449583
1990-05-11,352,352.0000,370.5,0.95006748
1990-05-14,354.75,354.7500,369.9,0.95904298
1990-05-15,354.28,354.2800,372.3,0.95159817
1990-05-16,354,354.0000,370.3,0.95598164
1990-05-17,354.47,354.4700,370.6,0.95647598
1990-05-18,354.64,354.6400,375.6,0.94419595
1990-05-21,358,358.0000,374.1,0.95696338
1990-05-22,358.43,358.4300,376.4,0.95225824
1990-05-23,359.29,359.2900,364.6,0.98543609
1990-05-24,358.41,358.4100,371.3,0.96528414
1990-05-25,354.58,354.5800,368.4,0.96248643
1990-05-29,360.65,360.6500,367.4,0.98162765
1990-05-30,360.86,360.8600,368.9,0.97820548
1990-05-31,361.23,361.2300,368.6,0.98000543
1990-06-01,363.16,363.1600,363.5,0.99906465
1990-06-04,367.4,367.4000,362.4,1.01379691
1990-06-05,366.64,366.6400,363.6,1.00836084
1990-06-06,364.96,364.9600,361,1.01096953
1990-06-07,363.15,363.1500,358.1,1.01410221
1990-06-08,358.71,358.7100,359.2,0.99863586
1990-06-11,361.63,361.6300,359.7,1.00536558
1990-06-12,366.25,366.2500,359.1,1.01991089
1990-06-13,364.9,364.9000,355.1,1.02759786
1990-06-14,362.9,362.9000,349.8,1.03744997
1990-06-15,362.91,362.9100,352.3,1.03011638
1990-06-18,356.88,356.8800,352,1.01386364
1990-06-19,358.47,358.4700,351.8,1.01895964
1990-06-20,359.1,359.1000,353.1,1.01699235
1990-06-21,360.47,360.4700,353.1,1.02087227
1990-06-22,355.43,355.4300,352.8,1.00745465
1990-06-25,352.31,352.3100,356.2,0.98907917
1990-06-26,352.06,352.0600,352.9,0.99761972
1990-06-27,355.14,355.1400,353.2,1.00549264
1990-06-28,357.63,357.6300,354.1,1.00996894
1990-06-29,358.02,358.0200,359.9,0.99477633
1990-07-02,359.54,359.5400,360.8,0.99650776
1990-07-03,360.16,360.1600,364.1,0.98917880
1990-07-05,355.68,355.6800,363.3,0.97902560
1990-07-06,358.42,358.4200,362.9,0.98765500
1990-07-09,359.52,359.5200,359.9,0.99894415
1990-07-10,356.49,356.4900,357.1,0.99829180
1990-07-11,361.23,361.2300,355.6,1.01583240
1990-07-12,365.44,365.4400,359.5,1.01652295
1990-07-13,367.31,367.3100,365.7,1.00440252
1990-07-16,368.95,368.9500,364.5,1.01220850
1990-07-17,367.52,367.5200,363,1.01245179
1990-07-18,364.22,364.2200,362.5,1.00474483
1990-07-19,365.32,365.3200,362.1,1.00889257
1990-07-20,361.61,361.6100,362,0.99892265
1990-07-23,355.31,355.3100,369.7,0.96107655
1990-07-24,355.79,355.7900,368.4,0.96577090
1990-07-25,357.09,357.0900,372.4,0.95888829
1990-07-26,355.91,355.9100,369.6,0.96295996
1990-07-27,353.44,353.4400,368,0.96043478
1990-07-30,355.55,355.5500,376.8,0.94360403
1990-07-31,356.15,356.1500,379.2,0.93921414
1990-08-01,355.52,355.5200,382.4,0.92970711
1990-08-02,351.48,351.4800,385.9,0.91080591
1990-08-03,344.86,344.8600,386.4,0.89249482
1990-08-06,334.43,334.4300,393.8,0.84923819
1990-08-07,334.83,334.8300,393.7,0.85046990
1990-08-08,338.35,338.3500,392.2,0.86269760
1990-08-09,339.94,339.9400,394.8,0.86104357
1990-08-10,335.52,335.5200,405.9,0.82660754
1990-08-13,338.84,338.8400,405.9,0.83478689
1990-08-14,339.39,339.3900,414,0.81978261
1990-08-15,340.06,340.0600,411.3,0.82679310
1990-08-16,332.39,332.3900,417.9,0.79538167
1990-08-17,327.83,327.8300,418.3,0.78371982
1990-08-20,328.51,328.5100,418.8,0.78440783
1990-08-21,321.86,321.8600,416,0.77370192
1990-08-22,316.55,316.5500,419.3,0.75494872
1990-08-23,307.06,307.0600,420.3,0.73057340
1990-08-24,311.51,311.5100,423.2,0.73608223
1990-08-27,321.44,321.4400,396.2,0.81130742
1990-08-28,321.34,321.3400,392.8,0.81807536
1990-08-29,324.19,324.1900,392.7,0.82554113
1990-08-30,318.71,318.7100,393.7,0.80952502
1990-08-31,322.56,322.5600,389.2,0.82877698
1990-09-04,323.09,323.0900,390.5,0.82737516
1990-09-05,324.39,324.3900,393,0.82541985
1990-09-06,320.46,320.4600,396.2,0.80883392
1990-09-07,323.4,323.4000,396,0.81666667
1990-09-10,321.63,321.6300,384.8,0.83583680
1990-09-11,321.04,321.0400,386.6,0.83041904
1990-09-12,322.54,322.5400,388.1,0.83107447
1990-09-13,318.65,318.6500,388.8,0.81957305
1990-09-14,316.83,316.8300,391,0.81030691
1990-09-17,317.77,317.7700,395.2,0.80407389
1990-09-18,318.6,318.6000,393.3,0.81006865
1990-09-19,316.6,316.6000,391.4,0.80889116
1990-09-20,311.48,311.4800,394.2,0.79015728
1990-09-21,311.32,311.3200,394.5,0.78915082
1990-09-24,304.59,304.5900,408.3,0.74599559
1990-09-25,308.26,308.2600,407.6,0.75628067
1990-09-26,305.06,305.0600,412.8,0.73900194
1990-09-27,300.97,300.9700,410.8,0.73264362
1990-09-28,306.05,306.0500,408.1,0.74993874
1990-10-01,314.94,314.9400,391.6,0.80423902
1990-10-02,315.21,315.2100,393.9,0.80022848
1990-10-03,311.4,311.4000,398.5,0.78143036
1990-10-04,312.69,312.6900,396.9,0.78783069
1990-10-05,311.5,311.5000,398.1,0.78246672
1990-10-08,313.48,313.4800,399.3,0.78507388
1990-10-09,305.1,305.1000,394,0.77436548
1990-10-10,300.39,300.3900,392.2,0.76591025
1990-10-11,295.46,295.4600,393.6,0.75066057
1990-10-12,300.03,300.0300,391.3,0.76675185
1990-10-15,303.23,303.2300,378.5,0.80113606
1990-10-16,298.92,298.9200,365.1,0.81873459
1990-10-17,298.76,298.7600,369.8,0.80789616
1990-10-18,305.74,305.7400,373,0.81967828
1990-10-19,312.48,312.4800,375.7,0.83172744
1990-10-22,314.76,314.7600,372.4,0.84522019
1990-10-23,312.36,312.3600,373.9,0.83541054
1990-10-24,312.6,312.6000,376,0.83138298
1990-10-25,310.17,310.1700,378.3,0.81990484
1990-10-26,304.71,304.7100,373.2,0.81647910
1990-10-29,301.88,301.8800,375.8,0.80329963
1990-10-30,304.06,304.0600,381.7,0.79659418
1990-10-31,304,304.0000,381.3,0.79727249
1990-11-01,307.02,307.0200,383.1,0.80140955
1990-11-02,311.85,311.8500,378,0.82500000
1990-11-05,314.59,314.5900,381.1,0.82547888
1990-11-06,311.62,311.6200,388.1,0.80293739
1990-11-07,306.01,306.0100,387.9,0.78888889
1990-11-08,307.61,307.6100,388.9,0.79097454
1990-11-09,313.74,313.7400,386.3,0.81216671
1990-11-12,319.48,319.4800,383.3,0.83349857
1990-11-13,317.67,317.6700,387,0.82085271
1990-11-14,320.4,320.4000,378.5,0.84649934
1990-11-15,317.02,317.0200,380,0.83426316
1990-11-16,317.12,317.1200,379.8,0.83496577
1990-11-19,319.34,319.3400,382.3,0.83531258
1990-11-20,315.31,315.3100,378.5,0.83305152
1990-11-21,316.03,316.0300,379.8,0.83209584
1990-11-23,315.1,315.1000,384.5,0.81950585
1990-11-26,316.51,316.5100,386.7,0.81848979
1990-11-27,318.1,318.1000,385.8,0.82452048
1990-11-28,317.95,317.9500,385.7,0.82434535
1990-11-29,316.42,316.4200,391.7,0.80781210
1990-11-30,322.22,322.2200,385.7,0.83541613
1990-12-03,324.1,324.1000,378.5,0.85627477
1990-12-04,326.35,326.3500,380.5,0.85768725
1990-12-05,329.92,329.9200,375.8,0.87791378
1990-12-06,329.07,329.0700,373.2,0.88175241
1990-12-07,327.75,327.7500,372.1,0.88081161
1990-12-10,328.89,328.8900,375.9,0.87494014
1990-12-11,326.44,326.4400,373.6,0.87376874
1990-12-12,330.19,330.1900,374.5,0.88168224
1990-12-13,329.34,329.3400,376.1,0.87567136
1990-12-14,326.82,326.8200,378.6,0.86323296
1990-12-17,326.02,326.0200,379.3,0.85953071
1990-12-18,330.05,330.0500,378.4,0.87222516
1990-12-19,330.2,330.2000,388,0.85103093
1990-12-20,330.12,330.1200,386.7,0.85368503
1990-12-21,331.75,331.7500,384.3,0.86325787
1990-12-24,329.9,329.9000,384.3,0.85844392
1990-12-26,330.85,330.8500,387.4,0.85402685
1990-12-27,328.29,328.2900,387.6,0.84698142
1990-12-28,328.72,328.7200,396.2,0.82968198
1990-12-31,330.22,330.2200,396.2,0.83346795
1991-01-02,326.45,326.4500,391.1,0.83469701
1991-01-03,321.91,321.9100,388.9,0.82774492
1991-01-04,321,321.0000,387.2,0.82902893
1991-01-07,315.44,315.4400,396.2,0.79616355
1991-01-08,314.9,314.9000,392.3,0.80270201
1991-01-09,311.49,311.4900,393,0.79259542
1991-01-10,314.53,314.5300,392.1,0.80216781
1991-01-11,315.23,315.2300,393.3,0.80150013
1991-01-14,312.49,312.4900,401.6,0.77811255
1991-01-15,313.73,313.7300,400.2,0.78393303
1991-01-16,316.17,316.1700,404.5,0.78163164
1991-01-17,327.97,327.9700,374.4,0.87598825
1991-01-18,332.23,332.2300,375.1,0.88571048
1991-01-21,331.06,331.0600,379.5,0.87235837
1991-01-22,328.31,328.3100,380.1,0.86374638
1991-01-23,330.21,330.2100,378.9,0.87149644
1991-01-24,334.78,334.7800,373.5,0.89633199
1991-01-25,336.07,336.0700,376.1,0.89356554
1991-01-28,336.03,336.0300,377.1,0.89108990
1991-01-29,335.84,335.8400,376.4,0.89224230
1991-01-30,340.91,340.9100,371.5,0.91765814
1991-01-31,343.93,343.9300,368.5,0.93332429
1991-02-01,343.05,343.0500,368.7,0.93043124
1991-02-04,348.34,348.3400,371.6,0.93740581
1991-02-05,351.26,351.2600,368.9,0.95218216
1991-02-06,358.07,358.0700,365.2,0.98047645
1991-02-07,356.52,356.5200,370,0.96356757
1991-02-08,359.35,359.3500,372.4,0.96495704
1991-02-11,368.58,368.5800,369.1,0.99859117
1991-02-12,365.5,365.5000,370.3,0.98703754
1991-02-13,369.02,369.0200,369.5,0.99870095
1991-02-14,364.22,364.2200,370.2,0.98384657
1991-02-15,369.06,369.0600,366.1,1.00808522
1991-02-19,369.39,369.3900,366.1,1.00898662
1991-02-20,365.14,365.1400,366.1,0.99737777
1991-02-21,364.97,364.9700,364.1,1.00238945
1991-02-22,365.65,365.6500,358.3,1.02051354
1991-02-25,367.26,367.2600,360.8,1.01790466
1991-02-26,362.81,362.8100,360.2,1.00724597
1991-02-27,367.74,367.7400,363.3,1.01222130
1991-02-28,367.07,367.0700,369,0.99476965
1991-03-01,370.47,370.4700,368.6,1.00507325
1991-03-04,369.33,369.3300,369.5,0.99953992
1991-03-05,376.72,376.7200,366.3,1.02844663
1991-03-06,376.17,376.1700,367.5,1.02359184
1991-03-07,375.91,375.9100,368.5,1.02010855
1991-03-08,374.95,374.9500,371.2,1.01010237
1991-03-11,372.96,372.9600,366.2,1.01845986
1991-03-12,370.03,370.0300,366.1,1.01073477
1991-03-13,374.57,374.5700,368.1,1.01757675
1991-03-14,373.5,373.5000,366.3,1.01965602
1991-03-15,373.59,373.5900,365.8,1.02129579
1991-03-18,372.11,372.1100,363.7,1.02312345
1991-03-19,366.59,366.5900,364.5,1.00573388
1991-03-20,367.92,367.9200,363.6,1.01188119
1991-03-21,366.58,366.5800,363.5,1.00847318
1991-03-22,367.48,367.4800,363.5,1.01094911
1991-03-25,369.83,369.8300,359.4,1.02902059
1991-03-26,376.3,376.3000,360.1,1.04498750
1991-03-27,375.35,375.3500,358.4,1.04729353
1991-03-28,375.22,375.2200,359.4,1.04401781
1991-04-01,371.3,371.3000,362.4,1.02455850
1991-04-02,379.5,379.5000,360.5,1.05270458
1991-04-03,378.94,378.9400,362.2,1.04621756
1991-04-04,379.77,379.7700,361.7,1.04995853
1991-04-05,375.36,375.3600,362.1,1.03661972
1991-04-08,378.66,378.6600,364,1.04027473
1991-04-09,373.56,373.5600,367.2,1.01732026
1991-04-10,373.15,373.1500,366.3,1.01870052
1991-04-11,377.63,377.6300,364.8,1.03516996
1991-04-12,380.4,380.4000,362.7,1.04880066
1991-04-15,381.19,381.1900,363.2,1.04953194
1991-04-16,387.62,387.6200,363.1,1.06752961
1991-04-17,390.45,390.4500,363.7,1.07354963
1991-04-18,388.46,388.4600,360.2,1.07845641
1991-04-19,384.2,384.2000,359,1.07019499
1991-04-22,380.95,380.9500,359.7,1.05907701
1991-04-23,381.76,381.7600,358.9,1.06369462
1991-04-24,382.76,382.7600,358.1,1.06886345
1991-04-25,379.25,379.2500,355.8,1.06590781
1991-04-26,379.02,379.0200,355.5,1.06616034
1991-04-29,373.66,373.6600,354.1,1.05523863
1991-04-30,375.34,375.3400,357.7,1.04931507
1991-05-01,380.29,380.2900,357.7,1.06315348
1991-05-02,380.52,380.5200,356.7,1.06677881
1991-05-03,380.8,380.8000,355.5,1.07116737
1991-05-06,380.08,380.0800,356.9,1.06494816
1991-05-07,377.32,377.3200,358.1,1.05367216
1991-05-08,378.51,378.5100,358.5,1.05581590
1991-05-09,383.25,383.2500,359.3,1.06665739
1991-05-10,375.74,375.7400,358.3,1.04867430
1991-05-13,376.76,376.7600,359.8,1.04713730
1991-05-14,371.62,371.6200,361.2,1.02884828
1991-05-15,368.57,368.5700,360.9,1.02125242
1991-05-16,372.19,372.1900,357.1,1.04225707
1991-05-17,372.39,372.3900,356,1.04603933
1991-05-20,372.28,372.2800,358.1,1.03959788
1991-05-21,375.35,375.3500,357.9,1.04875664
1991-05-22,376.19,376.1900,356.8,1.05434417
1991-05-23,374.96,374.9600,355.5,1.05473980
1991-05-24,377.49,377.4900,356.8,1.05798767
1991-05-28,381.94,381.9400,363.7,1.05015122
1991-05-29,382.79,382.7900,364.2,1.05104338
1991-05-30,386.96,386.9600,366.5,1.05582538
1991-05-31,389.83,389.8300,364.8,1.06861294
1991-06-03,388.06,388.0600,366.4,1.05911572
1991-06-04,387.74,387.7400,365.8,1.05997813
1991-06-05,385.09,385.0900,365.7,1.05302160
1991-06-06,383.63,383.6300,368.1,1.04218962
1991-06-07,379.43,379.4300,369.5,1.02687415
1991-06-10,378.57,378.5700,376.6,1.00523101
1991-06-11,381.05,381.0500,373.9,1.01912276
1991-06-12,376.65,376.6500,373.1,1.00951488
1991-06-13,377.63,377.6300,372.9,1.01268437
1991-06-14,382.29,382.2900,369.8,1.03377501
1991-06-17,380.13,380.1300,370.8,1.02516181
1991-06-18,378.59,378.5900,370.9,1.02073335
1991-06-19,375.09,375.0900,371.1,1.01075182
1991-06-20,375.42,375.4200,370.4,1.01355292
1991-06-21,377.75,377.7500,368.1,1.02621570
1991-06-24,370.94,370.9400,365.2,1.01571742
1991-06-25,370.65,370.6500,366.7,1.01077175
1991-06-26,371.59,371.5900,367.9,1.01002990
1991-06-27,374.4,374.4000,367.9,1.01766784
1991-06-28,371.16,371.1600,370,1.00313514
1991-07-01,377.92,377.9200,369.9,1.02168154
1991-07-02,377.47,377.4700,369.4,1.02184624
1991-07-03,373.33,373.3300,371.6,1.00465554
1991-07-05,374.08,374.0800,371.6,1.00667384
1991-07-08,377.94,377.9400,372.1,1.01569471
1991-07-09,376.11,376.1100,370.6,1.01486778
1991-07-10,375.74,375.7400,371.2,1.01223060
1991-07-11,376.97,376.9700,368.9,1.02187585
1991-07-12,380.25,380.2500,369.6,1.02881494
1991-07-15,382.39,382.3900,370.1,1.03320724
1991-07-16,381.54,381.5400,369.8,1.03174689
1991-07-17,381.18,381.1800,370.5,1.02882591
1991-07-18,385.37,385.3700,370.9,1.03901321
1991-07-19,384.22,384.2200,371.2,1.03507543
1991-07-22,382.88,382.8800,368.1,1.04015213
1991-07-23,379.42,379.4200,368.5,1.02963365
1991-07-24,378.64,378.6400,364.7,1.03822320
1991-07-25,380.96,380.9600,364.7,1.04458459
1991-07-26,380.93,380.9300,366.3,1.03993994
1991-07-29,383.15,383.1500,370.8,1.03330636
1991-07-30,386.69,386.6900,369.8,1.04567334
1991-07-31,387.81,387.8100,370.8,1.04587379
1991-08-01,387.12,387.1200,370.3,1.04542263
1991-08-02,387.18,387.1800,362.3,1.06867237
1991-08-05,385.06,385.0600,362.7,1.06164875
1991-08-06,390.62,390.6200,363.1,1.07579179
1991-08-07,390.56,390.5600,362.8,1.07651599
1991-08-08,389.32,389.3200,363.3,1.07162125
1991-08-09,387.12,387.1200,364.4,1.06234907
1991-08-12,388.02,388.0200,363.5,1.06745530
1991-08-13,389.62,389.6200,362.2,1.07570403
1991-08-14,389.9,389.9000,363.6,1.07233223
1991-08-15,389.33,389.3300,362.7,1.07342156
1991-08-16,385.58,385.5800,363.5,1.06074278
1991-08-19,376.47,376.4700,364.1,1.03397418
1991-08-20,379.43,379.4300,361.3,1.05017991
1991-08-21,390.59,390.5900,362.1,1.07867992
1991-08-22,391.33,391.3300,359.4,1.08884252
1991-08-23,394.17,394.1700,358.6,1.09919130
1991-08-26,393.85,393.8500,360.3,1.09311685
1991-08-27,393.06,393.0600,359.5,1.09335188
1991-08-28,396.64,396.6400,358.9,1.10515464
1991-08-29,396.47,396.4700,355.7,1.11461906
1991-08-30,395.43,395.4300,352.9,1.12051573
1991-09-03,392.15,392.1500,352.9,1.11122131
1991-09-04,389.97,389.9700,353,1.10473088
1991-09-05,389.14,389.1400,351.4,1.10739898
1991-09-06,389.1,389.1000,353.4,1.10101868
1991-09-09,388.57,388.5700,355.2,1.09394707
1991-09-10,384.56,384.5600,354,1.08632768
1991-09-11,385.09,385.0900,349.4,1.10214654
1991-09-12,387.34,387.3400,348.2,1.11240666
1991-09-13,383.59,383.5900,348.2,1.10163699
1991-09-16,385.78,385.7800,348.3,1.10760838
1991-09-17,385.5,385.5000,350.4,1.10017123
1991-09-18,386.94,386.9400,352.3,1.09832529
1991-09-19,387.56,387.5600,352,1.10102273
1991-09-20,387.92,387.9200,352.1,1.10173246
1991-09-23,385.92,385.9200,354.3,1.08924640
1991-09-24,387.71,387.7100,357.2,1.08541433
1991-09-25,386.88,386.8800,356.3,1.08582655
1991-09-26,386.49,386.4900,354.1,1.09147134
1991-09-27,385.9,385.9000,352.4,1.09506243
1991-09-30,387.86,387.8600,357.3,1.08553037
1991-10-01,389.2,389.2000,357.3,1.08928072
1991-10-02,388.26,388.2600,358.6,1.08271054
1991-10-03,384.47,384.4700,360.6,1.06619523
1991-10-04,381.25,381.2500,361.7,1.05405032
1991-10-07,379.5,379.5000,362,1.04834254
1991-10-08,380.67,380.6700,360.2,1.05682954
1991-10-09,376.8,376.8000,362.1,1.04059652
1991-10-10,380.55,380.5500,361.3,1.05327982
1991-10-11,381.45,381.4500,362.4,1.05256623
1991-10-14,386.47,386.4700,361.3,1.06966510
1991-10-15,391.01,391.0100,360.1,1.08583727
1991-10-16,392.8,392.8000,360.5,1.08959778
1991-10-17,391.92,391.9200,362.3,1.08175545
1991-10-18,392.5,392.5000,364.4,1.07711306
1991-10-21,390.02,390.0200,365.9,1.06591965
1991-10-22,387.83,387.8300,366,1.05964481
1991-10-23,387.94,387.9400,364.3,1.06489157
1991-10-24,385.07,385.0700,364,1.05788462
1991-10-25,384.2,384.2000,362.7,1.05927764
1991-10-28,389.52,389.5200,360.8,1.07960089
1991-10-29,391.48,391.4800,361.1,1.08413182
1991-10-30,392.96,392.9600,360.5,1.09004161
1991-10-31,392.45,392.4500,359.5,1.09165508
1991-11-01,391.32,391.3200,356.9,1.09644158
1991-11-04,390.28,390.2800,358.1,1.08986317
1991-11-05,388.71,388.7100,355.4,1.09372538
1991-11-06,389.97,389.9700,355.8,1.09603710
1991-11-07,393.72,393.7200,354.7,1.11000846
1991-11-08,392.89,392.8900,355.2,1.10610923
1991-11-11,393.12,393.1200,356.2,1.10364964
1991-11-12,396.74,396.7400,356.7,1.11225119
1991-11-13,397.41,397.4100,357.3,1.11225861
1991-11-14,397.15,397.1500,355.7,1.11653078
1991-11-15,382.62,382.6200,360.1,1.06253818
1991-11-18,385.24,385.2400,361.5,1.06567082
1991-11-19,379.42,379.4200,364.4,1.04121844
1991-11-20,378.53,378.5300,364.7,1.03792158
1991-11-21,380.06,380.0600,368.6,1.03109061
1991-11-22,376.14,376.1400,369.6,1.01769481
1991-11-25,375.34,375.3400,368.3,1.01911485
1991-11-26,377.96,377.9600,369.3,1.02344977
1991-11-27,376.55,376.5500,371.2,1.01441272
1991-11-29,375.22,375.2200,371.1,1.01110213
1991-12-02,381.4,381.4000,369.9,1.03108948
1991-12-03,380.96,380.9600,366.4,1.03973799
1991-12-04,380.07,380.0700,367.9,1.03307964
1991-12-05,377.39,377.3900,370,1.01997297
1991-12-06,379.1,379.1000,371.9,1.01936004
1991-12-09,378.26,378.2600,371.6,1.01792250
1991-12-10,377.9,377.9000,371.1,1.01832390
1991-12-11,377.7,377.7000,368.6,1.02468801
1991-12-12,381.55,381.5500,359.9,1.06015560
1991-12-13,384.47,384.4700,361.3,1.06412953
1991-12-16,384.46,384.4600,360.9,1.06528124
1991-12-17,382.74,382.7400,359.1,1.06583124
1991-12-18,383.48,383.4800,360.8,1.06286031
1991-12-19,382.52,382.5200,359.1,1.06521860
1991-12-20,387.04,387.0400,360.3,1.07421593
1991-12-23,396.82,396.8200,361,1.09922438
1991-12-24,399.33,399.3300,360.7,1.10709731
1991-12-26,404.84,404.8400,355.9,1.13751054
1991-12-27,406.46,406.4600,355,1.14495775
1991-12-30,415.14,415.1400,353.9,1.17304323
1991-12-31,417.09,417.0900,355.2,1.17423986
1992-01-02,417.26,417.2600,353.2,1.18137033
1992-01-03,419.34,419.3400,351.5,1.19300142
1992-01-06,417.96,417.9600,350.3,1.19314873
1992-01-07,417.4,417.4000,350.5,1.19087019
1992-01-08,418.1,418.1000,351.5,1.18947368
1992-01-09,417.61,417.6100,357.5,1.16813986
1992-01-10,415.1,415.1000,356.9,1.16307089
1992-01-13,414.34,414.3400,354.5,1.16880113
1992-01-14,420.44,420.4400,355.2,1.18367117
1992-01-15,420.77,420.7700,354.7,1.18627009
1992-01-16,418.21,418.2100,357,1.17145658
1992-01-17,418.86,418.8600,354.5,1.18155148
1992-01-20,416.36,416.3600,358.2,1.16236739
1992-01-21,412.64,412.6400,358.4,1.15133929
1992-01-22,418.13,418.1300,358.3,1.16698298
1992-01-23,414.96,414.9600,354.9,1.16923077
1992-01-24,415.48,415.4800,354.7,1.17135608
1992-01-27,414.99,414.9900,355,1.16898592
1992-01-28,414.96,414.9600,357.9,1.15943001
1992-01-29,410.34,410.3400,358.2,1.14556114
1992-01-30,411.62,411.6200,355.6,1.15753656
1992-01-31,408.78,408.7800,358.9,1.13898022
1992-02-03,409.53,409.5300,358.4,1.14266183
1992-02-04,413.85,413.8500,357.9,1.15632858
1992-02-05,413.84,413.8400,357.3,1.15824237
1992-02-06,413.82,413.8200,357.4,1.15786234
1992-02-07,411.09,411.0900,356.5,1.15312763
1992-02-10,413.77,413.7700,357.4,1.15772244
1992-02-11,413.76,413.7600,357.8,1.15640022
1992-02-12,417.13,417.1300,359.6,1.15998331
1992-02-13,413.69,413.6900,357.3,1.15782256
1992-02-14,412.48,412.4800,355.1,1.16158828
1992-02-18,407.38,407.3800,354.7,1.14851988
1992-02-19,408.26,408.2600,354.5,1.15165021
1992-02-20,413.9,413.9000,354.7,1.16690161
1992-02-21,411.43,411.4300,352.5,1.16717730
1992-02-24,412.27,412.2700,351.1,1.17422387
1992-02-25,410.45,410.4500,350.6,1.17070736
1992-02-26,415.35,415.3500,350.8,1.18400798
1992-02-27,413.86,413.8600,355,1.16580282
1992-02-28,412.7,412.7000,354.1,1.16548997
1992-03-02,412.45,412.4500,352.5,1.17007092
1992-03-03,412.85,412.8500,351.4,1.17487194
1992-03-04,409.33,409.3300,351.6,1.16419226
1992-03-05,406.51,406.5100,352.3,1.15387454
1992-03-06,404.44,404.4400,350.3,1.15455324
1992-03-09,405.21,405.2100,349.7,1.15873606
1992-03-10,406.89,406.8900,349.8,1.16320755
1992-03-11,404.03,404.0300,351.4,1.14977234
1992-03-12,403.89,403.8900,348,1.16060345
1992-03-13,405.84,405.8400,347.3,1.16855744
1992-03-16,406.39,406.3900,343.9,1.18170980
1992-03-17,409.58,409.5800,340.6,1.20252496
1992-03-18,409.15,409.1500,338.8,1.20764463
1992-03-19,409.8,409.8000,339.1,1.20849307
1992-03-20,411.3,411.3000,338.5,1.21506647
1992-03-23,409.91,409.9100,338.5,1.21096012
1992-03-24,408.88,408.8800,339.8,1.20329606
1992-03-25,407.52,407.5200,341.3,1.19402285
1992-03-26,407.86,407.8600,343,1.18909621
1992-03-27,403.5,403.5000,344.4,1.17160279
1992-03-30,403,403.0000,343.8,1.17219314
1992-03-31,403.69,403.6900,345.5,1.16842258
1992-04-01,404.23,404.2300,344.6,1.17304121
1992-04-02,400.5,400.5000,342.4,1.16968458
1992-04-03,401.55,401.5500,342.7,1.17172454
1992-04-06,405.59,405.5900,341.8,1.18662961
1992-04-07,398.06,398.0600,340.1,1.17042046
1992-04-08,394.5,394.5000,339.3,1.16268789
1992-04-09,400.64,400.6400,340.9,1.17524201
1992-04-10,404.29,404.2900,342.5,1.18040876
1992-04-13,406.08,406.0800,340.6,1.19224897
1992-04-14,412.39,412.3900,340.8,1.21006455
1992-04-15,416.28,416.2800,337,1.23525223
1992-04-16,416.04,416.0400,338.3,1.22979604
1992-04-20,410.18,410.1800,337.7,1.21462837
1992-04-21,410.26,410.2600,341.7,1.20064384
1992-04-22,409.81,409.8100,339.8,1.20603296
1992-04-23,411.6,411.6000,339.3,1.21308576
1992-04-24,409.02,409.0200,337.5,1.21191111
1992-04-27,408.45,408.4500,337.1,1.21165826
1992-04-28,409.11,409.1100,337.2,1.21325623
1992-04-29,412.02,412.0200,336.4,1.22479191
1992-04-30,414.95,414.9500,337.9,1.22802604
1992-05-01,412.53,412.5300,339.3,1.21582670
1992-05-04,416.91,416.9100,337.6,1.23492299
1992-05-05,416.84,416.8400,337.8,1.23398461
1992-05-06,416.79,416.7900,337.5,1.23493333
1992-05-07,415.85,415.8500,335.9,1.23801727
1992-05-08,416.05,416.0500,336.3,1.23713946
1992-05-11,418.49,418.4900,337,1.24181009
1992-05-12,416.29,416.2900,335.8,1.23969625
1992-05-13,416.45,416.4500,336.1,1.23906575
1992-05-14,413.14,413.1400,338.4,1.22086288
1992-05-15,410.09,410.0900,339.1,1.20934827
1992-05-18,412.81,412.8100,339.3,1.21665193
1992-05-19,416.37,416.3700,338.2,1.23113542
1992-05-20,415.39,415.3900,338.4,1.22751182
1992-05-21,412.6,412.6000,337.4,1.22288085
1992-05-22,414.02,414.0200,338.1,1.22454895
1992-05-26,411.41,411.4100,338.4,1.21575059
1992-05-27,412.17,412.1700,340,1.21226471
1992-05-28,416.74,416.7400,339,1.22932153
1992-05-29,415.35,415.3500,338.4,1.22739362
1992-06-01,417.3,417.3000,339.6,1.22879859
1992-06-02,413.5,413.5000,341.2,1.21189918
1992-06-03,414.59,414.5900,340.6,1.21723429
1992-06-04,413.26,413.2600,340.6,1.21332942
1992-06-05,413.48,413.4800,340.7,1.21361902
1992-06-08,413.36,413.3600,340.1,1.21540723
1992-06-09,410.06,410.0600,340.2,1.20534979
1992-06-10,407.25,407.2500,339.8,1.19849912
1992-06-11,409.05,409.0500,342.3,1.19500438
1992-06-12,409.76,409.7600,344.7,1.18874384
1992-06-15,410.29,410.2900,344.9,1.18959119
1992-06-16,408.32,408.3200,344,1.18697674
1992-06-17,402.26,402.2600,342.9,1.17311169
1992-06-18,400.96,400.9600,344.2,1.16490413
1992-06-19,403.67,403.6700,342.4,1.17894276
1992-06-22,403.4,403.4000,345.2,1.16859791
1992-06-23,404.04,404.0400,346,1.16774566
1992-06-24,403.84,403.8400,344.3,1.17293058
1992-06-25,403.12,403.1200,344.6,1.16982008
1992-06-26,403.45,403.4500,343.9,1.17316080
1992-06-29,408.94,408.9400,345.1,1.18498986
1992-06-30,408.14,408.1400,344.4,1.18507549
1992-07-01,412.88,412.8800,345.6,1.19467593
1992-07-02,411.77,411.7700,347.6,1.18460875
1992-07-06,413.84,413.8400,347.5,1.19090647
1992-07-07,409.16,409.1600,347.1,1.17879574
1992-07-08,410.28,410.2800,348.4,1.17761194
1992-07-09,414.23,414.2300,349.4,1.18554665
1992-07-10,414.62,414.6200,349,1.18802292
1992-07-13,414.87,414.8700,349.8,1.18602058
1992-07-14,417.68,417.6800,351.8,1.18726549
1992-07-15,417.1,417.1000,354.7,1.17592332
1992-07-16,417.54,417.5400,353.2,1.18216308
1992-07-17,415.62,415.6200,358,1.16094972
1992-07-20,413.75,413.7500,359.6,1.15058398
1992-07-21,413.76,413.7600,358.1,1.15543144
1992-07-22,410.93,410.9300,359.3,1.14369608
1992-07-23,412.08,412.0800,358.9,1.14817498
1992-07-24,411.6,411.6000,359.5,1.14492350
1992-07-27,411.54,411.5400,358.1,1.14923206
1992-07-28,417.52,417.5200,362.9,1.15050978
1992-07-29,422.23,422.2300,360.4,1.17155938
1992-07-30,423.92,423.9200,360.6,1.17559623
1992-07-31,424.21,424.2100,361.4,1.17379635
1992-08-03,425.09,425.0900,356.5,1.19239832
1992-08-04,424.36,424.3600,356.5,1.19035063
1992-08-05,422.19,422.1900,352.9,1.19634457
1992-08-06,420.59,420.5900,352.7,1.19248653
1992-08-07,418.88,418.8800,353.9,1.18361119
1992-08-10,419.42,419.4200,354,1.18480226
1992-08-11,418.9,418.9000,350.9,1.19378740
1992-08-12,417.78,417.7800,342,1.22157895
1992-08-13,417.73,417.7300,337.2,1.23881969
1992-08-14,419.91,419.9100,337.8,1.24307282
1992-08-17,420.74,420.7400,339.9,1.23783466
1992-08-18,421.34,421.3400,338.7,1.24399173
1992-08-19,418.19,418.1900,340.8,1.22708333
1992-08-20,418.26,418.2600,340.2,1.22945326
1992-08-21,414.85,414.8500,340,1.22014706
1992-08-24,410.72,410.7200,344.3,1.19291316
1992-08-25,411.61,411.6100,343.3,1.19898048
1992-08-26,413.51,413.5100,340.9,1.21299501
1992-08-27,413.53,413.5300,341.7,1.21021364
1992-08-28,414.84,414.8400,342.4,1.21156542
1992-08-31,414.03,414.0300,345.3,1.19904431
1992-09-01,416.07,416.0700,343.4,1.21161910
1992-09-02,417.98,417.9800,341.1,1.22538845
1992-09-03,417.98,417.9800,343.4,1.21718113
1992-09-04,417.08,417.0800,343.8,1.21314718
1992-09-08,414.44,414.4400,344.6,1.20266976
1992-09-09,416.36,416.3600,344.2,1.20964555
1992-09-10,419.95,419.9500,344.2,1.22007554
1992-09-11,419.58,419.5800,342.9,1.22362205
1992-09-14,425.27,425.2700,348.8,1.21923739
1992-09-15,419.77,419.7700,348.4,1.20485075
1992-09-16,419.92,419.9200,351.7,1.19397214
1992-09-17,419.93,419.9300,349.8,1.20048599
1992-09-18,422.93,422.9300,353,1.19810198
1992-09-21,422.14,422.1400,349.4,1.20818546
1992-09-22,417.14,417.1400,350.7,1.18944967
1992-09-23,417.44,417.4400,350.4,1.19132420
1992-09-24,418.47,418.4700,351,1.19222222
1992-09-25,414.35,414.3500,351.1,1.18014811
1992-09-28,416.62,416.6200,349.4,1.19238695
1992-09-29,416.8,416.8000,349.9,1.19119748
1992-09-30,417.8,417.8000,349.4,1.19576417
1992-10-01,416.29,416.2900,349.1,1.19246634
1992-10-02,410.47,410.4700,349.6,1.17411327
1992-10-05,407.57,407.5700,352,1.15786932
1992-10-06,407.18,407.1800,351.4,1.15873648
1992-10-07,404.25,404.2500,352.2,1.14778535
1992-10-08,407.75,407.7500,351,1.16168091
1992-10-09,402.66,402.6600,351.4,1.14587365
1992-10-12,407.44,407.4400,346.1,1.17723201
1992-10-13,409.3,409.3000,344.9,1.18672079
1992-10-14,409.37,409.3700,343.7,1.19106779
1992-10-15,409.6,409.6000,341.9,1.19801111
1992-10-16,411.73,411.7300,343.2,1.19967949
1992-10-19,414.98,414.9800,343.4,1.20844496
1992-10-20,415.48,415.4800,344.6,1.20568775
1992-10-21,415.67,415.6700,344.8,1.20553944
1992-10-22,414.9,414.9000,343.7,1.20715740
1992-10-23,414.1,414.1000,344.2,1.20307960
1992-10-26,418.16,418.1600,341.7,1.22376354
1992-10-27,418.49,418.4900,338,1.23813609
1992-10-28,420.13,420.1300,340.1,1.23531314
1992-10-29,420.86,420.8600,340.2,1.23709583
1992-10-30,418.68,418.6800,340.1,1.23104969
1992-11-02,422.75,422.7500,340.6,1.24119201
1992-11-03,419.92,419.9200,338.2,1.24163217
1992-11-04,417.11,417.1100,337.7,1.23514954
1992-11-05,418.34,418.3400,336.8,1.24210214
1992-11-06,417.58,417.5800,336.2,1.24205830
1992-11-09,418.59,418.5900,333.1,1.25664965
1992-11-10,418.62,418.6200,330.1,1.26816116
1992-11-11,422.2,422.2000,332.1,1.27130382
1992-11-12,422.87,422.8700,333.5,1.26797601
1992-11-13,422.43,422.4300,335.4,1.25948122
1992-11-16,420.68,420.6800,334,1.25952096
1992-11-17,419.27,419.2700,334.4,1.25379785
1992-11-18,422.85,422.8500,335.2,1.26148568
1992-11-19,423.61,423.6100,335.4,1.26299940
1992-11-20,426.65,426.6500,335.3,1.27244259
1992-11-23,425.12,425.1200,334.4,1.27129187
1992-11-24,427.59,427.5900,335.3,1.27524605
1992-11-25,429.19,429.1900,334.7,1.28231252
1992-11-27,430.16,430.1600,335.5,1.28214605
1992-11-30,431.35,431.3500,335.5,1.28569300
1992-12-01,430.78,430.7800,336.1,1.28170187
1992-12-02,429.89,429.8900,336.9,1.27601662
1992-12-03,429.91,429.9100,336.4,1.27797265
1992-12-04,432.06,432.0600,336.6,1.28360071
1992-12-07,435.31,435.3100,337,1.29172107
1992-12-08,436.99,436.9900,336.3,1.29940529
1992-12-09,435.65,435.6500,334.5,1.30239163
1992-12-10,434.64,434.6400,335,1.29743284
1992-12-11,433.73,433.7300,336,1.29086310
1992-12-14,432.84,432.8400,335.4,1.29051878
1992-12-15,432.57,432.5700,335.3,1.29009842
1992-12-16,431.52,431.5200,338.7,1.27404783
1992-12-17,435.43,435.4300,339.2,1.28369693
1992-12-18,441.28,441.2800,337.7,1.30672194
1992-12-21,440.7,440.7000,334.6,1.31709504
1992-12-22,440.31,440.3100,332.8,1.32304687
1992-12-23,439.03,439.0300,333.4,1.31682663
1992-12-24,439.77,439.7700,333.4,1.31904619
1992-12-28,439.15,439.1500,333.4,1.31718656
1992-12-29,437.98,437.9800,332.8,1.31604567
1992-12-30,438.82,438.8200,333.3,1.31659166
1992-12-31,435.71,435.7100,333.1,1.30804563
1993-01-04,435.38,435.3800,328.4,1.32576127
1993-01-05,434.34,434.3400,329,1.32018237
1993-01-06,434.52,434.5200,330.1,1.31632839
1993-01-07,430.73,430.7300,329,1.30920973
1993-01-08,429.05,429.0500,329.5,1.30212443
1993-01-11,430.95,430.9500,327.8,1.31467358
1993-01-12,431.04,431.0400,328.8,1.31094891
1993-01-13,433.03,433.0300,327.6,1.32182540
1993-01-14,435.94,435.9400,327.3,1.33192789
1993-01-15,437.15,437.1500,327,1.33685015
1993-01-18,436.84,436.8400,328,1.33182927
1993-01-19,435.13,435.1300,328.6,1.32419355
1993-01-20,433.37,433.3700,329.8,1.31403881
1993-01-21,435.49,435.4900,329.3,1.32247191
1993-01-22,436.11,436.1100,328.6,1.32717590
1993-01-25,440.01,440.0100,328.8,1.33822993
1993-01-26,439.95,439.9500,331.1,1.32875264
1993-01-27,438.11,438.1100,330.4,1.32599879
1993-01-28,438.66,438.6600,331.1,1.32485654
1993-01-29,438.78,438.7800,330.7,1.32682189
1993-02-01,442.52,442.5200,330.7,1.33813124
1993-02-02,442.55,442.5500,330.6,1.33862674
1993-02-03,447.2,447.2000,329.5,1.35720789
1993-02-04,449.56,449.5600,329.2,1.36561361
1993-02-05,448.93,448.9300,328.9,1.36494375
1993-02-08,447.85,447.8500,329.1,1.36083257
1993-02-09,445.33,445.3300,329.6,1.35112257
1993-02-10,446.23,446.2300,333.7,1.33721906
1993-02-11,447.66,447.6600,332.7,1.34553652
1993-02-12,444.58,444.5800,330,1.34721212
1993-02-16,433.91,433.9100,333.4,1.30146971
1993-02-17,433.3,433.3000,331.5,1.30708899
1993-02-18,431.9,431.9000,331.5,1.30286576
1993-02-19,434.22,434.2200,331,1.31184290
1993-02-22,435.24,435.2400,328.8,1.32372263
1993-02-23,434.8,434.8000,331.6,1.31121834
1993-02-24,440.87,440.8700,330.4,1.33435230
1993-02-25,442.34,442.3400,330.6,1.33799153
1993-02-26,443.38,443.3800,329.1,1.34725008
1993-03-01,442.01,442.0100,329.3,1.34227148
1993-03-02,447.9,447.9000,330.5,1.35521936
1993-03-03,449.26,449.2600,329.7,1.36263270
1993-03-04,447.34,447.3400,329.6,1.35722087
1993-03-05,446.11,446.1100,330.4,1.35021186
1993-03-08,454.71,454.7100,327.7,1.38758010
1993-03-09,454.4,454.4000,327.2,1.38875306
1993-03-10,456.33,456.3300,326.9,1.39593148
1993-03-11,453.72,453.7200,327.6,1.38498168
1993-03-12,449.83,449.8300,328.5,1.36934551
1993-03-15,451.43,451.4300,329.8,1.36879927
1993-03-16,451.37,451.3700,329.6,1.36944782
1993-03-17,448.31,448.3100,329.7,1.35975129
1993-03-18,451.89,451.8900,331.2,1.36440217
1993-03-19,450.18,450.1800,332.3,1.35473969
1993-03-22,448.88,448.8800,333.3,1.34677468
1993-03-23,448.76,448.7600,332.3,1.35046645
1993-03-24,448.07,448.0700,332.7,1.34676886
1993-03-25,450.88,450.8800,334.4,1.34832536
1993-03-26,447.78,447.7800,334.2,1.33985637
1993-03-29,450.77,450.7700,333.9,1.35001497
1993-03-30,451.97,451.9700,338.8,1.33403188
1993-03-31,451.67,451.6700,339.3,1.33118184
1993-04-01,450.3,450.3000,340.2,1.32363316
1993-04-02,441.39,441.3900,342.3,1.28948291
1993-04-05,442.29,442.2900,341,1.29703812
1993-04-06,441.16,441.1600,339.3,1.30020631
1993-04-07,442.73,442.7300,339.7,1.30329703
1993-04-08,441.84,441.8400,338.9,1.30374742
1993-04-12,448.37,448.3700,338.2,1.32575399
1993-04-13,449.22,449.2200,338.8,1.32591499
1993-04-14,448.66,448.6600,340.8,1.31649061
1993-04-15,448.4,448.4000,338.3,1.32545078
1993-04-16,448.94,448.9400,340.2,1.31963551
1993-04-19,447.46,447.4600,341.5,1.31027818
1993-04-20,445.1,445.1000,341.1,1.30489592
1993-04-21,443.63,443.6300,340.7,1.30211330
1993-04-22,439.46,439.4600,341.2,1.28798359
1993-04-23,437.03,437.0300,347.5,1.25764029
1993-04-26,433.54,433.5400,353.8,1.22538157
1993-04-27,438.01,438.0100,352.1,1.24399318
1993-04-28,438.02,438.0200,354.4,1.23594808
1993-04-29,438.89,438.8900,357.4,1.22800783
1993-04-30,440.19,440.1900,357.2,1.23233483
1993-05-03,442.46,442.4600,355.3,1.24531382
1993-05-04,444.05,444.0500,355.7,1.24838347
1993-05-05,444.52,444.5200,355.5,1.25040788
1993-05-06,443.26,443.2600,358.3,1.23711973
1993-05-07,442.31,442.3100,357.4,1.23757694
1993-05-10,442.8,442.8000,357.2,1.23964166
1993-05-11,444.36,444.3600,357.3,1.24366079
1993-05-12,444.8,444.8000,361.8,1.22940851
1993-05-13,439.23,439.2300,369.3,1.18935825
1993-05-14,439.56,439.5600,368.3,1.19348357
1993-05-17,440.37,440.3700,368,1.19665761
1993-05-18,440.32,440.3200,376,1.17106383
1993-05-19,447.57,447.5700,374.2,1.19607162
1993-05-20,450.59,450.5900,374.7,1.20253536
1993-05-21,445.84,445.8400,377.9,1.17978301
1993-05-24,448,448.0000,374.2,1.19722074
1993-05-25,448.85,448.8500,378.7,1.18523898
1993-05-26,453.44,453.4400,377.4,1.20148384
1993-05-27,452.41,452.4100,383.4,1.17999478
1993-05-28,450.19,450.1900,380.3,1.18377597
1993-06-01,453.83,453.8300,371.3,1.22227309
1993-06-02,453.85,453.8500,370.8,1.22397519
1993-06-03,452.49,452.4900,376.2,1.20279107
1993-06-04,450.06,450.0600,378.5,1.18906209
1993-06-07,447.69,447.6900,375.7,1.19161565
1993-06-08,444.71,444.7100,375.6,1.18399894
1993-06-09,445.78,445.7800,373,1.19512064
1993-06-10,445.38,445.3800,371,1.20048518
1993-06-11,447.26,447.2600,367.5,1.21703401
1993-06-14,447.71,447.7100,366.6,1.22124932
1993-06-15,446.27,446.2700,370.8,1.20353290
1993-06-16,447.43,447.4300,371.5,1.20438762
1993-06-17,448.54,448.5400,372.2,1.20510478
1993-06-18,443.68,443.6800,372.5,1.19108725
1993-06-21,446.22,446.2200,371.1,1.20242522
1993-06-22,445.93,445.9300,369.7,1.20619421
1993-06-23,443.19,443.1900,375.5,1.18026631
1993-06-24,446.62,446.6200,376.1,1.18750332
1993-06-25,447.6,447.6000,378.1,1.18381381
1993-06-28,451.85,451.8500,376.1,1.20140920
1993-06-29,450.69,450.6900,379.5,1.18758893
1993-06-30,450.53,450.5300,379.2,1.18810654
1993-07-01,449.02,449.0200,388.2,1.15667182
1993-07-02,445.84,445.8400,386.7,1.15293509
1993-07-06,441.43,441.4300,393.1,1.12294582
1993-07-07,442.83,442.8300,397.8,1.11319759
1993-07-08,448.64,448.6400,395.6,1.13407482
1993-07-09,448.11,448.1100,392.3,1.14226357
1993-07-12,448.98,448.9800,394.9,1.13694606
1993-07-13,448.09,448.0900,394.5,1.13584284
1993-07-14,450.08,450.0800,391.4,1.14992335
1993-07-15,449.22,449.2200,393.9,1.14044174
1993-07-16,445.75,445.7500,392.9,1.13451260
1993-07-19,446.03,446.0300,392.4,1.13667176
1993-07-20,447.31,447.3100,392.2,1.14051504
1993-07-21,447.18,447.1800,389.5,1.14808729
1993-07-22,444.51,444.5100,391.3,1.13598262
1993-07-23,447.1,447.1000,390,1.14641026
1993-07-26,449.09,449.0900,393.1,1.14243195
1993-07-27,448.24,448.2400,395.6,1.13306370
1993-07-28,447.19,447.1900,397.8,1.12415787
1993-07-29,450.24,450.2400,402.2,1.11944306
1993-07-30,448.13,448.1300,411.3,1.08954534
1993-08-02,450.15,450.1500,410.2,1.09739152
1993-08-03,449.27,449.2700,407.6,1.10223258
1993-08-04,448.54,448.5400,403.3,1.11217456
1993-08-05,448.13,448.1300,380.7,1.17712109
1993-08-06,448.68,448.6800,379.9,1.18104764
1993-08-09,450.72,450.7200,386.8,1.16525336
1993-08-10,449.45,449.4500,384.4,1.16922477
1993-08-11,450.46,450.4600,378.7,1.18949036
1993-08-12,448.96,448.9600,370.7,1.21111411
1993-08-13,450.14,450.1400,372.6,1.20810521
1993-08-16,452.38,452.3800,376.4,1.20185972
1993-08-17,453.13,453.1300,374.9,1.20866898
1993-08-18,456.04,456.0400,377.5,1.20805298
1993-08-19,456.43,456.4300,374.4,1.21909722
1993-08-20,456.16,456.1600,376.4,1.21190223
1993-08-23,455.23,455.2300,375.5,1.21233023
1993-08-24,459.77,459.7700,374.9,1.22638037
1993-08-25,460.13,460.1300,375.5,1.22537949
1993-08-26,461.04,461.0400,370.8,1.24336570
1993-08-27,460.54,460.5400,372.1,1.23767804
1993-08-30,461.9,461.9000,373.3,1.23734262
1993-08-31,463.56,463.5600,375.7,1.23385680
1993-09-01,463.15,463.1500,372.6,1.24302201
1993-09-02,461.3,461.3000,366.3,1.25935026
1993-09-03,461.34,461.3400,367.1,1.25671479
1993-09-07,458.52,458.5200,352.5,1.30076596
1993-09-08,456.65,456.6500,353.6,1.29143100
1993-09-09,457.5,457.5000,356.5,1.28330996
1993-09-10,461.72,461.7200,352.4,1.31021566
1993-09-13,462.06,462.0600,344.8,1.34008121
1993-09-14,459.9,459.9000,346.9,1.32574229
1993-09-15,461.6,461.6000,349.6,1.32036613
1993-09-16,459.43,459.4300,354.7,1.29526360
1993-09-17,458.83,458.8300,352.8,1.30053855
1993-09-20,455.05,455.0500,355.5,1.28002813
1993-09-21,452.95,452.9500,365,1.24095890
1993-09-22,456.2,456.2000,356,1.28146067
1993-09-23,457.74,457.7400,360,1.27150000
1993-09-24,457.63,457.6300,359.4,1.27331664
1993-09-27,461.8,461.8000,355.7,1.29828507
1993-09-28,461.53,461.5300,357.3,1.29171565
1993-09-29,460.11,460.1100,354.7,1.29718072
1993-09-30,458.93,458.9300,357.1,1.28515822
1993-10-01,461.28,461.2800,356.9,1.29246287
1993-10-04,461.34,461.3400,354.6,1.30101523
1993-10-05,461.2,461.2000,354.8,1.29988726
1993-10-06,460.74,460.7400,358.2,1.28626466
1993-10-07,459.18,459.1800,358.5,1.28083682
1993-10-08,460.31,460.3100,361.5,1.27333333
1993-10-11,460.88,460.8800,361.7,1.27420514
1993-10-12,461.12,461.1200,369.2,1.24897075
1993-10-13,461.49,461.4900,367.6,1.25541349
1993-10-14,466.83,466.8300,366.6,1.27340426
1993-10-15,469.5,469.5000,366.2,1.28208629
1993-10-18,468.45,468.4500,369.6,1.26745130
1993-10-19,466.21,466.2100,370.3,1.25900621
1993-10-20,466.07,466.0700,373.8,1.24684323
1993-10-21,465.36,465.3600,372.8,1.24828326
1993-10-22,463.27,463.2700,371.3,1.24769728
1993-10-25,464.2,464.2000,370.5,1.25290148
1993-10-26,464.3,464.3000,370.3,1.25384823
1993-10-27,464.61,464.6100,370.7,1.25333153
1993-10-28,467.73,467.7300,370.2,1.26345219
1993-10-29,467.83,467.8300,369.6,1.26577381
1993-11-01,469.1,469.1000,362.1,1.29549848
1993-11-02,468.44,468.4400,363.6,1.28833883
1993-11-03,463.02,463.0200,368,1.25820652
1993-11-04,457.49,457.4900,372.4,1.22849087
1993-11-05,459.57,459.5700,377.8,1.21643727
1993-11-08,460.21,460.2100,375.5,1.22559254
1993-11-09,460.33,460.3300,376.6,1.22233139
1993-11-10,463.72,463.7200,377.4,1.22872284
1993-11-11,462.64,462.6400,376.4,1.22911796
1993-11-12,465.39,465.3900,373.6,1.24569058
1993-11-15,463.75,463.7500,375.7,1.23436252
1993-11-16,466.74,466.7400,374.6,1.24596903
1993-11-17,464.81,464.8100,377.2,1.23226405
1993-11-18,463.62,463.6200,376.7,1.23074064
1993-11-19,462.6,462.6000,378.3,1.22283902
1993-11-22,459.13,459.1300,378.5,1.21302510
1993-11-23,461.03,461.0300,377.3,1.22191890
1993-11-24,462.36,462.3600,379.2,1.21930380
1993-11-26,463.06,463.0600,379.2,1.22114979
1993-11-29,461.9,461.9000,371.5,1.24333782
1993-11-30,461.79,461.7900,371.9,1.24170476
1993-12-01,461.89,461.8900,376.6,1.22647371
1993-12-02,463.11,463.1100,375.6,1.23298722
1993-12-03,464.89,464.8900,378.6,1.22791865
1993-12-06,466.43,466.4300,377.8,1.23459502
1993-12-07,466.76,466.7600,379.3,1.23058265
1993-12-08,466.29,466.2900,385.7,1.20894478
1993-12-09,464.18,464.1800,384.4,1.20754422
1993-12-10,463.93,463.9300,384.9,1.20532606
1993-12-13,465.7,465.7000,388.6,1.19840453
1993-12-14,463.06,463.0600,386.7,1.19746574
1993-12-15,461.84,461.8400,386.85,1.19384774
1993-12-16,463.34,463.3400,385.5,1.20191958
1993-12-17,466.38,466.3800,387,1.20511628
1993-12-20,465.85,465.8500,389,1.19755784
1993-12-21,465.3,465.3000,387.2,1.20170455
1993-12-22,467.32,467.3200,386.2,1.21004661
1993-12-23,467.38,467.3800,385.8,1.21145671
1993-12-27,470.54,470.5400,387.7,1.21367036
1993-12-28,470.94,470.9400,387.3,1.21595662
1993-12-29,470.58,470.5800,390,1.20661538
1993-12-30,468.64,468.6400,390.5,1.20010243
1993-12-31,466.45,466.4500,390.5,1.19449424
1994-01-03,465.44,465.4400,393.5,1.18282084
1994-01-04,466.89,466.8900,393.35,1.18695818
1994-01-05,467.55,467.5500,390.65,1.19685140
1994-01-06,467.12,467.1200,388.75,1.20159486
1994-01-07,469.9,469.9000,386.3,1.21641211
1994-01-10,475.27,475.2700,384.6,1.23575143
1994-01-11,474.13,474.1300,387.7,1.22293010
1994-01-12,474.17,474.1700,386,1.22841969
1994-01-13,472.47,472.4700,389.7,1.21239415
1994-01-14,474.91,474.9100,389.3,1.21990753
1994-01-17,473.3,473.3000,391.2,1.20986708
1994-01-18,474.25,474.2500,392.5,1.20828025
1994-01-19,474.3,474.3000,392.35,1.20886963
1994-01-20,474.98,474.9800,387.3,1.22638781
1994-01-21,474.72,474.7200,381.1,1.24565731
1994-01-24,471.97,471.9700,381.1,1.23844135
1994-01-25,470.92,470.9200,381.3,1.23503803
1994-01-26,473.2,473.2000,384.35,1.23116951
1994-01-27,477.05,477.0500,375.5,1.27043941
1994-01-28,478.7,478.7000,376.8,1.27043524
1994-01-31,481.61,481.6100,382,1.26075916
1994-02-01,479.62,479.6200,384.2,1.24836023
1994-02-02,482,482.0000,384.9,1.25227332
1994-02-03,480.71,480.7100,387.2,1.24150310
1994-02-04,469.81,469.8100,386.6,1.21523539
1994-02-07,471.76,471.7600,378.75,1.24557096
1994-02-08,471.05,471.0500,382,1.23311518
1994-02-09,472.77,472.7700,383.25,1.23358121
1994-02-10,468.93,468.9300,381.5,1.22917431
1994-02-11,470.18,470.1800,380.1,1.23699027
1994-02-14,470.23,470.2300,383.5,1.22615385
1994-02-15,472.52,472.5200,383,1.23373368
1994-02-16,472.79,472.7900,383.3,1.23347248
1994-02-17,470.34,470.3400,382.5,1.22964706
1994-02-18,467.69,467.6900,379.75,1.23157340
1994-02-22,471.46,471.4600,377.6,1.24856992
1994-02-23,470.69,470.6900,377.5,1.24686093
1994-02-24,464.26,464.2600,376.25,1.23391362
1994-02-25,466.07,466.0700,378.3,1.23201163
1994-02-28,467.14,467.1400,381.25,1.22528525
1994-03-01,464.44,464.4400,378.25,1.22786517
1994-03-02,464.81,464.8100,377.6,1.23095869
1994-03-03,463.01,463.0100,377.35,1.22700411
1994-03-04,464.74,464.7400,376.7,1.23371383
1994-03-07,466.91,466.9100,375.9,1.24211226
1994-03-08,465.88,465.8800,376.5,1.23739708
1994-03-09,467.06,467.0600,378.9,1.23267353
1994-03-10,463.9,463.9000,386.35,1.20072473
1994-03-11,466.44,466.4400,384.85,1.21200468
1994-03-14,467.39,467.3900,386.3,1.20991457
1994-03-15,467.01,467.0100,386.6,1.20799276
1994-03-16,469.42,469.4200,384.8,1.21990644
1994-03-17,470.9,470.9000,382.4,1.23143305
1994-03-18,471.06,471.0600,386.8,1.21783868
1994-03-21,468.54,468.5400,386.5,1.21226391
1994-03-22,468.8,468.8000,389,1.20514139
1994-03-23,468.54,468.5400,386.6,1.21195034
1994-03-24,464.35,464.3500,391,1.18759591
1994-03-25,460.58,460.5800,390.6,1.17916027
1994-03-28,460,460.0000,388,1.18556701
1994-03-29,452.48,452.4800,385.8,1.17283567
1994-03-30,445.55,445.5500,385.9,1.15457372
1994-03-31,445.77,445.7700,391.6,1.13832993
1994-04-04,438.92,438.9200,387.1,1.13386722
1994-04-05,448.29,448.2900,384.35,1.16635879
1994-04-06,448.05,448.0500,384.8,1.16437110
1994-04-07,450.88,450.8800,384.5,1.17263979
1994-04-08,447.1,447.1000,384,1.16432292
1994-04-11,449.87,449.8700,378.5,1.18856011
1994-04-12,447.57,447.5700,378.75,1.18170297
1994-04-13,446.26,446.2600,378.25,1.17980172
1994-04-14,446.38,446.3800,378.3,1.17996299
1994-04-15,446.18,446.1800,377.75,1.18115156
1994-04-18,442.46,442.4600,377,1.17363395
1994-04-19,442.54,442.5400,371.8,1.19026358
1994-04-20,441.96,441.9600,372.5,1.18646980
1994-04-21,448.73,448.7300,373.2,1.20238478
1994-04-22,447.63,447.6300,370.8,1.20720065
1994-04-25,452.71,452.7100,373.15,1.21321185
1994-04-26,451.87,451.8700,374,1.20820856
1994-04-28,449.1,449.1000,375.75,1.19520958
1994-04-29,450.91,450.9100,376.7,1.19700027
1994-05-02,453.02,453.0200,376.1,1.20452007
1994-05-03,453.03,453.0300,375.5,1.20647137
1994-05-04,451.72,451.7200,376.2,1.20074428
1994-05-05,451.38,451.3800,373.4,1.20883771
1994-05-06,447.82,447.8200,383.3,1.16832768
1994-05-09,442.32,442.3200,381.1,1.16064025
1994-05-10,446.01,446.0100,378.7,1.17773964
1994-05-11,441.49,441.4900,381.8,1.15633840
1994-05-12,443.75,443.7500,380,1.16776316
1994-05-13,444.14,444.1400,380.5,1.16725361
1994-05-16,444.49,444.4900,382.4,1.16236925
1994-05-17,449.37,449.3700,381,1.17944882
1994-05-18,453.69,453.6900,381.5,1.18922674
1994-05-19,456.48,456.4800,381.2,1.19748164
1994-05-20,454.92,454.9200,385.45,1.18023090
1994-05-23,453.2,453.2000,388.8,1.16563786
1994-05-24,454.81,454.8100,386.85,1.17567533
1994-05-25,456.34,456.3400,386.5,1.18069858
1994-05-26,457.06,457.0600,384.2,1.18964081
1994-05-27,457.33,457.3300,384.5,1.18941482
1994-05-31,456.5,456.5000,386.6,1.18080704
1994-06-01,457.63,457.6300,383.4,1.19360981
1994-06-02,457.65,457.6500,383.8,1.19241793
1994-06-03,460.13,460.1300,380.5,1.20927727
1994-06-06,458.88,458.8800,380.3,1.20662635
1994-06-07,458.21,458.2100,381.1,1.20233535
1994-06-08,457.06,457.0600,382,1.19649215
1994-06-09,457.86,457.8600,382.85,1.19592530
1994-06-10,458.67,458.6700,383.3,1.19663449
1994-06-13,459.1,459.1000,383.15,1.19822524
1994-06-14,462.37,462.3700,384.15,1.20361838
1994-06-15,460.61,460.6100,386.6,1.19143818
1994-06-16,461.93,461.9300,385.4,1.19857291
1994-06-17,458.45,458.4500,391.5,1.17100894
1994-06-20,455.48,455.4800,389.2,1.17029805
1994-06-21,451.34,451.3400,393.4,1.14728012
1994-06-22,453.09,453.0900,389.7,1.16266359
1994-06-23,449.63,449.6300,389.6,1.15408111
1994-06-24,442.8,442.8000,390.7,1.13335040
1994-06-27,447.31,447.3100,384.95,1.16199506
1994-06-28,446.07,446.0700,386.15,1.15517286
1994-06-29,447.63,447.6300,384.9,1.16297740
1994-06-30,444.27,444.2700,385.5,1.15245136
1994-07-01,446.2,446.2000,386.7,1.15386605
1994-07-05,446.37,446.3700,385.8,1.15699844
1994-07-06,446.13,446.1300,383.7,1.16270524
1994-07-07,448.38,448.3800,384.4,1.16644121
1994-07-08,449.55,449.5500,384.25,1.16994144
1994-07-11,448.06,448.0600,387,1.15777778
1994-07-12,447.95,447.9500,385.35,1.16244972
1994-07-13,448.73,448.7300,383.35,1.17054911
1994-07-14,453.41,453.4100,384,1.18075521
1994-07-15,454.16,454.1600,385.8,1.17719025
1994-07-18,455.22,455.2200,385.8,1.17993779
1994-07-19,453.86,453.8600,386.45,1.17443395
1994-07-20,451.6,451.6000,385.35,1.17192163
1994-07-21,452.61,452.6100,384.25,1.17790501
1994-07-22,453.11,453.1100,384.8,1.17752079
1994-07-25,454.25,454.2500,384.85,1.18033000
1994-07-26,453.36,453.3600,386.85,1.17192710
1994-07-27,452.57,452.5700,387.4,1.16822406
1994-07-28,454.24,454.2400,385.1,1.17953778
1994-07-29,458.26,458.2600,383.2,1.19587683
1994-08-01,461.01,461.0100,383.5,1.20211213
1994-08-02,460.56,460.5600,379.4,1.21391671
1994-08-03,461.45,461.4500,378,1.22076720
1994-08-04,458.4,458.4000,377.6,1.21398305
1994-08-05,457.09,457.0900,377.7,1.21019328
1994-08-08,457.89,457.8900,376.8,1.21520701
1994-08-09,457.92,457.9200,377.75,1.21223031
1994-08-10,460.3,460.3000,377.4,1.21966084
1994-08-11,458.88,458.8800,378.65,1.21188433
1994-08-12,461.94,461.9400,376.6,1.22660648
1994-08-15,461.23,461.2300,377.4,1.22212507
1994-08-16,465.01,465.0100,377.25,1.23263088
1994-08-17,465.17,465.1700,377.2,1.23321845
1994-08-18,463.17,463.1700,381.15,1.21519087
1994-08-19,463.68,463.6800,381.9,1.21413983
1994-08-22,462.32,462.3200,381.5,1.21184797
1994-08-23,464.51,464.5100,381.6,1.21726939
1994-08-24,469.03,469.0300,383.8,1.22206879
1994-08-25,468.08,468.0800,383.25,1.22134377
1994-08-26,473.8,473.8000,383.3,1.23610749
1994-08-29,474.59,474.5900,386.55,1.22775838
1994-08-30,476.07,476.0700,386.1,1.23302253
1994-08-31,475.49,475.4900,386,1.23183938
1994-09-01,473.17,473.1700,386.8,1.22329369
1994-09-02,470.99,470.9900,386.9,1.21734298
1994-09-06,471.86,471.8600,387.75,1.21691812
1994-09-07,470.99,470.9900,389.55,1.20906174
1994-09-08,473.14,473.1400,390.25,1.21240231
1994-09-09,468.18,468.1800,391.75,1.19509892
1994-09-12,466.21,466.2100,390.7,1.19326849
1994-09-13,467.51,467.5100,390.5,1.19720871
1994-09-14,468.8,468.8000,388.4,1.20700309
1994-09-15,474.81,474.8100,387.9,1.22405259
1994-09-16,471.19,471.1900,389.6,1.20941992
1994-09-19,470.85,470.8500,390.25,1.20653427
1994-09-20,463.36,463.3600,393.5,1.17753494
1994-09-21,461.46,461.4600,393.65,1.17225962
1994-09-22,461.27,461.2700,396.2,1.16423523
1994-09-23,459.67,459.6700,395.7,1.16166288
1994-09-26,460.82,460.8200,394,1.16959391
1994-09-27,462.05,462.0500,397.35,1.16282874
1994-09-28,464.84,464.8400,394.2,1.17919838
1994-09-29,462.24,462.2400,395.25,1.16948767
1994-09-30,462.71,462.7100,394.6,1.17260517
1994-10-03,461.74,461.7400,394.55,1.17029527
1994-10-04,454.59,454.5900,392.45,1.15833864
1994-10-05,453.52,453.5200,391.65,1.15797268
1994-10-06,452.36,452.3600,392.15,1.15353819
1994-10-07,455.1,455.1000,391,1.16393862
1994-10-10,459.04,459.0400,390.4,1.17581967
1994-10-11,465.79,465.7900,387.7,1.20141862
1994-10-12,465.47,465.4700,387.8,1.20028365
1994-10-13,467.79,467.7900,386.6,1.21001035
1994-10-14,469.1,469.1000,387.4,1.21089313
1994-10-17,468.96,468.9600,389.7,1.20338722
1994-10-18,467.66,467.6600,388.75,1.20298392
1994-10-19,470.28,470.2800,390.05,1.20569158
1994-10-20,466.85,466.8500,390.8,1.19460082
1994-10-21,464.89,464.8900,390.6,1.19019457
1994-10-24,460.83,460.8300,389.4,1.18343606
1994-10-25,461.53,461.5300,389.1,1.18614752
1994-10-26,462.62,462.6200,388.85,1.18971326
1994-10-27,465.85,465.8500,387.85,1.20110868
1994-10-28,473.77,473.7700,386.9,1.22452830
1994-10-31,472.35,472.3500,383.8,1.23071912
1994-11-01,468.42,468.4200,384.2,1.21920875
1994-11-02,466.51,466.5100,384.2,1.21423738
1994-11-03,467.91,467.9100,383.35,1.22058171
1994-11-04,462.28,462.2800,383.3,1.20605270
1994-11-07,463.07,463.0700,382.25,1.21143231
1994-11-08,465.65,465.6500,383.9,1.21294608
1994-11-09,465.4,465.4000,383.7,1.21292677
1994-11-10,464.37,464.3700,384.85,1.20662596
1994-11-11,462.35,462.3500,385,1.20090909
1994-11-14,466.04,466.0400,384.65,1.21159496
1994-11-15,465.03,465.0300,386.3,1.20380533
1994-11-16,465.62,465.6200,386.1,1.20595701
1994-11-17,463.57,463.5700,385.25,1.20329656
1994-11-18,461.47,461.4700,384.1,1.20143192
1994-11-21,458.3,458.3000,383.15,1.19613728
1994-11-22,450.09,450.0900,383.45,1.17379059
1994-11-23,449.93,449.9300,384.45,1.17032124
1994-11-25,452.29,452.2900,384.8,1.17538981
1994-11-28,454.16,454.1600,383.1,1.18548682
1994-11-29,455.17,455.1700,382.95,1.18858859
1994-11-30,453.69,453.6900,381.05,1.19063115
1994-12-01,448.92,448.9200,379.4,1.18323669
1994-12-02,453.3,453.3000,376.55,1.20382419
1994-12-05,453.32,453.3200,375.85,1.20611946
1994-12-06,453.11,453.1100,376.35,1.20395908
1994-12-07,451.23,451.2300,376.5,1.19848606
1994-12-08,445.45,445.4500,377.1,1.18125166
1994-12-09,446.96,446.9600,377.1,1.18525590
1994-12-12,449.47,449.4700,377.75,1.18986102
1994-12-13,450.15,450.1500,377.8,1.19150344
1994-12-14,454.97,454.9700,378.8,1.20108237
1994-12-15,455.34,455.3400,380.3,1.19731791
1994-12-16,458.8,458.8000,379,1.21055409
1994-12-19,457.91,457.9100,379.8,1.20566087
1994-12-20,457.1,457.1000,381.6,1.19785115
1994-12-21,459.61,459.6100,381.6,1.20442872
1994-12-22,459.68,459.6800,380.7,1.20745994
1994-12-23,459.83,459.8300,380.1,1.20976059
1994-12-27,462.47,462.4700,381.4,1.21255899
1994-12-28,460.86,460.8600,383.6,1.20140772
1994-12-29,461.17,461.1700,382.35,1.20614620
1994-12-30,459.27,459.2700,382.6,1.20039205
1995-01-03,459.11,459.1100,379.45,1.20993543
1995-01-04,460.71,460.7100,374.3,1.23085760
1995-01-05,460.34,460.3400,375.35,1.22642867
1995-01-06,460.68,460.6800,371.7,1.23938660
1995-01-09,460.83,460.8300,373.1,1.23513803
1995-01-10,461.68,461.6800,374.5,1.23279039
1995-01-11,461.66,461.6600,376.3,1.22684029
1995-01-12,461.64,461.6400,380,1.21484211
1995-01-13,465.97,465.9700,378.4,1.23142178
1995-01-16,469.38,469.3800,377.55,1.24322606
1995-01-17,470.05,470.0500,380.1,1.23664825
1995-01-18,469.71,469.7100,382.05,1.22944641
1995-01-19,466.95,466.9500,383,1.21919060
1995-01-20,464.78,464.7800,384.7,1.20816220
1995-01-23,465.82,465.8200,380.9,1.22294566
1995-01-24,465.86,465.8600,381.35,1.22160745
1995-01-25,467.44,467.4400,380.6,1.22816605
1995-01-26,468.32,468.3200,381.4,1.22789722
1995-01-27,470.39,470.3900,376.75,1.24854678
1995-01-30,468.51,468.5100,376.6,1.24405204
1995-01-31,470.42,470.4200,374.85,1.25495532
1995-02-01,470.4,470.4000,375.9,1.25139665
1995-02-02,472.79,472.7900,376.25,1.25658472
1995-02-03,478.65,478.6500,375.7,1.27402183
1995-02-06,481.14,481.1400,375.4,1.28167288
1995-02-07,480.81,480.8100,374.25,1.28472946
1995-02-08,481.19,481.1900,375.4,1.28180607
1995-02-09,480.19,480.1900,375.8,1.27778073
1995-02-10,481.46,481.4600,375.75,1.28133067
1995-02-13,481.65,481.6500,375.2,1.28371535
1995-02-14,482.55,482.5500,375.9,1.28371907
1995-02-15,484.54,484.5400,376.1,1.28832757
1995-02-16,485.22,485.2200,376.2,1.28979266
1995-02-17,481.97,481.9700,378.2,1.27437864
1995-02-21,482.72,482.7200,378.1,1.27669929
1995-02-22,485.07,485.0700,379.35,1.27868723
1995-02-23,486.91,486.9100,379,1.28472296
1995-02-24,488.11,488.1100,376.4,1.29678533
1995-02-27,483.81,483.8100,376.1,1.28638660
1995-02-28,487.39,487.3900,376.6,1.29418481
1995-03-01,485.65,485.6500,374.7,1.29610355
1995-03-02,485.13,485.1300,376.4,1.28886823
1995-03-03,485.42,485.4200,376.4,1.28963868
1995-03-06,485.63,485.6300,378.65,1.28253004
1995-03-07,482.12,482.1200,383.7,1.25650248
1995-03-08,483.14,483.1400,379.65,1.27259318
1995-03-09,483.16,483.1600,381.15,1.26763741
1995-03-10,489.57,489.5700,381.6,1.28294025
1995-03-13,490.05,490.0500,384.8,1.27351871
1995-03-14,492.89,492.8900,385.5,1.27857328
1995-03-15,491.88,491.8800,386.2,1.27364060
1995-03-16,495.41,495.4100,384.15,1.28962645
1995-03-17,495.52,495.5200,383.15,1.29327939
1995-03-20,496.14,496.1400,382.55,1.29692851
1995-03-21,495.07,495.0700,381.7,1.29701336
1995-03-22,495.67,495.6700,382.35,1.29637766
1995-03-23,495.95,495.9500,383.65,1.29271471
1995-03-24,500.97,500.9700,381.7,1.31247053
1995-03-27,503.2,503.2000,381.65,1.31848552
1995-03-28,503.9,503.9000,382.4,1.31773013
1995-03-29,503.12,503.1200,381.9,1.31741294
1995-03-30,502.22,502.2200,385.5,1.30277562
1995-03-31,500.71,500.7100,390.5,1.28222791
1995-04-03,501.85,501.8500,391.85,1.28071966
1995-04-04,505.24,505.2400,391.6,1.29019408
1995-04-05,505.57,505.5700,394.45,1.28170871
1995-04-06,506.08,506.0800,393.1,1.28740778
1995-04-07,506.42,506.4200,392.4,1.29057085
1995-04-10,507.01,507.0100,389.3,1.30236322
1995-04-11,505.53,505.5300,390.1,1.29589849
1995-04-12,507.17,507.1700,389.7,1.30143700
1995-04-13,509.23,509.2300,389.7,1.30672312
1995-04-17,506.13,506.1300,393.4,1.28655313
1995-04-18,505.37,505.3700,396,1.27618687
1995-04-19,504.92,504.9200,394.2,1.28087265
1995-04-20,505.29,505.2900,391.65,1.29015703
1995-04-21,508.49,508.4900,389.8,1.30448948
1995-04-24,512.89,512.8900,390.1,1.31476544
1995-04-25,512.1,512.1000,389.85,1.31358215
1995-04-26,512.66,512.6600,386,1.32813472
1995-04-27,513.55,513.5500,389,1.32017995
1995-04-28,514.71,514.7100,386.5,1.33172057
1995-05-01,514.26,514.2600,387.7,1.32643797
1995-05-02,514.86,514.8600,388.9,1.32388789
1995-05-03,520.48,520.4800,389.35,1.33679209
1995-05-04,520.54,520.5400,391,1.33130435
1995-05-05,520.12,520.1200,390.8,1.33091095
1995-05-08,523.96,523.9600,389.35,1.34573006
1995-05-09,523.56,523.5600,383.3,1.36592747
1995-05-10,524.36,524.3600,383.6,1.36694473
1995-05-11,524.37,524.3700,383,1.36911227
1995-05-12,525.55,525.5500,383.3,1.37111923
1995-05-15,527.74,527.7400,384.4,1.37289282
1995-05-16,528.19,528.1900,384.3,1.37442103
1995-05-17,527.07,527.0700,383,1.37616188
1995-05-18,519.58,519.5800,383.05,1.35642866
1995-05-19,519.19,519.1900,382,1.35913613
1995-05-22,523.65,523.6500,381.7,1.37188892
1995-05-23,528.59,528.5900,382.85,1.38067128
1995-05-24,528.61,528.6100,383.8,1.37730589
1995-05-25,528.59,528.5900,385.15,1.37242633
1995-05-26,523.65,523.6500,385.5,1.35836576
1995-05-30,523.58,523.5800,384,1.36348958
1995-05-31,533.4,533.4000,383.85,1.38960531
1995-06-01,533.49,533.4900,384.2,1.38857366
1995-06-02,532.51,532.5100,383.3,1.38927733
1995-06-05,535.6,535.6000,384.1,1.39442853
1995-06-06,535.55,535.5500,384.3,1.39357273
1995-06-07,533.13,533.1300,385.85,1.38170273
1995-06-08,532.35,532.3500,386.25,1.37825243
1995-06-09,527.94,527.9400,387.7,1.36172298
1995-06-12,530.88,530.8800,387,1.37178295
1995-06-13,536.05,536.0500,386.2,1.38801139
1995-06-14,536.47,536.4700,387.65,1.38390301
1995-06-15,537.12,537.1200,390.7,1.37476325
1995-06-16,539.83,539.8300,389.6,1.38560062
1995-06-19,545.22,545.2200,391.05,1.39424626
1995-06-20,544.98,544.9800,390.4,1.39595287
1995-06-21,543.98,543.9800,390.1,1.39446296
1995-06-22,551.07,551.0700,389.6,1.41445072
1995-06-23,549.71,549.7100,389.65,1.41077890
1995-06-26,544.13,544.1300,389.25,1.39789338
1995-06-27,542.43,542.4300,389.05,1.39424239
1995-06-28,544.73,544.7300,386.85,1.40811684
1995-06-29,543.87,543.8700,387.8,1.40244972
1995-06-30,544.75,544.7500,384.15,1.41806586
1995-07-03,547.09,547.0900,384.5,1.42286086
1995-07-05,547.26,547.2600,383.8,1.42589891
1995-07-06,553.99,553.9900,384.3,1.44155608
1995-07-07,556.37,556.3700,385.45,1.44342976
1995-07-10,557.19,557.1900,385.5,1.44536965
1995-07-11,554.78,554.7800,385.6,1.43874481
1995-07-12,560.89,560.8900,388.5,1.44373230
1995-07-13,561,561.0000,388.2,1.44513138
1995-07-14,559.89,559.8900,388.6,1.44078744
1995-07-17,562.72,562.7200,389,1.44658098
1995-07-18,558.46,558.4600,389.1,1.43526086
1995-07-19,550.98,550.9800,388,1.42005155
1995-07-20,553.54,553.5400,385.6,1.43552905
1995-07-21,553.62,553.6200,386.1,1.43387723
1995-07-24,556.63,556.6300,386.8,1.43906412
1995-07-25,561.1,561.1000,385.7,1.45475758
1995-07-26,561.61,561.6100,386.3,1.45381828
1995-07-27,565.22,565.2200,383.2,1.47500000
1995-07-28,562.93,562.9300,383,1.46979112
1995-07-31,562.06,562.0600,382.45,1.46963002
1995-08-01,559.64,559.6400,382.9,1.46158266
1995-08-02,558.8,558.8000,382.8,1.45977011
1995-08-03,558.75,558.7500,384.1,1.45469930
1995-08-04,558.94,558.9400,383.5,1.45747066
1995-08-07,560.03,560.0300,383.65,1.45974195
1995-08-08,560.39,560.3900,384.4,1.45783039
1995-08-09,559.71,559.7100,384.45,1.45587202
1995-08-10,557.45,557.4500,384.2,1.45093701
1995-08-11,555.11,555.1100,383.35,1.44805008
1995-08-14,559.74,559.7400,384.15,1.45708708
1995-08-15,558.57,558.5700,384.95,1.45101961
1995-08-16,559.97,559.9700,382.45,1.46416525
1995-08-17,559.04,559.0400,384.2,1.45507548
1995-08-18,559.21,559.2100,384.65,1.45381516
1995-08-21,558.11,558.1100,384.45,1.45171024
1995-08-22,559.52,559.5200,383,1.46088773
1995-08-23,557.14,557.1400,383.15,1.45410414
1995-08-24,557.46,557.4600,383.1,1.45512921
1995-08-25,560.1,560.1000,382.8,1.46316614
1995-08-28,559.05,559.0500,383,1.45966057
1995-08-29,560,560.0000,381.85,1.46654445
1995-08-30,560.92,560.9200,381.3,1.47107265
1995-08-31,561.88,561.8800,382.2,1.47012036
1995-09-01,563.84,563.8400,380.6,1.48145034
1995-09-05,569.17,569.1700,379.8,1.49860453
1995-09-06,570.17,570.1700,379.9,1.50084233
1995-09-07,570.29,570.2900,382.25,1.49192937
1995-09-08,572.68,572.6800,381.4,1.50152071
1995-09-11,573.91,573.9100,382.35,1.50100693
1995-09-12,576.51,576.5100,384.7,1.49859631
1995-09-13,578.77,578.7700,384.1,1.50682114
1995-09-14,583.61,583.6100,385.1,1.51547650
1995-09-15,583.35,583.3500,384.9,1.51558846
1995-09-18,582.77,582.7700,385.5,1.51172503
1995-09-19,584.2,584.2000,385,1.51740260
1995-09-20,586.77,586.7700,383.85,1.52864400
1995-09-21,583,583.0000,383.95,1.51842688
1995-09-22,581.73,581.7300,382.5,1.52086275
1995-09-25,581.81,581.8100,382.75,1.52007838
1995-09-26,581.41,581.4100,383.5,1.51606258
1995-09-27,581.04,581.0400,383,1.51707572
1995-09-28,585.87,585.8700,383.1,1.52928739
1995-09-29,584.41,584.4100,383.35,1.52448154
1995-10-02,581.72,581.7200,381.7,1.52402410
1995-10-03,582.34,582.3400,382.25,1.52345324
1995-10-04,581.47,581.4700,382.6,1.51978568
1995-10-05,582.63,582.6300,382.4,1.52361402
1995-10-06,582.49,582.4900,383.2,1.52006785
1995-10-09,578.37,578.3700,385,1.50225974
1995-10-10,577.52,577.5200,384.8,1.50083160
1995-10-11,579.46,579.4600,384.45,1.50724411
1995-10-12,583.1,583.1000,384.3,1.51730419
1995-10-13,584.5,584.5000,383.85,1.52273023
1995-10-16,583.03,583.0300,383.5,1.52028683
1995-10-17,586.78,586.7800,383.5,1.53006519
1995-10-18,587.44,587.4400,383.55,1.53158649
1995-10-19,590.65,590.6500,381.75,1.54721676
1995-10-20,587.46,587.4600,382.1,1.53745093
1995-10-23,585.06,585.0600,382.2,1.53076923
1995-10-24,586.54,586.5400,382.2,1.53464155
1995-10-25,582.47,582.4700,382.55,1.52259835
1995-10-26,576.72,576.7200,382.4,1.50815900
1995-10-27,579.7,579.7000,382.05,1.51734066
1995-10-30,583.25,583.2500,382,1.52683246
1995-10-31,581.5,581.5000,382.4,1.52065900
1995-11-01,584.22,584.2200,382.15,1.52877142
1995-11-02,589.72,589.7200,382.6,1.54134867
1995-11-03,590.57,590.5700,382.1,1.54559016
1995-11-06,588.46,588.4600,382.3,1.53926236
1995-11-07,586.32,586.3200,384.7,1.52409670
1995-11-08,591.71,591.7100,384.9,1.53730839
1995-11-09,593.26,593.2600,385.5,1.53893645
1995-11-10,592.72,592.7200,388.99,1.52374097
1995-11-13,592.3,592.3000,387.05,1.53029324
1995-11-14,589.29,589.2900,385.35,1.52923316
1995-11-15,593.96,593.9600,384.8,1.54355509
1995-11-16,597.34,597.3400,385.5,1.54952010
1995-11-17,600.07,600.0700,386.7,1.55177140
1995-11-20,596.85,596.8500,386.3,1.54504271
1995-11-21,600.24,600.2400,384.9,1.55946999
1995-11-22,598.4,598.4000,382.6,1.56403555
1995-11-24,599.97,599.9700,383.4,1.56486698
1995-11-27,601.32,601.3200,385,1.56187013
1995-11-28,606.45,606.4500,388.5,1.56100386
1995-11-29,607.64,607.6400,388.6,1.56366444
1995-11-30,605.37,605.3700,387.05,1.56406149
1995-12-01,606.98,606.9800,385.95,1.57269076
1995-12-04,613.68,613.6800,385.9,1.59025654
1995-12-05,617.68,617.6800,386.9,1.59648488
1995-12-06,620.18,620.1800,388.5,1.59634492
1995-12-07,616.17,616.1700,388.8,1.58479938
1995-12-08,617.48,617.4800,389.5,1.58531451
1995-12-11,619.52,619.5200,388.1,1.59628962
1995-12-12,618.78,618.7800,388,1.59479381
1995-12-13,621.69,621.6900,386.2,1.60976178
1995-12-14,616.92,616.9200,386,1.59823834
1995-12-15,616.34,616.3400,386,1.59673575
1995-12-18,606.81,606.8100,387.4,1.56636551
1995-12-19,611.93,611.9300,387.2,1.58039773
1995-12-20,605.94,605.9400,388.5,1.55969112
1995-12-21,610.49,610.4900,387.6,1.57505160
1995-12-22,611.95,611.9500,387,1.58126615
1995-12-26,614.3,614.3000,387.45,1.58549490
1995-12-27,614.53,614.5300,386.6,1.58957579
1995-12-28,614.12,614.1200,386.6,1.58851526
1995-12-29,615.93,615.9300,386.85,1.59216751
1996-01-02,620.73,620.7300,390.4,1.58998463
1996-01-03,621.32,621.3200,394.1,1.57655417
1996-01-04,617.7,617.7000,394.25,1.56677235
1996-01-05,616.71,616.7100,395.3,1.56010625
1996-01-08,618.46,618.4600,396.4,1.56019173
1996-01-09,609.45,609.4500,396.1,1.53862661
1996-01-10,598.48,598.4800,399.55,1.49788512
1996-01-11,602.69,602.6900,398.75,1.51144828
1996-01-12,601.81,601.8100,398.8,1.50905216
1996-01-15,599.82,599.8200,395.75,1.51565382
1996-01-16,608.44,608.4400,398.35,1.52740053
1996-01-17,606.37,606.3700,399.55,1.51763234
1996-01-18,608.24,608.2400,397.25,1.53112649
1996-01-19,611.83,611.8300,399.55,1.53129771
1996-01-22,613.4,613.4000,403.35,1.52076360
1996-01-23,612.79,612.7900,403.25,1.51962802
1996-01-24,619.96,619.9600,403.4,1.53683689
1996-01-25,617.03,617.0300,406.6,1.51753566
1996-01-26,621.62,621.6200,405.95,1.53127232
1996-01-29,624.22,624.2200,406.05,1.53729836
1996-01-30,630.15,630.1500,405.15,1.55534987
1996-01-31,636.02,636.0200,406.05,1.56635882
1996-02-01,638.46,638.4600,411.35,1.55210891
1996-02-02,635.84,635.8400,415.25,1.53122216
1996-02-05,641.43,641.4300,413.7,1.55047136
1996-02-06,646.33,646.3300,412.15,1.56819119
1996-02-07,649.93,649.9300,408.95,1.58926519
1996-02-08,656.07,656.0700,409.05,1.60388706
1996-02-09,656.37,656.3700,405.55,1.61846875
1996-02-12,661.45,661.4500,401.15,1.64888446
1996-02-13,660.51,660.5100,403.9,1.63533053
1996-02-14,655.58,655.5800,404.15,1.62212050
1996-02-15,651.32,651.3200,403.35,1.61477625
1996-02-16,647.98,647.9800,405.25,1.59896360
1996-02-20,640.65,640.6500,399.15,1.60503570
1996-02-21,648.1,648.1000,402.25,1.61118707
1996-02-22,658.86,658.8600,399.9,1.64756189
1996-02-23,659.08,659.0800,399.25,1.65079524
1996-02-26,650.46,650.4600,398.85,1.63083866
1996-02-27,647.24,647.2400,398.25,1.62521030
1996-02-28,644.75,644.7500,397.25,1.62303335
1996-02-29,640.43,640.4300,399.55,1.60287824
1996-03-01,644.37,644.3700,398.95,1.61516481
1996-03-04,650.81,650.8100,394,1.65180203
1996-03-05,655.79,655.7900,393.25,1.66761602
1996-03-06,652,652.0000,393.25,1.65797839
1996-03-07,653.65,653.6500,393.25,1.66217419
1996-03-08,633.5,633.5000,397.25,1.59471366
1996-03-11,640.02,640.0200,395.8,1.61702880
1996-03-12,637.09,637.0900,396.55,1.60658177
1996-03-13,638.55,638.5500,397,1.60843829
1996-03-14,640.87,640.8700,395.65,1.61979022
1996-03-15,641.43,641.4300,395.35,1.62243582
1996-03-18,652.65,652.6500,395.75,1.64914719
1996-03-19,651.69,651.6900,395.45,1.64797067
1996-03-20,649.98,649.9800,395.85,1.64198560
1996-03-21,649.19,649.1900,398.15,1.63051614
1996-03-22,650.62,650.6200,398.45,1.63287740
1996-03-25,650.04,650.0400,398,1.63326633
1996-03-26,652.97,652.9700,400.15,1.63181307
1996-03-27,648.91,648.9100,400.05,1.62207224
1996-03-28,648.94,648.9400,396.55,1.63646451
1996-03-29,645.5,645.5000,395.35,1.63273049
1996-04-01,653.73,653.7300,394.95,1.65522218
1996-04-02,655.26,655.2600,394.05,1.66288542
1996-04-03,655.88,655.8800,394.35,1.66319260
1996-04-04,655.86,655.8600,395.05,1.66019491
1996-04-08,644.24,644.2400,397.95,1.61889685
1996-04-09,642.19,642.1900,394.65,1.62723933
1996-04-10,633.5,633.5000,395.05,1.60359448
1996-04-11,631.18,631.1800,395.75,1.59489577
1996-04-12,636.71,636.7100,394.55,1.61376251
1996-04-15,642.49,642.4900,393.25,1.63379530
1996-04-16,645,645.0000,391.25,1.64856230
1996-04-17,641.61,641.6100,391.05,1.64073648
1996-04-18,643.61,643.6100,391.15,1.64543014
1996-04-19,645.07,645.0700,390.75,1.65085093
1996-04-22,647.89,647.8900,391.65,1.65425763
1996-04-23,651.58,651.5800,391.45,1.66452931
1996-04-24,650.17,650.1700,390.75,1.66390275
1996-04-25,652.87,652.8700,393.45,1.65934680
1996-04-26,653.46,653.4600,390.6,1.67296467
1996-04-29,654.16,654.1600,390.45,1.67540018
1996-04-30,654.17,654.1700,391.65,1.67029235
1996-05-01,654.58,654.5800,392.95,1.66580990
1996-05-02,643.38,643.3800,393.85,1.63356608
1996-05-03,641.63,641.6300,392.45,1.63493439
1996-05-06,640.81,640.8100,393.25,1.62952320
1996-05-07,638.26,638.2600,393.6,1.62159553
1996-05-08,644.77,644.7700,393.05,1.64042743
1996-05-09,645.44,645.4400,392.95,1.64254994
1996-05-10,652.09,652.0900,390.35,1.67052645
1996-05-13,661.51,661.5100,391.45,1.68989654
1996-05-14,665.6,665.6000,391.85,1.69860916
1996-05-15,665.42,665.4200,392.45,1.69555357
1996-05-16,664.85,664.8500,392.65,1.69323825
1996-05-17,668.91,668.9100,392.25,1.70531549
1996-05-20,673.15,673.1500,390.85,1.72227197
1996-05-21,672.76,672.7600,391.05,1.72039381
1996-05-22,678.42,678.4200,391.75,1.73176771
1996-05-23,676,676.0000,391.75,1.72559030
1996-05-24,678.51,678.5100,391,1.73531969
1996-05-28,672.23,672.2300,391.35,1.71772071
1996-05-29,667.93,667.9300,391.25,1.70716933
1996-05-30,671.7,671.7000,391.25,1.71680511
1996-05-31,669.12,669.1200,390.75,1.71239923
1996-06-03,667.68,667.6800,390.95,1.70783988
1996-06-04,672.56,672.5600,388.05,1.73317871
1996-06-05,678.44,678.4400,386.25,1.75647896
1996-06-06,673.03,673.0300,385.85,1.74427886
1996-06-07,673.31,673.3100,385.35,1.74726872
1996-06-10,672.16,672.1600,386.25,1.74022006
1996-06-11,670.97,670.9700,384.5,1.74504551
1996-06-12,669.04,669.0400,384.45,1.74025231
1996-06-13,667.92,667.9200,384.45,1.73733906
1996-06-14,665.85,665.8500,384.25,1.73285621
1996-06-17,665.16,665.1600,385.35,1.72611911
1996-06-18,662.06,662.0600,385.75,1.71629294
1996-06-19,661.96,661.9600,384.55,1.72138864
1996-06-20,662.1,662.1000,384.35,1.72264863
1996-06-21,666.84,666.8400,384.95,1.73227692
1996-06-24,668.85,668.8500,385.05,1.73704714
1996-06-25,668.48,668.4800,383.95,1.74106003
1996-06-26,664.39,664.3900,383.15,1.73402062
1996-06-27,668.55,668.5500,382.25,1.74898627
1996-06-28,670.63,670.6300,380.45,1.76272835
1996-07-01,675.88,675.8800,382,1.76931937
1996-07-02,673.61,673.6100,381.85,1.76406966
1996-07-03,672.4,672.4000,382.1,1.75974876
1996-07-05,657.44,657.4400,381.75,1.72217420
1996-07-08,652.54,652.5400,381.25,1.71158033
1996-07-09,654.75,654.7500,382.85,1.71019982
1996-07-10,656.06,656.0600,382.45,1.71541378
1996-07-11,645.67,645.6700,383.5,1.68362451
1996-07-12,646.19,646.1900,383.75,1.68388274
1996-07-15,629.8,629.8000,383,1.64438642
1996-07-16,628.37,628.3700,385,1.63212987
1996-07-17,634.07,634.0700,383.75,1.65229967
1996-07-18,643.56,643.5600,383.95,1.67615575
1996-07-19,638.73,638.7300,384.95,1.65925445
1996-07-22,633.77,633.7700,384.75,1.64722547
1996-07-23,626.87,626.8700,384.75,1.62929175
1996-07-24,626.65,626.6500,385.75,1.62449773
1996-07-25,631.17,631.1700,384.95,1.63961553
1996-07-26,635.9,635.9000,385.25,1.65061648
1996-07-29,630.91,630.9100,384.55,1.64064491
1996-07-30,635.26,635.2600,384.75,1.65109812
1996-07-31,639.95,639.9500,387.35,1.65212340
1996-08-01,650.02,650.0200,386.35,1.68246409
1996-08-02,662.49,662.4900,386.45,1.71429680
1996-08-05,660.23,660.2300,389.15,1.69659514
1996-08-06,662.38,662.3800,388.65,1.70430979
1996-08-07,664.16,664.1600,388.35,1.71020986
1996-08-08,662.59,662.5900,388.65,1.70485012
1996-08-09,662.1,662.1000,387.75,1.70754352
1996-08-12,665.77,665.7700,387.75,1.71700838
1996-08-13,660.2,660.2000,387.65,1.70308268
1996-08-14,662.05,662.0500,386.5,1.71293661
1996-08-15,662.28,662.2800,386.4,1.71397516
1996-08-16,665.21,665.2100,386.25,1.72222654
1996-08-19,666.58,666.5800,387.35,1.72087260
1996-08-20,665.69,665.6900,387.85,1.71635942
1996-08-21,665.07,665.0700,386.85,1.71919349
1996-08-22,670.68,670.6800,387.5,1.73078710
1996-08-23,667.03,667.0300,387.7,1.72047975
1996-08-26,663.88,663.8800,389.65,1.70378545
1996-08-27,666.4,666.4000,389.15,1.71245021
1996-08-28,664.81,664.8100,388.15,1.71276568
1996-08-29,657.4,657.4000,387.85,1.69498517
1996-08-30,651.99,651.9900,386.5,1.68690815
1996-09-03,654.72,654.7200,386.15,1.69550693
1996-09-04,655.61,655.6100,385.55,1.70045390
1996-09-05,649.44,649.4400,385.75,1.68357745
1996-09-06,655.68,655.6800,385.05,1.70284379
1996-09-09,663.76,663.7600,383.55,1.73056968
1996-09-10,663.81,663.8100,383.25,1.73205479
1996-09-11,667.28,667.2800,383.15,1.74156336
1996-09-12,671.15,671.1500,382.55,1.75441119
1996-09-13,680.54,680.5400,383.05,1.77663490
1996-09-16,683.98,683.9800,383.15,1.78514942
1996-09-17,682.94,682.9400,383.4,1.78127282
1996-09-18,681.47,681.4700,383.25,1.77813438
1996-09-19,683,683.0000,382.75,1.78445460
1996-09-20,687.03,687.0300,381.85,1.79921435
1996-09-23,686.48,686.4800,381.65,1.79871610
1996-09-24,685.61,685.6100,383.05,1.78987077
1996-09-25,685.83,685.8300,382.25,1.79419228
1996-09-26,685.86,685.8600,381.15,1.79944904
1996-09-27,686.19,686.1900,381,1.80102362
1996-09-30,687.33,687.3300,378.25,1.81713153
1996-10-01,689.08,689.0800,378.75,1.81935314
1996-10-02,694.01,694.0100,380.15,1.82562147
1996-10-03,692.78,692.7800,380.15,1.82238590
1996-10-04,701.46,701.4600,380.45,1.84376396
1996-10-07,703.34,703.3400,380.35,1.84919153
1996-10-08,700.64,700.6400,380.95,1.83919149
1996-10-09,696.74,696.7400,381.25,1.82751475
1996-10-10,694.61,694.6100,382.25,1.81716154
1996-10-11,700.66,700.6600,381.25,1.83779672
1996-10-14,703.54,703.5400,381.6,1.84365828
1996-10-15,702.57,702.5700,381.25,1.84280656
1996-10-16,704.41,704.4100,381.75,1.84521284
1996-10-17,706.99,706.9900,380.55,1.85781106
1996-10-18,710.82,710.8200,380.25,1.86934911
1996-10-21,709.85,709.8500,382,1.85824607
1996-10-22,706.57,706.5700,384.15,1.83930756
1996-10-23,707.27,707.2700,383.75,1.84304886
1996-10-24,702.29,702.2900,383,1.83365535
1996-10-25,700.92,700.9200,382.6,1.83199164
1996-10-28,697.26,697.2600,383,1.82052219
1996-10-29,701.5,701.5000,380.65,1.84290030
1996-10-30,700.9,700.9000,380.25,1.84326101
1996-10-31,705.27,705.2700,378.3,1.86431404
1996-11-01,703.77,703.7700,377.85,1.86256451
1996-11-04,706.73,706.7300,378.9,1.86521510
1996-11-05,714.14,714.1400,379.4,1.88228782
1996-11-06,724.59,724.5900,378.6,1.91386688
1996-11-07,727.65,727.6500,380.55,1.91210091
1996-11-08,730.82,730.8200,379.05,1.92803060
1996-11-11,731.87,731.8700,380.75,1.92217991
1996-11-12,729.56,729.5600,381.75,1.91109365
1996-11-13,731.13,731.1300,383.55,1.90621822
1996-11-14,735.88,735.8800,382.5,1.92386928
1996-11-15,737.62,737.6200,379.75,1.94238315
1996-11-18,737.02,737.0200,379,1.94464380
1996-11-19,742.16,742.1600,378.5,1.96079260
1996-11-20,743.95,743.9500,379.25,1.96163481
1996-11-21,742.75,742.7500,376.4,1.97329968
1996-11-22,748.73,748.7300,377.25,1.98470510
1996-11-25,757.03,757.0300,375.5,2.01605859
1996-11-26,755.96,755.9600,373.85,2.02209442
1996-11-27,755,755.0000,373.75,2.02006689
1996-11-29,757.02,757.0200,371.65,2.03691645
1996-12-02,756.56,756.5600,371.05,2.03897049
1996-12-03,748.28,748.2800,367.85,2.03419872
1996-12-04,745.1,745.1000,369.9,2.01432820
1996-12-05,744.38,744.3800,370.25,2.01047941
1996-12-06,739.6,739.6000,368.26,2.00836366
1996-12-09,749.76,749.7600,368.85,2.03269622
1996-12-10,747.54,747.5400,368.45,2.02887773
1996-12-11,740.73,740.7300,368.65,2.00930422
1996-12-12,729.3,729.3000,368.75,1.97776271
1996-12-13,728.64,728.6400,368.7,1.97624085
1996-12-16,720.98,720.9800,368.1,1.95865254
1996-12-17,726.04,726.0400,368.55,1.96999050
1996-12-18,731.54,731.5400,369.3,1.98088275
1996-12-19,745.76,745.7600,369.1,2.02048225
1996-12-20,748.87,748.8700,369.25,2.02808395
1996-12-23,746.92,746.9200,368.7,2.02582045
1996-12-24,751.03,751.0300,368.85,2.03613935
1996-12-26,755.82,755.8200,368.85,2.04912566
1996-12-27,756.79,756.7900,369.6,2.04759199
1996-12-30,753.85,753.8500,369.35,2.04101800
1996-12-31,740.74,740.7400,369.45,2.00498038
1997-01-02,737.01,737.0100,365.7,2.01534044
1997-01-03,748.03,748.0300,361.8,2.06752349
1997-01-06,747.65,747.6500,357.85,2.08928322
1997-01-07,753.23,753.2300,358.85,2.09901073
1997-01-08,748.41,748.4100,355.75,2.10375264
1997-01-09,754.85,754.8500,357.25,2.11294612
1997-01-10,759.5,759.5000,359.05,2.11530428
1997-01-13,759.51,759.5100,358.75,2.11710105
1997-01-14,768.86,768.8600,353.55,2.17468533
1997-01-15,767.2,767.2000,352.25,2.17799858
1997-01-16,769.75,769.7500,354.05,2.17412795
1997-01-17,776.17,776.1700,355.45,2.18362639
1997-01-20,776.7,776.7000,353.85,2.19499788
1997-01-21,782.72,782.7200,352.95,2.21765123
1997-01-22,786.23,786.2300,351,2.23997151
1997-01-23,777.56,777.5600,351.75,2.21054726
1997-01-24,770.52,770.5200,352.55,2.18556233
1997-01-27,765.02,765.0200,356.5,2.14591865
1997-01-28,765.02,765.0200,353.25,2.16566171
1997-01-29,772.5,772.5000,351.25,2.19928826
1997-01-30,784.17,784.1700,345.65,2.26868219
1997-01-31,786.16,786.1600,344.1,2.28468468
1997-02-03,786.73,786.7300,346.65,2.26952257
1997-02-04,789.26,789.2600,344.35,2.29202846
1997-02-05,778.28,778.2800,344.25,2.26079884
1997-02-06,780.15,780.1500,342.95,2.27482140
1997-02-07,789.56,789.5600,340.65,2.31780420
1997-02-10,785.43,785.4300,341.4,2.30061511
1997-02-11,789.59,789.5900,340,2.32232353
1997-02-12,802.77,802.7700,343.05,2.34009620
1997-02-13,811.82,811.8200,343.7,2.36200175
1997-02-14,808.48,808.4800,342.7,2.35914794
1997-02-18,816.29,816.2900,345.35,2.36366006
1997-02-19,812.49,812.4900,345.85,2.34925546
1997-02-20,802.8,802.8000,351,2.28717949
1997-02-21,801.77,801.7700,352.25,2.27613911
1997-02-24,810.28,810.2800,353.1,2.29476069
1997-02-25,812.03,812.0300,354.25,2.29225124
1997-02-26,805.68,805.6800,354.25,2.27432604
1997-02-27,795.07,795.0700,359.25,2.21313848
1997-02-28,790.82,790.8200,363.25,2.17706813
1997-03-03,795.31,795.3100,362.1,2.19638221
1997-03-04,790.95,790.9500,358.95,2.20351024
1997-03-05,801.99,801.9900,352.75,2.27353650
1997-03-06,798.56,798.5600,352.04,2.26837859
1997-03-07,804.97,804.9700,349,2.30650430
1997-03-10,813.65,813.6500,351.75,2.31314854
1997-03-11,811.34,811.3400,353.75,2.29354064
1997-03-12,804.26,804.2600,351.25,2.28970819
1997-03-13,789.56,789.5600,353.35,2.23449837
1997-03-14,793.17,793.1700,352.95,2.24725882
1997-03-17,795.71,795.7100,347.45,2.29014247
1997-03-18,789.66,789.6600,348.35,2.26685805
1997-03-19,785.77,785.7700,352.25,2.23071682
1997-03-20,782.65,782.6500,351.25,2.22818505
1997-03-21,784.1,784.1000,352.55,2.22408169
1997-03-24,790.89,790.8900,350.15,2.25871769
1997-03-25,789.07,789.0700,348.64,2.26328017
1997-03-26,790.5,790.5000,350.45,2.25567128
1997-03-27,773.88,773.8800,348.15,2.22283498
1997-03-31,757.12,757.1200,351.05,2.15672981
1997-04-01,759.64,759.6400,351.95,2.15837477
1997-04-02,750.11,750.1100,349.05,2.14900444
1997-04-03,750.32,750.3200,348.75,2.15145520
1997-04-04,757.9,757.9000,349,2.17163324
1997-04-07,762.13,762.1300,348.3,2.18814241
1997-04-08,766.12,766.1200,348.55,2.19802037
1997-04-09,760.6,760.6000,348.05,2.18531820
1997-04-10,758.34,758.3400,348,2.17913793
1997-04-11,737.65,737.6500,346.95,2.12609886
1997-04-14,743.73,743.7300,346.45,2.14671670
1997-04-15,754.72,754.7200,341.75,2.20839795
1997-04-16,763.53,763.5300,341.35,2.23679508
1997-04-17,761.77,761.7700,342.55,2.22382134
1997-04-18,766.34,766.3400,341.35,2.24502710
1997-04-21,760.37,760.3700,343.04,2.21656367
1997-04-22,774.61,774.6100,341.7,2.26693006
1997-04-23,773.64,773.6400,340.85,2.26973742
1997-04-24,771.18,771.1800,340.75,2.26318415
1997-04-25,765.37,765.3700,342.25,2.23628926
1997-04-28,772.96,772.9600,339.5,2.27675994
1997-04-29,794.05,794.0500,339.85,2.33647197
1997-04-30,801.34,801.3400,339.25,2.36209285
1997-05-01,798.53,798.5300,340.25,2.34689199
1997-05-02,812.97,812.9700,340.25,2.38933137
1997-05-05,830.29,830.2900,342.95,2.42102347
1997-05-06,827.76,827.7600,340.25,2.43279941
1997-05-07,815.62,815.6200,341.25,2.39009524
1997-05-08,820.26,820.2600,343.5,2.38794760
1997-05-09,824.78,824.7800,348,2.37005747
1997-05-12,837.66,837.6600,347.75,2.40879942
1997-05-13,833.13,833.1300,349.5,2.38377682
1997-05-14,836.04,836.0400,347.55,2.40552438
1997-05-15,841.88,841.8800,347.2,2.42476959
1997-05-16,829.75,829.7500,344.15,2.41101264
1997-05-19,833.27,833.2700,341.65,2.43895800
1997-05-20,841.66,841.6600,342.95,2.45417699
1997-05-21,839.35,839.3500,342.54,2.45037076
1997-05-22,835.66,835.6600,342.85,2.43739245
1997-05-23,847.03,847.0300,342.6,2.47235844
1997-05-27,849.71,849.7100,343.65,2.47260294
1997-05-28,847.21,847.2100,344.5,2.45924528
1997-05-29,844.08,844.0800,344.35,2.45122695
1997-05-30,848.28,848.2800,344.75,2.46056563
1997-06-02,846.36,846.3600,343.95,2.46070650
1997-06-03,845.48,845.4800,343.45,2.46172660
1997-06-04,840.11,840.1100,341.64,2.45905046
1997-06-05,843.43,843.4300,342.45,2.46292889
1997-06-06,858.01,858.0100,342.45,2.50550445
1997-06-09,862.91,862.9100,344,2.50845930
1997-06-10,865.27,865.2700,343.95,2.51568542
1997-06-11,869.57,869.5700,344.14,2.52679142
1997-06-12,883.46,883.4600,342.25,2.58132944
1997-06-13,893.27,893.2700,341.54,2.61541840
1997-06-16,893.9,893.9000,342,2.61374269
1997-06-17,894.42,894.4200,341.75,2.61717630
1997-06-18,889.06,889.0600,340.15,2.61372924
1997-06-19,897.99,897.9900,339.14,2.64784455
1997-06-20,898.7,898.7000,337.55,2.66242038
1997-06-23,878.62,878.6200,339.05,2.59141720
1997-06-24,896.34,896.3400,337.85,2.65307089
1997-06-25,888.99,888.9900,337.45,2.63443473
1997-06-26,883.68,883.6800,338.25,2.61250554
1997-06-27,887.3,887.3000,334.75,2.65063480
1997-06-30,885.14,885.1400,334,2.65011976
1997-07-01,891.03,891.0300,334.05,2.66735519
1997-07-02,904.03,904.0300,331.55,2.72667773
1997-07-03,916.92,916.9200,324.75,2.82346420
1997-07-07,912.2,912.2000,318.65,2.86270202
1997-07-08,918.75,918.7500,320.25,2.86885246
1997-07-09,907.54,907.5400,318.25,2.85165750
1997-07-10,913.78,913.7800,319.65,2.85868919
1997-07-11,916.68,916.6800,321.55,2.85081636
1997-07-14,918.38,918.3800,319.75,2.87218139
1997-07-15,925.76,925.7600,318.05,2.91073731
1997-07-16,936.59,936.5900,318,2.94525157
1997-07-17,931.61,931.6100,324,2.87533951
1997-07-18,915.3,915.3000,326.25,2.80551724
1997-07-21,912.94,912.9400,326.65,2.79485688
1997-07-22,933.98,933.9800,325.6,2.86848894
1997-07-23,936.56,936.5600,322,2.90857143
1997-07-24,940.3,940.3000,324,2.90216049
1997-07-25,938.79,938.7900,325.75,2.88193400
1997-07-28,936.45,936.4500,327.4,2.86026268
1997-07-29,942.29,942.2900,325.85,2.89179070
1997-07-30,952.29,952.2900,326.45,2.91710829
1997-07-31,954.31,954.3100,324.55,2.94040980
1997-08-01,947.14,947.1400,324.75,2.91652040
1997-08-04,950.3,950.3000,323.95,2.93347739
1997-08-05,952.37,952.3700,319.25,2.98314800
1997-08-06,960.32,960.3200,319.75,3.00334636
1997-08-07,951.19,951.1900,321.85,2.95538294
1997-08-08,933.54,933.5400,325.85,2.86493785
1997-08-11,937,937.0000,328.65,2.85105736
1997-08-12,926.53,926.5300,326.95,2.83385839
1997-08-13,922.02,922.0200,328.25,2.80889566
1997-08-14,924.77,924.7700,325,2.84544615
1997-08-15,900.81,900.8100,324.5,2.77599384
1997-08-18,912.49,912.4900,321.45,2.83866853
1997-08-19,926.01,926.0100,323.35,2.86380084
1997-08-20,939.35,939.3500,321.25,2.92404669
1997-08-21,925.05,925.0500,323.35,2.86083192
1997-08-22,923.54,923.5400,323.35,2.85616205
1997-08-25,920.16,920.1600,324.7,2.83387743
1997-08-26,913.02,913.0200,325.75,2.80282425
1997-08-27,913.7,913.7000,325.45,2.80749731
1997-08-28,903.67,903.6700,323.95,2.78953542
1997-08-29,899.47,899.4700,324.15,2.77485732
1997-09-02,927.58,927.5800,322.75,2.87398916
1997-09-03,927.86,927.8600,322.05,2.88110542
1997-09-04,930.87,930.8700,321.35,2.89674809
1997-09-05,929.05,929.0500,322.25,2.88301009
1997-09-08,931.2,931.2000,321.95,2.89237459
1997-09-09,933.62,933.6200,321.5,2.90395023
1997-09-10,919.03,919.0300,321.45,2.85901384
1997-09-11,912.59,912.5900,324.05,2.81620120
1997-09-12,923.91,923.9100,323.75,2.85377606
1997-09-15,919.77,919.7700,322.95,2.84802601
1997-09-16,945.64,945.6400,320.75,2.94821512
1997-09-17,943,943.0000,320.25,2.94457455
1997-09-18,947.29,947.2900,320.65,2.95428037
1997-09-19,950.51,950.5100,320.85,2.96247468
1997-09-22,955.43,955.4300,320.95,2.97688113
1997-09-23,951.93,951.9300,321.95,2.95676347
1997-09-24,944.48,944.4800,323.65,2.91821412
1997-09-25,937.91,937.9100,327.15,2.86691120
1997-09-26,945.22,945.2200,326.75,2.89279265
1997-09-29,953.34,953.3400,328.25,2.90431074
1997-09-30,947.28,947.2800,334.45,2.83235162
1997-10-01,955.41,955.4100,334,2.86050898
1997-10-02,960.46,960.4600,331.45,2.89775230
1997-10-03,965.03,965.0300,334.85,2.88197700
1997-10-06,972.69,972.6900,332.55,2.92494362
1997-10-07,983.12,983.1200,331.25,2.96790943
1997-10-08,973.84,973.8400,333.25,2.92225056
1997-10-09,970.62,970.6200,327.25,2.96598930
1997-10-10,966.98,966.9800,329.65,2.93335356
1997-10-13,968.1,968.1000,328.45,2.94748059
1997-10-14,970.28,970.2800,327.95,2.95862174
1997-10-15,965.72,965.7200,326.95,2.95372381
1997-10-16,955.25,955.2500,325.85,2.93156360
1997-10-17,944.16,944.1600,325.05,2.90466082
1997-10-20,955.61,955.6100,323.65,2.95260312
1997-10-21,972.28,972.2800,322.9,3.01108702
1997-10-22,968.49,968.4900,322.45,3.00353543
1997-10-23,950.69,950.6900,323.65,2.93740151
1997-10-24,941.64,941.6400,310.35,3.03412276
1997-10-27,876.99,876.9900,311.85,2.81221741
1997-10-28,921.85,921.8500,315.75,2.91955661
1997-10-29,919.16,919.1600,313.85,2.92866019
1997-10-30,903.68,903.6800,316.45,2.85568020
1997-10-31,914.62,914.6200,311.45,2.93665115
1997-11-03,938.99,938.9900,313.45,2.99566119
1997-11-04,940.76,940.7600,313.85,2.99748287
1997-11-05,942.76,942.7600,313.55,3.00672939
1997-11-06,938.03,938.0300,312.45,3.00217635
1997-11-07,927.51,927.5100,310.25,2.98955681
1997-11-10,921.13,921.1300,310.15,2.96995002
1997-11-11,923.78,923.7800,309.75,2.98234060
1997-11-12,905.96,905.9600,307.45,2.94669052
1997-11-13,916.66,916.6600,307.85,2.97761897
1997-11-14,928.35,928.3500,303.35,3.06032636
1997-11-17,946.2,946.2000,303.85,3.11403653
1997-11-18,938.23,938.2300,306.75,3.05861451
1997-11-19,944.59,944.5900,303.95,3.10771508
1997-11-20,958.98,958.9800,302.85,3.16651808
1997-11-21,963.09,963.0900,304.95,3.15818987
1997-11-24,946.67,946.6700,302.95,3.12483908
1997-11-25,950.82,950.8200,300.55,3.16360007
1997-11-26,951.64,951.6400,296.55,3.20903726
1997-11-28,955.4,955.4000,297,3.21683502
1997-12-01,974.77,974.7700,293.85,3.31723669
1997-12-02,971.68,971.6800,293.65,3.30897327
1997-12-03,976.77,976.7700,292.35,3.34109800
1997-12-04,973.1,973.1000,286.25,3.39947598
1997-12-05,983.79,983.7900,288.25,3.41297485
1997-12-08,982.37,982.3700,287.85,3.41278444
1997-12-09,975.78,975.7800,282.75,3.45103448
1997-12-10,969.79,969.7900,286.65,3.38318507
1997-12-11,954.94,954.9400,284.05,3.36187291
1997-12-12,953.39,953.3900,282.85,3.37065582
1997-12-15,963.39,963.3900,284.35,3.38804290
1997-12-16,968.04,968.0400,283.75,3.41159471
1997-12-17,965.54,965.5400,289.15,3.33923569
1997-12-18,955.3,955.3000,287.35,3.32451714
1997-12-19,946.78,946.7800,289.05,3.27548867
1997-12-22,953.7,953.7000,291.1,3.27619375
1997-12-23,939.13,939.1300,293.75,3.19703830
1997-12-24,932.7,932.7000,296.2,3.14888589
1997-12-26,936.46,936.4600,295.25,3.17175275
1997-12-29,953.35,953.3500,291,3.27611684
1997-12-30,970.84,970.8400,290.3,3.34426455
1997-12-31,970.43,970.4300,288.8,3.36021468
1998-01-02,975.04,975.0400,288.25,3.38261925
1998-01-05,977.07,977.0700,281.85,3.46663119
1998-01-06,966.58,966.5800,281.45,3.43428673
1998-01-07,964,964.0000,283.85,3.39615994
1998-01-08,956.05,956.0500,280.95,3.40291867
1998-01-09,927.69,927.6900,278.5,3.33102334
1998-01-12,939.21,939.2100,278.15,3.37663131
1998-01-13,952.12,952.1200,282.75,3.36735632
1998-01-14,957.94,957.9400,281.45,3.40358856
1998-01-15,950.73,950.7300,285.75,3.32713911
1998-01-16,961.51,961.5100,290.15,3.31383767
1998-01-20,978.6,978.6000,290.45,3.36925460
1998-01-21,970.81,970.8100,292.55,3.31844129
1998-01-22,963.04,963.0400,290.45,3.31568256
1998-01-23,957.59,957.5900,299.62,3.19601495
1998-01-26,956.95,956.9500,296.75,3.22476832
1998-01-27,969.02,969.0200,300.55,3.22415571
1998-01-28,977.46,977.4600,305.95,3.19483576
1998-01-29,985.49,985.4900,302.85,3.25405316
1998-01-30,980.28,980.2800,302.75,3.23791908
1998-02-02,1001.27,1001.2700,302.95,3.30506684
1998-02-03,1006,1006.0000,295.25,3.40728196
1998-02-04,1006.9,1006.9000,299.25,3.36474520
1998-02-05,1003.54,1003.5400,298.4,3.36306971
1998-02-06,1012.46,1012.4600,298.75,3.38898745
1998-02-09,1010.74,1010.7400,300,3.36913333
1998-02-10,1019.01,1019.0100,300.45,3.39161258
1998-02-11,1020.01,1020.0100,300.05,3.39946676
1998-02-12,1024.14,1024.1400,298.75,3.42808368
1998-02-13,1020.09,1020.0900,299.85,3.40200100
1998-02-17,1022.76,1022.7600,298,3.43208054
1998-02-18,1032.08,1032.0800,297.55,3.46859351
1998-02-19,1028.28,1028.2800,298.95,3.43963874
1998-02-20,1034.21,1034.2100,297.25,3.47925988
1998-02-23,1038.14,1038.1400,293.45,3.53770659
1998-02-24,1030.56,1030.5600,291.45,3.53597530
1998-02-25,1042.9,1042.9000,292.25,3.56852010
1998-02-26,1048.67,1048.6700,293.55,3.57237268
1998-02-27,1049.34,1049.3400,299.15,3.50773859
1998-03-02,1047.7,1047.7000,299.7,3.49582916
1998-03-03,1052.02,1052.0200,297.85,3.53204633
1998-03-04,1047.33,1047.3300,296.05,3.53767945
1998-03-05,1035.05,1035.0500,293.45,3.52717669
1998-03-06,1055.69,1055.6900,294.45,3.58529462
1998-03-09,1052.31,1052.3100,294.45,3.57381559
1998-03-10,1064.25,1064.2500,296,3.59543919
1998-03-11,1068.47,1068.4700,294.6,3.62684997
1998-03-12,1069.92,1069.9200,294.55,3.63238839
1998-03-13,1068.61,1068.6100,295.35,3.61811410
1998-03-16,1079.27,1079.2700,294.15,3.66911440
1998-03-17,1080.45,1080.4500,292.1,3.69890448
1998-03-18,1085.52,1085.5200,291.15,3.72838743
1998-03-19,1089.74,1089.7400,291.75,3.73518423
1998-03-20,1099.16,1099.1600,291.95,3.76489125
1998-03-23,1095.55,1095.5500,298.95,3.66465964
1998-03-24,1105.65,1105.6500,299.55,3.69103655
1998-03-25,1101.93,1101.9300,297.95,3.69837221
1998-03-26,1100.8,1100.8000,301.55,3.65047256
1998-03-27,1095.44,1095.4400,302.25,3.62428453
1998-03-30,1093.6,1093.6000,301.85,3.62299155
1998-03-31,1101.75,1101.7500,300.95,3.66090713
1998-04-01,1108.15,1108.1500,299.75,3.69691410
1998-04-02,1120.01,1120.0100,302.25,3.70557486
1998-04-03,1122.7,1122.7000,307.75,3.64809098
1998-04-06,1121.38,1121.3800,309.15,3.62730066
1998-04-07,1109.55,1109.5500,309.85,3.58092625
1998-04-08,1101.65,1101.6500,309.15,3.56348051
1998-04-09,1110.67,1110.6700,308.45,3.60081050
1998-04-13,1109.69,1109.6900,310.85,3.56985684
1998-04-14,1115.75,1115.7500,310.85,3.58935178
1998-04-15,1119.32,1119.3200,307.25,3.64302685
1998-04-16,1108.17,1108.1700,308.15,3.59620315
1998-04-17,1122.72,1122.7200,307.75,3.64815597
1998-04-20,1123.65,1123.6500,307.95,3.64880662
1998-04-21,1126.67,1126.6700,307.75,3.66099106
1998-04-22,1130.54,1130.5400,313.25,3.60906624
1998-04-23,1119.58,1119.5800,314.05,3.56497373
1998-04-24,1107.9,1107.9000,312.65,3.54357908
1998-04-27,1086.54,1086.5400,309.65,3.50892944
1998-04-28,1085.11,1085.1100,307.95,3.52365644
1998-04-29,1094.62,1094.6200,310.25,3.52818695
1998-04-30,1111.75,1111.7500,306.65,3.62546878
1998-05-01,1121,1121.0000,306.25,3.66040816
1998-05-04,1122.07,1122.0700,304.35,3.68677509
1998-05-05,1115.5,1115.5000,303.35,3.67727048
1998-05-06,1104.92,1104.9200,300.75,3.67388196
1998-05-07,1095.14,1095.1400,298.45,3.66942536
1998-05-08,1108.14,1108.1400,299.85,3.69564782
1998-05-11,1106.64,1106.6400,300.35,3.68450142
1998-05-12,1115.79,1115.7900,298.15,3.74237800
1998-05-13,1118.86,1118.8600,298.45,3.74890266
1998-05-14,1117.37,1117.3700,299.05,3.73639860
1998-05-15,1108.73,1108.7300,301.35,3.67921022
1998-05-18,1105.82,1105.8200,299.55,3.69160407
1998-05-19,1109.52,1109.5200,298.75,3.71387448
1998-05-20,1119.06,1119.0600,299.75,3.73331109
1998-05-21,1114.64,1114.6400,299.75,3.71856547
1998-05-22,1110.47,1110.4700,300.05,3.70094984
1998-05-26,1094.02,1094.0200,295.55,3.70164101
1998-05-27,1092.23,1092.2300,293.85,3.71696444
1998-05-28,1097.6,1097.6000,293.2,3.74351978
1998-05-29,1090.82,1090.8200,292.95,3.72357058
1998-06-01,1090.98,1090.9800,288.65,3.77959466
1998-06-02,1093.22,1093.2200,291.15,3.75483428
1998-06-03,1082.73,1082.7300,291.15,3.71880474
1998-06-04,1094.83,1094.8300,293.55,3.72962017
1998-06-05,1113.86,1113.8600,291.65,3.81916681
1998-06-08,1115.72,1115.7200,295.95,3.76996114
1998-06-09,1118.41,1118.4100,293.65,3.80864975
1998-06-10,1112.28,1112.2800,293.25,3.79294118
1998-06-11,1094.58,1094.5800,287.05,3.81320327
1998-06-12,1098.84,1098.8400,286,3.84209790
1998-06-15,1077.01,1077.0100,284.85,3.78097244
1998-06-16,1087.59,1087.5900,288.65,3.76785034
1998-06-17,1107.11,1107.1100,293.45,3.77273812
1998-06-18,1106.37,1106.3700,293.25,3.77278772
1998-06-19,1100.65,1100.6500,299.25,3.67802840
1998-06-22,1103.21,1103.2100,295.75,3.73021133
1998-06-23,1119.49,1119.4900,295.05,3.79423826
1998-06-24,1132.88,1132.8800,292.85,3.86846508
1998-06-25,1129.28,1129.2800,293.85,3.84304917
1998-06-26,1133.2,1133.2000,293.85,3.85638931
1998-06-29,1138.49,1138.4900,293.65,3.87703048
1998-06-30,1133.84,1133.8400,296.95,3.81828591
1998-07-01,1148.56,1148.5600,296.45,3.87438017
1998-07-02,1146.42,1146.4200,293.85,3.90137825
1998-07-06,1157.33,1157.3300,293.25,3.94656436
1998-07-07,1154.66,1154.6600,294.95,3.91476521
1998-07-08,1166.38,1166.3800,293.25,3.97742540
1998-07-09,1158.56,1158.5600,291.65,3.97243271
1998-07-10,1164.33,1164.3300,290.85,4.00319752
1998-07-13,1165.19,1165.1900,291.65,3.99516544
1998-07-14,1177.58,1177.5800,293.35,4.01424919
1998-07-15,1174.81,1174.8100,293.95,3.99663208
1998-07-16,1183.99,1183.9900,293.25,4.03747656
1998-07-17,1186.75,1186.7500,294.5,4.02971138
1998-07-20,1184.1,1184.1000,296,4.00033784
1998-07-21,1165.07,1165.0700,294.9,3.95072906
1998-07-22,1164.08,1164.0800,294.15,3.95743668
1998-07-23,1139.75,1139.7500,293.15,3.88794133
1998-07-24,1140.8,1140.8000,291.15,3.91825519
1998-07-27,1147.27,1147.2700,290.35,3.95133460
1998-07-28,1130.24,1130.2400,291.75,3.87400171
1998-07-29,1125.21,1125.2100,290.05,3.87936563
1998-07-30,1142.95,1142.9500,288.85,3.95689804
1998-07-31,1120.67,1120.6700,286.45,3.91227090
1998-08-03,1112.44,1112.4400,283.75,3.92049339
1998-08-04,1072.12,1072.1200,288.45,3.71683134
1998-08-05,1081.43,1081.4300,287.95,3.75561729
1998-08-06,1089.63,1089.6300,287.35,3.79199582
1998-08-07,1089.45,1089.4500,286.65,3.80062794
1998-08-10,1083.14,1083.1400,287.45,3.76809880
1998-08-11,1068.98,1068.9800,283.95,3.76467688
1998-08-12,1084.22,1084.2200,282.75,3.83455349
1998-08-13,1074.91,1074.9100,285.35,3.76698791
1998-08-14,1062.75,1062.7500,284.05,3.74141876
1998-08-17,1083.67,1083.6700,285.05,3.80168392
1998-08-18,1101.2,1101.2000,284.95,3.86453764
1998-08-19,1098.06,1098.0600,283.35,3.87527792
1998-08-20,1091.6,1091.6000,285.15,3.82816062
1998-08-21,1081.24,1081.2400,283.55,3.81322518
1998-08-24,1088.14,1088.1400,284.65,3.82272967
1998-08-25,1092.85,1092.8500,283.05,3.86097863
1998-08-26,1084.19,1084.1900,282.25,3.84124004
1998-08-27,1042.59,1042.5900,276.55,3.76998734
1998-08-28,1027.14,1027.1400,274.35,3.74390377
1998-08-31,957.28,957.2800,275.55,3.47407004
1998-09-01,994.26,994.2600,278.85,3.56557289
1998-09-02,990.48,990.4800,278.85,3.55201721
1998-09-03,982.26,982.2600,285.35,3.44229893
1998-09-04,973.89,973.8900,286.85,3.39511940
1998-09-08,1023.46,1023.4600,286.05,3.57790596
1998-09-09,1006.2,1006.2000,284.25,3.53984169
1998-09-10,980.19,980.1900,290.45,3.37472887
1998-09-11,1009.06,1009.0600,293.75,3.43509787
1998-09-14,1029.72,1029.7200,290.35,3.54647839
1998-09-15,1037.68,1037.6800,289.65,3.58253064
1998-09-16,1045.48,1045.4800,287.65,3.63455588
1998-09-17,1018.87,1018.8700,291.45,3.49586550
1998-09-18,1020.09,1020.0900,291.45,3.50005147
1998-09-21,1023.89,1023.8900,288.95,3.54348503
1998-09-22,1029.63,1029.6300,287.65,3.57945420
1998-09-23,1066.09,1066.0900,289.55,3.68188568
1998-09-24,1042.72,1042.7200,293.85,3.54847711
1998-09-25,1044.75,1044.7500,293.95,3.55417588
1998-09-28,1048.69,1048.6900,295.85,3.54466791
1998-09-29,1049.02,1049.0200,294.65,3.56022399
1998-09-30,1017.01,1017.0100,296.95,3.42485267
1998-10-01,986.39,986.3900,300.2,3.28577615
1998-10-02,1002.6,1002.6000,300.55,3.33588421
1998-10-05,988.56,988.5600,297.55,3.32233238
1998-10-06,984.59,984.5900,296.55,3.32014837
1998-10-07,970.68,970.6800,301,3.22485050
1998-10-08,959.44,959.4400,299.65,3.20186885
1998-10-09,984.39,984.3900,296.75,3.31723673
1998-10-12,997.71,997.7100,296.25,3.36779747
1998-10-13,994.8,994.8000,296.55,3.35457764
1998-10-14,1005.53,1005.5300,296.05,3.39648708
1998-10-15,1047.49,1047.4900,297.35,3.52275097
1998-10-16,1056.42,1056.4200,299.95,3.52198700
1998-10-19,1062.39,1062.3900,296.15,3.58733750
1998-10-20,1063.93,1063.9300,296.25,3.59132489
1998-10-21,1069.92,1069.9200,295.25,3.62377646
1998-10-22,1078.48,1078.4800,292.25,3.69026518
1998-10-23,1070.67,1070.6700,292.85,3.65603551
1998-10-26,1072.32,1072.3200,292.45,3.66667806
1998-10-27,1065.34,1065.3400,293.75,3.62668936
1998-10-28,1068.09,1068.0900,293.05,3.64473639
1998-10-29,1085.93,1085.9300,293.65,3.69804189
1998-10-30,1098.67,1098.6700,292.55,3.75549479
1998-11-02,1111.6,1111.6000,289.95,3.83376444
1998-11-03,1110.84,1110.8400,288.95,3.84440215
1998-11-04,1118.67,1118.6700,290.95,3.84488744
1998-11-05,1133.85,1133.8500,294.05,3.85597687
1998-11-06,1141.01,1141.0100,293.2,3.89157572
1998-11-09,1130.2,1130.2000,292.7,3.86129142
1998-11-10,1128.26,1128.2600,293.6,3.84284741
1998-11-11,1120.97,1120.9700,293.35,3.82127152
1998-11-12,1117.69,1117.6900,296.95,3.76389965
1998-11-13,1125.72,1125.7200,295.85,3.80503634
1998-11-16,1135.87,1135.8700,295.85,3.83934426
1998-11-17,1139.32,1139.3200,294.1,3.87392044
1998-11-18,1144.48,1144.4800,297.55,3.84634515
1998-11-19,1152.61,1152.6100,295.75,3.89724429
1998-11-20,1163.55,1163.5500,296.25,3.92759494
1998-11-23,1188.21,1188.2100,296,4.01422297
1998-11-24,1182.99,1182.9900,296.25,3.99321519
1998-11-25,1186.87,1186.8700,296.6,4.00158463
1998-11-27,1192.33,1192.3300,296.2,4.02542201
1998-11-30,1163.63,1163.6300,293.25,3.96804774
1998-12-01,1175.28,1175.2800,293.75,4.00095319
1998-12-02,1171.25,1171.2500,293.05,3.99675823
1998-12-03,1150.14,1150.1400,291.85,3.94086003
1998-12-04,1176.74,1176.7400,292.15,4.02786240
1998-12-07,1187.7,1187.7000,295.05,4.02541942
1998-12-08,1181.38,1181.3800,293.85,4.02035052
1998-12-09,1183.49,1183.4900,294.05,4.02479170
1998-12-10,1165.02,1165.0200,294.25,3.95928632
1998-12-11,1166.46,1166.4600,290.85,4.01052089
1998-12-14,1141.2,1141.2000,291.35,3.91693839
1998-12-15,1162.83,1162.8300,292.85,3.97073587
1998-12-16,1161.94,1161.9400,295.05,3.93811218
1998-12-17,1179.98,1179.9800,291.55,4.04726462
1998-12-18,1188.03,1188.0300,291.55,4.07487566
1998-12-21,1202.84,1202.8400,288.95,4.16279633
1998-12-22,1203.57,1203.5700,287.65,4.18414740
1998-12-23,1228.54,1228.5400,286.75,4.28435920
1998-12-24,1226.27,1226.2700,286.25,4.28391266
1998-12-28,1225.49,1225.4900,286.65,4.27521368
1998-12-29,1241.81,1241.8100,286.25,4.33820087
1998-12-30,1231.93,1231.9300,287.05,4.29169134
1998-12-31,1229.23,1229.2300,288.25,4.26445794
1999-01-04,1228.1,1228.1000,287.35,4.27388203
1999-01-05,1244.78,1244.7800,286.95,4.33796829
1999-01-06,1272.34,1272.3400,287.65,4.42322267
1999-01-07,1269.73,1269.7300,291.6,4.35435528
1999-01-08,1275.09,1275.0900,291.35,4.37648876
1999-01-11,1263.88,1263.8800,292.95,4.31431985
1999-01-12,1239.51,1239.5100,288.55,4.29565067
1999-01-13,1234.4,1234.4000,286.75,4.30479512
1999-01-14,1212.19,1212.1900,286.95,4.22439449
1999-01-15,1243.26,1243.2600,286.95,4.33267120
1999-01-19,1252,1252.0000,286.5,4.36998255
1999-01-20,1256.62,1256.6200,287.15,4.37617970
1999-01-21,1235.16,1235.1600,287.65,4.29396836
1999-01-22,1225.19,1225.1900,286.45,4.27715134
1999-01-25,1233.98,1233.9800,287.8,4.28763030
1999-01-26,1252.31,1252.3100,286,4.37870629
1999-01-27,1243.17,1243.1700,283.15,4.39049974
1999-01-28,1265.37,1265.3700,284.25,4.45160950
1999-01-29,1279.64,1279.6400,286.05,4.47348366
1999-02-01,1273,1273.0000,288.85,4.40713173
1999-02-02,1261.99,1261.9900,288.55,4.37355744
1999-02-03,1272.07,1272.0700,287.65,4.42228403
1999-02-04,1248.49,1248.4900,290.05,4.30439579
1999-02-05,1239.4,1239.4000,288.55,4.29526945
1999-02-08,1243.77,1243.7700,289.55,4.29552754
1999-02-09,1216.14,1216.1400,287.55,4.22931664
1999-02-10,1223.55,1223.5500,287.15,4.26101341
1999-02-11,1254.04,1254.0400,287.95,4.35506164
1999-02-12,1230.13,1230.1300,289.55,4.24841996
1999-02-16,1241.87,1241.8700,284.95,4.35820319
1999-02-17,1224.03,1224.0300,284.75,4.29861282
1999-02-18,1237.28,1237.2800,286.45,4.31935765
1999-02-19,1239.22,1239.2200,288.25,4.29911535
1999-02-22,1272.14,1272.1400,287.25,4.42868581
1999-02-23,1271.18,1271.1800,287.45,4.42226474
1999-02-24,1253.41,1253.4100,286.4,4.37643156
1999-02-25,1245.02,1245.0200,287.95,4.32373676
1999-02-26,1238.33,1238.3300,287.05,4.31398711
1999-03-01,1236.16,1236.1600,286.65,4.31243677
1999-03-02,1225.5,1225.5000,286.75,4.27375763
1999-03-03,1227.7,1227.7000,287.15,4.27546578
1999-03-04,1246.64,1246.6400,288.05,4.32785975
1999-03-05,1275.47,1275.4700,288.45,4.42180621
1999-03-08,1282.73,1282.7300,291.55,4.39969131
1999-03-09,1279.84,1279.8400,292.05,4.38226331
1999-03-10,1286.84,1286.8400,292.95,4.39269500
1999-03-11,1297.68,1297.6800,294.35,4.40862918
1999-03-12,1294.59,1294.5900,292.25,4.42973482
1999-03-15,1307.26,1307.2600,286.65,4.56047445
1999-03-16,1306.38,1306.3800,284.05,4.59911987
1999-03-17,1297.82,1297.8200,284,4.56978873
1999-03-18,1316.55,1316.5500,283.3,4.64719379
1999-03-19,1299.29,1299.2900,284.25,4.57094107
1999-03-22,1297.01,1297.0100,284.75,4.55490781
1999-03-23,1262.14,1262.1400,284.55,4.43556493
1999-03-24,1268.59,1268.5900,283.95,4.46765276
1999-03-25,1289.99,1289.9900,283.45,4.55103193
1999-03-26,1282.8,1282.8000,279.75,4.58552279
1999-03-29,1310.17,1310.1700,280.35,4.67333690
1999-03-30,1300.75,1300.7500,279.35,4.65634509
1999-03-31,1286.37,1286.3700,280.05,4.59335833
1999-04-01,1293.72,1293.7200,280.45,4.61301480
1999-04-05,1321.12,1321.1200,278.45,4.74455019
1999-04-06,1317.89,1317.8900,279.85,4.70927282
1999-04-07,1326.89,1326.8900,280.55,4.72960257
1999-04-08,1343.98,1343.9800,280.85,4.78540146
1999-04-09,1348.35,1348.3500,281.55,4.78902504
1999-04-12,1358.63,1358.6300,282.85,4.80335867
1999-04-13,1349.82,1349.8200,283.95,4.75372425
1999-04-14,1328.44,1328.4400,281.45,4.71998579
1999-04-15,1322.85,1322.8500,283.55,4.66531476
1999-04-16,1319,1319.0000,284.25,4.64028144
1999-04-19,1289.48,1289.4800,284.55,4.53164646
1999-04-20,1306.17,1306.1700,284.45,4.59191422
1999-04-21,1336.12,1336.1200,283.85,4.70713405
1999-04-22,1358.82,1358.8200,283.75,4.78879295
1999-04-23,1356.85,1356.8500,283.55,4.78522306
1999-04-26,1360.04,1360.0400,281.15,4.83741775
1999-04-27,1362.8,1362.8000,282.25,4.82834367
1999-04-28,1350.91,1350.9100,282.85,4.77606505
1999-04-29,1342.83,1342.8300,286.05,4.69438909
1999-04-30,1335.18,1335.1800,286.05,4.66764552
1999-05-03,1354.63,1354.6300,286.25,4.73233188
1999-05-04,1332,1332.0000,285.65,4.66304919
1999-05-05,1347.31,1347.3100,287.45,4.68711080
1999-05-06,1332.05,1332.0500,289.55,4.60041444
1999-05-07,1345,1345.0000,282.75,4.75685234
1999-05-10,1340.3,1340.3000,278.65,4.80997667
1999-05-11,1355.61,1355.6100,278.35,4.87016346
1999-05-12,1364,1364.0000,277.05,4.92329904
1999-05-13,1367.56,1367.5600,277.65,4.92548172
1999-05-14,1337.8,1337.8000,275.95,4.84797971
1999-05-17,1339.49,1339.4900,274.45,4.88063400
1999-05-18,1333.32,1333.3200,274.25,4.86169553
1999-05-19,1344.23,1344.2300,272.95,4.92482140
1999-05-20,1338.83,1338.8300,274.45,4.87822919
1999-05-21,1330.29,1330.2900,272.85,4.87553601
1999-05-24,1306.65,1306.6500,272.65,4.79240785
1999-05-25,1284.4,1284.4000,270.65,4.74561241
1999-05-26,1304.76,1304.7600,269.15,4.84770574
1999-05-27,1281.41,1281.4100,270.45,4.73806619
1999-05-28,1301.84,1301.8400,270.25,4.81716929
1999-06-01,1294.26,1294.2600,267.65,4.83564356
1999-06-02,1294.81,1294.8100,265.65,4.87412008
1999-06-03,1299.54,1299.5400,265.65,4.89192547
1999-06-04,1327.75,1327.7500,264.8,5.01416163
1999-06-07,1334.52,1334.5200,265.55,5.02549426
1999-06-08,1317.33,1317.3300,262.25,5.02318398
1999-06-09,1318.64,1318.6400,259.55,5.08048546
1999-06-10,1302.82,1302.8200,258.45,5.04089766
1999-06-11,1293.64,1293.6400,260.65,4.96313063
1999-06-14,1294,1294.0000,260.55,4.96641719
1999-06-15,1301.16,1301.1600,259.45,5.01507034
1999-06-16,1330.41,1330.4100,258.35,5.14964196
1999-06-17,1339.9,1339.9000,258.45,5.18436835
1999-06-18,1342.84,1342.8400,259.55,5.17372375
1999-06-21,1349,1349.0000,258.95,5.20949990
1999-06-22,1335.88,1335.8800,258.35,5.17081479
1999-06-23,1333.06,1333.0600,260.5,5.11731286
1999-06-24,1315.78,1315.7800,260.55,5.05000960
1999-06-25,1315.31,1315.3100,259.45,5.06960879
1999-06-28,1331.35,1331.3500,260.8,5.10486963
1999-06-29,1351.45,1351.4500,260.75,5.18293384
1999-06-30,1372.71,1372.7100,261.2,5.25539816
1999-07-01,1380.96,1380.9600,262.75,5.25579448
1999-07-02,1391.22,1391.2200,263.3,5.28378276
1999-07-06,1388.12,1388.1200,256.85,5.40439945
1999-07-07,1395.86,1395.8600,257.35,5.42397513
1999-07-08,1394.42,1394.4200,256.95,5.42681456
1999-07-09,1403.28,1403.2800,257.15,5.45704842
1999-07-12,1399.1,1399.1000,255.65,5.47271660
1999-07-13,1393.56,1393.5600,255.85,5.44678523
1999-07-14,1398.17,1398.1700,254.25,5.49919371
1999-07-15,1409.62,1409.6200,254.05,5.54859280
1999-07-16,1418.78,1418.7800,253.9,5.58794801
1999-07-19,1407.65,1407.6500,253.25,5.55834156
1999-07-20,1377.1,1377.1000,253.45,5.43341882
1999-07-21,1379.29,1379.2900,255.25,5.40368266
1999-07-22,1360.97,1360.9700,255.95,5.31732760
1999-07-23,1356.94,1356.9400,254.75,5.32655545
1999-07-26,1347.76,1347.7600,253.95,5.30718645
1999-07-27,1362.84,1362.8400,253.85,5.36868229
1999-07-28,1365.4,1365.4000,254.05,5.37453257
1999-07-29,1341.03,1341.0300,257.05,5.21700058
1999-07-30,1328.72,1328.7200,255.95,5.19132643
1999-08-02,1328.05,1328.0500,255.25,5.20293830
1999-08-03,1322.18,1322.1800,256.15,5.16174117
1999-08-04,1305.33,1305.3300,256.15,5.09595940
1999-08-05,1313.71,1313.7100,255.45,5.14272852
1999-08-06,1300.29,1300.2900,256.05,5.07826596
1999-08-09,1297.8,1297.8000,257.15,5.04685981
1999-08-10,1281.43,1281.4300,257.35,4.97932776
1999-08-11,1301.93,1301.9300,258.95,5.02772736
1999-08-12,1298.16,1298.1600,261.05,4.97284045
1999-08-13,1327.68,1327.6800,260.85,5.08982174
1999-08-16,1330.77,1330.7700,260.15,5.11539496
1999-08-17,1344.16,1344.1600,261.45,5.14117422
1999-08-18,1332.84,1332.8400,259.65,5.13321779
1999-08-19,1323.59,1323.5900,258.75,5.11532367
1999-08-20,1336.61,1336.6100,257.35,5.19374393
1999-08-23,1360.22,1360.2200,254.35,5.34782780
1999-08-24,1363.5,1363.5000,252.85,5.39252521
1999-08-25,1381.79,1381.7900,252.35,5.47568853
1999-08-26,1362.01,1362.0100,252.95,5.38450287
1999-08-27,1348.27,1348.2700,252.95,5.33018383
1999-08-30,1324.02,1324.0200,252.95,5.23431508
1999-08-31,1320.41,1320.4100,255.75,5.16289345
1999-09-01,1331.07,1331.0700,253.95,5.24146486
1999-09-02,1319.11,1319.1100,253.95,5.19436897
1999-09-03,1357.24,1357.2400,254.25,5.33821042
1999-09-07,1350.45,1350.4500,255.95,5.27622583
1999-09-08,1344.15,1344.1500,256.45,5.24137259
1999-09-09,1347.66,1347.6600,257.25,5.23871720
1999-09-10,1351.66,1351.6600,256.55,5.26860261
1999-09-13,1344.13,1344.1300,256.65,5.23721021
1999-09-14,1336.29,1336.2900,257.25,5.19451895
1999-09-15,1317.97,1317.9700,256.75,5.13328140
1999-09-16,1318.48,1318.4800,256.45,5.14127510
1999-09-17,1335.42,1335.4200,255.3,5.23078731
1999-09-20,1335.53,1335.5300,255.05,5.23634581
1999-09-21,1307.58,1307.5800,261.05,5.00892549
1999-09-22,1310.51,1310.5100,264.55,4.95373275
1999-09-23,1280.41,1280.4100,266.15,4.81085854
1999-09-24,1277.36,1277.3600,268.75,4.75296744
1999-09-27,1283.31,1283.3100,282.45,4.54349442
1999-09-28,1282.2,1282.2000,309.15,4.14750121
1999-09-29,1268.37,1268.3700,304,4.17226974
1999-09-30,1282.71,1282.7100,299.2,4.28713235
1999-10-01,1282.81,1282.8100,305.5,4.19905074
1999-10-04,1304.6,1304.6000,318.8,4.09222083
1999-10-05,1301.35,1301.3500,325.5,3.99800307
1999-10-06,1325.4,1325.4000,325.5,4.07188940
1999-10-07,1317.64,1317.6400,323.8,4.06930204
1999-10-08,1336.02,1336.0200,321.2,4.15946451
1999-10-11,1335.21,1335.2100,319.8,4.17514071
1999-10-12,1313.04,1313.0400,317.7,4.13295562
1999-10-13,1285.55,1285.5500,321.3,4.00108932
1999-10-14,1283.42,1283.4200,312.5,4.10694400
1999-10-15,1247.41,1247.4100,315.4,3.95500951
1999-10-18,1254.13,1254.1300,310.7,4.03646604
1999-10-19,1261.32,1261.3200,308.6,4.08723266
1999-10-20,1289.43,1289.4300,306.3,4.20969638
1999-10-21,1283.61,1283.6100,304.7,4.21270102
1999-10-22,1301.65,1301.6500,302.1,4.30867262
1999-10-25,1293.63,1293.6300,299.7,4.31641642
1999-10-26,1281.91,1281.9100,289.35,4.43030931
1999-10-27,1296.71,1296.7100,293.5,4.41809199
1999-10-28,1342.44,1342.4400,299.45,4.48301887
1999-10-29,1362.93,1362.9300,299.2,4.55524733
1999-11-01,1354.12,1354.1200,290.55,4.66054035
1999-11-02,1347.74,1347.7400,291.45,4.62425802
1999-11-03,1354.93,1354.9300,292.3,4.63540883
1999-11-04,1362.64,1362.6400,292.6,4.65700615
1999-11-05,1370.23,1370.2300,290.55,4.71598692
1999-11-08,1377.01,1377.0100,289.7,4.75322748
1999-11-09,1365.28,1365.2800,292.1,4.67401575
1999-11-10,1373.46,1373.4600,298,4.60892617
1999-11-11,1381.46,1381.4600,294,4.69884354
1999-11-12,1396.06,1396.0600,291.3,4.79251631
1999-11-15,1394.39,1394.3900,291.5,4.78349914
1999-11-16,1420.07,1420.0700,294.6,4.82033265
1999-11-17,1410.71,1410.7100,295.1,4.78044731
1999-11-18,1424.94,1424.9400,294.25,4.84261682
1999-11-19,1422,1422.0000,295,4.82033898
1999-11-22,1420.94,1420.9400,295,4.81674576
1999-11-23,1404.64,1404.6400,298.3,4.70881663
1999-11-24,1417.08,1417.0800,298.2,4.75211268
1999-11-26,1416.62,1416.6200,297.12,4.76783791
1999-11-29,1407.83,1407.8300,291.2,4.83458104
1999-11-30,1389.07,1389.0700,290.7,4.77836257
1999-12-01,1397.72,1397.7200,289.7,4.82471522
1999-12-02,1409.04,1409.0400,285,4.94400000
1999-12-03,1433.3,1433.3000,280.1,5.11710104
1999-12-06,1423.33,1423.3300,276.1,5.15512495
1999-12-07,1409.17,1409.1700,283.25,4.97500441
1999-12-08,1403.88,1403.8800,281.95,4.97918071
1999-12-09,1408.11,1408.1100,278.6,5.05423546
1999-12-10,1417.04,1417.0400,278.95,5.07990679
1999-12-13,1415.22,1415.2200,280.5,5.04534759
1999-12-14,1403.17,1403.1700,280.3,5.00595790
1999-12-15,1413.33,1413.3300,282.75,4.99851459
1999-12-16,1418.78,1418.7800,281.95,5.03202696
1999-12-17,1421.03,1421.0300,283.65,5.00980081
1999-12-20,1418.09,1418.0900,284.15,4.99063875
1999-12-21,1433.43,1433.4300,287.73,4.98185799
1999-12-22,1435.99,1435.9900,286.85,5.00606589
1999-12-23,1458.34,1458.3400,286.95,5.08220944
1999-12-27,1457.1,1457.1000,288,5.05937500
1999-12-28,1457.66,1457.6600,289.8,5.02988268
1999-12-29,1463.46,1463.4600,290.7,5.03426213
1999-12-30,1464.47,1464.4700,288.3,5.07967395
1999-12-31,1469.25,1469.2500,288.25,5.09713790
2000-01-03,1455.22,1455.2200,289,5.03536332
2000-01-04,1399.42,1399.4200,282.38,4.95580424
2000-01-05,1402.11,1402.1100,280.85,4.99238027
2000-01-06,1403.45,1403.4500,281.45,4.98649849
2000-01-07,1441.47,1441.4700,281.75,5.11613132
2000-01-10,1457.6,1457.6000,281.6,5.17613636
2000-01-11,1438.56,1438.5600,283.3,5.07786798
2000-01-12,1432.25,1432.2500,282.55,5.06901433
2000-01-13,1449.68,1449.6800,284.2,5.10091485
2000-01-14,1465.15,1465.1500,284.2,5.15534835
2000-01-18,1455.14,1455.1400,288.8,5.03857341
2000-01-19,1455.9,1455.9000,289.65,5.02641119
2000-01-20,1445.57,1445.5700,288.45,5.01150979
2000-01-21,1441.36,1441.3600,289.1,4.98567970
2000-01-24,1401.53,1401.5300,287.6,4.87319193
2000-01-25,1410.03,1410.0300,286.12,4.92810709
2000-01-26,1404.09,1404.0900,286.05,4.90854746
2000-01-27,1398.56,1398.5600,287.05,4.87218255
2000-01-28,1360.16,1360.1600,283.35,4.80028234
2000-01-31,1394.46,1394.4600,283.5,4.91873016
2000-02-01,1409.28,1409.2800,282.65,4.98595436
2000-02-02,1409.12,1409.1200,284.95,4.94514827
2000-02-03,1424.97,1424.9700,287.5,4.95641739
2000-02-04,1424.37,1424.3700,311.3,4.57555413
2000-02-07,1424.24,1424.2400,305,4.66963934
2000-02-08,1441.72,1441.7200,299.1,4.82019392
2000-02-09,1411.71,1411.7100,307.2,4.59541016
2000-02-10,1416.83,1416.8300,316.25,4.48009486
2000-02-11,1387.12,1387.1200,310.65,4.46521809
2000-02-14,1389.94,1389.9400,308.2,4.50986372
2000-02-15,1402.05,1402.0500,301.75,4.64639602
2000-02-16,1387.67,1387.6700,302.5,4.58733884
2000-02-17,1388.26,1388.2600,300.75,4.61599335
2000-02-18,1346.09,1346.0900,304.8,4.41630577
2000-02-22,1352.17,1352.1700,305.2,4.43043906
2000-02-23,1360.69,1360.6900,300.3,4.53110223
2000-02-24,1353.43,1353.4300,298.5,4.53410385
2000-02-25,1333.36,1333.3600,292.6,4.55693780
2000-02-28,1348.05,1348.0500,292.2,4.61344969
2000-02-29,1366.42,1366.4200,292.2,4.67631759
2000-03-01,1379.19,1379.1900,289.25,4.76815903
2000-03-02,1381.76,1381.7600,288.2,4.79444830
2000-03-03,1409.17,1409.1700,288.5,4.88447140
2000-03-06,1391.28,1391.2800,287.9,4.83251129
2000-03-07,1355.62,1355.6200,293.2,4.62353342
2000-03-08,1366.7,1366.7000,288.5,4.73726170
2000-03-09,1401.69,1401.6900,291.2,4.81349588
2000-03-10,1395.07,1395.0700,289,4.82723183
2000-03-13,1383.62,1383.6200,290.4,4.76453168
2000-03-14,1359.15,1359.1500,288.9,4.70456906
2000-03-15,1392.14,1392.1400,289,4.81709343
2000-03-16,1458.47,1458.4700,286.5,5.09064572
2000-03-17,1464.47,1464.4700,284.6,5.14571328
2000-03-20,1456.63,1456.6300,285.9,5.09489332
2000-03-21,1493.87,1493.8700,289.7,5.15661029
2000-03-22,1500.64,1500.6400,288,5.21055556
2000-03-23,1527.35,1527.3500,285.6,5.34786415
2000-03-24,1527.46,1527.4600,285,5.35950877
2000-03-27,1523.86,1523.8600,280.3,5.43653229
2000-03-28,1507.73,1507.7300,280,5.38475000
2000-03-29,1508.52,1508.5200,276.4,5.45774240
2000-03-30,1487.92,1487.9200,276.65,5.37834809
2000-03-31,1498.58,1498.5800,278.9,5.37318035
2000-04-03,1505.97,1505.9700,278.2,5.41326384
2000-04-04,1494.73,1494.7300,283.9,5.26498767
2000-04-05,1487.37,1487.3700,281.5,5.28373002
2000-04-06,1501.34,1501.3400,280.5,5.35237077
2000-04-07,1516.35,1516.3500,280.2,5.41167024
2000-04-10,1504.46,1504.4600,282,5.33496454
2000-04-11,1500.59,1500.5900,281.6,5.32879972
2000-04-12,1467.17,1467.1700,282.2,5.19904323
2000-04-13,1440.51,1440.5100,281.9,5.11000355
2000-04-14,1356.56,1356.5600,282.6,4.80028309
2000-04-17,1401.44,1401.4400,281.6,4.97670455
2000-04-18,1441.61,1441.6100,281.3,5.12481337
2000-04-19,1427.47,1427.4700,280.7,5.08539366
2000-04-20,1434.54,1434.5400,279.8,5.12701930
2000-04-24,1429.86,1429.8600,279.8,5.11029307
2000-04-25,1477.44,1477.4400,278.4,5.30689655
2000-04-26,1460.99,1460.9900,275.7,5.29920203
2000-04-27,1464.92,1464.9200,277.05,5.28756542
2000-04-28,1452.43,1452.4300,273.35,5.31344430
2000-05-01,1468.25,1468.2500,273.65,5.36543029
2000-05-02,1446.29,1446.2900,274.95,5.26019276
2000-05-03,1415.1,1415.1000,278.25,5.08571429
2000-05-04,1409.57,1409.5700,279.95,5.03507769
2000-05-05,1432.63,1432.6300,278.95,5.13579495
2000-05-08,1424.17,1424.1700,276.55,5.14977400
2000-05-09,1412.14,1412.1400,277.25,5.09338142
2000-05-10,1383.05,1383.0500,277.75,4.97947795
2000-05-11,1407.81,1407.8100,276.15,5.09799022
2000-05-12,1420.96,1420.9600,276.15,5.14560927
2000-05-15,1452.36,1452.3600,275.45,5.27268107
2000-05-16,1466.04,1466.0400,275.65,5.31848358
2000-05-17,1447.8,1447.8000,273.05,5.30232558
2000-05-18,1437.21,1437.2100,273.35,5.25776477
2000-05-19,1406.95,1406.9500,274.25,5.13017320
2000-05-22,1400.72,1400.7200,275.8,5.07875272
2000-05-23,1373.86,1373.8600,274.35,5.00769091
2000-05-24,1399.05,1399.0500,273.5,5.11535649
2000-05-25,1381.52,1381.5200,270.3,5.11106178
2000-05-26,1378.02,1378.0200,272.4,5.05881057
2000-05-30,1422.45,1422.4500,273.2,5.20662518
2000-05-31,1420.6,1420.6000,272.1,5.22087468
2000-06-01,1448.81,1448.8100,272.8,5.31088710
2000-06-02,1477.26,1477.2600,281.15,5.25434821
2000-06-05,1467.63,1467.6300,285.45,5.14146085
2000-06-06,1457.84,1457.8400,289.5,5.03571675
2000-06-07,1471.36,1471.3600,287.3,5.12133658
2000-06-08,1461.67,1461.6700,284.45,5.13858323
2000-06-09,1456.95,1456.9500,283.85,5.13281663
2000-06-12,1446,1446.0000,286.75,5.04272014
2000-06-13,1469.44,1469.4400,285.75,5.14239720
2000-06-14,1470.54,1470.5400,291.75,5.04041131
2000-06-15,1478.73,1478.7300,289.85,5.10170778
2000-06-16,1464.46,1464.4600,289.25,5.06295592
2000-06-19,1486,1486.0000,286.25,5.19126638
2000-06-20,1475.95,1475.9500,286.15,5.15795911
2000-06-21,1479.13,1479.1300,286.15,5.16907216
2000-06-22,1452.18,1452.1800,285.65,5.08377385
2000-06-23,1441.48,1441.4800,283.15,5.09087056
2000-06-26,1455.31,1455.3100,283.95,5.12523332
2000-06-27,1450.55,1450.5500,286.15,5.06919448
2000-06-28,1454.82,1454.8200,292.8,4.96864754
2000-06-29,1442.39,1442.3900,289.15,4.98837973
2000-06-30,1454.6,1454.6000,290.1,5.01413306
2000-07-03,1469.54,1469.5400,287.85,5.10522842
2000-07-05,1446.23,1446.2300,284.15,5.08967095
2000-07-06,1456.67,1456.6700,283.55,5.13725974
2000-07-07,1478.9,1478.9000,283.65,5.21381985
2000-07-10,1475.62,1475.6200,284.05,5.19493047
2000-07-11,1480.88,1480.8800,282.55,5.24112546
2000-07-12,1492.92,1492.9200,280.65,5.31950828
2000-07-13,1495.84,1495.8400,280.25,5.33752007
2000-07-14,1509.98,1509.9800,281.4,5.36595593
2000-07-17,1510.49,1510.4900,283.55,5.32706754
2000-07-18,1493.74,1493.7400,282.65,5.28476915
2000-07-19,1481.96,1481.9600,279.15,5.30883038
2000-07-20,1495.57,1495.5700,280.25,5.33655665
2000-07-21,1480.19,1480.1900,280.35,5.27979312
2000-07-24,1464.29,1464.2900,279.25,5.24365264
2000-07-25,1474.47,1474.4700,279.15,5.28199893
2000-07-26,1452.42,1452.4200,279.75,5.19184987
2000-07-27,1449.62,1449.6200,278.55,5.20416442
2000-07-28,1419.89,1419.8900,278.4,5.10017960
2000-07-31,1430.83,1430.8300,277.25,5.16079351
2000-08-01,1438.1,1438.1000,277.35,5.18514512
2000-08-02,1438.7,1438.7000,277.55,5.18357053
2000-08-03,1452.56,1452.5600,273.95,5.30228144
2000-08-04,1462.93,1462.9300,273.25,5.35381519
2000-08-07,1479.32,1479.3200,273.75,5.40390868
2000-08-08,1482.8,1482.8000,273.05,5.43050723
2000-08-09,1472.87,1472.8700,272.55,5.40403596
2000-08-10,1460.25,1460.2500,272.75,5.35380385
2000-08-11,1471.84,1471.8400,275.15,5.34922769
2000-08-14,1491.56,1491.5600,274.75,5.42878981
2000-08-15,1484.43,1484.4300,274.65,5.40480612
2000-08-16,1479.85,1479.8500,277.2,5.33856421
2000-08-17,1496.07,1496.0700,277.65,5.38833063
2000-08-18,1491.72,1491.7200,276.65,5.39208386
2000-08-21,1499.48,1499.4800,275.2,5.44869186
2000-08-22,1498.13,1498.1300,273.75,5.47262100
2000-08-23,1505.97,1505.9700,271.25,5.55196313
2000-08-24,1508.31,1508.3100,272.95,5.52595714
2000-08-25,1506.45,1506.4500,274.25,5.49298086
2000-08-28,1514.09,1514.0900,274.25,5.52083865
2000-08-29,1509.84,1509.8400,273.25,5.52548948
2000-08-30,1502.59,1502.5900,274.15,5.48090461
2000-08-31,1517.68,1517.6800,277.85,5.46222782
2000-09-01,1520.77,1520.7700,276.75,5.49510388
2000-09-05,1507.08,1507.0800,275.6,5.46835994
2000-09-06,1492.25,1492.2500,274.65,5.43327872
2000-09-07,1502.51,1502.5100,273.85,5.48661676
2000-09-08,1494.5,1494.5000,273.05,5.47335653
2000-09-11,1489.26,1489.2600,273.15,5.45216914
2000-09-12,1481.99,1481.9900,273.05,5.42754074
2000-09-13,1484.91,1484.9100,272.75,5.44421632
2000-09-14,1480.87,1480.8700,272.45,5.43538264
2000-09-15,1465.81,1465.8100,272.55,5.37813245
2000-09-18,1444.51,1444.5100,271.8,5.31460633
2000-09-19,1459.9,1459.9000,272.15,5.36432115
2000-09-20,1451.34,1451.3400,269.45,5.38630544
2000-09-21,1449.05,1449.0500,270.65,5.35396268
2000-09-22,1448.72,1448.7200,272.15,5.32324086
2000-09-25,1439.03,1439.0300,274.35,5.24523419
2000-09-26,1427.21,1427.2100,274.35,5.20215054
2000-09-27,1426.57,1426.5700,278.7,5.11865806
2000-09-28,1458.29,1458.2900,274.85,5.30576678
2000-09-29,1436.51,1436.5100,274.25,5.23795807
2000-10-02,1436.23,1436.2300,273.55,5.25033815
2000-10-03,1426.46,1426.4600,272.25,5.23952250
2000-10-04,1434.32,1434.3200,270.85,5.29562488
2000-10-05,1436.28,1436.2800,269.25,5.33437326
2000-10-06,1408.99,1408.9900,269.65,5.22525496
2000-10-09,1402.03,1402.0300,270.65,5.18023277
2000-10-10,1387.02,1387.0200,272.75,5.08531622
2000-10-11,1364.59,1364.5900,270.95,5.03631666
2000-10-12,1329.78,1329.7800,276.55,4.80846140
2000-10-13,1374.17,1374.1700,272.65,5.04005135
2000-10-16,1374.62,1374.6200,272.05,5.05282117
2000-10-17,1349.97,1349.9700,271.3,4.97593070
2000-10-18,1342.13,1342.1300,270.75,4.95708218
2000-10-19,1388.76,1388.7600,270.85,5.12741370
2000-10-20,1396.93,1396.9300,271.55,5.14428282
2000-10-23,1395.78,1395.7800,270.35,5.16286296
2000-10-24,1398.13,1398.1300,270.15,5.17538405
2000-10-25,1364.9,1364.9000,266.75,5.11677601
2000-10-26,1364.44,1364.4400,265.35,5.14203882
2000-10-27,1379.58,1379.5800,265.35,5.19909553
2000-10-30,1398.66,1398.6600,264.35,5.29094004
2000-10-31,1429.4,1429.4000,264.6,5.40211640
2000-11-01,1421.22,1421.2200,264.8,5.36714502
2000-11-02,1428.32,1428.3200,264.75,5.39497639
2000-11-03,1426.69,1426.6900,265.2,5.37967572
2000-11-06,1432.19,1432.1900,264.95,5.40551047
2000-11-07,1431.87,1431.8700,264.5,5.41349716
2000-11-08,1409.28,1409.2800,265.05,5.31703452
2000-11-09,1400.14,1400.1400,265.95,5.26467381
2000-11-10,1365.98,1365.9800,264.75,5.15950897
2000-11-13,1351.26,1351.2600,264.45,5.10969938
2000-11-14,1382.95,1382.9500,264.55,5.22755623
2000-11-15,1389.81,1389.8100,264.95,5.24555577
2000-11-16,1372.32,1372.3200,266.35,5.15231838
2000-11-17,1367.72,1367.7200,265.8,5.14567344
2000-11-20,1342.62,1342.6200,266.4,5.03986486
2000-11-21,1347.35,1347.3500,265.85,5.06808351
2000-11-22,1322.36,1322.3600,266.65,4.95915995
2000-11-24,1341.77,1341.7700,265.95,5.04519647
2000-11-27,1348.97,1348.9700,270,4.99618519
2000-11-28,1336.09,1336.0900,269.6,4.95582344
2000-11-29,1341.93,1341.9300,266.95,5.02689642
2000-11-30,1314.95,1314.9500,270.45,4.86208172
2000-12-01,1315.23,1315.2300,269.8,4.87483321
2000-12-04,1324.97,1324.9700,270.5,4.89822551
2000-12-05,1376.54,1376.5400,270.6,5.08699187
2000-12-06,1351.46,1351.4600,274.75,4.91887170
2000-12-07,1343.55,1343.5500,273.75,4.90794521
2000-12-08,1369.89,1369.8900,272.75,5.02251146
2000-12-11,1380.2,1380.2000,270.55,5.10145999
2000-12-12,1371.18,1371.1800,271.35,5.05317855
2000-12-13,1359.99,1359.9900,269.35,5.04915537
2000-12-14,1340.93,1340.9300,269.85,4.96916806
2000-12-15,1312.15,1312.1500,270.95,4.84277542
2000-12-18,1322.74,1322.7400,270.15,4.89631686
2000-12-19,1305.6,1305.6000,270.25,4.83108233
2000-12-20,1264.74,1264.7400,273.45,4.62512342
2000-12-21,1274.86,1274.8600,274.15,4.65022798
2000-12-22,1305.95,1305.9500,273.95,4.76711079
2000-12-26,1315.19,1315.1900,274.45,4.79209328
2000-12-27,1328.92,1328.9200,275.5,4.82366606
2000-12-28,1334.22,1334.2200,272.25,4.90071625
2000-12-29,1320.28,1320.2800,272.25,4.84951331
2001-01-02,1283.27,1283.2700,269.05,4.76963390
2001-01-03,1347.56,1347.5600,267.95,5.02914723
2001-01-04,1333.34,1333.3400,267.55,4.98351710
2001-01-05,1298.35,1298.3500,268.15,4.84187955
2001-01-08,1295.86,1295.8600,268.35,4.82899199
2001-01-09,1300.8,1300.8000,267.75,4.85826331
2001-01-10,1313.27,1313.2700,264.95,4.95667107
2001-01-11,1326.82,1326.8200,264.4,5.01822995
2001-01-12,1318.55,1318.5500,264.32,4.98846096
2001-01-16,1326.65,1326.6500,263.75,5.02995261
2001-01-17,1329.47,1329.4700,263.8,5.03968916
2001-01-18,1347.97,1347.9700,265.05,5.08571968
2001-01-19,1342.54,1342.5400,264.75,5.07097262
2001-01-22,1342.9,1342.9000,267,5.02958801
2001-01-23,1360.4,1360.4000,266.75,5.09990628
2001-01-24,1364.3,1364.3000,264.75,5.15316336
2001-01-25,1357.51,1357.5100,264.95,5.12364597
2001-01-26,1354.95,1354.9500,263.05,5.15092188
2001-01-29,1364.17,1364.1700,263.05,5.18597225
2001-01-30,1373.73,1373.7300,265.85,5.16731239
2001-01-31,1366.01,1366.0100,266.05,5.13441083
2001-02-01,1373.47,1373.4700,268.55,5.11439211
2001-02-02,1349.47,1349.4700,267.55,5.04380490
2001-02-05,1354.31,1354.3100,265.25,5.10578699
2001-02-06,1352.26,1352.2600,263.75,5.12705213
2001-02-07,1340.89,1340.8900,263.35,5.09166508
2001-02-08,1332.53,1332.5300,260.85,5.10841480
2001-02-09,1314.76,1314.7600,260.65,5.04415883
2001-02-12,1330.31,1330.3100,261.45,5.08820042
2001-02-13,1318.8,1318.8000,261.45,5.04417671
2001-02-14,1315.92,1315.9200,259.85,5.06415240
2001-02-15,1326.61,1326.6100,255.85,5.18510846
2001-02-16,1301.53,1301.5300,258.95,5.02618266
2001-02-20,1278.94,1278.9400,256.65,4.98320670
2001-02-21,1255.27,1255.2700,258.65,4.85316064
2001-02-22,1252.82,1252.8200,259.05,4.83620923
2001-02-23,1245.86,1245.8600,261.55,4.76337220
2001-02-26,1267.65,1267.6500,266.55,4.75576815
2001-02-27,1257.94,1257.9400,267.75,4.69818861
2001-02-28,1239.94,1239.9400,267.15,4.64136253
2001-03-01,1241.23,1241.2300,265.65,4.67242612
2001-03-02,1234.18,1234.1800,262.85,4.69537759
2001-03-05,1241.41,1241.4100,263.05,4.71929291
2001-03-06,1253.8,1253.8000,260.75,4.80843720
2001-03-07,1261.89,1261.8900,262.45,4.80811583
2001-03-08,1264.74,1264.7400,267.05,4.73596705
2001-03-09,1233.42,1233.4200,272.38,4.52830604
2001-03-12,1180.16,1180.1600,272.55,4.33006788
2001-03-13,1197.66,1197.6600,268.15,4.46638076
2001-03-14,1166.71,1166.7100,263.15,4.43363101
2001-03-15,1173.56,1173.5600,260.65,4.50243622
2001-03-16,1150.53,1150.5300,258.75,4.44649275
2001-03-19,1170.81,1170.8100,260.85,4.48844163
2001-03-20,1142.62,1142.6200,261.55,4.36864844
2001-03-21,1122.14,1122.1400,263.05,4.26588101
2001-03-22,1117.58,1117.5800,262.05,4.26475863
2001-03-23,1139.83,1139.8300,262.45,4.34303677
2001-03-26,1152.69,1152.6900,262.65,4.38869218
2001-03-27,1182.17,1182.1700,261.55,4.51986236
2001-03-28,1153.29,1153.2900,260.05,4.43487791
2001-03-29,1147.95,1147.9500,258.95,4.43309519
2001-03-30,1160.33,1160.3300,257.95,4.49827486
2001-04-02,1145.87,1145.8700,255.55,4.48393661
2001-04-03,1106.46,1106.4600,257.25,4.30110787
2001-04-04,1103.25,1103.2500,258.45,4.26871735
2001-04-05,1151.44,1151.4400,258.55,4.45345194
2001-04-06,1128.43,1128.4300,260.05,4.33928091
2001-04-09,1137.59,1137.5900,258.55,4.39988397
2001-04-10,1168.38,1168.3800,257.5,4.53739806
2001-04-11,1165.89,1165.8900,258.8,4.50498454
2001-04-12,1183.5,1183.5000,260.15,4.54929848
2001-04-16,1179.68,1179.6800,263.35,4.47951395
2001-04-17,1191.81,1191.8100,261.05,4.56544723
2001-04-18,1238.16,1238.1600,261.25,4.73936842
2001-04-19,1253.69,1253.6900,265.45,4.72288567
2001-04-20,1242.98,1242.9800,264.65,4.69669375
2001-04-23,1224.36,1224.3600,263.45,4.64740938
2001-04-24,1209.47,1209.4700,264.15,4.57872421
2001-04-25,1228.75,1228.7500,262.25,4.68541468
2001-04-26,1234.52,1234.5200,264.15,4.67355669
2001-04-27,1253.05,1253.0500,263.65,4.75270245
2001-04-30,1249.46,1249.4600,264.05,4.73190684
2001-05-01,1266.44,1266.4400,264.55,4.78714799
2001-05-02,1267.43,1267.4300,265.5,4.77374765
2001-05-03,1248.58,1248.5800,266.25,4.68950235
2001-05-04,1266.61,1266.6100,266.15,4.75900808
2001-05-07,1263.51,1263.5100,266.25,4.74557746
2001-05-08,1261.2,1261.2000,265.25,4.75475966
2001-05-09,1255.54,1255.5400,270.05,4.64928717
2001-05-10,1255.18,1255.1800,269.25,4.66176416
2001-05-11,1245.67,1245.6700,268.05,4.64715538
2001-05-14,1248.92,1248.9200,268.4,4.65320417
2001-05-15,1249.44,1249.4400,268.45,4.65427454
2001-05-16,1284.99,1284.9900,272.05,4.72335968
2001-05-17,1288.49,1288.4900,273.75,4.70681279
2001-05-18,1291.96,1291.9600,287.55,4.49299252
2001-05-21,1312.83,1312.8300,285.55,4.59754859
2001-05-22,1309.38,1309.3800,285.15,4.59189900
2001-05-23,1289.05,1289.0500,283.75,4.54290749
2001-05-24,1293.17,1293.1700,279.15,4.63252732
2001-05-25,1277.89,1277.8900,277.65,4.60252116
2001-05-29,1267.93,1267.9300,273.85,4.63001643
2001-05-30,1248.08,1248.0800,266.05,4.69114828
2001-05-31,1255.82,1255.8200,265.85,4.72379161
2001-06-01,1260.67,1260.6700,267.05,4.72072646
2001-06-04,1267.11,1267.1100,265.75,4.76805268
2001-06-05,1283.57,1283.5700,266.25,4.82092019
2001-06-06,1270.03,1270.0300,266.25,4.77006573
2001-06-07,1276.96,1276.9600,266.55,4.79069593
2001-06-08,1264.96,1264.9600,273.75,4.62085845
2001-06-11,1254.39,1254.3900,268.15,4.67794145
2001-06-12,1255.85,1255.8500,271.75,4.62134315
2001-06-13,1241.6,1241.6000,272.6,4.55465884
2001-06-14,1219.87,1219.8700,275.75,4.42382593
2001-06-15,1214.36,1214.3600,271.55,4.47195728
2001-06-18,1208.43,1208.4300,272.75,4.43054079
2001-06-19,1212.58,1212.5800,273.65,4.43113466
2001-06-20,1223.14,1223.1400,272.75,4.48447296
2001-06-21,1237.04,1237.0400,272.95,4.53211211
2001-06-22,1225.35,1225.3500,272.65,4.49422336
2001-06-25,1218.6,1218.6000,273.95,4.44825698
2001-06-26,1216.76,1216.7600,276.15,4.40615607
2001-06-27,1211.07,1211.0700,272.35,4.44674133
2001-06-28,1226.2,1226.2000,269.25,4.55413185
2001-06-29,1224.38,1224.3800,270.85,4.52050951
2001-07-02,1236.72,1236.7200,269.55,4.58809126
2001-07-03,1234.45,1234.4500,267.75,4.61045752
2001-07-05,1219.24,1219.2400,265.35,4.59483701
2001-07-06,1190.59,1190.5900,266.25,4.47169953
2001-07-09,1198.78,1198.7800,266.65,4.49570598
2001-07-10,1181.52,1181.5200,266.35,4.43596771
2001-07-11,1180.18,1180.1800,268.45,4.39627491
2001-07-12,1208.14,1208.1400,266.85,4.52741240
2001-07-13,1215.68,1215.6800,267.35,4.54714793
2001-07-16,1202.45,1202.4500,267.15,4.50102938
2001-07-17,1214.44,1214.4400,268.35,4.52558226
2001-07-18,1207.71,1207.7100,270.75,4.46060942
2001-07-19,1215.02,1215.0200,269.25,4.51260910
2001-07-20,1210.85,1210.8500,270.05,4.48379930
2001-07-23,1191.03,1191.0300,268.85,4.43009113
2001-07-24,1171.65,1171.6500,269.75,4.34346617
2001-07-25,1190.49,1190.4900,267.95,4.44295578
2001-07-26,1202.93,1202.9300,266.45,4.51465566
2001-07-27,1205.82,1205.8200,267.55,4.50689591
2001-07-30,1204.52,1204.5200,265.25,4.54107446
2001-07-31,1211.23,1211.2300,266.65,4.54239640
2001-08-01,1215.93,1215.9300,267.55,4.54468324
2001-08-02,1220.75,1220.7500,268.05,4.55418765
2001-08-03,1214.35,1214.3500,268.55,4.52187675
2001-08-06,1200.48,1200.4800,267.75,4.48358543
2001-08-07,1204.4,1204.4000,267.65,4.49990659
2001-08-08,1183.53,1183.5300,268.35,4.41039687
2001-08-09,1183.43,1183.4300,274.15,4.31672442
2001-08-10,1190.16,1190.1600,274.55,4.33494810
2001-08-13,1191.29,1191.2900,275.95,4.31705019
2001-08-14,1186.73,1186.7300,276.75,4.28809395
2001-08-15,1178.02,1178.0200,275.85,4.27050933
2001-08-16,1181.66,1181.6600,275.35,4.29148357
2001-08-17,1161.97,1161.9700,279.25,4.16103850
2001-08-20,1171.41,1171.4100,276.05,4.24347039
2001-08-21,1157.26,1157.2600,275.05,4.20745319
2001-08-22,1165.31,1165.3100,274.45,4.24598287
2001-08-23,1162.09,1162.0900,275.35,4.22041039
2001-08-24,1184.93,1184.9300,272.85,4.34278908
2001-08-27,1179.21,1179.2100,272.85,4.32182518
2001-08-28,1161.51,1161.5100,272.25,4.26633609
2001-08-29,1148.56,1148.5600,273.65,4.19718619
2001-08-30,1129.03,1129.0300,275.3,4.10108972
2001-08-31,1133.58,1133.5800,274.45,4.13036983
2001-09-04,1132.94,1132.9400,272.15,4.16292486
2001-09-05,1131.74,1131.7400,272.05,4.16004411
2001-09-06,1106.4,1106.4000,272.9,4.05423232
2001-09-07,1085.78,1085.7800,273.15,3.97503203
2001-09-10,1092.54,1092.5400,271.75,4.02038638
2001-09-17,1038.77,1038.7700,290,3.58196552
2001-09-18,1032.74,1032.7400,287.75,3.58901825
2001-09-19,1016.1,1016.1000,290.5,3.49776248
2001-09-20,984.54,984.5400,288.65,3.41084358
2001-09-21,965.8,965.8000,291.45,3.31377595
2001-09-24,1003.45,1003.4500,289.25,3.46914434
2001-09-25,1012.27,1012.2700,289.75,3.49359793
2001-09-26,1007.04,1007.0400,293.05,3.43641017
2001-09-27,1018.61,1018.6100,291.95,3.48898784
2001-09-28,1040.94,1040.9400,293.2,3.55027285
2001-10-01,1038.55,1038.5500,291.7,3.56033596
2001-10-02,1051.33,1051.3300,289.45,3.63216445
2001-10-03,1072.28,1072.2800,289.45,3.70454310
2001-10-04,1069.63,1069.6300,289.85,3.69028808
2001-10-05,1071.38,1071.3800,290.95,3.68235092
2001-10-08,1062.44,1062.4400,291.9,3.63973964
2001-10-09,1056.75,1056.7500,288,3.66927083
2001-10-10,1080.99,1080.9900,284.85,3.79494471
2001-10-11,1097.43,1097.4300,281.25,3.90197333
2001-10-12,1091.65,1091.6500,284.45,3.83775708
2001-10-15,1089.98,1089.9800,281.45,3.87273050
2001-10-16,1097.54,1097.5400,281.35,3.90097743
2001-10-17,1077.09,1077.0900,282.45,3.81338290
2001-10-18,1068.61,1068.6100,279.45,3.82397567
2001-10-19,1073.48,1073.4800,279.65,3.83865546
2001-10-22,1089.9,1089.9000,275.55,3.95536200
2001-10-23,1084.78,1084.7800,275.95,3.93107447
2001-10-24,1085.2,1085.2000,275.35,3.94116579
2001-10-25,1100.09,1100.0900,277.25,3.96786294
2001-10-26,1104.61,1104.6100,277.35,3.98272940
2001-10-29,1078.3,1078.3000,278.85,3.86695356
2001-10-30,1059.79,1059.7900,280.75,3.77485307
2001-10-31,1059.78,1059.7800,279.5,3.79169946
2001-11-01,1084.1,1084.1000,279.65,3.87663150
2001-11-02,1087.2,1087.2000,279.95,3.88355063
2001-11-05,1102.84,1102.8400,279.05,3.95212328
2001-11-06,1118.86,1118.8600,280.65,3.98667379
2001-11-07,1115.8,1115.8000,280.75,3.97435441
2001-11-08,1118.54,1118.5400,277.05,4.03732178
2001-11-09,1120.31,1120.3100,277.45,4.03788070
2001-11-12,1118.33,1118.3300,278.67,4.01309793
2001-11-13,1139.09,1139.0900,277.55,4.10408935
2001-11-14,1141.21,1141.2100,277.75,4.10876688
2001-11-15,1142.24,1142.2400,275.35,4.14832032
2001-11-16,1138.65,1138.6500,274.85,4.14280517
2001-11-19,1151.06,1151.0600,272.75,4.22020165
2001-11-20,1142.66,1142.6600,273.25,4.18173833
2001-11-21,1137.03,1137.0300,273.15,4.16265788
2001-11-23,1150.34,1150.3400,272.9,4.21524368
2001-11-26,1157.42,1157.4200,272.95,4.24041033
2001-11-27,1149.5,1149.5000,273.75,4.19908676
2001-11-28,1128.52,1128.5200,274.55,4.11043526
2001-11-29,1140.2,1140.2000,274,4.16131387
2001-11-30,1139.45,1139.4500,274.4,4.15251458
2001-12-03,1129.9,1129.9000,277.35,4.07391383
2001-12-04,1144.8,1144.8000,275.75,4.15158658
2001-12-05,1170.35,1170.3500,274.45,4.26434688
2001-12-06,1167.1,1167.1000,274.55,4.25095611
2001-12-07,1158.31,1158.3100,274.55,4.21894008
2001-12-10,1139.93,1139.9300,272.75,4.17939505
2001-12-11,1136.76,1136.7600,272.85,4.16624519
2001-12-12,1137.07,1137.0700,274.55,4.14157713
2001-12-13,1119.38,1119.3800,274.5,4.07788707
2001-12-14,1123.09,1123.0900,278.45,4.03336326
2001-12-17,1134.36,1134.3600,278.35,4.07530088
2001-12-18,1142.92,1142.9200,280.45,4.07530754
2001-12-19,1149.56,1149.5600,276.15,4.16281007
2001-12-20,1139.93,1139.9300,276.35,4.12495024
2001-12-21,1144.89,1144.8900,278.15,4.11608844
2001-12-24,1144.65,1144.6500,278.05,4.11670563
2001-12-26,1149.37,1149.3700,279.25,4.11591764
2001-12-27,1157.13,1157.1300,277.05,4.17661072
2001-12-28,1161.02,1161.0200,276.55,4.19822817
2001-12-31,1148.08,1148.0800,278.95,4.11571966
2002-01-02,1154.67,1154.6700,278.75,4.14231390
2002-01-03,1165.27,1165.2700,278.45,4.18484468
2002-01-04,1172.51,1172.5100,278.95,4.20329808
2002-01-07,1164.89,1164.8900,278.75,4.17897758
2002-01-08,1160.71,1160.7100,279.05,4.15950546
2002-01-09,1155.14,1155.1400,283.75,4.07097797
2002-01-10,1156.55,1156.5500,286.4,4.03823324
2002-01-11,1145.6,1145.6000,287.55,3.98400278
2002-01-14,1138.41,1138.4100,285.15,3.99231983
2002-01-15,1146.19,1146.1900,284.65,4.02666432
2002-01-16,1127.57,1127.5700,287.55,3.92130064
2002-01-17,1138.88,1138.8800,284.05,4.00943496
2002-01-18,1127.58,1127.5800,283.55,3.97665315
2002-01-22,1119.31,1119.3100,281.85,3.97129679
2002-01-23,1128.18,1128.1800,279.25,4.04003581
2002-01-24,1132.15,1132.1500,278.85,4.06006814
2002-01-25,1133.28,1133.2800,279.45,4.05539452
2002-01-28,1133.06,1133.0600,278.75,4.06478924
2002-01-29,1100.64,1100.6400,281.95,3.90367086
2002-01-30,1113.57,1113.5700,281.95,3.94953006
2002-01-31,1130.2,1130.2000,282.95,3.99434529
2002-02-01,1122.2,1122.2000,286.25,3.92034934
2002-02-04,1094.44,1094.4400,289.65,3.77849128
2002-02-05,1090.02,1090.0200,297.55,3.66331709
2002-02-06,1083.51,1083.5100,296.75,3.65125527
2002-02-07,1080.17,1080.1700,301.05,3.58800864
2002-02-08,1096.22,1096.2200,303.75,3.60895473
2002-02-11,1111.94,1111.9400,299.75,3.70955796
2002-02-12,1107.5,1107.5000,300.25,3.68859284
2002-02-13,1118.51,1118.5100,299.5,3.73459098
2002-02-14,1116.48,1116.4800,299.95,3.72222037
2002-02-15,1104.18,1104.1800,297.85,3.70716804
2002-02-19,1083.34,1083.3400,293.1,3.69614466
2002-02-20,1097.98,1097.9800,291.45,3.76730142
2002-02-21,1080.95,1080.9500,292.75,3.69239966
2002-02-22,1089.84,1089.8400,292.75,3.72276687
2002-02-25,1109.43,1109.4300,292.55,3.79227482
2002-02-26,1109.38,1109.3800,297.75,3.72587741
2002-02-27,1109.89,1109.8900,296.6,3.74204316
2002-02-28,1106.73,1106.7300,296.55,3.73201821
2002-03-01,1131.78,1131.7800,298.15,3.79600872
2002-03-04,1153.84,1153.8400,296.85,3.88694627
2002-03-05,1146.14,1146.1400,293.95,3.89909849
2002-03-06,1162.77,1162.7700,293.5,3.96173765
2002-03-07,1157.54,1157.5400,289.55,3.99772060
2002-03-08,1164.31,1164.3100,289.75,4.01832614
2002-03-11,1168.26,1168.2600,290.7,4.01878225
2002-03-12,1165.58,1165.5800,293.85,3.96658159
2002-03-13,1154.09,1154.0900,293.35,3.93417419
2002-03-14,1153.04,1153.0400,291.25,3.95893562
2002-03-15,1166.16,1166.1600,290.05,4.02054818
2002-03-18,1165.55,1165.5500,292.55,3.98410528
2002-03-19,1170.29,1170.2900,293.2,3.99143929
2002-03-20,1151.85,1151.8500,292.45,3.93862199
2002-03-21,1153.59,1153.5900,293.15,3.93515265
2002-03-22,1148.7,1148.7000,297.75,3.85793451
2002-03-25,1131.87,1131.8700,298.35,3.79376571
2002-03-26,1138.49,1138.4900,296.75,3.83652906
2002-03-27,1144.58,1144.5800,302.25,3.78686518
2002-03-28,1147.39,1147.3900,302.65,3.79114489
2002-04-01,1146.54,1146.5400,303.35,3.77959453
2002-04-02,1136.76,1136.7600,305.85,3.71672388
2002-04-03,1125.4,1125.4000,302.55,3.71971575
2002-04-04,1126.34,1126.3400,301,3.74199336
2002-04-05,1122.73,1122.7300,300.05,3.74180970
2002-04-08,1125.29,1125.2900,300.5,3.74472546
2002-04-09,1117.8,1117.8000,298.55,3.74409647
2002-04-10,1130.47,1130.4700,301.25,3.75259751
2002-04-11,1103.69,1103.6900,302.6,3.64735625
2002-04-12,1111.01,1111.0100,302.15,3.67701473
2002-04-15,1102.55,1102.5500,299.85,3.67700517
2002-04-16,1128.37,1128.3700,299,3.77381271
2002-04-17,1126.07,1126.0700,302.05,3.72809138
2002-04-18,1124.47,1124.4700,303.65,3.70317800
2002-04-19,1125.17,1125.1700,302.35,3.72141558
2002-04-22,1107.83,1107.8300,302.9,3.65741169
2002-04-23,1100.96,1100.9600,303.65,3.62575333
2002-04-24,1093.14,1093.1400,304.05,3.59526394
2002-04-25,1091.48,1091.4800,307.65,3.54779782
2002-04-26,1076.32,1076.3200,311.35,3.45694556
2002-04-29,1065.45,1065.4500,311.05,3.42533355
2002-04-30,1076.92,1076.9200,308.45,3.49139245
2002-05-01,1086.46,1086.4600,308.85,3.51775943
2002-05-02,1084.56,1084.5600,307.85,3.52301446
2002-05-03,1073.43,1073.4300,311.95,3.44103222
2002-05-06,1052.67,1052.6700,312.3,3.37070125
2002-05-07,1049.49,1049.4900,311.55,3.36860857
2002-05-08,1088.85,1088.8500,308.25,3.53236010
2002-05-09,1073.01,1073.0100,309.55,3.46635439
2002-05-10,1054.99,1054.9900,311.05,3.39170551
2002-05-13,1074.56,1074.5600,310.95,3.45573243
2002-05-14,1097.28,1097.2800,307.65,3.56665041
2002-05-15,1091.07,1091.0700,309.05,3.53039961
2002-05-16,1098.23,1098.2300,309.85,3.54439245
2002-05-17,1106.59,1106.5900,311.05,3.55759524
2002-05-20,1091.88,1091.8800,311.75,3.50242181
2002-05-21,1079.88,1079.8800,316.15,3.41572039
2002-05-22,1086.02,1086.0200,317.65,3.41892020
2002-05-23,1097.08,1097.0800,322.05,3.40655178
2002-05-24,1083.82,1083.8200,320.55,3.38112619
2002-05-28,1074.55,1074.5500,324.35,3.31293356
2002-05-29,1067.66,1067.6600,325.05,3.28460237
2002-05-30,1064.66,1064.6600,325.05,3.27537302
2002-05-31,1067.14,1067.1400,326.55,3.26792222
2002-06-03,1040.68,1040.6800,327.15,3.18104845
2002-06-04,1040.69,1040.6900,324.8,3.20409483
2002-06-05,1049.9,1049.9000,321.45,3.26613781
2002-06-06,1029.15,1029.1500,325.65,3.16029480
2002-06-07,1027.53,1027.5300,323.95,3.17187838
2002-06-10,1030.74,1030.7400,319.05,3.23065350
2002-06-11,1013.6,1013.6000,321.05,3.15714063
2002-06-12,1020.26,1020.2600,319.25,3.19580266
2002-06-13,1009.56,1009.5600,318.15,3.17322018
2002-06-14,1007.27,1007.2700,322.1,3.12719652
2002-06-17,1036.17,1036.1700,317.8,3.26044682
2002-06-18,1037.14,1037.1400,318.35,3.25786084
2002-06-19,1019.99,1019.9900,320.65,3.18100733
2002-06-20,1006.29,1006.2900,322.35,3.12173104
2002-06-21,989.14,989.1400,322.7,3.06519988
2002-06-24,992.72,992.7200,326.4,3.04142157
2002-06-25,976.14,976.1400,321.7,3.03431769
2002-06-26,973.53,973.5300,324.6,2.99916821
2002-06-27,990.64,990.6400,318.45,3.11081802
2002-06-28,989.82,989.8200,318.5,3.10775510
2002-07-01,968.65,968.6500,312.3,3.10166507
2002-07-02,948.09,948.0900,314.45,3.01507394
2002-07-03,953.99,953.9900,310.85,3.06897217
2002-07-05,989.03,989.0300,311.3,3.17709605
2002-07-08,976.98,976.9800,311.7,3.13435996
2002-07-09,952.83,952.8300,321.45,2.96416239
2002-07-10,920.47,920.4700,314.8,2.92398348
2002-07-11,927.37,927.3700,314.15,2.95199745
2002-07-12,921.39,921.3900,316.7,2.90934638
2002-07-15,917.93,917.9300,319,2.87752351
2002-07-16,900.94,900.9400,318.25,2.83091909
2002-07-17,906.04,906.0400,316.15,2.86585482
2002-07-18,881.56,881.5600,317.65,2.77525578
2002-07-19,847.75,847.7500,322.9,2.62542583
2002-07-22,819.85,819.8500,324,2.53040123
2002-07-23,797.7,797.7000,319.7,2.49515170
2002-07-24,843.43,843.4300,311.25,2.70981526
2002-07-25,838.68,838.6800,309.45,2.71022782
2002-07-26,852.84,852.8400,304.95,2.79665519
2002-07-29,898.96,898.9600,303,2.96686469
2002-07-30,902.78,902.7800,305.4,2.95605763
2002-07-31,911.62,911.6200,304.65,2.99235188
2002-08-01,884.66,884.6600,302.25,2.92691481
2002-08-02,864.24,864.2400,305.55,2.82847324
2002-08-05,834.6,834.6000,309.5,2.69660743
2002-08-06,859.57,859.5700,306.75,2.80218419
2002-08-07,876.77,876.7700,312.2,2.80836003
2002-08-08,905.46,905.4600,312.15,2.90072081
2002-08-09,908.64,908.6400,312.95,2.90346701
2002-08-12,903.8,903.8000,316.7,2.85380486
2002-08-13,884.21,884.2100,313.8,2.81775016
2002-08-14,919.62,919.6200,315.65,2.91341676
2002-08-15,930.25,930.2500,312.65,2.97537182
2002-08-16,928.77,928.7700,314.2,2.95598345
2002-08-19,950.7,950.7000,310.1,3.06578523
2002-08-20,937.43,937.4300,308,3.04360390
2002-08-21,949.36,949.3600,306.55,3.09691731
2002-08-22,962.7,962.7000,305.4,3.15225933
2002-08-23,940.86,940.8600,305.95,3.07520837
2002-08-26,947.95,947.9500,305.95,3.09838209
2002-08-27,934.82,934.8200,310.5,3.01069243
2002-08-28,917.87,917.8700,311.1,2.95040180
2002-08-29,917.8,917.8000,312.1,2.94072413
2002-08-30,916.07,916.0700,312.8,2.92861253
2002-09-03,878.02,878.0200,313.5,2.80070175
2002-09-04,893.4,893.4000,313,2.85431310
2002-09-05,879.15,879.1500,317.55,2.76854039
2002-09-06,893.92,893.9200,319.25,2.80006265
2002-09-09,902.96,902.9600,322.5,2.79987597
2002-09-10,909.58,909.5800,319.1,2.85045440
2002-09-11,909.45,909.4500,315.5,2.88256735
2002-09-12,886.91,886.9100,318.85,2.78159009
2002-09-13,889.81,889.8100,318.85,2.79068528
2002-09-16,891.1,891.1000,318.8,2.79516939
2002-09-17,873.52,873.5200,315.9,2.76517885
2002-09-18,869.46,869.4600,318.7,2.72814559
2002-09-19,843.32,843.3200,322.25,2.61697440
2002-09-20,845.39,845.3900,322.3,2.62299100
2002-09-23,833.7,833.7000,322.5,2.58511628
2002-09-24,819.29,819.2900,326.3,2.51084891
2002-09-25,839.66,839.6600,325.15,2.58237736
2002-09-26,854.95,854.9500,319.6,2.67506258
2002-09-27,827.37,827.3700,320.05,2.58512732
2002-09-30,815.28,815.2800,323.7,2.51862836
2002-10-01,847.91,847.9100,321.75,2.63530692
2002-10-02,827.91,827.9100,322.2,2.56955307
2002-10-03,818.95,818.9500,322.1,2.54253337
2002-10-04,800.58,800.5800,320.3,2.49946925
2002-10-07,785.28,785.2800,321.75,2.44065268
2002-10-08,798.55,798.5500,319,2.50329154
2002-10-09,776.76,776.7600,319.35,2.43231564
2002-10-10,803.92,803.9200,318.95,2.52052046
2002-10-11,835.32,835.3200,316.85,2.63632634
2002-10-14,841.44,841.4400,317.75,2.64811959
2002-10-15,881.27,881.2700,316.2,2.78706515
2002-10-16,860.02,860.0200,314.05,2.73848113
2002-10-17,879.2,879.2000,310.75,2.82928399
2002-10-18,884.39,884.3900,312.75,2.82778577
2002-10-21,899.72,899.7200,312.6,2.87818298
2002-10-22,890.16,890.1600,311.65,2.85628108
2002-10-23,896.14,896.1400,312.1,2.87132329
2002-10-24,882.5,882.5000,311.1,2.83670845
2002-10-25,897.65,897.6500,311.75,2.87939054
2002-10-28,890.23,890.2300,314.45,2.83107012
2002-10-29,882.15,882.1500,317.15,2.78149141
2002-10-30,890.71,890.7100,316.55,2.81380509
2002-10-31,885.76,885.7600,316.35,2.79993678
2002-11-01,900.96,900.9600,319.85,2.81682038
2002-11-04,908.35,908.3500,317.55,2.86049441
2002-11-05,915.39,915.3900,318.5,2.87406593
2002-11-06,923.76,923.7600,317.3,2.91131421
2002-11-07,902.65,902.6500,319.25,2.82740799
2002-11-08,894.74,894.7400,321.7,2.78128691
2002-11-11,876.19,876.1900,320.7,2.73211724
2002-11-12,882.95,882.9500,321.75,2.74421134
2002-11-13,882.53,882.5300,324,2.72385802
2002-11-14,904.27,904.2700,318.6,2.83826114
2002-11-15,909.83,909.8300,318.5,2.85660911
2002-11-18,900.36,900.3600,318.75,2.82465882
2002-11-19,896.74,896.7400,319.7,2.80494213
2002-11-20,914.15,914.1500,318.85,2.86702211
2002-11-21,933.76,933.7600,318.4,2.93266332
2002-11-22,930.55,930.5500,317.7,2.92902109
2002-11-25,932.87,932.8700,317.45,2.93863601
2002-11-26,913.31,913.3100,317.5,2.87656693
2002-11-27,938.87,938.8700,317.85,2.95381469
2002-11-29,936.31,936.3100,319.05,2.93468108
2002-12-02,934.53,934.5300,316.45,2.95316796
2002-12-03,920.75,920.7500,319.7,2.88004379
2002-12-04,917.58,917.5800,322.1,2.84874263
2002-12-05,906.55,906.5500,322.45,2.81144363
2002-12-06,912.23,912.2300,325.75,2.80039908
2002-12-09,892,892.0000,325.1,2.74377115
2002-12-10,904.45,904.4500,323.1,2.79928815
2002-12-11,904.96,904.9600,324.25,2.79093292
2002-12-12,901.58,901.5800,326.4,2.76219363
2002-12-13,889.48,889.4800,332.2,2.67754365
2002-12-16,910.4,910.4000,332.9,2.73475518
2002-12-17,902.99,902.9900,339,2.66368732
2002-12-18,891.12,891.1200,338,2.63644970
2002-12-19,884.25,884.2500,345,2.56304348
2002-12-20,895.76,895.7600,341.6,2.62224824
2002-12-23,897.38,897.3800,343.95,2.60904201
2002-12-24,892.47,892.4700,343.95,2.59476668
2002-12-26,889.66,889.6600,343.95,2.58659689
2002-12-27,875.4,875.4000,349.3,2.50615517
2002-12-30,879.39,879.3900,347.2,2.53280530
2002-12-31,879.82,879.8200,342.75,2.56694384
2003-01-02,909.03,909.0300,342.2,2.65642899
2003-01-03,908.59,908.5900,344.5,2.63741655
2003-01-06,929.01,929.0100,351.75,2.64110874
2003-01-07,922.93,922.9300,349,2.64449857
2003-01-08,909.93,909.9300,349.75,2.60165833
2003-01-09,927.57,927.5700,352.4,2.63215096
2003-01-10,927.57,927.5700,353,2.62767705
2003-01-13,926.26,926.2600,352.55,2.62731527
2003-01-14,931.66,931.6600,353.1,2.63851600
2003-01-15,918.22,918.2200,351,2.61601140
2003-01-16,914.6,914.6000,352.3,2.59608288
2003-01-17,901.78,901.7800,357,2.52599440
2003-01-21,887.62,887.6200,353.8,2.50881854
2003-01-22,878.36,878.3600,358.5,2.45009763
2003-01-23,887.34,887.3400,364.7,2.43306828
2003-01-24,861.4,861.4000,366,2.35355191
2003-01-27,847.48,847.4800,368.5,2.29981004
2003-01-28,858.54,858.5400,368.4,2.33045603
2003-01-29,864.36,864.3600,370.6,2.33232596
2003-01-30,844.61,844.6100,367.6,2.29763330
2003-01-31,855.7,855.7000,367.5,2.32843537
2003-02-03,860.32,860.3200,369.5,2.32833559
2003-02-04,848.2,848.2000,376.55,2.25255610
2003-02-05,843.59,843.5900,382.1,2.20777283
2003-02-06,838.15,838.1500,375.8,2.23030867
2003-02-07,829.69,829.6900,373.25,2.22288011
2003-02-10,835.97,835.9700,370.5,2.25632928
2003-02-11,829.2,829.2000,364,2.27802198
2003-02-12,818.68,818.6800,356.3,2.29772663
2003-02-13,817.37,817.3700,352.8,2.31680839
2003-02-14,834.89,834.8900,354.25,2.35678193
2003-02-18,851.17,851.1700,344,2.47433140
2003-02-19,845.13,845.1300,346,2.44257225
2003-02-20,837.1,837.1000,351.55,2.38116911
2003-02-21,848.17,848.1700,352.3,2.40752200
2003-02-24,832.58,832.5800,355.2,2.34397523
2003-02-25,838.57,838.5700,357.6,2.34499441
2003-02-26,827.55,827.5500,351.9,2.35166240
2003-02-27,837.28,837.2800,351.25,2.38371530
2003-02-28,841.15,841.1500,347.65,2.41953114
2003-03-03,834.81,834.8100,345.5,2.41623734
2003-03-04,821.99,821.9900,353.4,2.32594793
2003-03-05,829.85,829.8500,353.95,2.34454019
2003-03-06,822.1,822.1000,354.7,2.31773330
2003-03-07,828.89,828.8900,350.75,2.36319316
2003-03-10,807.48,807.4800,354.45,2.27812103
2003-03-11,800.73,800.7300,353.15,2.26739346
2003-03-12,804.19,804.1900,346.1,2.32357700
2003-03-13,831.9,831.9000,334.5,2.48699552
2003-03-14,833.27,833.2700,335.5,2.48366617
2003-03-17,862.79,862.7900,340.75,2.53203228
2003-03-18,866.45,866.4500,338.8,2.55740850
2003-03-19,874.02,874.0200,335.8,2.60279929
2003-03-20,875.67,875.6700,335.5,2.61004471
2003-03-21,895.79,895.7900,333.5,2.68602699
2003-03-24,864.23,864.2300,329.45,2.62325087
2003-03-25,874.74,874.7400,331.9,2.63555288
2003-03-26,869.95,869.9500,329.95,2.63661161
2003-03-27,868.52,868.5200,332.75,2.61012772
2003-03-28,863.5,863.5000,330.75,2.61073318
2003-03-31,848.18,848.1800,334.85,2.53301478
2003-04-01,858.48,858.4800,334.35,2.56760879
2003-04-02,880.9,880.9000,329.3,2.67506833
2003-04-03,876.45,876.4500,323.7,2.70759963
2003-04-04,878.85,878.8500,323.8,2.71417542
2003-04-07,879.93,879.9300,319.9,2.75064083
2003-04-08,878.29,878.2900,323.4,2.71580087
2003-04-09,865.99,865.9900,321.35,2.69484985
2003-04-10,871.58,871.5800,324.6,2.68508934
2003-04-11,868.3,868.3000,324.8,2.67333744
2003-04-14,885.23,885.2300,325.95,2.71584599
2003-04-15,890.81,890.8100,325.45,2.73716393
2003-04-16,879.91,879.9100,324.1,2.71493366
2003-04-17,893.58,893.5800,327,2.73266055
2003-04-21,892.01,892.0100,327,2.72785933
2003-04-22,911.37,911.3700,334.9,2.72131980
2003-04-23,919.02,919.0200,333.3,2.75733573
2003-04-24,911.43,911.4300,333.7,2.73128559
2003-04-25,898.81,898.8100,333.25,2.69710428
2003-04-28,914.84,914.8400,332.6,2.75057126
2003-04-29,917.84,917.8400,331.4,2.76958358
2003-04-30,916.92,916.9200,336.75,2.72285078
2003-05-01,916.3,916.3000,341.2,2.68552169
2003-05-02,930.08,930.0800,340.5,2.73151248
2003-05-05,926.55,926.5500,340.5,2.72114537
2003-05-06,934.39,934.3900,342.85,2.72536095
2003-05-07,929.62,929.6200,341.85,2.71937984
2003-05-08,920.27,920.2700,346.45,2.65628518
2003-05-09,933.41,933.4100,347.9,2.68298362
2003-05-12,945.11,945.1100,351.1,2.69185417
2003-05-13,942.3,942.3000,350.4,2.68921233
2003-05-14,939.28,939.2800,353.55,2.65671051
2003-05-15,946.67,946.6700,354.25,2.67232181
2003-05-16,944.3,944.3000,355,2.66000000
2003-05-19,920.77,920.7700,359,2.56481894
2003-05-20,919.73,919.7300,366.3,2.51086541
2003-05-21,923.42,923.4200,367.8,2.51065797
2003-05-22,931.87,931.8700,369.6,2.52129329
2003-05-23,933.22,933.2200,370.5,2.51881242
2003-05-27,951.48,951.4800,371.4,2.56187399
2003-05-28,953.22,953.2200,371.4,2.56655897
2003-05-29,949.64,949.6400,363.1,2.61536767
2003-05-30,963.59,963.5900,361.4,2.66627006
2003-06-02,967,967.0000,361.3,2.67644617
2003-06-03,971.56,971.5600,365,2.66180822
2003-06-04,986.24,986.2400,364.2,2.70796266
2003-06-05,990.14,990.1400,366.75,2.69976823
2003-06-06,987.76,987.7600,363,2.72110193
2003-06-09,975.93,975.9300,362.75,2.69036527
2003-06-10,984.84,984.8400,354.25,2.78007057
2003-06-11,997.48,997.4800,354.15,2.81654666
2003-06-12,998.51,998.5100,352.25,2.83466288
2003-06-13,988.61,988.6100,353.05,2.80019827
2003-06-16,1010.74,1010.7400,359,2.81543175
2003-06-17,1011.66,1011.6600,362.75,2.78886285
2003-06-18,1010.09,1010.0900,359.75,2.80775539
2003-06-19,994.7,994.7000,357.65,2.78121068
2003-06-20,995.69,995.6900,358,2.78125698
2003-06-23,981.64,981.6400,356.05,2.75702851
2003-06-24,983.45,983.4500,348.25,2.82397703
2003-06-25,975.32,975.3200,348.1,2.80183855
2003-06-26,985.82,985.8200,343.85,2.86700596
2003-06-27,976.22,976.2200,345.5,2.82552822
2003-06-30,974.5,974.5000,346,2.81647399
2003-07-01,982.32,982.3200,350.2,2.80502570
2003-07-02,993.75,993.7500,351.2,2.82958428
2003-07-03,985.7,985.7000,349.4,2.82112192
2003-07-07,1004.42,1004.4200,350.15,2.86854205
2003-07-08,1007.84,1007.8400,347.2,2.90276498
2003-07-09,1002.21,1002.2100,345.45,2.90117238
2003-07-10,988.7,988.7000,343.4,2.87914968
2003-07-11,998.14,998.1400,343.7,2.90410241
2003-07-14,1003.86,1003.8600,344.5,2.91396226
2003-07-15,1000.42,1000.4200,348.5,2.87064562
2003-07-16,994.09,994.0900,343.2,2.89653263
2003-07-17,981.73,981.7300,342.5,2.86636496
2003-07-18,993.32,993.3200,344.35,2.88462320
2003-07-21,978.8,978.8000,350,2.79657143
2003-07-22,988.11,988.1100,352.25,2.80513840
2003-07-23,988.61,988.6100,354.75,2.78677942
2003-07-24,981.6,981.6000,357.3,2.74727120
2003-07-25,998.68,998.6800,363,2.75118457
2003-07-28,996.52,996.5200,361.95,2.75319796
2003-07-29,989.28,989.2800,363.5,2.72154058
2003-07-30,987.49,987.4900,357.75,2.76027952
2003-07-31,990.31,990.3100,354.75,2.79157153
2003-08-01,980.15,980.1500,352.35,2.78175110
2003-08-04,982.82,982.8200,347.5,2.82825899
2003-08-05,965.46,965.4600,348.4,2.77112514
2003-08-06,967.08,967.0800,352,2.74738636
2003-08-07,974.12,974.1200,351.6,2.77053470
2003-08-08,977.59,977.5900,353.95,2.76194378
2003-08-11,980.59,980.5900,359.15,2.73030767
2003-08-12,990.35,990.3500,360.1,2.75020828
2003-08-13,984.03,984.0300,358.65,2.74370556
2003-08-14,990.51,990.5100,363.6,2.72417492
2003-08-15,990.67,990.6700,364.5,2.71788752
2003-08-18,999.74,999.7400,360.25,2.77512838
2003-08-19,1002.35,1002.3500,360.4,2.78121532
2003-08-20,1000.3,1000.3000,362.2,2.76173385
2003-08-21,1003.27,1003.2700,363.3,2.76154693
2003-08-22,993.06,993.0600,358.75,2.76811150
2003-08-25,993.71,993.7100,358.75,2.76992334
2003-08-26,996.73,996.7300,360.5,2.76485437
2003-08-27,996.79,996.7900,371.25,2.68495623
2003-08-28,1002.84,1002.8400,370.9,2.70380156
2003-08-29,1008.01,1008.0100,375.6,2.68373269
2003-09-02,1021.99,1021.9900,376.25,2.71625249
2003-09-03,1026.27,1026.2700,372.2,2.75730790
2003-09-04,1027.97,1027.9700,370.75,2.77267701
2003-09-05,1021.39,1021.3900,376.35,2.71393650
2003-09-08,1031.64,1031.6400,374.65,2.75361004
2003-09-09,1023.17,1023.1700,382.25,2.67670373
2003-09-10,1010.92,1010.9200,382.25,2.64465664
2003-09-11,1016.42,1016.4200,376.3,2.70108956
2003-09-12,1018.63,1018.6300,378.25,2.69300727
2003-09-15,1014.81,1014.8100,377.5,2.68823841
2003-09-16,1029.32,1029.3200,374.6,2.74778430
2003-09-17,1025.97,1025.9700,378.2,2.71277102
2003-09-18,1039.58,1039.5800,378.3,2.74803066
2003-09-19,1036.3,1036.3000,379.75,2.72890059
2003-09-22,1022.82,1022.8200,385.5,2.65322957
2003-09-23,1029.03,1029.0300,384.6,2.67558502
2003-09-24,1009.38,1009.3800,385,2.62176623
2003-09-25,1003.27,1003.2700,391.85,2.56034197
2003-09-26,996.85,996.8500,391.85,2.54395815
2003-09-29,1006.58,1006.5800,381.95,2.63537112
2003-09-30,995.97,995.9700,388,2.56693299
2003-10-01,1018.22,1018.2200,383.5,2.65507171
2003-10-02,1020.24,1020.2400,382.2,2.66938776
2003-10-03,1029.85,1029.8500,383.95,2.68225029
2003-10-06,1034.35,1034.3500,372.75,2.77491616
2003-10-07,1039.25,1039.2500,376.2,2.76249335
2003-10-08,1033.78,1033.7800,375.25,2.75491006
2003-10-09,1038.73,1038.7300,376.45,2.75927746
2003-10-10,1038.06,1038.0600,370.35,2.80291616
2003-10-13,1045.35,1045.3500,370.25,2.82336259
2003-10-14,1049.48,1049.4800,373.95,2.80647145
2003-10-15,1046.76,1046.7600,373.5,2.80257028
2003-10-16,1050.07,1050.0700,373.4,2.81218532
2003-10-17,1039.32,1039.3200,370.5,2.80518219
2003-10-20,1044.68,1044.6800,373.8,2.79475655
2003-10-21,1046.03,1046.0300,374.8,2.79090181
2003-10-22,1030.36,1030.3600,381.55,2.70045866
2003-10-23,1033.77,1033.7700,384.5,2.68860858
2003-10-24,1028.91,1028.9100,384.6,2.67527301
2003-10-27,1031.13,1031.1300,386.75,2.66614092
2003-10-28,1046.79,1046.7900,386.55,2.70803260
2003-10-29,1048.11,1048.1100,382.7,2.73872485
2003-10-30,1046.94,1046.9400,391,2.67759591
2003-10-31,1050.71,1050.7100,384.6,2.73195528
2003-11-03,1059.02,1059.0200,383.25,2.76326158
2003-11-04,1053.25,1053.2500,378.3,2.78416601
2003-11-05,1051.81,1051.8100,382.15,2.75234855
2003-11-06,1058.05,1058.0500,380.25,2.78251151
2003-11-07,1053.21,1053.2100,381,2.76433071
2003-11-10,1047.11,1047.1100,382.85,2.73503983
2003-11-11,1046.57,1046.5700,386.4,2.70851449
2003-11-12,1058.53,1058.5300,388.05,2.72781858
2003-11-13,1058.41,1058.4100,395.5,2.67613148
2003-11-14,1050.35,1050.3500,395.35,2.65675983
2003-11-17,1043.63,1043.6300,398,2.62218593
2003-11-18,1034.15,1034.1500,392.4,2.63544852
2003-11-19,1042.44,1042.4400,397.15,2.62480171
2003-11-20,1033.65,1033.6500,395.75,2.61187618
2003-11-21,1035.28,1035.2800,393.85,2.62861495
2003-11-24,1052.08,1052.0800,394.25,2.66856056
2003-11-25,1053.89,1053.8900,391.5,2.69192848
2003-11-26,1058.45,1058.4500,392,2.70012755
2003-11-28,1058.2,1058.2000,398.1,2.65812610
2003-12-01,1070.12,1070.1200,398.75,2.68368652
2003-12-02,1066.62,1066.6200,401.05,2.65956863
2003-12-03,1064.73,1064.7300,403.3,2.64004463
2003-12-04,1069.72,1069.7200,403.3,2.65241756
2003-12-05,1061.5,1061.5000,402,2.64054726
2003-12-08,1069.3,1069.3000,408.75,2.61602446
2003-12-09,1060.18,1060.1800,408.25,2.59688916
2003-12-10,1059.05,1059.0500,407.3,2.60017186
2003-12-11,1071.21,1071.2100,404,2.65150990
2003-12-12,1074.14,1074.1400,406.6,2.64176094
2003-12-15,1068.04,1068.0400,404.5,2.64039555
2003-12-16,1075.13,1075.1300,409.7,2.62418843
2003-12-17,1076.48,1076.4800,407.5,2.64166871
2003-12-18,1089.18,1089.1800,410.75,2.65168594
2003-12-19,1088.66,1088.6600,408.75,2.66338838
2003-12-22,1092.94,1092.9400,410.8,2.66051607
2003-12-23,1096.02,1096.0200,409.6,2.67583008
2003-12-24,1094.04,1094.0400,409.6,2.67099609
2003-12-26,1095.89,1095.8900,409.6,2.67551270
2003-12-29,1109.48,1109.4800,413.5,2.68314389
2003-12-30,1109.64,1109.6400,415.6,2.66997113
2003-12-31,1111.92,1111.9200,417.25,2.66487717
2004-01-02,1108.48,1108.4800,415.2,2.66974952
2004-01-05,1122.22,1122.2200,417.75,2.68634351
2004-01-06,1123.67,1123.6700,428,2.62539720
2004-01-07,1126.33,1126.3300,420.65,2.67759420
2004-01-08,1131.92,1131.9200,418.1,2.70729491
2004-01-09,1121.86,1121.8600,422.8,2.65340587
2004-01-12,1127.23,1127.2300,428.2,2.63248482
2004-01-13,1121.22,1121.2200,424.5,2.64127208
2004-01-14,1130.52,1130.5200,421,2.68532067
2004-01-15,1132.05,1132.0500,415.5,2.72454874
2004-01-16,1139.83,1139.8300,410.3,2.77804046
2004-01-20,1138.77,1138.7700,408.3,2.78905217
2004-01-21,1147.62,1147.6200,411.25,2.79056535
2004-01-22,1143.94,1143.9400,412,2.77655340
2004-01-23,1141.55,1141.5500,411.4,2.77479339
2004-01-26,1155.37,1155.3700,406.2,2.84433776
2004-01-27,1144.05,1144.0500,404,2.83180693
2004-01-28,1128.48,1128.4800,410.7,2.74769905
2004-01-29,1134.11,1134.1100,410.15,2.76511033
2004-01-30,1131.13,1131.1300,401.3,2.81866434
2004-02-02,1135.26,1135.2600,401.85,2.82508399
2004-02-03,1136.03,1136.0300,401.75,2.82770380
2004-02-04,1126.52,1126.5200,399.6,2.81911912
2004-02-05,1128.59,1128.5900,399.3,2.82642124
2004-02-06,1142.76,1142.7600,396.4,2.88284561
2004-02-09,1139.81,1139.8100,406.7,2.80258176
2004-02-10,1145.54,1145.5400,408.35,2.80528958
2004-02-11,1157.76,1157.7600,406.4,2.84881890
2004-02-12,1152.11,1152.1100,411.4,2.80046184
2004-02-13,1145.81,1145.8100,412.1,2.78041737
2004-02-17,1156.99,1156.9900,413.7,2.79668842
2004-02-18,1151.82,1151.8200,413.7,2.78419144
2004-02-19,1147.06,1147.0600,410.2,2.79634325
2004-02-20,1144.11,1144.1100,408.25,2.80247397
2004-02-23,1140.99,1140.9900,399.85,2.85354508
2004-02-24,1139.09,1139.0900,401.45,2.83743928
2004-02-25,1143.67,1143.6700,403.4,2.83507685
2004-02-26,1144.91,1144.9100,395.05,2.89813948
2004-02-27,1144.94,1144.9400,395.05,2.89821542
2004-03-01,1155.97,1155.9700,400,2.88992500
2004-03-02,1149.1,1149.1000,395.75,2.90360076
2004-03-03,1151.03,1151.0300,390.5,2.94758003
2004-03-04,1154.87,1154.8700,392,2.94609694
2004-03-05,1156.86,1156.8600,399.25,2.89758297
2004-03-08,1147.2,1147.2000,399.85,2.86907590
2004-03-09,1140.58,1140.5800,401.5,2.84079701
2004-03-10,1123.89,1123.8900,400.25,2.80797002
2004-03-11,1106.78,1106.7800,402.3,2.75113100
2004-03-12,1120.57,1120.5700,400.75,2.79618216
2004-03-15,1104.49,1104.4900,399,2.76814536
2004-03-16,1110.7,1110.7000,402.5,2.75950311
2004-03-17,1123.75,1123.7500,402.75,2.79019243
2004-03-18,1122.32,1122.3200,410.75,2.73236762
2004-03-19,1109.78,1109.7800,412,2.69364078
2004-03-22,1095.4,1095.4000,417.65,2.62277026
2004-03-23,1093.95,1093.9500,415.2,2.63475434
2004-03-24,1091.33,1091.3300,417.6,2.61333812
2004-03-25,1109.19,1109.1900,416.1,2.66568133
2004-03-26,1108.06,1108.0600,421.5,2.62884935
2004-03-29,1122.47,1122.4700,421.25,2.66461721
2004-03-30,1127,1127.0000,420,2.68333333
2004-03-31,1126.21,1126.2100,423.7,2.65803635
2004-04-01,1132.17,1132.1700,427.25,2.64990053
2004-04-02,1141.81,1141.8100,426.1,2.67967613
2004-04-05,1150.57,1150.5700,417.7,2.75453675
2004-04-06,1148.16,1148.1600,418.5,2.74351254
2004-04-07,1140.53,1140.5300,419,2.72202864
2004-04-08,1139.32,1139.3200,419.5,2.71589988
2004-04-12,1145.2,1145.2000,419.5,2.72991657
2004-04-13,1129.44,1129.4400,407.9,2.76891395
2004-04-14,1128.17,1128.1700,397.75,2.83637964
2004-04-15,1128.84,1128.8400,398.25,2.83450094
2004-04-16,1134.61,1134.6100,400.85,2.83051017
2004-04-19,1135.82,1135.8200,403.1,2.81771273
2004-04-20,1118.15,1118.1500,398.8,2.80378636
2004-04-21,1124.09,1124.0900,392.75,2.86210057
2004-04-22,1139.93,1139.9300,392.3,2.90576090
2004-04-23,1140.6,1140.6000,394.5,2.89125475
2004-04-26,1135.53,1135.5300,397,2.86027708
2004-04-27,1138.11,1138.1100,396.25,2.87220189
2004-04-28,1122.41,1122.4100,392.25,2.86146590
2004-04-29,1113.89,1113.8900,386,2.88572539
2004-04-30,1107.3,1107.3000,388.5,2.85019305
2004-05-03,1117.49,1117.4900,388.5,2.87642214
2004-05-04,1119.55,1119.5500,391.25,2.86146965
2004-05-05,1121.53,1121.5300,392.55,2.85703732
2004-05-06,1113.99,1113.9900,387.5,2.87481290
2004-05-07,1098.7,1098.7000,386.85,2.84011891
2004-05-10,1087.12,1087.1200,375,2.89898667
2004-05-11,1095.45,1095.4500,375.25,2.91925383
2004-05-12,1097.28,1097.2800,382.2,2.87095761
2004-05-13,1096.44,1096.4400,375.15,2.92267093
2004-05-14,1095.7,1095.7000,376.5,2.91022576
2004-05-17,1084.1,1084.1000,382.95,2.83091787
2004-05-18,1091.49,1091.4900,377.7,2.88983320
2004-05-19,1088.68,1088.6800,380.75,2.85930401
2004-05-20,1089.19,1089.1900,379.5,2.87006588
2004-05-21,1093.56,1093.5600,385.3,2.83820400
2004-05-24,1095.41,1095.4100,384,2.85263021
2004-05-25,1113.05,1113.0500,388.9,2.86204680
2004-05-26,1114.94,1114.9400,389.65,2.86138843
2004-05-27,1121.28,1121.2800,393.6,2.84878049
2004-05-28,1120.68,1120.6800,393.6,2.84725610
2004-06-01,1121.2,1121.2000,397.2,2.82275932
2004-06-02,1124.99,1124.9900,394.85,2.84915791
2004-06-03,1116.64,1116.6400,390.35,2.86061227
2004-06-04,1122.5,1122.5000,388.3,2.89080608
2004-06-07,1140.42,1140.4200,393.45,2.89851315
2004-06-08,1142.18,1142.1800,392.35,2.91112527
2004-06-09,1131.33,1131.3300,386.85,2.92446685
2004-06-10,1136.47,1136.4700,384.95,2.95225354
2004-06-14,1125.29,1125.2900,385.1,2.92207219
2004-06-15,1132.01,1132.0100,386.5,2.92887451
2004-06-16,1133.56,1133.5600,385.25,2.94240104
2004-06-17,1132.05,1132.0500,386,2.93277202
2004-06-18,1135.02,1135.0200,395.1,2.87274108
2004-06-21,1130.3,1130.3000,395.25,2.85970904
2004-06-22,1134.41,1134.4100,395.75,2.86648136
2004-06-23,1144.06,1144.0600,393.9,2.90444275
2004-06-24,1140.65,1140.6500,400,2.85162500
2004-06-25,1134.43,1134.4300,401.5,2.82547945
2004-06-28,1133.35,1133.3500,404.25,2.80358689
2004-06-29,1136.2,1136.2000,394.4,2.88083164
2004-06-30,1140.84,1140.8400,395.8,2.88236483
2004-07-01,1128.94,1128.9400,394.5,2.86169835
2004-07-02,1125.38,1125.3800,397.75,2.82936518
2004-07-06,1116.21,1116.2100,394.5,2.82942966
2004-07-07,1118.33,1118.3300,397.35,2.81447087
2004-07-08,1109.11,1109.1100,405.35,2.73617861
2004-07-09,1112.81,1112.8100,406.5,2.73753998
2004-07-12,1114.35,1114.3500,406.35,2.74234035
2004-07-13,1115.14,1115.1400,400.9,2.78159142
2004-07-14,1111.47,1111.4700,403.8,2.75252600
2004-07-15,1106.69,1106.6900,403.15,2.74510728
2004-07-16,1101.39,1101.3900,403.15,2.73196081
2004-07-19,1100.9,1100.9000,406.35,2.70924080
2004-07-20,1108.67,1108.6700,400,2.77167500
2004-07-21,1093.88,1093.8800,398.5,2.74499373
2004-07-22,1096.84,1096.8400,397.75,2.75761157
2004-07-23,1086.2,1086.2000,392.85,2.76492300
2004-07-26,1084.07,1084.0700,390.75,2.77433141
2004-07-27,1094.83,1094.8300,389.85,2.80833654
2004-07-28,1095.42,1095.4200,386.2,2.83640601
2004-07-29,1100.43,1100.4300,387.3,2.84128582
2004-07-30,1101.72,1101.7200,387.3,2.84461658
2004-08-02,1106.62,1106.6200,391.5,2.82661558
2004-08-03,1099.69,1099.6900,390.6,2.81538658
2004-08-04,1098.63,1098.6300,390.5,2.81339309
2004-08-05,1080.7,1080.7000,390.85,2.76499936
2004-08-06,1063.97,1063.9700,399,2.66659148
2004-08-09,1065.22,1065.2200,399,2.66972431
2004-08-10,1079.04,1079.0400,399.5,2.70097622
2004-08-11,1075.79,1075.7900,393.85,2.73147137
2004-08-12,1063.23,1063.2300,394.85,2.69274408
2004-08-13,1064.8,1064.8000,396.75,2.68380592
2004-08-16,1079.34,1079.3400,401.65,2.68726503
2004-08-17,1081.71,1081.7100,401.3,2.69551458
2004-08-18,1095.17,1095.1700,402.45,2.72125730
2004-08-19,1091.23,1091.2300,402.45,2.71146726
2004-08-20,1098.35,1098.3500,402.45,2.72915890
2004-08-23,1095.68,1095.6800,402.45,2.72252454
2004-08-24,1096.19,1096.1900,402.45,2.72379178
2004-08-25,1104.96,1104.9600,405.5,2.72493218
2004-08-26,1105.09,1105.0900,402.45,2.74590632
2004-08-27,1107.77,1107.7700,405.1,2.73455937
2004-08-30,1099.15,1099.1500,405.1,2.71328067
2004-08-31,1104.24,1104.2400,407.25,2.71145488
2004-09-01,1105.91,1105.9100,407.65,2.71289096
2004-09-02,1118.31,1118.3100,406.1,2.75377986
2004-09-03,1113.63,1113.6300,401.15,2.77609373
2004-09-07,1121.3,1121.3000,398.1,2.81662899
2004-09-08,1116.27,1116.2700,396.3,2.81672975
2004-09-09,1118.38,1118.3800,399.25,2.80120225
2004-09-10,1123.92,1123.9200,401.35,2.80034882
2004-09-13,1125.82,1125.8200,399.3,2.81948410
2004-09-14,1128.33,1128.3300,403.5,2.79635688
2004-09-15,1120.37,1120.3700,404.8,2.76771245
2004-09-16,1123.5,1123.5000,404.4,2.77818991
2004-09-17,1128.55,1128.5500,405.7,2.78173527
2004-09-20,1122.2,1122.2000,404.3,2.77566164
2004-09-21,1129.3,1129.3000,408.5,2.76450428
2004-09-22,1113.56,1113.5600,405.35,2.74715678
2004-09-23,1108.36,1108.3600,411.5,2.69346294
2004-09-24,1110.11,1110.1100,409.45,2.71122237
2004-09-27,1103.52,1103.5200,409.2,2.69677419
2004-09-28,1110.06,1110.0600,411.7,2.69628370
2004-09-29,1114.8,1114.8000,411.55,2.70878387
2004-09-30,1114.58,1114.5800,415.65,2.68153495
2004-10-01,1131.5,1131.5000,418.1,2.70629036
2004-10-04,1135.17,1135.1700,412.55,2.75159375
2004-10-05,1134.48,1134.4800,414.25,2.73863609
2004-10-06,1142.05,1142.0500,418.45,2.72923886
2004-10-07,1130.65,1130.6500,418.1,2.70425735
2004-10-08,1122.14,1122.1400,421.75,2.66067576
2004-10-11,1124.39,1124.3900,421.7,2.66632677
2004-10-12,1121.84,1121.8400,414.7,2.70518447
2004-10-13,1113.65,1113.6500,414.7,2.68543525
2004-10-14,1103.29,1103.2900,414.7,2.66045334
2004-10-15,1108.2,1108.2000,420.4,2.63606089
2004-10-18,1114.02,1114.0200,419.1,2.65812455
2004-10-19,1103.23,1103.2300,419.35,2.63080959
2004-10-20,1103.66,1103.6600,423.6,2.60542965
2004-10-21,1106.49,1106.4900,422.5,2.61891124
2004-10-22,1095.74,1095.7400,424.1,2.58368309
2004-10-25,1094.8,1094.8000,428.4,2.55555556
2004-10-26,1111.09,1111.0900,426.2,2.60696856
2004-10-27,1125.4,1125.4000,424.3,2.65236861
2004-10-28,1127.44,1127.4400,423.6,2.66156752
2004-10-29,1130.2,1130.2000,428.1,2.64003737
2004-11-01,1130.51,1130.5100,426.9,2.64818459
2004-11-02,1130.56,1130.5600,419.7,2.69373362
2004-11-03,1143.2,1143.2000,424.3,2.69432006
2004-11-04,1161.67,1161.6700,429.6,2.70407356
2004-11-05,1166.17,1166.1700,433.2,2.69198984
2004-11-08,1164.89,1164.8900,432.3,2.69463336
2004-11-09,1164.08,1164.0800,435.2,2.67481618
2004-11-10,1162.91,1162.9100,433.6,2.68198801
2004-11-11,1173.48,1173.4800,434.4,2.70138122
2004-11-12,1184.17,1184.1700,437.4,2.70729310
2004-11-15,1183.81,1183.8100,436.5,2.71205040
2004-11-16,1175.43,1175.4300,439.7,2.67325449
2004-11-17,1181.94,1181.9400,444.4,2.65963096
2004-11-18,1183.55,1183.5500,442.6,2.67408495
2004-11-19,1170.34,1170.3400,446.6,2.62055531
2004-11-22,1177.24,1177.2400,448.6,2.62425323
2004-11-23,1176.94,1176.9400,447.6,2.62944593
2004-11-24,1181.76,1181.7600,449.3,2.63022479
2004-11-26,1182.65,1182.6500,451.5,2.61937984
2004-11-29,1178.57,1178.5700,453.5,2.59883131
2004-11-30,1173.82,1173.8200,450.9,2.60328232
2004-12-01,1191.37,1191.3700,453.7,2.62589817
2004-12-02,1190.33,1190.3300,449.7,2.64694241
2004-12-03,1191.17,1191.1700,455.6,2.61450834
2004-12-06,1190.25,1190.2500,453.7,2.62342958
2004-12-07,1177.07,1177.0700,450.8,2.61106921
2004-12-08,1182.81,1182.8100,436.9,2.70727855
2004-12-09,1189.24,1189.2400,437.1,2.72075040
2004-12-10,1188,1188.0000,433.4,2.74111675
2004-12-13,1198.68,1198.6800,438.7,2.73234557
2004-12-14,1203.38,1203.3800,435.3,2.76448426
2004-12-15,1205.72,1205.7200,440.3,2.73840563
2004-12-16,1203.21,1203.2100,436.4,2.75712649
2004-12-17,1194.2,1194.2000,440.5,2.71101022
2004-12-20,1194.65,1194.6500,441.8,2.70405161
2004-12-21,1205.45,1205.4500,441.2,2.73220762
2004-12-22,1209.57,1209.5700,439.7,2.75089834
2004-12-23,1210.13,1210.1300,441.2,2.74281505
2004-12-27,1204.92,1204.9200,444.5,2.71073116
2004-12-28,1213.54,1213.5400,443.7,2.73504620
2004-12-29,1213.45,1213.4500,435.7,2.78505853
2004-12-30,1213.55,1213.5500,436.9,2.77763790
2004-12-31,1211.92,1211.9200,437.9,2.76757251
2005-01-03,1202.08,1202.0800,428.5,2.80532089
2005-01-04,1188.05,1188.0500,427.1,2.78166706
2005-01-05,1183.74,1183.7400,425.9,2.77938483
2005-01-06,1187.89,1187.8900,421.4,2.81891315
2005-01-07,1186.19,1186.1900,418.5,2.83438471
2005-01-10,1190.25,1190.2500,418.6,2.84340659
2005-01-11,1182.99,1182.9900,421.7,2.80528812
2005-01-12,1187.7,1187.7000,425.7,2.78999295
2005-01-13,1177.45,1177.4500,424.3,2.77504124
2005-01-14,1184.52,1184.5200,422.5,2.80359763
2005-01-18,1195.98,1195.9800,422.9,2.82804445
2005-01-19,1184.63,1184.6300,422.7,2.80253135
2005-01-20,1175.41,1175.4100,422.2,2.78401232
2005-01-21,1167.87,1167.8700,426.3,2.73954961
2005-01-24,1163.75,1163.7500,426.8,2.72668697
2005-01-25,1168.41,1168.4100,421.8,2.77005690
2005-01-26,1174.07,1174.0700,426.7,2.75151160
2005-01-27,1174.55,1174.5500,426,2.75715962
2005-01-28,1171.36,1171.3600,425.9,2.75031698
2005-01-31,1181.27,1181.2700,421.9,2.79988149
2005-02-01,1189.41,1189.4100,420.5,2.82856124
2005-02-02,1193.19,1193.1900,420.7,2.83620157
2005-02-03,1189.89,1189.8900,416.6,2.85619299
2005-02-04,1203.03,1203.0300,414,2.90586957
2005-02-07,1201.72,1201.7200,413.6,2.90551257
2005-02-08,1202.3,1202.3000,412.4,2.91537342
2005-02-09,1191.99,1191.9900,412.8,2.88757267
2005-02-10,1197.01,1197.0100,417.2,2.86915149
2005-02-11,1205.3,1205.3000,420.6,2.86566809
2005-02-14,1206.14,1206.1400,425.8,2.83264443
2005-02-15,1210.12,1210.1200,424.8,2.84868173
2005-02-16,1210.34,1210.3400,425.2,2.84651929
2005-02-17,1200.75,1200.7500,427,2.81206089
2005-02-18,1201.59,1201.5900,426.8,2.81534677
2005-02-22,1184.16,1184.1600,434.2,2.72722248
2005-02-23,1190.8,1190.8000,434.5,2.74062140
2005-02-24,1200.2,1200.2000,434.1,2.76480074
2005-02-25,1211.37,1211.3700,434.5,2.78796318
2005-02-28,1203.6,1203.6000,435.9,2.76118376
2005-03-01,1210.41,1210.4100,432.3,2.79993060
2005-03-02,1210.08,1210.0800,432.2,2.79981490
2005-03-03,1210.47,1210.4700,429.3,2.81963662
2005-03-04,1222.12,1222.1200,433.7,2.81789255
2005-03-07,1225.31,1225.3100,434.4,2.82069521
2005-03-08,1219.43,1219.4300,439.7,2.77332272
2005-03-09,1207.01,1207.0100,441.5,2.73388448
2005-03-10,1209.25,1209.2500,442.2,2.73462234
2005-03-11,1200.08,1200.0800,445.5,2.69378227
2005-03-14,1206.83,1206.8300,440.5,2.73968218
2005-03-15,1197.75,1197.7500,440,2.72215909
2005-03-16,1188.07,1188.0700,443.1,2.68126834
2005-03-17,1190.21,1190.2100,438.3,2.71551449
2005-03-18,1189.65,1189.6500,438.9,2.71052632
2005-03-21,1183.78,1183.7800,430.7,2.74850244
2005-03-22,1171.71,1171.7100,431,2.71858469
2005-03-23,1172.53,1172.5300,424.5,2.76214370
2005-03-24,1171.42,1171.4200,424.3,2.76082960
2005-03-28,1174.28,1174.2800,425.6,2.75911654
2005-03-29,1165.36,1165.3600,425.9,2.73622916
2005-03-30,1181.41,1181.4100,427.6,2.76288587
2005-03-31,1180.59,1180.5900,427.9,2.75903248
2005-04-01,1172.92,1172.9200,428,2.74046729
2005-04-04,1176.12,1176.1200,423.2,2.77911153
2005-04-05,1181.39,1181.3900,424,2.78629717
2005-04-06,1184.07,1184.0700,426.8,2.77429709
2005-04-07,1191.14,1191.1400,425.9,2.79675980
2005-04-08,1181.2,1181.2000,426.4,2.77016886
2005-04-11,1181.21,1181.2100,428,2.75983645
2005-04-12,1187.76,1187.7600,427,2.78163934
2005-04-13,1173.79,1173.7900,428.8,2.73738340
2005-04-14,1162.05,1162.0500,422.9,2.74781272
2005-04-15,1142.62,1142.6200,424.4,2.69231857
2005-04-18,1145.98,1145.9800,427,2.68379391
2005-04-19,1152.78,1152.7800,432.4,2.66600370
2005-04-20,1137.5,1137.5000,434.7,2.61674718
2005-04-21,1159.95,1159.9500,432.5,2.68196532
2005-04-22,1152.12,1152.1200,433.7,2.65649066
2005-04-25,1162.1,1162.1000,434,2.67764977
2005-04-26,1151.83,1151.8300,437.1,2.63516358
2005-04-27,1156.38,1156.3800,432.3,2.67494795
2005-04-28,1143.22,1143.2200,430.6,2.65494659
2005-04-29,1156.85,1156.8500,434.5,2.66248562
2005-05-02,1162.16,1162.1600,429.4,2.70647415
2005-05-03,1161.17,1161.1700,426.5,2.72255569
2005-05-04,1175.65,1175.6500,428,2.74684579
2005-05-05,1172.63,1172.6300,429.5,2.73022119
2005-05-06,1171.35,1171.3500,425.8,2.75093941
2005-05-09,1178.84,1178.8400,425.8,2.76852983
2005-05-10,1166.22,1166.2200,426.9,2.73183415
2005-05-11,1171.11,1171.1100,427.1,2.74200421
2005-05-12,1159.36,1159.3600,421.2,2.75251662
2005-05-13,1154.05,1154.0500,419.9,2.74839247
2005-05-16,1165.69,1165.6900,418.7,2.78406974
2005-05-17,1173.8,1173.8000,419.5,2.79809297
2005-05-18,1185.56,1185.5600,421.1,2.81538827
2005-05-19,1191.08,1191.0800,420.4,2.83320647
2005-05-20,1189.28,1189.2800,417.3,2.84994009
2005-05-23,1193.86,1193.8600,416.8,2.86434741
2005-05-24,1194.07,1194.0700,417.3,2.86141864
2005-05-25,1190.01,1190.0100,418.5,2.84351254
2005-05-26,1197.62,1197.6200,417.5,2.86855090
2005-05-27,1198.78,1198.7800,420,2.85423810
2005-05-31,1191.5,1191.5000,416.4,2.86143132
2005-06-01,1202.22,1202.2200,415.2,2.89552023
2005-06-02,1204.29,1204.2900,422.4,2.85106534
2005-06-03,1196.02,1196.0200,423.4,2.82479924
2005-06-06,1197.51,1197.5100,425.9,2.81171637
2005-06-07,1197.26,1197.2600,424.3,2.82172991
2005-06-08,1194.67,1194.6700,424.3,2.81562574
2005-06-09,1200.93,1200.9300,423.4,2.83639584
2005-06-10,1198.11,1198.1100,427,2.80587822
2005-06-13,1200.82,1200.8200,428.8,2.80041978
2005-06-14,1203.91,1203.9100,427,2.81946136
2005-06-15,1206.58,1206.5800,428.5,2.81582264
2005-06-16,1210.96,1210.9600,435.6,2.77998163
2005-06-17,1216.96,1216.9600,437.7,2.78035184
2005-06-20,1216.1,1216.1000,437.7,2.77838702
2005-06-21,1213.61,1213.6100,438.2,2.76953446
2005-06-22,1213.88,1213.8800,437.5,2.77458286
2005-06-23,1200.73,1200.7300,441.2,2.72150952
2005-06-24,1191.57,1191.5700,440,2.70811364
2005-06-27,1190.69,1190.6900,439.7,2.70795997
2005-06-28,1201.57,1201.5700,435.8,2.75715925
2005-06-29,1199.85,1199.8500,436.7,2.74753836
2005-06-30,1191.33,1191.3300,434.7,2.74057971
2005-07-01,1194.44,1194.4400,426.8,2.79859419
2005-07-05,1204.99,1204.9900,422.5,2.85204734
2005-07-06,1194.94,1194.9400,423.1,2.82424959
2005-07-07,1197.87,1197.8700,422.9,2.83251360
2005-07-08,1211.86,1211.8600,422.6,2.86762896
2005-07-11,1219.44,1219.4400,425.1,2.86859562
2005-07-12,1222.21,1222.2100,426,2.86903756
2005-07-13,1223.29,1223.2900,423.8,2.88647947
2005-07-14,1226.5,1226.5000,419.5,2.92371871
2005-07-15,1227.92,1227.9200,420.8,2.91806084
2005-07-18,1221.13,1221.1300,420.4,2.90468601
2005-07-19,1229.35,1229.3500,419.7,2.92911604
2005-07-20,1235.2,1235.2000,421.9,2.92770799
2005-07-21,1227.04,1227.0400,425.1,2.88647377
2005-07-22,1233.68,1233.6800,424.6,2.90551107
2005-07-25,1229.03,1229.0300,425.7,2.88708010
2005-07-26,1231.16,1231.1600,423.2,2.90916824
2005-07-27,1236.79,1236.7900,424.5,2.91352179
2005-07-28,1243.72,1243.7200,427.5,2.90928655
2005-07-29,1234.18,1234.1800,429.7,2.87218990
2005-08-01,1235.35,1235.3500,431.7,2.86159370
2005-08-02,1244.12,1244.1200,431.9,2.88057421
2005-08-03,1245.04,1245.0400,436.8,2.85036630
2005-08-04,1235.86,1235.8600,437.8,2.82288716
2005-08-05,1226.42,1226.4200,437,2.80645309
2005-08-08,1223.13,1223.1300,434.5,2.81502877
2005-08-09,1231.38,1231.3800,434,2.83728111
2005-08-10,1229.13,1229.1300,436.3,2.81716709
2005-08-11,1237.81,1237.8100,445.2,2.78034591
2005-08-12,1230.39,1230.3900,446.4,2.75625000
2005-08-15,1233.87,1233.8700,441.6,2.79408967
2005-08-16,1219.34,1219.3400,446,2.73394619
2005-08-17,1220.24,1220.2400,439.7,2.77516489
2005-08-18,1219.02,1219.0200,439.4,2.77428311
2005-08-19,1219.71,1219.7100,436.9,2.79173724
2005-08-22,1221.73,1221.7300,437.9,2.78997488
2005-08-23,1217.59,1217.5900,439,2.77355353
2005-08-24,1209.59,1209.5900,437.3,2.76604162
2005-08-25,1212.37,1212.3700,438.1,2.76733622
2005-08-26,1205.1,1205.1000,437.1,2.75703500
2005-08-29,1212.28,1212.2800,436.5,2.77727377
2005-08-30,1208.41,1208.4100,430.9,2.80438617
2005-08-31,1220.33,1220.3300,433.8,2.81311664
2005-09-01,1221.59,1221.5900,442.1,2.76315313
2005-09-02,1218.02,1218.0200,444.1,2.74267057
2005-09-06,1233.39,1233.3900,444.2,2.77665466
2005-09-07,1236.36,1236.3600,444.7,2.78021138
2005-09-08,1231.67,1231.6700,446.5,2.75849944
2005-09-09,1241.48,1241.4800,448.7,2.76683753
2005-09-12,1240.56,1240.5600,449.5,2.75986652
2005-09-13,1231.2,1231.2000,445.9,2.76115721
2005-09-14,1227.16,1227.1600,449.6,2.72944840
2005-09-15,1227.73,1227.7300,455.2,2.69712214
2005-09-16,1237.91,1237.9100,459.2,2.69579704
2005-09-19,1231.02,1231.0200,465.6,2.64394330
2005-09-20,1221.34,1221.3400,465.9,2.62146383
2005-09-21,1210.2,1210.2000,468.6,2.58258643
2005-09-22,1214.62,1214.6200,466.5,2.60368703
2005-09-23,1215.29,1215.2900,463.4,2.62255071
2005-09-26,1215.63,1215.6300,466.2,2.60752896
2005-09-27,1215.66,1215.6600,462.5,2.62845405
2005-09-28,1216.89,1216.8900,469.4,2.59243715
2005-09-29,1227.68,1227.6800,472.2,2.59991529
2005-09-30,1228.81,1228.8100,468.5,2.62286019
2005-10-03,1226.7,1226.7000,465.8,2.63353371
2005-10-04,1214.47,1214.4700,465.9,2.60671818
2005-10-05,1196.39,1196.3900,465.9,2.56791157
2005-10-06,1191.49,1191.4900,471.7,2.52594870
2005-10-07,1195.9,1195.9000,474.4,2.52086847
2005-10-10,1187.33,1187.3300,474.8,2.50069503
2005-10-11,1184.87,1184.8700,476.6,2.48608896
2005-10-12,1177.68,1177.6800,473.5,2.48718057
2005-10-13,1176.84,1176.8400,470.9,2.49912933
2005-10-14,1186.57,1186.5700,468.8,2.53107935
2005-10-17,1190.1,1190.1000,473.5,2.51341077
2005-10-18,1178.14,1178.1400,471.9,2.49658826
2005-10-19,1195.76,1195.7600,463.2,2.58151986
2005-10-20,1177.8,1177.8000,461,2.55488069
2005-10-21,1179.59,1179.5900,466.7,2.52751232
2005-10-24,1199.38,1199.3800,464.55,2.58181035
2005-10-25,1196.54,1196.5400,472.1,2.53450540
2005-10-26,1191.38,1191.3800,470.88,2.53011383
2005-10-27,1178.9,1178.9000,473.3,2.49080921
2005-10-28,1198.41,1198.4100,472.7,2.53524434
2005-10-31,1207.01,1207.0100,465.13,2.59499495
2005-11-01,1202.76,1202.7600,458.7,2.62210595
2005-11-02,1214.76,1214.7600,462.68,2.62548630
2005-11-03,1219.94,1219.9400,460.2,2.65089092
2005-11-04,1220.14,1220.1400,455.85,2.67662608
2005-11-07,1222.81,1222.8100,459,2.66407407
2005-11-08,1218.59,1218.5900,461.13,2.64261705
2005-11-09,1220.65,1220.6500,466.3,2.61773536
2005-11-10,1230.96,1230.9600,466.5,2.63871383
2005-11-11,1234.72,1234.7200,468.2,2.63716361
2005-11-14,1233.76,1233.7600,467.9,2.63680274
2005-11-15,1229.01,1229.0100,467.78,2.62732481
2005-11-16,1231.21,1231.2100,478.23,2.57451436
2005-11-17,1242.8,1242.8000,485.9,2.55772793
2005-11-18,1248.27,1248.2700,485.3,2.57216155
2005-11-21,1254.85,1254.8500,488.93,2.56652282
2005-11-22,1261.23,1261.2300,492.2,2.56243397
2005-11-23,1265.61,1265.6100,491.5,2.57499491
2005-11-25,1268.25,1268.2500,495.5,2.55953582
2005-11-28,1257.46,1257.4600,498.53,2.52233567
2005-11-29,1257.48,1257.4800,499.1,2.51949509
2005-11-30,1249.48,1249.4800,494.2,2.52828814
2005-12-01,1264.67,1264.6700,502.3,2.51775831
2005-12-02,1265.08,1265.0800,502.9,2.51556970
2005-12-05,1262.09,1262.0900,508.5,2.48198623
2005-12-06,1263.7,1263.7000,510.5,2.47541626
2005-12-07,1257.37,1257.3700,513.8,2.44719735
2005-12-08,1255.84,1255.8400,518.85,2.42042980
2005-12-09,1259.37,1259.3700,525.7,2.39560586
2005-12-12,1260.43,1260.4300,527.7,2.38853515
2005-12-13,1267.43,1267.4300,520.5,2.43502402
2005-12-14,1272.74,1272.7400,506,2.51529644
2005-12-15,1270.94,1270.9400,503.1,2.52621745
2005-12-16,1267.32,1267.3200,502.6,2.52152805
2005-12-19,1259.92,1259.9200,503.7,2.50133016
2005-12-20,1259.62,1259.6200,493.8,2.55087080
2005-12-21,1262.79,1262.7900,492.4,2.56456133
2005-12-22,1268.12,1268.1200,502.2,2.52512943
2005-12-23,1268.66,1268.6600,502.4,2.52519904
2005-12-27,1256.54,1256.5400,507.4,2.47642885
2005-12-28,1258.17,1258.1700,513.6,2.44970794
2005-12-29,1254.42,1254.4200,515,2.43576699
2005-12-30,1248.29,1248.2900,516.5,2.41682478
2006-01-03,1268.8,1268.8000,530.6,2.39125518
2006-01-04,1273.46,1273.4600,533.3,2.38788674
2006-01-05,1273.48,1273.4800,525.6,2.42290715
2006-01-06,1285.45,1285.4500,539.45,2.38288998
2006-01-09,1290.15,1290.1500,550.1,2.34530085
2006-01-10,1289.69,1289.6900,543.95,2.37097160
2006-01-11,1294.18,1294.1800,549.2,2.35648216
2006-01-12,1286.06,1286.0600,547.4,2.34939715
2006-01-13,1287.61,1287.6100,555.5,2.31792979
2006-01-17,1282.93,1282.9300,553.25,2.31889742
2006-01-18,1277.93,1277.9300,543.4,2.35172985
2006-01-19,1285.04,1285.0400,558.55,2.30067138
2006-01-20,1261.49,1261.4900,553,2.28117541
2006-01-23,1263.82,1263.8200,558,2.26491039
2006-01-24,1266.86,1266.8600,558.1,2.26995162
2006-01-25,1264.68,1264.6800,562.48,2.24839994
2006-01-26,1273.83,1273.8300,559.1,2.27835808
2006-01-27,1283.72,1283.7200,558.75,2.29748546
2006-01-30,1285.19,1285.1900,566.3,2.26945082
2006-01-31,1280.08,1280.0800,570.1,2.24536046
2006-02-01,1282.46,1282.4600,569.1,2.25348796
2006-02-02,1270.84,1270.8400,570.6,2.22719944
2006-02-03,1264.03,1264.0300,566.8,2.23011644
2006-02-06,1265.02,1265.0200,569.9,2.21972276
2006-02-07,1254.78,1254.7800,550.4,2.27976017
2006-02-08,1265.65,1265.6500,549.4,2.30369494
2006-02-09,1263.78,1263.7800,565.7,2.23401096
2006-02-10,1266.99,1266.9900,549.9,2.30403710
2006-02-13,1262.86,1262.8600,538.3,2.34601523
2006-02-14,1275.53,1275.5300,545.5,2.33827681
2006-02-15,1280,1280.0000,539.3,2.37344706
2006-02-16,1289.38,1289.3800,545.7,2.36280007
2006-02-17,1287.24,1287.2400,551.6,2.33364757
2006-02-21,1283.03,1283.0300,553.7,2.31719343
2006-02-22,1292.67,1292.6700,553.25,2.33650249
2006-02-23,1287.79,1287.7900,549,2.34570128
2006-02-24,1289.43,1289.4300,558.4,2.30915115
2006-02-27,1294.12,1294.1200,554.3,2.33469240
2006-02-28,1280.66,1280.6600,561.3,2.28159629
2006-03-01,1291.24,1291.2400,563.3,2.29227765
2006-03-02,1289.14,1289.1400,569.5,2.26363477
2006-03-03,1287.23,1287.2300,565.9,2.27465983
2006-03-06,1278.26,1278.2600,554.35,2.30587174
2006-03-07,1275.88,1275.8800,552.4,2.30970311
2006-03-08,1278.47,1278.4700,542.9,2.35489040
2006-03-09,1272.23,1272.2300,545.5,2.33222731
2006-03-10,1281.42,1281.4200,539.8,2.37387921
2006-03-13,1284.13,1284.1300,546,2.35188645
2006-03-14,1297.48,1297.4800,551.5,2.35263826
2006-03-15,1303.02,1303.0200,552.7,2.35755383
2006-03-16,1305.33,1305.3300,554.72,2.35313311
2006-03-17,1307.25,1307.2500,554,2.35965704
2006-03-20,1305.08,1305.0800,555.1,2.35107188
2006-03-21,1297.23,1297.2300,552,2.35005435
2006-03-22,1305.04,1305.0400,550.8,2.36935367
2006-03-23,1301.67,1301.6700,550.4,2.36495276
2006-03-24,1302.95,1302.9500,559.85,2.32731982
2006-03-27,1301.61,1301.6100,566.7,2.29682372
2006-03-28,1293.23,1293.2300,566.6,2.28243911
2006-03-29,1302.89,1302.8900,572.17,2.27710296
2006-03-30,1300.25,1300.2500,585,2.22264957
2006-03-31,1294.87,1294.8700,580.9,2.22907557
2006-04-03,1297.81,1297.8100,588.8,2.20416101
2006-04-04,1305.93,1305.9300,585.7,2.22969097
2006-04-05,1311.56,1311.5600,587.4,2.23282261
2006-04-06,1309.04,1309.0400,594.5,2.20191758
2006-04-07,1295.5,1295.5000,587.8,2.20398095
2006-04-10,1296.62,1296.6200,597.9,2.16862352
2006-04-11,1286.57,1286.5700,594.8,2.16302959
2006-04-12,1288.12,1288.1200,597.4,2.15621024
2006-04-13,1289.12,1289.1200,595.9,2.16331599
2006-04-17,1285.33,1285.3300,614.6,2.09132769
2006-04-18,1307.28,1307.2800,620.3,2.10749637
2006-04-19,1309.93,1309.9300,634.8,2.06353182
2006-04-20,1311.46,1311.4600,617.3,2.12450996
2006-04-21,1311.28,1311.2800,635.23,2.06426019
2006-04-24,1308.11,1308.1100,620.3,2.10883443
2006-04-25,1301.74,1301.7400,630.6,2.06428798
2006-04-26,1305.41,1305.4100,638.5,2.04449491
2006-04-27,1309.72,1309.7200,633.6,2.06710859
2006-04-28,1310.61,1310.6100,649.95,2.01647819
2006-05-01,1305.19,1305.1900,658.2,1.98296870
2006-05-02,1313.21,1313.2100,664.8,1.97534597
2006-05-03,1308.12,1308.1200,665.45,1.96576753
2006-05-04,1312.25,1312.2500,674.1,1.94666963
2006-05-05,1325.76,1325.7600,682.1,1.94364463
2006-05-08,1324.66,1324.6600,677.5,1.95521771
2006-05-09,1325.14,1325.1400,699.8,1.89359817
2006-05-10,1322.85,1322.8500,702.5,1.88306050
2006-05-11,1305.92,1305.9200,720.3,1.81302235
2006-05-12,1291.24,1291.2400,709.9,1.81890407
2006-05-15,1294.5,1294.5000,680.9,1.90116023
2006-05-16,1292.08,1292.0800,692.6,1.86555010
2006-05-17,1270.32,1270.3200,687.1,1.84881386
2006-05-18,1261.81,1261.8100,679.5,1.85696836
2006-05-19,1267.03,1267.0300,658.33,1.92461228
2006-05-22,1262.07,1262.0700,656.2,1.92330082
2006-05-23,1256.58,1256.5800,674,1.86436202
2006-05-24,1258.57,1258.5700,638.3,1.97175309
2006-05-25,1272.88,1272.8800,648.58,1.96256437
2006-05-26,1280.16,1280.1600,651.8,1.96403805
2006-05-30,1259.87,1259.8700,654.25,1.92567062
2006-05-31,1270.09,1270.0900,644,1.97218944
2006-06-01,1285.71,1285.7100,627.7,2.04828740
2006-06-02,1288.22,1288.2200,635.3,2.02773493
2006-06-05,1265.29,1265.2900,643.2,1.96717973
2006-06-06,1263.85,1263.8500,629.3,2.00834260
2006-06-07,1256.15,1256.1500,627.6,2.00151370
2006-06-08,1257.93,1257.9300,610.5,2.06049140
2006-06-09,1252.3,1252.3000,606.95,2.06326716
2006-06-12,1237.44,1237.4400,606.6,2.03996044
2006-06-13,1223.69,1223.6900,562.75,2.17448245
2006-06-14,1230.04,1230.0400,557.77,2.20528175
2006-06-15,1256.16,1256.1600,567.9,2.21193872
2006-06-16,1251.54,1251.5400,581,2.15411360
2006-06-19,1240.13,1240.1300,568.6,2.18102357
2006-06-20,1240.12,1240.1200,575.1,2.15635542
2006-06-21,1252.2,1252.2000,588.2,2.12886773
2006-06-22,1245.6,1245.6000,580.4,2.14610613
2006-06-23,1244.5,1244.5000,582.8,2.13538092
2006-06-26,1250.56,1250.5600,584.55,2.13935506
2006-06-27,1239.2,1239.2000,581.29,2.13181028
2006-06-28,1246,1246.0000,579.05,2.15180036
2006-06-29,1272.87,1272.8700,586.4,2.17065143
2006-06-30,1270.2,1270.2000,614.1,2.06839277
2006-07-03,1280.19,1280.1900,623.4,2.05356112
2006-07-05,1270.91,1270.9100,627.2,2.02632334
2006-07-06,1274.08,1274.0800,633.6,2.01085859
2006-07-07,1265.48,1265.4800,632.7,2.00012644
2006-07-10,1267.34,1267.3400,623.3,2.03327451
2006-07-11,1272.43,1272.4300,641.1,1.98476057
2006-07-12,1258.6,1258.6000,648.1,1.94198426
2006-07-13,1242.28,1242.2800,654.4,1.89834963
2006-07-14,1236.2,1236.2000,666.5,1.85476369
2006-07-17,1234.49,1234.4900,648.9,1.90243489
2006-07-18,1236.86,1236.8600,628.8,1.96701654
2006-07-19,1259.81,1259.8100,642.8,1.95987866
2006-07-20,1249.13,1249.1300,632,1.97647152
2006-07-21,1240.29,1240.2900,620,2.00046774
2006-07-24,1260.91,1260.9100,611.4,2.06233235
2006-07-25,1268.88,1268.8800,618,2.05320388
2006-07-26,1268.4,1268.4000,621.8,2.03988421
2006-07-27,1263.2,1263.2000,632.2,1.99810187
2006-07-28,1278.55,1278.5500,634.4,2.01536885
2006-07-31,1276.66,1276.6600,634.4,2.01238966
2006-08-01,1270.92,1270.9200,646.6,1.96554284
2006-08-02,1277.41,1277.4100,651.1,1.96192597
2006-08-03,1280.27,1280.2700,644.7,1.98583837
2006-08-04,1279.36,1279.3600,644.5,1.98504267
2006-08-07,1275.77,1275.7700,646.3,1.97395946
2006-08-08,1271.48,1271.4800,645.2,1.97067576
2006-08-09,1265.95,1265.9500,650.84,1.94510171
2006-08-10,1271.81,1271.8100,634.3,2.00506070
2006-08-11,1266.74,1266.7400,632.61,2.00240274
2006-08-14,1268.21,1268.2100,627.02,2.02259896
2006-08-15,1285.58,1285.5800,622.28,2.06591888
2006-08-16,1295.43,1295.4300,627.3,2.06508847
2006-08-17,1297.48,1297.4800,614.3,2.11212762
2006-08-18,1302.3,1302.3000,612,2.12794118
2006-08-21,1297.52,1297.5200,626.4,2.07139208
2006-08-22,1298.82,1298.8200,623.5,2.08311147
2006-08-23,1292.99,1292.9900,623.4,2.07409368
2006-08-24,1296.06,1296.0600,619.55,2.09193770
2006-08-25,1295.09,1295.0900,622.75,2.07963067
2006-08-28,1301.78,1301.7800,614.1,2.11981762
2006-08-29,1304.28,1304.2800,611.7,2.13222168
2006-08-30,1305.37,1305.3700,617.4,2.11430191
2006-08-31,1303.82,1303.8200,625.1,2.08577828
2006-09-01,1311.01,1311.0100,624.33,2.09986706
2006-09-05,1313.25,1313.2500,638.11,2.05803075
2006-09-06,1300.26,1300.2600,634.1,2.05055985
2006-09-07,1294.02,1294.0200,618,2.09388350
2006-09-08,1298.92,1298.9200,610.1,2.12902803
2006-09-11,1299.54,1299.5400,590.5,2.20074513
2006-09-12,1313,1313.0000,586.15,2.24004095
2006-09-13,1318.07,1318.0700,587.9,2.24199694
2006-09-14,1316.28,1316.2800,577.88,2.27777393
2006-09-15,1319.66,1319.6600,577.9,2.28354387
2006-09-18,1321.18,1321.1800,586.3,2.25341975
2006-09-19,1317.64,1317.6400,573.9,2.29594006
2006-09-20,1325.18,1325.1800,580.6,2.28243197
2006-09-21,1318.03,1318.0300,584.3,2.25574191
2006-09-22,1314.78,1314.7800,588.5,2.23412065
2006-09-25,1326.37,1326.3700,590.2,2.24732294
2006-09-26,1336.35,1336.3500,590.2,2.26423246
2006-09-27,1336.59,1336.5900,600,2.22765000
2006-09-28,1338.88,1338.8800,605,2.21302479
2006-09-29,1335.85,1335.8500,598.6,2.23162379
2006-10-02,1331.32,1331.3200,597.55,2.22796419
2006-10-03,1334.11,1334.1100,576,2.31616319
2006-10-04,1350.2,1350.2000,563.55,2.39588324
2006-10-05,1353.22,1353.2200,571.75,2.36680367
2006-10-06,1349.59,1349.5900,572.95,2.35551095
2006-10-09,1350.66,1350.6600,576.9,2.34123765
2006-10-10,1353.42,1353.4200,573,2.36198953
2006-10-11,1349.95,1349.9500,572.1,2.35963992
2006-10-12,1362.83,1362.8300,576,2.36602431
2006-10-13,1365.62,1365.6200,589.2,2.31775289
2006-10-16,1369.06,1369.0600,595.4,2.29939536
2006-10-17,1364.05,1364.0500,589.63,2.31339993
2006-10-18,1365.8,1365.8000,587.1,2.32634986
2006-10-19,1366.96,1366.9600,598.5,2.28397661
2006-10-20,1368.6,1368.6000,592.2,2.31104357
2006-10-23,1377.02,1377.0200,580.1,2.37376314
2006-10-24,1377.38,1377.3800,584,2.35852740
2006-10-25,1382.22,1382.2200,587.8,2.35151412
2006-10-26,1389.08,1389.0800,594.9,2.33498067
2006-10-27,1377.34,1377.3400,597.6,2.30478581
2006-10-30,1377.93,1377.9300,604.2,2.28058590
2006-10-31,1377.94,1377.9400,605.4,2.27608193
2006-11-01,1367.81,1367.8100,618.68,2.21085214
2006-11-02,1367.34,1367.3400,624.54,2.18935537
2006-11-03,1364.3,1364.3000,627.1,2.17557008
2006-11-06,1379.78,1379.7800,623.4,2.21331408
2006-11-07,1382.84,1382.8400,626.5,2.20724661
2006-11-08,1385.72,1385.7200,614.9,2.25356969
2006-11-09,1378.33,1378.3300,634.6,2.17196659
2006-11-10,1380.9,1380.9000,627.7,2.19993628
2006-11-13,1384.42,1384.4200,625.1,2.21471765
2006-11-14,1393.22,1393.2200,622.7,2.23738558
2006-11-15,1396.57,1396.5700,623,2.24168539
2006-11-16,1399.76,1399.7600,621.2,2.25331616
2006-11-17,1401.2,1401.2000,621.3,2.25527121
2006-11-20,1400.5,1400.5000,620.8,2.25596005
2006-11-21,1402.81,1402.8100,627.9,2.23412964
2006-11-22,1406.09,1406.0900,629.35,2.23419401
2006-11-24,1400.95,1400.9500,637.7,2.19687941
2006-11-27,1381.96,1381.9600,641.4,2.15459931
2006-11-28,1386.72,1386.7200,638.2,2.17286117
2006-11-29,1399.48,1399.4800,635.7,2.20147868
2006-11-30,1400.63,1400.6300,646.25,2.16731915
2006-12-01,1396.71,1396.7100,645.75,2.16292683
2006-12-04,1409.12,1409.1200,645.2,2.18400496
2006-12-05,1414.76,1414.7600,643.3,2.19922276
2006-12-06,1412.9,1412.9000,629.1,2.24590685
2006-12-07,1407.29,1407.2900,631.2,2.22954689
2006-12-08,1409.84,1409.8400,626.1,2.25178087
2006-12-11,1413.04,1413.0400,629.25,2.24559396
2006-12-12,1411.56,1411.5600,626.6,2.25272901
2006-12-13,1413.21,1413.2100,627.75,2.25123059
2006-12-14,1425.49,1425.4900,626.35,2.27586812
2006-12-15,1427.09,1427.0900,615,2.32047154
2006-12-18,1422.48,1422.4800,615.3,2.31184788
2006-12-19,1425.55,1425.5500,621.8,2.29261821
2006-12-20,1423.53,1423.5300,621.45,2.29065894
2006-12-21,1418.3,1418.3000,618,2.29498382
2006-12-22,1410.76,1410.7600,620.3,2.27431888
2006-12-26,1416.9,1416.9000,623.9,2.27103703
2006-12-27,1426.84,1426.8400,627.35,2.27439229
2006-12-28,1424.73,1424.7300,633.5,2.24898185
2006-12-29,1418.3,1418.3000,635.7,2.23108384
2007-01-03,1416.6,1416.6000,627.7,2.25681058
2007-01-04,1418.34,1418.3400,624.08,2.27268940
2007-01-05,1409.71,1409.7100,606.3,2.32510308
2007-01-08,1412.84,1412.8400,607.4,2.32604544
2007-01-09,1412.11,1412.1100,613,2.30360522
2007-01-10,1414.85,1414.8500,611.8,2.31260216
2007-01-11,1423.82,1423.8200,613.23,2.32183683
2007-01-12,1430.73,1430.7300,625.9,2.28587634
2007-01-16,1431.9,1431.9000,623.6,2.29618345
2007-01-17,1430.62,1430.6200,631.98,2.26371088
2007-01-18,1426.37,1426.3700,627.1,2.27454951
2007-01-19,1430.5,1430.5000,635,2.25275591
2007-01-22,1422.95,1422.9500,632.9,2.24830147
2007-01-23,1427.99,1427.9900,645.4,2.21256585
2007-01-24,1440.13,1440.1300,647.6,2.22379555
2007-01-25,1423.9,1423.9000,647.9,2.19771570
2007-01-26,1422.18,1422.1800,644.4,2.20698324
2007-01-29,1420.62,1420.6200,642,2.21280374
2007-01-30,1428.82,1428.8200,644.73,2.21615250
2007-01-31,1438.24,1438.2400,652.1,2.20555130
2007-02-01,1445.94,1445.9400,657.6,2.19881387
2007-02-02,1448.39,1448.3900,646.4,2.24070235
2007-02-05,1446.99,1446.9900,650.15,2.22562486
2007-02-06,1448,1448.0000,652.45,2.21932715
2007-02-07,1450.02,1450.0200,651.75,2.22481013
2007-02-08,1448.31,1448.3100,658.9,2.19807255
2007-02-09,1438.06,1438.0600,667.3,2.15504271
2007-02-12,1433.37,1433.3700,663.15,2.16145668
2007-02-13,1444.26,1444.2600,663.55,2.17656544
2007-02-14,1455.3,1455.3000,667.7,2.17957166
2007-02-15,1456.81,1456.8100,667.8,2.18150644
2007-02-16,1455.54,1455.5400,667.8,2.17960467
2007-02-20,1459.68,1459.6800,657.4,2.22038333
2007-02-21,1457.63,1457.6300,678,2.14989676
2007-02-22,1456.38,1456.3800,677.93,2.14827490
2007-02-23,1451.19,1451.1900,681.7,2.12878099
2007-02-26,1449.37,1449.3700,685.5,2.11432531
2007-02-27,1399.04,1399.0400,676.5,2.06805617
2007-02-28,1406.82,1406.8200,669.3,2.10192739
2007-03-01,1403.17,1403.1700,663.95,2.11336697
2007-03-02,1387.17,1387.1700,642.63,2.15858270
2007-03-05,1374.12,1374.1200,638.3,2.15278082
2007-03-06,1395.41,1395.4100,645,2.16342636
2007-03-07,1391.97,1391.9700,650.15,2.14099823
2007-03-08,1401.89,1401.8900,651.7,2.15112782
2007-03-09,1402.84,1402.8400,647.9,2.16521068
2007-03-12,1406.6,1406.6000,649.5,2.16566590
2007-03-13,1377.95,1377.9500,644,2.13967391
2007-03-14,1387.17,1387.1700,642.8,2.15801182
2007-03-15,1392.28,1392.2800,646,2.15523220
2007-03-16,1386.95,1386.9500,652,2.12722393
2007-03-19,1402.06,1402.0600,653.3,2.14611970
2007-03-20,1410.94,1410.9400,657.9,2.14461164
2007-03-21,1435.04,1435.0400,662.3,2.16675223
2007-03-22,1434.54,1434.5400,663.4,2.16240579
2007-03-23,1436.11,1436.1100,657.1,2.18552732
2007-03-26,1437.5,1437.5000,663,2.16817496
2007-03-27,1428.61,1428.6100,662.1,2.15769521
2007-03-28,1417.23,1417.2300,665.55,2.12941176
2007-03-29,1422.53,1422.5300,660.75,2.15290201
2007-03-30,1420.86,1420.8600,663.4,2.14178475
2007-04-02,1424.55,1424.5500,664.65,2.14330851
2007-04-03,1437.77,1437.7700,663.95,2.16547933
2007-04-04,1439.37,1439.3700,672.6,2.14000892
2007-04-05,1443.76,1443.7600,673.83,2.14261757
2007-04-09,1444.61,1444.6100,672,2.14971726
2007-04-10,1448.39,1448.3900,676.2,2.14195504
2007-04-11,1438.87,1438.8700,675.7,2.12945094
2007-04-12,1447.8,1447.8000,674.9,2.14520670
2007-04-13,1452.85,1452.8500,684.1,2.12373922
2007-04-16,1468.33,1468.3300,689.65,2.12909447
2007-04-17,1471.48,1471.4800,686.8,2.14251602
2007-04-18,1472.5,1472.5000,687.7,2.14119529
2007-04-19,1470.73,1470.7300,682.7,2.15428446
2007-04-20,1484.35,1484.3500,692.3,2.14408493
2007-04-23,1480.93,1480.9300,690.3,2.14534260
2007-04-24,1480.41,1480.4100,683.2,2.16687646
2007-04-25,1495.42,1495.4200,683.9,2.18660623
2007-04-26,1494.25,1494.2500,674.2,2.21633047
2007-04-27,1494.07,1494.0700,680.1,2.19683870
2007-04-30,1482.37,1482.3700,680.6,2.17803409
2007-05-01,1486.3,1486.3000,674.25,2.20437523
2007-05-02,1495.92,1495.9200,671.9,2.22640274
2007-05-03,1502.39,1502.3900,680.7,2.20712502
2007-05-04,1505.62,1505.6200,686.7,2.19254405
2007-05-07,1509.48,1509.4800,688,2.19401163
2007-05-08,1507.72,1507.7200,684.95,2.20121177
2007-05-09,1512.58,1512.5800,680.1,2.22405529
2007-05-10,1491.47,1491.4700,666.7,2.23709315
2007-05-11,1505.85,1505.8500,670.5,2.24586130
2007-05-14,1503.15,1503.1500,667.7,2.25123558
2007-05-15,1501.19,1501.1900,672.6,2.23192090
2007-05-16,1514.14,1514.1400,660.7,2.29172090
2007-05-17,1512.75,1512.7500,657,2.30251142
2007-05-18,1522.75,1522.7500,661.1,2.30335804
2007-05-21,1525.1,1525.1000,662.68,2.30141245
2007-05-22,1524.12,1524.1200,658.2,2.31558797
2007-05-23,1522.28,1522.2800,660.9,2.30334392
2007-05-24,1507.51,1507.5100,654.4,2.30365220
2007-05-25,1515.73,1515.7300,654.7,2.31515198
2007-05-29,1518.11,1518.1100,656.3,2.31313424
2007-05-30,1530.23,1530.2300,652.8,2.34410233
2007-05-31,1530.62,1530.6200,660.5,2.31736563
2007-06-01,1536.34,1536.3400,670.9,2.28996870
2007-06-04,1539.18,1539.1800,670.5,2.29557047
2007-06-05,1530.95,1530.9500,669.75,2.28585293
2007-06-06,1517.38,1517.3800,668.5,2.26982797
2007-06-07,1490.72,1490.7200,658.9,2.26243740
2007-06-08,1507.67,1507.6700,647.2,2.32952719
2007-06-11,1509.12,1509.1200,654.3,2.30646492
2007-06-12,1493,1493.0000,649.95,2.29709978
2007-06-13,1515.67,1515.6700,648.88,2.33582481
2007-06-14,1522.97,1522.9700,651.6,2.33727747
2007-06-15,1532.91,1532.9100,655.05,2.34014197
2007-06-18,1531.05,1531.0500,656.2,2.33320634
2007-06-19,1533.7,1533.7000,661.5,2.31851852
2007-06-20,1512.84,1512.8400,656,2.30615854
2007-06-21,1522.19,1522.1900,651.6,2.33608042
2007-06-22,1502.56,1502.5600,653,2.30101072
2007-06-25,1497.74,1497.7400,651.6,2.29855740
2007-06-26,1492.89,1492.8900,643,2.32175739
2007-06-27,1506.34,1506.3400,642.6,2.34413321
2007-06-28,1505.71,1505.7100,648.4,2.32219309
2007-06-29,1503.35,1503.3500,649.7,2.31391411
2007-07-02,1519.43,1519.4300,656.9,2.31303090
2007-07-03,1524.87,1524.8700,652.5,2.33696552
2007-07-05,1525.4,1525.4000,648.85,2.35092857
2007-07-06,1530.44,1530.4400,653.5,2.34191278
2007-07-09,1531.85,1531.8500,660.75,2.31835036
2007-07-10,1510.12,1510.1200,662.8,2.27839469
2007-07-11,1518.76,1518.7600,660.2,2.30045441
2007-07-12,1547.7,1547.7000,667.1,2.32004197
2007-07-13,1552.5,1552.5000,666.3,2.33003152
2007-07-16,1549.52,1549.5200,663.9,2.33396596
2007-07-17,1549.37,1549.3700,665.18,2.32924923
2007-07-18,1546.17,1546.1700,673.1,2.29708810
2007-07-19,1553.08,1553.0800,676.85,2.29457044
2007-07-20,1534.1,1534.1000,683.5,2.24447696
2007-07-23,1541.57,1541.5700,680.65,2.26484978
2007-07-24,1511.04,1511.0400,682.8,2.21300527
2007-07-25,1518.09,1518.0900,672.1,2.25872638
2007-07-26,1482.66,1482.6600,663.1,2.23595235
2007-07-27,1458.95,1458.9500,660.15,2.21002802
2007-07-30,1473.91,1473.9100,664.53,2.21797361
2007-07-31,1455.27,1455.2700,665.95,2.18525415
2007-08-01,1465.81,1465.8100,664.2,2.20688046
2007-08-02,1472.2,1472.2000,665.2,2.21316897
2007-08-03,1433.06,1433.0600,673.2,2.12872846
2007-08-06,1467.67,1467.6700,671.1,2.18696170
2007-08-07,1476.71,1476.7100,671.23,2.20000596
2007-08-08,1497.49,1497.4900,674.33,2.22070796
2007-08-09,1453.09,1453.0900,661.9,2.19533162
2007-08-10,1453.64,1453.6400,671.5,2.16476545
2007-08-13,1452.92,1452.9200,669.75,2.16934677
2007-08-14,1426.54,1426.5400,667.9,2.13585866
2007-08-15,1406.7,1406.7000,668.68,2.10369684
2007-08-16,1411.27,1411.2700,648.6,2.17587111
2007-08-17,1445.94,1445.9400,656.9,2.20115695
2007-08-20,1445.55,1445.5500,656.2,2.20291070
2007-08-21,1447.12,1447.1200,656.5,2.20429551
2007-08-22,1464.07,1464.0700,659.4,2.22030634
2007-08-23,1462.5,1462.5000,659.45,2.21775722
2007-08-24,1479.37,1479.3700,667.7,2.21562079
2007-08-27,1466.79,1466.7900,666.9,2.19941520
2007-08-28,1432.36,1432.3600,664.63,2.15512390
2007-08-29,1463.76,1463.7600,666.2,2.19717802
2007-08-30,1457.64,1457.6400,664.5,2.19358916
2007-08-31,1473.99,1473.9900,672.5,2.19180669
2007-09-04,1489.42,1489.4200,681.93,2.18412447
2007-09-05,1472.29,1472.2900,681.5,2.16036684
2007-09-06,1478.55,1478.5500,694.25,2.12970832
2007-09-07,1453.55,1453.5500,700.7,2.07442557
2007-09-10,1451.7,1451.7000,702.3,2.06706536
2007-09-11,1471.49,1471.4900,712.2,2.06611907
2007-09-12,1471.56,1471.5600,711.4,2.06854091
2007-09-13,1483.95,1483.9500,708.5,2.09449541
2007-09-14,1484.25,1484.2500,708.15,2.09595425
2007-09-17,1476.65,1476.6500,715.1,2.06495595
2007-09-18,1519.78,1519.7800,715.88,2.12295357
2007-09-19,1529.03,1529.0300,721.5,2.11923770
2007-09-20,1518.75,1518.7500,733.4,2.07083447
2007-09-21,1525.75,1525.7500,732.1,2.08407321
2007-09-24,1517.73,1517.7300,731.68,2.07430844
2007-09-25,1517.21,1517.2100,730.3,2.07751609
2007-09-26,1525.42,1525.4200,728.6,2.09363162
2007-09-27,1531.38,1531.3800,733.5,2.08777096
2007-09-28,1526.75,1526.7500,744.8,2.04987916
2007-10-01,1547.04,1547.0400,746.85,2.07141996
2007-10-02,1546.63,1546.6300,731.25,2.11504957
2007-10-03,1539.59,1539.5900,729.75,2.10974991
2007-10-04,1542.84,1542.8400,736.6,2.09454249
2007-10-05,1557.59,1557.5900,741.5,2.10059339
2007-10-08,1552.58,1552.5800,732.4,2.11985254
2007-10-09,1565.15,1565.1500,736.75,2.12439769
2007-10-10,1562.47,1562.4700,739.15,2.11387404
2007-10-11,1554.41,1554.4100,751.1,2.06951138
2007-10-12,1561.8,1561.8000,748.3,2.08713083
2007-10-15,1548.71,1548.7100,758.08,2.04293742
2007-10-16,1538.53,1538.5300,757.7,2.03052659
2007-10-17,1541.24,1541.2400,756,2.03867725
2007-10-18,1540.08,1540.0800,764,2.01581152
2007-10-19,1500.63,1500.6300,765.3,1.96083889
2007-10-22,1506.33,1506.3300,753.9,1.99805014
2007-10-23,1519.59,1519.5900,758.55,2.00328258
2007-10-24,1515.88,1515.8800,761.2,1.99143458
2007-10-25,1514.4,1514.4000,767.48,1.97321103
2007-10-26,1535.28,1535.2800,784.05,1.95814042
2007-10-29,1540.98,1540.9800,791,1.94814159
2007-10-30,1531.02,1531.0200,781.7,1.95857746
2007-10-31,1549.38,1549.3800,795.3,1.94817050
2007-11-01,1508.44,1508.4400,790.43,1.90837898
2007-11-02,1509.65,1509.6500,804.9,1.87557461
2007-11-05,1502.17,1502.1700,808.5,1.85797155
2007-11-06,1520.27,1520.2700,820.9,1.85195517
2007-11-07,1475.62,1475.6200,831.6,1.77443482
2007-11-08,1474.77,1474.7700,832.5,1.77149550
2007-11-09,1453.7,1453.7000,832.6,1.74597646
2007-11-12,1439.18,1439.1800,801.33,1.79598917
2007-11-13,1481.05,1481.0500,796.5,1.85944758
2007-11-14,1470.58,1470.5800,811.6,1.81195170
2007-11-15,1451.15,1451.1500,786.1,1.84601196
2007-11-16,1458.74,1458.7400,786.4,1.85495931
2007-11-19,1433.27,1433.2700,778.2,1.84177589
2007-11-20,1439.7,1439.7000,793.7,1.81390954
2007-11-21,1416.77,1416.7700,799.9,1.77118390
2007-11-23,1440.7,1440.7000,822.65,1.75129156
2007-11-26,1407.22,1407.2200,824,1.70779126
2007-11-27,1428.23,1428.2300,812.62,1.75756196
2007-11-28,1469.02,1469.0200,803.36,1.82859490
2007-11-29,1469.72,1469.7200,794.98,1.84875091
2007-11-30,1481.14,1481.1400,784.46,1.88810137
2007-12-03,1472.42,1472.4200,789.62,1.86471974
2007-12-04,1462.79,1462.7900,802.4,1.82301844
2007-12-05,1485.01,1485.0100,796.89,1.86350688
2007-12-06,1507.34,1507.3400,802.93,1.87729939
2007-12-07,1504.66,1504.6600,795.4,1.89170229
2007-12-10,1515.96,1515.9600,807.7,1.87688498
2007-12-11,1477.65,1477.6500,811.82,1.82016950
2007-12-12,1486.59,1486.5900,813.71,1.82692851
2007-12-13,1488.41,1488.4100,797.86,1.86550272
2007-12-14,1467.95,1467.9500,792.72,1.85178878
2007-12-17,1445.9,1445.9000,793.98,1.82107862
2007-12-18,1454.98,1454.9800,802.64,1.81274295
2007-12-19,1453,1453.0000,800.48,1.81516090
2007-12-20,1460.12,1460.1200,797.44,1.83100923
2007-12-21,1484.46,1484.4600,811.4,1.82950456
2007-12-24,1496.45,1496.4500,812.32,1.84219273
2007-12-26,1497.66,1497.6600,825.04,1.81525744
2007-12-27,1476.27,1476.2700,827.26,1.78452965
2007-12-28,1478.49,1478.4900,839.03,1.76214200
2007-12-31,1468.36,1468.3600,833.15,1.76241973
2008-01-02,1447.16,1447.1600,856.34,1.68993624
2008-01-03,1447.16,1447.1600,863.9,1.67514759
2008-01-04,1411.63,1411.6300,861.2,1.63914306
2008-01-07,1416.18,1416.1800,859.3,1.64806238
2008-01-08,1390.19,1390.1900,878.22,1.58296327
2008-01-09,1409.13,1409.1300,878.13,1.60469407
2008-01-10,1420.33,1420.3300,890.7,1.59462221
2008-01-11,1401.02,1401.0200,895.82,1.56395258
2008-01-14,1416.25,1416.2500,902,1.57012195
2008-01-15,1380.95,1380.9500,900.03,1.53433774
2008-01-16,1373.2,1373.2000,885.01,1.55162089
2008-01-17,1333.25,1333.2500,878.94,1.51688397
2008-01-18,1325.19,1325.1900,882.3,1.50197212
2008-01-22,1310.5,1310.5000,889.4,1.47346526
2008-01-23,1338.6,1338.6000,880.4,1.52044525
2008-01-24,1352.07,1352.0700,909.2,1.48709855
2008-01-25,1330.61,1330.6100,909.88,1.46240164
2008-01-28,1353.96,1353.9600,927,1.46058252
2008-01-29,1362.3,1362.3000,922.8,1.47626788
2008-01-30,1355.81,1355.8100,919.2,1.47498912
2008-01-31,1378.55,1378.5500,925.7,1.48919736
2008-02-01,1395.42,1395.4200,905.98,1.54023268
2008-02-04,1380.82,1380.8200,903.9,1.52762474
2008-02-05,1336.64,1336.6400,888.6,1.50420887
2008-02-06,1326.45,1326.4500,901.5,1.47138103
2008-02-07,1336.91,1336.9100,908.8,1.47107174
2008-02-08,1331.29,1331.2900,918.58,1.44929130
2008-02-11,1339.13,1339.1300,922.62,1.45144263
2008-02-12,1348.86,1348.8600,907.7,1.48601961
2008-02-13,1367.21,1367.2100,906.98,1.50743126
2008-02-14,1348.86,1348.8600,907.7,1.48601961
2008-02-15,1349.99,1349.9900,904.2,1.49302146
2008-02-19,1348.78,1348.7800,926.9,1.45515158
2008-02-20,1360.03,1360.0300,933.58,1.45678999
2008-02-21,1342.53,1342.5300,945.2,1.42036606
2008-02-22,1353.11,1353.1100,943.2,1.43459500
2008-02-25,1371.8,1371.8000,937.64,1.46303485
2008-02-26,1381.29,1381.2900,946.8,1.45890368
2008-02-27,1380.02,1380.0200,956.6,1.44263015
2008-02-28,1367.68,1367.6800,969.45,1.41077931
2008-02-29,1330.63,1330.6300,970.4,1.37121805
2008-03-03,1331.34,1331.3400,982.55,1.35498448
2008-03-04,1326.75,1326.7500,959.73,1.38242006
2008-03-05,1333.7,1333.7000,985.6,1.35318588
2008-03-06,1304.34,1304.3400,978.1,1.33354463
2008-03-07,1293.37,1293.3700,971.54,1.33125759
2008-03-10,1273.37,1273.3700,972,1.31005144
2008-03-11,1320.65,1320.6500,969,1.36289990
2008-03-12,1308.77,1308.7700,981.4,1.33357449
2008-03-13,1315.48,1315.4800,992.98,1.32477996
2008-03-14,1288.14,1288.1400,998.9,1.28955851
2008-03-17,1276.6,1276.6000,1004.2,1.27126071
2008-03-18,1330.74,1330.7400,987.8,1.34717554
2008-03-19,1298.42,1298.4200,943.81,1.37572181
2008-03-20,1329.51,1329.5100,914.46,1.45387442
2008-03-24,1349.88,1349.8800,912.21,1.47979084
2008-03-25,1352.99,1352.9900,935.8,1.44581107
2008-03-26,1341.13,1341.1300,950.14,1.41150778
2008-03-27,1325.76,1325.7600,948.48,1.39777328
2008-03-28,1315.22,1315.2200,931.53,1.41189226
2008-03-31,1322.7,1322.7000,913.2,1.44842313
2008-04-01,1370.18,1370.1800,882.89,1.55192606
2008-04-02,1367.53,1367.5300,898.05,1.52277713
2008-04-03,1369.31,1369.3100,904.69,1.51356818
2008-04-04,1370.4,1370.4000,908.36,1.50865296
2008-04-07,1372.54,1372.5400,923.67,1.48596360
2008-04-08,1365.54,1365.5400,913.6,1.49468039
2008-04-09,1354.49,1354.4900,934.6,1.44927242
2008-04-10,1360.55,1360.5500,928,1.46610991
2008-04-11,1332.83,1332.8300,924.93,1.44100635
2008-04-14,1328.32,1328.3200,924.44,1.43689152
2008-04-15,1334.43,1334.4300,928.52,1.43715806
2008-04-16,1364.71,1364.7100,943.06,1.44710835
2008-04-17,1365.56,1365.5600,939.14,1.45405371
2008-04-18,1390.33,1390.3300,916.2,1.51749618
2008-04-21,1388.17,1388.1700,914.78,1.51749054
2008-04-22,1375.94,1375.9400,921.53,1.49310386
2008-04-23,1379.93,1379.9300,905.83,1.52338739
2008-04-24,1388.82,1388.8200,886.92,1.56589095
2008-04-25,1397.84,1397.8400,888.9,1.57255034
2008-04-28,1396.37,1396.3700,892.68,1.56424475
2008-04-29,1390.94,1390.9400,874.2,1.59110043
2008-04-30,1385.59,1385.5900,866.18,1.59965596
2008-05-01,1409.34,1409.3400,850,1.65804706
2008-05-02,1413.9,1413.9000,856.65,1.65049904
2008-05-05,1407.49,1407.4900,872.5,1.61316905
2008-05-06,1418.26,1418.2600,877.32,1.61658232
2008-05-07,1392.57,1392.5700,870.96,1.59889088
2008-05-08,1397.68,1397.6800,881.42,1.58571396
2008-05-09,1388.28,1388.2800,886.3,1.56637707
2008-05-12,1403.58,1403.5800,884.5,1.58686263
2008-05-13,1403.04,1403.0400,866.4,1.61939058
2008-05-14,1408.66,1408.6600,865.68,1.62722946
2008-05-15,1423.57,1423.5700,881.75,1.61448256
2008-05-16,1425.35,1425.3500,900.6,1.58266711
2008-05-19,1426.63,1426.6300,905.2,1.57603844
2008-05-20,1413.4,1413.4000,919.33,1.53742399
2008-05-21,1390.71,1390.7100,928.1,1.49844844
2008-05-22,1394.35,1394.3500,918.8,1.51757727
2008-05-23,1375.93,1375.9300,925.29,1.48702569
2008-05-27,1385.35,1385.3500,905.82,1.52938774
2008-05-28,1390.84,1390.8400,900.65,1.54426248
2008-05-29,1398.26,1398.2600,877.94,1.59266009
2008-05-30,1400.38,1400.3800,886.96,1.57885361
2008-06-02,1385.67,1385.6700,892.2,1.55309348
2008-06-03,1377.65,1377.6500,882.75,1.56063438
2008-06-04,1377.2,1377.2000,881.55,1.56224831
2008-06-05,1404.05,1404.0500,873.3,1.60775220
2008-06-06,1360.68,1360.6800,895.7,1.51912471
2008-06-09,1361.76,1361.7600,895.83,1.52010984
2008-06-10,1358.44,1358.4400,869.51,1.56230521
2008-06-11,1335.49,1335.4900,881.2,1.51553563
2008-06-12,1339.87,1339.8700,870.15,1.53981497
2008-06-13,1360.03,1360.0300,870.4,1.56253447
2008-06-16,1360.14,1360.1400,882.65,1.54097321
2008-06-17,1350.93,1350.9300,883.7,1.52872015
2008-06-18,1337.81,1337.8100,894.4,1.49576252
2008-06-19,1342.83,1342.8300,902.8,1.48740585
2008-06-20,1317.93,1317.9300,901.13,1.46253038
2008-06-23,1318,1318.0000,882.56,1.49338289
2008-06-24,1314.29,1314.2900,887.55,1.48080672
2008-06-25,1321.97,1321.9700,880.14,1.50199968
2008-06-26,1283.15,1283.1500,911.83,1.40722503
2008-06-27,1278.38,1278.3800,929.69,1.37506050
2008-06-30,1280,1280.0000,927.4,1.38020272
2008-07-01,1284.91,1284.9100,940.88,1.36564705
2008-07-02,1261.52,1261.5200,941.95,1.33926429
2008-07-03,1262.9,1262.9000,932.36,1.35451971
2008-07-07,1252.31,1252.3100,927.7,1.34990838
2008-07-08,1273.7,1273.7000,922.04,1.38139343
2008-07-09,1244.69,1244.6900,926.4,1.34357729
2008-07-10,1253.39,1253.3900,940.62,1.33251472
2008-07-11,1239.49,1239.4900,961.96,1.28850472
2008-07-14,1228.3,1228.3000,972.48,1.26305939
2008-07-15,1214.91,1214.9100,975.76,1.24509101
2008-07-16,1245.36,1245.3600,962.36,1.29406875
2008-07-17,1260.32,1260.3200,964.58,1.30659976
2008-07-18,1260.68,1260.6800,954,1.32146751
2008-07-21,1260,1260.0000,963.63,1.30755580
2008-07-22,1277,1277.0000,948.6,1.34619439
2008-07-23,1282.19,1282.1900,923.35,1.38862836
2008-07-24,1252.54,1252.5400,922.65,1.35754620
2008-07-25,1257.76,1257.7600,927.97,1.35538864
2008-07-28,1234.37,1234.3700,928.85,1.32892286
2008-07-29,1263.2,1263.2000,916.48,1.37831704
2008-07-30,1284.26,1284.2600,906.09,1.41736472
2008-07-31,1267.38,1267.3800,913.2,1.38784494
2008-08-01,1260.31,1260.3100,909.64,1.38550416
2008-08-04,1249.01,1249.0100,896.57,1.39309814
2008-08-05,1284.88,1284.8800,877.65,1.46400046
2008-08-06,1289.19,1289.1900,876.9,1.47016764
2008-08-07,1266.07,1266.0700,870.78,1.45394933
2008-08-08,1296.32,1296.3200,857.1,1.51244896
2008-08-11,1305.32,1305.3200,820.15,1.59156252
2008-08-12,1289.59,1289.5900,813.3,1.58562646
2008-08-13,1285.83,1285.8300,827.45,1.55396701
2008-08-14,1292.93,1292.9300,810.8,1.59463493
2008-08-15,1298.2,1298.2000,785.28,1.65316830
2008-08-18,1278.6,1278.6000,801.5,1.59525889
2008-08-19,1266.69,1266.6900,810.14,1.56354457
2008-08-20,1274.54,1274.5400,810.1,1.57331194
2008-08-21,1277.72,1277.7200,834.2,1.53167106
2008-08-22,1292.2,1292.2000,827.43,1.56170310
2008-08-25,1266.84,1266.8400,820.78,1.54345866
2008-08-26,1271.51,1271.5100,824.3,1.54253306
2008-08-27,1281.66,1281.6600,826.1,1.55145866
2008-08-28,1300.68,1300.6800,831.06,1.56508555
2008-08-29,1282.83,1282.8300,830.25,1.54511292
2008-09-02,1277.58,1277.5800,807.75,1.58165274
2008-09-03,1274.98,1274.9800,802,1.58975062
2008-09-04,1236.83,1236.8300,800.18,1.54568972
2008-09-05,1242.31,1242.3100,801,1.55094881
2008-09-08,1267.79,1267.7900,800.49,1.58376744
2008-09-09,1224.51,1224.5100,784.55,1.56078007
2008-09-10,1232.04,1232.0400,761.2,1.61854966
2008-09-11,1249.05,1249.0500,744.86,1.67689230
2008-09-12,1251.7,1251.7000,760.22,1.64649707
2008-09-15,1192.7,1192.7000,782.12,1.52495781
2008-09-16,1213.6,1213.6000,780.9,1.55410424
2008-09-17,1156.39,1156.3900,863.46,1.33925138
2008-09-18,1206.51,1206.5100,894.73,1.34846266
2008-09-19,1255.08,1255.0800,858.5,1.46194525
2008-09-22,1207.09,1207.0900,900.84,1.33996048
2008-09-23,1188.22,1188.2200,888.65,1.33710685
2008-09-24,1185.87,1185.8700,887.2,1.33664337
2008-09-25,1209.18,1209.1800,873.34,1.38454668
2008-09-26,1213.27,1213.2700,884.2,1.37216693
2008-09-29,1106.42,1106.4200,899.8,1.22962881
2008-09-30,1166.36,1166.3600,872.02,1.33753813
2008-10-01,1161.06,1161.0600,883.8,1.31371351
2008-10-02,1114.28,1114.2800,840.35,1.32597132
2008-10-03,1099.23,1099.2300,830.55,1.32349648
2008-10-06,1056.89,1056.8900,865.15,1.22162631
2008-10-07,996.23,996.2300,879.9,1.13220821
2008-10-08,984.94,984.9400,897.2,1.09779313
2008-10-09,909.92,909.9200,882.98,1.03051032
2008-10-10,899.22,899.2200,840.28,1.07014329
2008-10-13,1003.35,1003.3500,834.89,1.20177508
2008-10-14,998.01,998.0100,841.9,1.18542582
2008-10-15,907.84,907.8400,840.03,1.08072331
2008-10-16,946.43,946.4300,803.83,1.17740069
2008-10-17,940.55,940.5500,788.45,1.19291014
2008-10-20,985.4,985.4000,794.26,1.24065168
2008-10-21,955.05,955.0500,771.83,1.23738388
2008-10-22,896.78,896.7800,726.12,1.23503002
2008-10-23,908.11,908.1100,714.65,1.27070594
2008-10-24,876.77,876.7700,733.42,1.19545417
2008-10-27,848.92,848.9200,734.42,1.15590534
2008-10-28,940.51,940.5100,743.9,1.26429628
2008-10-29,930.09,930.0900,752.38,1.23619713
2008-10-30,954.09,954.0900,739.13,1.29082841
2008-10-31,968.75,968.7500,724.93,1.33633592
2008-11-03,966.3,966.3000,725.15,1.33255189
2008-11-04,1005.75,1005.7500,757.85,1.32710959
2008-11-05,952.77,952.7700,743.17,1.28203507
2008-11-06,904.88,904.8800,733.32,1.23394971
2008-11-07,930.99,930.9900,733.64,1.26900114
2008-11-10,919.21,919.2100,749.27,1.22680743
2008-11-11,898.95,898.9500,735.6,1.22206362
2008-11-12,852.3,852.3000,716.1,1.19019690
2008-11-13,911.29,911.2900,715.35,1.27390788
2008-11-14,873.29,873.2900,743.45,1.17464524
2008-11-17,850.75,850.7500,741.58,1.14721271
2008-11-18,859.12,859.1200,734.6,1.16950721
2008-11-19,806.58,806.5800,738.83,1.09169904
2008-11-20,752.44,752.4400,750.67,1.00235789
2008-11-21,800.03,800.0300,795.3,1.00594744
2008-11-24,851.81,851.8100,818.88,1.04021346
2008-11-25,857.39,857.3900,818.26,1.04782099
2008-11-26,887.68,887.6800,811.79,1.09348477
2008-11-28,896.24,896.2400,817.9,1.09578188
2008-12-01,816.21,816.2100,774.28,1.05415354
2008-12-02,848.81,848.8100,781.35,1.08633775
2008-12-03,870.74,870.7400,768.34,1.13327433
2008-12-04,845.22,845.2200,768.35,1.10004555
2008-12-05,876.07,876.0700,755.83,1.15908339
2008-12-08,909.7,909.7000,771.4,1.17928442
2008-12-09,888.67,888.6700,774.47,1.14745568
2008-12-10,899.24,899.2400,806.48,1.11501835
2008-12-11,873.59,873.5900,822.75,1.06179277
2008-12-12,879.73,879.7300,818.84,1.07436129
2008-12-15,868.57,868.5700,837.25,1.03740818
2008-12-16,913.18,913.1800,841.4,1.08531020
2008-12-17,904.42,904.4200,867.45,1.04261917
2008-12-18,885.28,885.2800,856.25,1.03390365
2008-12-19,887.88,887.8800,839.36,1.05780595
2008-12-22,871.63,871.6300,843.98,1.03276144
2008-12-23,863.16,863.1600,838.82,1.02901695
2008-12-24,868.15,868.1500,847.53,1.02432952
2008-12-26,872.8,872.8000,864.55,1.00954254
2008-12-29,869.42,869.4200,875.38,0.99319153
2008-12-30,890.64,890.6400,870.15,1.02354766
2008-12-31,903.25,903.2500,879.05,1.02752972
2009-01-02,931.8,931.8000,876.34,1.06328594
2009-01-05,927.45,927.4500,859.91,1.07854310
2009-01-06,934.7,934.7000,864.55,1.08114048
2009-01-07,906.65,906.6500,840.95,1.07812593
2009-01-08,909.73,909.7300,853.95,1.06531998
2009-01-09,890.35,890.3500,856.52,1.03949703
2009-01-12,870.26,870.2600,823.25,1.05710295
2009-01-13,871.79,871.7900,821.24,1.06155326
2009-01-14,842.62,842.6200,810.06,1.04019455
2009-01-15,843.74,843.7400,812.87,1.03797655
2009-01-16,850.12,850.1200,839.28,1.01291583
2009-01-20,805.22,805.2200,852.53,0.94450635
2009-01-21,840.24,840.2400,852.08,0.98610459
2009-01-22,827.5,827.5000,860.32,0.96185140
2009-01-23,831.95,831.9500,895.88,0.92864000
2009-01-26,836.57,836.5700,906.7,0.92265358
2009-01-27,845.71,845.7100,899.07,0.94064978
2009-01-28,874.09,874.0900,890.05,0.98206842
2009-01-29,845.14,845.1400,904.5,0.93437258
2009-01-30,825.88,825.8800,928.08,0.88988018
2009-02-02,825.44,825.4400,904.93,0.91215895
2009-02-03,838.51,838.5100,892.93,0.93905457
2009-02-04,832.23,832.2300,901.3,0.92336625
2009-02-05,845.85,845.8500,913.9,0.92553890
2009-02-06,868.6,868.6000,913.3,0.95105661
2009-02-09,869.89,869.8900,894.15,0.97286809
2009-02-10,827.16,827.1600,913.1,0.90588106
2009-02-11,833.74,833.7400,942.38,0.88471742
2009-02-12,835.19,835.1900,951.3,0.87794597
2009-02-13,826.84,826.8400,939.76,0.87984166
2009-02-17,789.17,789.1700,969.7,0.81382902
2009-02-18,788.42,788.4200,980.11,0.80441991
2009-02-19,778.94,778.9400,974.3,0.79948681
2009-02-20,770.05,770.0500,997.37,0.77208057
2009-02-23,743.33,743.3300,993.84,0.74793729
2009-02-24,773.14,773.1400,967.23,0.79933418
2009-02-25,764.9,764.9000,963.28,0.79405780
2009-02-26,752.83,752.8300,938.99,0.80174443
2009-02-27,735.09,735.0900,938.96,0.78287680
2009-03-02,700.82,700.8200,937.42,0.74760513
2009-03-03,696.33,696.3300,913.28,0.76244963
2009-03-04,712.87,712.8700,905.04,0.78766684
2009-03-05,682.55,682.5500,927.08,0.73623636
2009-03-06,683.38,683.3800,940.1,0.72692267
2009-03-09,676.53,676.5300,916.36,0.73827972
2009-03-10,719.6,719.6000,897.09,0.80214917
2009-03-11,721.36,721.3600,906.94,0.79537786
2009-03-12,750.74,750.7400,923.36,0.81305233
2009-03-13,756.55,756.5500,928.13,0.81513366
2009-03-16,753.89,753.8900,922.62,0.81711864
2009-03-17,778.12,778.1200,916.33,0.84917006
2009-03-18,794.35,794.3500,932.7,0.85166720
2009-03-19,784.04,784.0400,956.68,0.81954258
2009-03-20,768.54,768.5400,952.94,0.80649359
2009-03-23,822.92,822.9200,950.66,0.86563019
2009-03-24,806.12,806.1200,929.5,0.86726197
2009-03-25,813.88,813.8800,935.54,0.86995746
2009-03-26,832.86,832.8600,938.41,0.88752251
2009-03-27,815.94,815.9400,922.8,0.88420026
2009-03-30,787.53,787.5300,915.86,0.85988033
2009-03-31,797.87,797.8700,922.58,0.86482473
2009-04-01,811.08,811.0800,925,0.87684324
2009-04-02,834.38,834.3800,906.56,0.92038034
2009-04-03,842.5,842.5000,895.91,0.94038464
2009-04-06,835.48,835.4800,869.9,0.96043223
2009-04-07,815.55,815.5500,882.11,0.92454456
2009-04-08,825.16,825.1600,883.84,0.93360789
2009-04-09,856.56,856.5600,881.65,0.97154200
2009-04-13,858.73,858.7300,891.4,0.96334979
2009-04-14,841.5,841.5000,890.6,0.94486863
2009-04-15,852.06,852.0600,891.25,0.95602805
2009-04-16,865.3,865.3000,878.05,0.98547919
2009-04-17,869.6,869.6000,866.59,1.00347338
2009-04-20,832.39,832.3900,884.35,0.94124498
2009-04-21,850.08,850.0800,881.05,0.96484876
2009-04-22,843.55,843.5500,891.3,0.94642657
2009-04-23,851.92,851.9200,905.46,0.94086983
2009-04-24,866.23,866.2300,911.8,0.95002193
2009-04-27,857.51,857.5100,907.14,0.94528959
2009-04-28,855.16,855.1600,891.05,0.95972168
2009-04-29,873.64,873.6400,899.57,0.97117512
2009-04-30,872.81,872.8100,890.85,0.97974968
2009-05-01,877.52,877.5200,885.5,0.99098814
2009-05-04,907.24,907.2400,901.7,1.00614395
2009-05-05,903.8,903.8000,901.92,1.00208444
2009-05-06,919.53,919.5300,908.6,1.01202950
2009-05-07,907.39,907.3900,910.88,0.99616854
2009-05-08,929.23,929.2300,914.65,1.01594052
2009-05-11,909.24,909.2400,912.47,0.99646016
2009-05-12,908.35,908.3500,922.93,0.98420249
2009-05-13,883.92,883.9200,926.1,0.95445416
2009-05-14,893.07,893.0700,927.3,0.96308638
2009-05-15,882.88,882.8800,928.3,0.95107185
2009-05-18,909.71,909.7100,920.17,0.98863254
2009-05-19,908.13,908.1300,926.57,0.98009864
2009-05-20,903.47,903.4700,938.68,0.96248988
2009-05-21,888.33,888.3300,951.45,0.93365915
2009-05-22,887,887.0000,957.95,0.92593559
2009-05-26,910.33,910.3300,952.9,0.95532585
2009-05-27,893.06,893.0600,950.8,0.93927219
2009-05-28,906.83,906.8300,959.44,0.94516593
2009-05-29,919.14,919.1400,975.92,0.94181900
2009-06-01,942.87,942.8700,979.62,0.96248545
2009-06-02,944.74,944.7400,980.9,0.96313590
2009-06-03,931.76,931.7600,963.36,0.96719814
2009-06-04,942.46,942.4600,980.3,0.96139957
2009-06-05,940.09,940.0900,960.82,0.97842468
2009-06-08,939.14,939.1400,950.4,0.98815236
2009-06-09,942.43,942.4300,953.87,0.98800675
2009-06-10,939.15,939.1500,948.86,0.98976667
2009-06-11,944.89,944.8900,959.3,0.98497863
2009-06-12,946.21,946.2100,939.5,1.00714210
2009-06-15,923.72,923.7200,927.06,0.99639721
2009-06-16,911.97,911.9700,932.56,0.97792099
2009-06-17,910.71,910.7100,936,0.97298077
2009-06-18,918.37,918.3700,932.58,0.98476270
2009-06-19,921.23,921.2300,934.1,0.98622203
2009-06-22,893.04,893.0400,921.21,0.96942065
2009-06-23,895.1,895.1000,924.25,0.96846091
2009-06-24,900.94,900.9400,936.29,0.96224460
2009-06-25,920.26,920.2600,938.4,0.98066922
2009-06-26,918.9,918.9000,940.05,0.97750120
2009-06-29,927.23,927.2300,940.05,0.98636243
2009-06-30,919.32,919.3200,926.68,0.99205767
2009-07-01,923.33,923.3300,941.26,0.98095107
2009-07-02,896.42,896.4200,931.2,0.96265034
2009-07-06,898.72,898.7200,923.9,0.97274597
2009-07-07,881.03,881.0300,927.65,0.94974398
2009-07-08,879.56,879.5600,908.3,0.96835847
2009-07-09,882.68,882.6800,915.5,0.96415074
2009-07-10,879.13,879.1300,913,0.96290252
2009-07-13,901.05,901.0500,919.4,0.98004133
2009-07-14,905.84,905.8400,923.93,0.98042059
2009-07-15,932.68,932.6800,940.36,0.99183292
2009-07-16,940.74,940.7400,935.55,1.00554754
2009-07-17,940.38,940.3800,938.28,1.00223814
2009-07-20,951.13,951.1300,949.32,1.00190663
2009-07-21,954.58,954.5800,947.8,1.00715341
2009-07-22,954.07,954.0700,952.9,1.00122783
2009-07-23,976.29,976.2900,951.04,1.02654988
2009-07-24,979.26,979.2600,952.25,1.02836440
2009-07-27,982.18,982.1800,953.6,1.02997064
2009-07-28,979.62,979.6200,937.7,1.04470513
2009-07-29,975.15,975.1500,927.18,1.05173753
2009-07-30,986.75,986.7500,935.22,1.05509933
2009-07-31,987.48,987.4800,953.9,1.03520285
2009-08-03,1002.63,1002.6300,956.99,1.04769120
2009-08-04,1005.65,1005.6500,963.65,1.04358429
2009-08-05,1002.72,1002.7200,965.92,1.03809839
2009-08-06,997.08,997.0800,958.65,1.04008762
2009-08-07,1010.48,1010.4800,954.9,1.05820505
2009-08-10,1007.1,1007.1000,944.73,1.06601886
2009-08-11,994.35,994.3500,946.11,1.05098773
2009-08-12,1005.81,1005.8100,949.42,1.05939416
2009-08-13,1012.73,1012.7300,955.17,1.06026152
2009-08-14,1004.09,1004.0900,946.22,1.06115914
2009-08-17,979.73,979.7300,935.78,1.04696617
2009-08-18,989.67,989.6700,937.84,1.05526529
2009-08-19,996.46,996.4600,944.34,1.05519199
2009-08-20,1007.37,1007.3700,940.62,1.07096383
2009-08-21,1026.13,1026.1300,953.08,1.07664624
2009-08-24,1025.57,1025.5700,943.18,1.08735342
2009-08-25,1028,1028.0000,943.6,1.08944468
2009-08-26,1028.12,1028.1200,945.05,1.08790011
2009-08-27,1030.98,1030.9800,947.39,1.08823188
2009-08-28,1028.93,1028.9300,956.97,1.07519567
2009-08-31,1020.62,1020.6200,951.92,1.07216993
2009-09-01,998.04,998.0400,954.73,1.04536361
2009-09-02,994.75,994.7500,975.82,1.01939907
2009-09-03,1003.24,1003.2400,994.46,1.00882891
2009-09-04,1016.4,1016.4000,991.78,1.02482405
2009-09-08,1025.39,1025.3900,998.32,1.02711555
2009-09-09,1033.37,1033.3700,993.94,1.03967040
2009-09-10,1044.14,1044.1400,996.9,1.04738690
2009-09-11,1042.73,1042.7300,1003.9,1.03867915
2009-09-14,1049.34,1049.3400,996.9,1.05260307
2009-09-15,1052.63,1052.6300,1009,1.04324083
2009-09-16,1068.76,1068.7600,1017.2,1.05068816
2009-09-17,1065.49,1065.4900,1014,1.05077909
2009-09-18,1068.3,1068.3000,1009.4,1.05835150
2009-09-21,1064.66,1064.6600,1003.2,1.06126396
2009-09-22,1071.66,1071.6600,1014.1,1.05675969
2009-09-23,1060.87,1060.8700,1012,1.04829051
2009-09-24,1050.78,1050.7800,992.52,1.05869907
2009-09-25,1044.38,1044.3800,990.91,1.05396050
2009-09-28,1062.98,1062.9800,992.05,1.07149841
2009-09-29,1060.61,1060.6100,993.9,1.06711943
2009-09-30,1057.08,1057.0800,1007.9,1.04879452
2009-10-01,1029.85,1029.8500,999.55,1.03031364
2009-10-02,1025.21,1025.2100,1002.4,1.02275539
2009-10-05,1040.46,1040.4600,1017.1,1.02296726
2009-10-06,1054.72,1054.7200,1037.5,1.01659759
2009-10-07,1057.58,1057.5800,1042.1,1.01485462
2009-10-08,1065.48,1065.4800,1056.3,1.00869071
2009-10-09,1071.49,1071.4900,1046.8,1.02358617
2009-10-12,1076.19,1076.1900,1058.05,1.01714475
2009-10-13,1073.19,1073.1900,1063.6,1.00901655
2009-10-14,1092.02,1092.0200,1064.6,1.02575615
2009-10-15,1096.56,1096.5600,1049.3,1.04503955
2009-10-16,1087.68,1087.6800,1052.35,1.03357248
2009-10-19,1097.91,1097.9100,1057.7,1.03801645
2009-10-20,1091.06,1091.0600,1055.6,1.03359227
2009-10-21,1081.4,1081.4000,1059.7,1.02047749
2009-10-22,1092.91,1092.9100,1059.1,1.03192333
2009-10-23,1079.6,1079.6000,1055.9,1.02244531
2009-10-26,1066.95,1066.9500,1038.6,1.02729636
2009-10-27,1063.41,1063.4100,1038.6,1.02388793
2009-10-28,1042.63,1042.6300,1028.2,1.01403423
2009-10-29,1066.11,1066.1100,1046.7,1.01854400
2009-10-30,1036.19,1036.1900,1041,0.99537944
2009-11-02,1042.88,1042.8800,1053.6,0.98982536
2009-11-03,1045.41,1045.4100,1083.8,0.96457834
2009-11-04,1046.5,1046.5000,1087.2,0.96256439
2009-11-05,1066.63,1066.6300,1088.8,0.97963813
2009-11-06,1069.3,1069.3000,1093.8,0.97760102
2009-11-09,1093.08,1093.0800,1101.6,0.99226580
2009-11-10,1093.01,1093.0100,1102.7,0.99121248
2009-11-11,1098.51,1098.5100,1115.5,0.98476916
2009-11-12,1087.24,1087.2400,1107.9,0.98135211
2009-11-13,1093.48,1093.4800,1115.5,0.98025997
2009-11-16,1109.3,1109.3000,1139.9,0.97315554
2009-11-17,1110.32,1110.3200,1140,0.97396491
2009-11-18,1109.8,1109.8000,1142.3,0.97154863
2009-11-19,1094.9,1094.9000,1142.5,0.95833698
2009-11-20,1091.38,1091.3800,1148.3,0.95043107
2009-11-23,1106.24,1106.2400,1163,0.95119518
2009-11-24,1105.65,1105.6500,1164.7,0.94930025
2009-11-25,1110.63,1110.6300,1186.6,0.93597674
2009-11-27,1091.49,1091.4900,1176.6,0.92766446
2009-11-30,1095.63,1095.6300,1178.5,0.92968180
2009-12-01,1108.86,1108.8600,1197.5,0.92597912
2009-12-02,1109.24,1109.2400,1213,0.91446002
2009-12-03,1099.92,1099.9200,1216.5,0.90416769
2009-12-04,1105.98,1105.9800,1159.5,0.95384217
2009-12-07,1103.25,1103.2500,1157.9,0.95280249
2009-12-08,1091.94,1091.9400,1137.9,0.95960981
2009-12-09,1095.95,1095.9500,1121.7,0.97704377
2009-12-10,1102.35,1102.3500,1124.9,0.97995377
2009-12-11,1106.41,1106.4100,1116,0.99140681
2009-12-14,1114.11,1114.1100,1123.2,0.99190705
2009-12-15,1107.93,1107.9300,1123.5,0.98614152
2009-12-16,1109.18,1109.1800,1136,0.97639085
2009-12-17,1096.08,1096.0800,1100.8,0.99571221
2009-12-18,1102.47,1102.4700,1108.5,0.99456022
2009-12-21,1114.05,1114.0500,1095.1,1.01730436
2009-12-22,1118.02,1118.0200,1087.5,1.02806437
2009-12-23,1120.59,1120.5900,1091.9,1.02627530
2009-12-24,1126.48,1126.4800,1104.6,1.01980808
2009-12-28,1127.78,1127.7800,1105.9,1.01978479
2009-12-29,1126.2,1126.2000,1098.6,1.02512288
2009-12-30,1126.42,1126.4200,1092,1.03152015
2009-12-31,1115.1,1115.1000,1096.6,1.01687033
2010-01-04,1132.99,1132.9900,1116.1,1.01513305
2010-01-05,1136.52,1136.5200,1117.1,1.01738430
2010-01-06,1137.14,1137.1400,1137.45,0.99972746
2010-01-07,1141.69,1141.6900,1130.45,1.00994294
2010-01-08,1144.98,1144.9800,1137,1.00701847
2010-01-11,1146.98,1146.9800,1150.4,0.99702712
2010-01-12,1136.22,1136.2200,1127.55,1.00768924
2010-01-13,1145.68,1145.6800,1136.45,1.00812178
2010-01-14,1148.46,1148.4600,1140.95,1.00658223
2010-01-15,1136.03,1136.0300,1130.25,1.00511391
2010-01-19,1150.23,1150.2300,1137.5,1.01119121
2010-01-20,1138.04,1138.0400,1111.15,1.02420015
2010-01-21,1116.48,1116.4800,1093.45,1.02106178
2010-01-22,1091.76,1091.7600,1092.3,0.99950563
2010-01-25,1096.78,1096.7800,1097.5,0.99934396
2010-01-26,1092.17,1092.1700,1097.25,0.99537024
2010-01-27,1097.5,1097.5000,1087.95,1.00877798
2010-01-28,1084.53,1084.5300,1085.3,0.99929052
2010-01-29,1073.87,1073.8700,1080.05,0.99427804
2010-02-01,1089.19,1089.1900,1105.95,0.98484561
2010-02-02,1103.32,1103.3200,1113.8,0.99059077
2010-02-03,1097.28,1097.2800,1109.85,0.98867415
2010-02-04,1063.11,1063.1100,1064.2,0.99897576
2010-02-05,1066.19,1066.1900,1065.3,1.00083545
2010-02-08,1056.74,1056.7400,1061.8,0.99523451
2010-02-09,1070.52,1070.5200,1077.65,0.99338375
2010-02-10,1068.13,1068.1300,1070.9,0.99741339
2010-02-11,1078.47,1078.4700,1092,0.98760989
2010-02-12,1075.51,1075.5100,1092.55,0.98440346
2010-02-16,1094.87,1094.8700,1118,0.97931127
2010-02-17,1099.51,1099.5100,1108.25,0.99211369
2010-02-18,1106.75,1106.7500,1108.63,0.99830421
2010-02-19,1109.17,1109.1700,1118.45,0.99170280
2010-02-22,1108.01,1108.0100,1112.95,0.99556135
2010-02-23,1094.6,1094.6000,1102.3,0.99301461
2010-02-24,1105.24,1105.2400,1095.38,1.00900144
2010-02-25,1102.94,1102.9400,1106.05,0.99718819
2010-02-26,1104.49,1104.4900,1116.85,0.98893316
2010-03-01,1115.71,1115.7100,1116.3,0.99947147
2010-03-02,1118.31,1118.3100,1133.18,0.98687764
2010-03-03,1118.79,1118.7900,1139.3,0.98199772
2010-03-04,1122.97,1122.9700,1131.25,0.99268066
2010-03-05,1138.7,1138.7000,1133.9,1.00423318
2010-03-08,1138.5,1138.5000,1123.63,1.01323389
2010-03-09,1140.45,1140.4500,1120.5,1.01780455
2010-03-10,1145.61,1145.6100,1107.55,1.03436414
2010-03-11,1150.24,1150.2400,1108.68,1.03748602
2010-03-12,1149.99,1149.9900,1100.85,1.04463823
2010-03-15,1150.51,1150.5100,1108.2,1.03817903
2010-03-16,1159.46,1159.4600,1126.65,1.02912173
2010-03-17,1166.21,1166.2100,1119.47,1.04175190
2010-03-18,1165.83,1165.8300,1126.33,1.03506965
2010-03-19,1159.9,1159.9000,1105.95,1.04878159
2010-03-22,1165.81,1165.8100,1101.15,1.05872043
2010-03-23,1174.17,1174.1700,1104.1,1.06346345
2010-03-24,1167.72,1167.7200,1085.63,1.07561508
2010-03-25,1165.73,1165.7300,1089.47,1.06999734
2010-03-26,1166.59,1166.5900,1106.47,1.05433496
2010-03-29,1173.22,1173.2200,1108.2,1.05867172
2010-03-30,1173.27,1173.2700,1102.88,1.06382381
2010-03-31,1169.43,1169.4300,1112.68,1.05100298
2010-04-01,1178.1,1178.1000,1125.58,1.04666039
2010-04-05,1187.44,1187.4400,1129.95,1.05087836
2010-04-06,1189.44,1189.4400,1133.2,1.04962937
2010-04-07,1182.45,1182.4500,1146.95,1.03095165
2010-04-08,1186.44,1186.4400,1150.13,1.03157034
2010-04-09,1194.37,1194.3700,1160.95,1.02878677
2010-04-12,1196.48,1196.4800,1154.63,1.03624538
2010-04-13,1197.3,1197.3000,1150.2,1.04094940
2010-04-14,1210.65,1210.6500,1154.68,1.04847230
2010-04-15,1211.67,1211.6700,1157.58,1.04672679
2010-04-16,1192.13,1192.1300,1136.45,1.04899468
2010-04-19,1197.52,1197.5200,1134.38,1.05566036
2010-04-20,1207.17,1207.1700,1139.3,1.05957167
2010-04-21,1205.94,1205.9400,1145.35,1.05290086
2010-04-22,1208.67,1208.6700,1140.35,1.05991143
2010-04-23,1217.28,1217.2800,1156.8,1.05228216
2010-04-26,1212.05,1212.0500,1152.5,1.05167028
2010-04-27,1183.71,1183.7100,1167.72,1.01369335
2010-04-28,1191.36,1191.3600,1164.43,1.02312720
2010-04-29,1206.78,1206.7800,1166.3,1.03470805
2010-04-30,1186.69,1186.6900,1178.05,1.00733415
2010-05-03,1202.26,1202.2600,1181.35,1.01770009
2010-05-04,1173.6,1173.6000,1171.53,1.00176692
2010-05-05,1165.87,1165.8700,1174.58,0.99258458
2010-05-06,1128.15,1128.1500,1207.45,0.93432440
2010-05-07,1110.88,1110.8800,1207.1,0.92028829
2010-05-10,1159.73,1159.7300,1201.2,0.96547619
2010-05-11,1155.79,1155.7900,1229.55,0.94001057
2010-05-12,1171.67,1171.6700,1236.6,0.94749313
2010-05-13,1157.44,1157.4400,1231.72,0.93969409
2010-05-14,1135.68,1135.6800,1231.15,0.92245462
2010-05-17,1136.94,1136.9400,1223,0.92963205
2010-05-18,1120.8,1120.8000,1220.75,0.91812410
2010-05-19,1115.05,1115.0500,1190.85,0.93634799
2010-05-20,1071.59,1071.5900,1182.15,0.90647549
2010-05-21,1087.69,1087.6900,1176.13,0.92480423
2010-05-24,1073.65,1073.6500,1190.95,0.90150720
2010-05-25,1074.03,1074.0300,1200.07,0.89497279
2010-05-26,1067.95,1067.9500,1210.1,0.88253037
2010-05-27,1103.06,1103.0600,1209.63,0.91189868
2010-05-28,1089.41,1089.4100,1213.38,0.89783085
2010-06-01,1070.71,1070.7100,1224.4,0.87447730
2010-06-02,1098.38,1098.3800,1222.82,0.89823523
2010-06-03,1102.83,1102.8300,1207.1,0.91361942
2010-06-04,1064.88,1064.8800,1218.85,0.87367601
2010-06-07,1050.47,1050.4700,1239,0.84783697
2010-06-08,1062,1062.0000,1234.3,0.86040671
2010-06-09,1055.69,1055.6900,1231.55,0.85720434
2010-06-10,1086.84,1086.8400,1216.85,0.89315857
2010-06-11,1091.6,1091.6000,1225.55,0.89070213
2010-06-14,1089.63,1089.6300,1221.2,0.89226171
2010-06-15,1115.23,1115.2300,1233.55,0.90408172
2010-06-16,1114.61,1114.6100,1230.85,0.90556120
2010-06-17,1116.04,1116.0400,1244.3,0.89692196
2010-06-18,1117.51,1117.5100,1255.88,0.88982228
2010-06-21,1113.2,1113.2000,1231.07,0.90425402
2010-06-22,1095.31,1095.3100,1238.35,0.88449146
2010-06-23,1092.04,1092.0400,1236.5,0.88317024
2010-06-24,1073.69,1073.6900,1243.7,0.86330305
2010-06-25,1076.76,1076.7600,1254.5,0.85831806
2010-06-28,1074.57,1074.5700,1237.03,0.86866931
2010-06-29,1041.24,1041.2400,1239.85,0.83981127
2010-06-30,1030.71,1030.7100,1241.15,0.83044757
2010-07-01,1027.37,1027.3700,1199.03,0.85683427
2010-07-02,1022.58,1022.5800,1210.45,0.84479326
2010-07-06,1028.06,1028.0600,1193.53,0.86136084
2010-07-07,1060.27,1060.2700,1201.7,0.88230840
2010-07-08,1070.25,1070.2500,1197.45,0.89377427
2010-07-09,1077.96,1077.9600,1210.6,0.89043450
2010-07-12,1078.75,1078.7500,1195.9,0.90204030
2010-07-13,1095.34,1095.3400,1210.55,0.90482838
2010-07-14,1095.17,1095.1700,1207.3,0.90712333
2010-07-15,1096.48,1096.4800,1207.75,0.90787001
2010-07-16,1064.88,1064.8800,1192.1,0.89328077
2010-07-19,1071.25,1071.2500,1183.35,0.90526894
2010-07-20,1083.48,1083.4800,1191.25,0.90953200
2010-07-21,1069.59,1069.5900,1185.55,0.90218886
2010-07-22,1093.67,1093.6700,1193.7,0.91620173
2010-07-23,1102.66,1102.6600,1188.28,0.92794628
2010-07-26,1115.01,1115.0100,1181.38,0.94381994
2010-07-27,1113.84,1113.8400,1161.55,0.95892557
2010-07-28,1106.13,1106.1300,1162.6,0.95142783
2010-07-29,1101.53,1101.5300,1167.22,0.94372098
2010-07-30,1101.6,1101.6000,1180.3,0.93332204
2010-08-02,1125.86,1125.8600,1180.95,0.95335112
2010-08-03,1120.46,1120.4600,1184.95,0.94557576
2010-08-04,1127.24,1127.2400,1195.1,0.94321814
2010-08-05,1125.81,1125.8100,1194.15,0.94277101
2010-08-06,1121.64,1121.6400,1204.55,0.93116932
2010-08-09,1127.79,1127.7900,1200.45,0.93947270
2010-08-10,1121.06,1121.0600,1202.9,0.93196442
2010-08-11,1089.47,1089.4700,1196.8,0.91031918
2010-08-12,1083.61,1083.6100,1212.13,0.89397177
2010-08-13,1079.25,1079.2500,1214.6,0.88856414
2010-08-16,1079.38,1079.3800,1223.93,0.88189684
2010-08-17,1092.54,1092.5400,1223.97,0.89261992
2010-08-18,1094.16,1094.1600,1228.78,0.89044418
2010-08-19,1075.63,1075.6300,1231.35,0.87353717
2010-08-20,1071.69,1071.6900,1227.05,0.87338739
2010-08-23,1067.36,1067.3600,1224.5,0.87167007
2010-08-24,1051.87,1051.8700,1228.4,0.85629274
2010-08-25,1055.33,1055.3300,1239.05,0.85172511
2010-08-26,1047.22,1047.2200,1235.13,0.84786217
2010-08-27,1064.59,1064.5900,1237.15,0.86051813
2010-08-30,1048.92,1048.9200,1235.55,0.84894986
2010-08-31,1049.33,1049.3300,1246.7,0.84168605
2010-09-01,1080.29,1080.2900,1243.6,0.86867964
2010-09-02,1090.1,1090.1000,1250.35,0.87183589
2010-09-03,1104.51,1104.5100,1245.9,0.88651577
2010-09-07,1091.84,1091.8400,1253.95,0.87072052
2010-09-08,1098.87,1098.8700,1254.1,0.87622199
2010-09-09,1104.18,1104.1800,1243.2,0.88817568
2010-09-10,1109.55,1109.5500,1245.65,0.89073977
2010-09-13,1121.9,1121.9000,1244.65,0.90137790
2010-09-14,1121.1,1121.1000,1268.65,0.88369527
2010-09-15,1125.07,1125.0700,1267.95,0.88731417
2010-09-16,1124.66,1124.6600,1275.05,0.88205168
2010-09-17,1125.59,1125.5900,1273.95,0.88354331
2010-09-20,1142.71,1142.7100,1278.25,0.89396440
2010-09-21,1139.78,1139.7800,1286.55,0.88591971
2010-09-22,1134.28,1134.2800,1291.25,0.87843562
2010-09-23,1124.83,1124.8300,1292.45,0.87030833
2010-09-24,1148.67,1148.6700,1296.2,0.88618269
2010-09-27,1142.16,1142.1600,1294.75,0.88214713
2010-09-28,1147.7,1147.7000,1308.95,0.87680966
2010-09-29,1144.73,1144.7300,1309.85,0.87393976
2010-09-30,1141.2,1141.2000,1308.45,0.87217700
2010-10-01,1146.24,1146.2400,1318.7,0.86921969
2010-10-04,1137.03,1137.0300,1315,0.86466160
2010-10-05,1160.75,1160.7500,1340.5,0.86590824
2010-10-06,1159.97,1159.9700,1349.15,0.85977838
2010-10-07,1158.06,1158.0600,1333.5,0.86843645
2010-10-08,1165.15,1165.1500,1342.8,0.86770182
2010-10-11,1165.32,1165.3200,1353.65,0.86087246
2010-10-12,1169.77,1169.7700,1349.85,0.86659258
2010-10-13,1178.1,1178.1000,1371.9,0.85873606
2010-10-14,1173.81,1173.8100,1381,0.84997104
2010-10-15,1176.19,1176.1900,1368.35,0.85956809
2010-10-18,1184.71,1184.7100,1369.2,0.86525708
2010-10-19,1165.9,1165.9000,1335.15,0.87323522
2010-10-20,1178.17,1178.1700,1345.35,0.87573494
2010-10-21,1180.26,1180.2600,1325.15,0.89066143
2010-10-22,1183.08,1183.0800,1328.25,0.89070582
2010-10-25,1185.62,1185.6200,1340.05,0.88475803
2010-10-26,1185.64,1185.6400,1340.25,0.88464093
2010-10-27,1182.45,1182.4500,1325.15,0.89231408
2010-10-28,1183.78,1183.7800,1344.15,0.88069040
2010-10-29,1183.26,1183.2600,1359.05,0.87065229
2010-11-01,1184.38,1184.3800,1352.25,0.87585875
2010-11-02,1193.57,1193.5700,1356.75,0.87972729
2010-11-03,1197.96,1197.9600,1348.8,0.88816726
2010-11-04,1221.06,1221.0600,1391.4,0.87757654
2010-11-05,1225.85,1225.8500,1393.3,0.87981770
2010-11-08,1223.25,1223.2500,1409.5,0.86786094
2010-11-09,1213.4,1213.4000,1393.05,0.87103837
2010-11-10,1218.71,1218.7100,1403.2,0.86852195
2010-11-11,1213.54,1213.5400,1408.65,0.86149150
2010-11-12,1199.21,1199.2100,1368.25,0.87645533
2010-11-15,1197.75,1197.7500,1360.3,0.88050430
2010-11-16,1178.34,1178.3400,1339.35,0.87978497
2010-11-17,1178.59,1178.5900,1335.65,0.88240931
2010-11-18,1196.69,1196.6900,1353.75,0.88398153
2010-11-19,1199.73,1199.7300,1353.2,0.88658735
2010-11-22,1197.84,1197.8400,1366.15,0.87679977
2010-11-23,1180.73,1180.7300,1376.15,0.85799513
2010-11-24,1198.35,1198.3500,1372.4,0.87317837
2010-11-26,1189.4,1189.4000,1363.05,0.87260189
2010-11-29,1187.76,1187.7600,1366.45,0.86923049
2010-11-30,1180.55,1180.5500,1386.8,0.85127632
2010-12-01,1206.07,1206.0700,1386.8,0.86967840
2010-12-02,1221.53,1221.5300,1385.65,0.88155739
2010-12-03,1224.71,1224.7100,1413.45,0.86646857
2010-12-06,1223.12,1223.1200,1423.45,0.85926446
2010-12-07,1223.75,1223.7500,1400.9,0.87354558
2010-12-08,1228.28,1228.2800,1381.3,0.88922030
2010-12-09,1233,1233.0000,1387.15,0.88887287
2010-12-10,1240.4,1240.4000,1385.25,0.89543404
2010-12-13,1240.46,1240.4600,1394.45,0.88956936
2010-12-14,1241.59,1241.5900,1396.1,0.88932741
2010-12-15,1235.23,1235.2300,1379.4,0.89548354
2010-12-16,1242.87,1242.8700,1369.65,0.90743621
2010-12-17,1243.91,1243.9100,1374.9,0.90472762
2010-12-20,1247.08,1247.0800,1385.5,0.90009383
2010-12-21,1254.6,1254.6000,1385.3,0.90565221
2010-12-22,1258.84,1258.8400,1385.1,0.90884413
2010-12-23,1256.77,1256.7700,1378.25,0.91185924
2010-12-27,1257.54,1257.5400,1383.9,0.90869282
2010-12-28,1258.51,1258.5100,1405.85,0.89519508
2010-12-29,1259.78,1259.7800,1411.65,0.89241668
2010-12-30,1257.88,1257.8800,1404.25,0.89576642
2010-12-31,1257.64,1257.6400,1420.55,0.88531907
2011-01-03,1271.87,1271.8700,1414.1,0.89942013
2011-01-04,1270.2,1270.2000,1380.8,0.91990151
2011-01-05,1276.56,1276.5600,1377.9,0.92645330
2011-01-06,1273.85,1273.8500,1370.7,0.92934267
2011-01-07,1271.5,1271.5000,1364.7,0.93170660
2011-01-10,1269.75,1269.7500,1373.9,0.92419390
2011-01-11,1274.48,1274.4800,1380.5,0.92320174
2011-01-12,1285.96,1285.9600,1387.7,0.92668444
2011-01-13,1283.76,1283.7600,1372.4,0.93541242
2011-01-14,1293.24,1293.2400,1360.9,0.95028290
2011-01-18,1295.02,1295.0200,1367.65,0.94689431
2011-01-19,1281.92,1281.9200,1370.47,0.93538713
2011-01-20,1280.26,1280.2600,1345.82,0.95128620
2011-01-21,1283.35,1283.3500,1342.1,0.95622532
2011-01-24,1290.84,1290.8400,1334.54,0.96725463
2011-01-25,1291.18,1291.1800,1332.23,0.96918700
2011-01-26,1296.63,1296.6300,1345.39,0.96375772
2011-01-27,1299.54,1299.5400,1314.43,0.98867190
2011-01-28,1276.34,1276.3400,1336.7,0.95484402
2011-01-31,1286.12,1286.1200,1333,0.96483121
2011-02-01,1307.59,1307.5900,1342.44,0.97403981
2011-02-02,1304.03,1304.0300,1335.05,0.97676492
2011-02-03,1307.1,1307.1000,1354.95,0.96468504
2011-02-04,1310.87,1310.8700,1348.96,0.97176343
2011-02-07,1319.05,1319.0500,1352.17,0.97550604
2011-02-08,1324.57,1324.5700,1364.04,0.97106390
2011-02-09,1320.88,1320.8800,1363.58,0.96868537
2011-02-10,1321.87,1321.8700,1363.47,0.96948961
2011-02-11,1329.15,1329.1500,1356.71,0.97968615
2011-02-14,1332.32,1332.3200,1361.5,0.97856776
2011-02-15,1328.01,1328.0100,1373.9,0.96659873
2011-02-16,1336.32,1336.3200,1376,0.97116279
2011-02-17,1340.43,1340.4300,1385.22,0.96766579
2011-02-18,1343.01,1343.0100,1390.45,0.96588155
2011-02-22,1315.44,1315.4400,1398.9,0.94033884
2011-02-23,1307.4,1307.4000,1411.55,0.92621586
2011-02-24,1306.1,1306.1000,1402.3,0.93139842
2011-02-25,1319.88,1319.8800,1410.35,0.93585280
2011-02-28,1327.22,1327.2200,1410.93,0.94067034
2011-03-01,1306.33,1306.3300,1432.92,0.91165592
2011-03-02,1308.44,1308.4400,1434.3,0.91224988
2011-03-03,1330.97,1330.9700,1415.77,0.94010327
2011-03-04,1321.15,1321.1500,1431.15,0.92313873
2011-03-07,1310.13,1310.1300,1431.3,0.91534270
2011-03-08,1321.82,1321.8200,1428.84,0.92510008
2011-03-09,1320.02,1320.0200,1431.07,0.92240072
2011-03-10,1295.11,1295.1100,1411.65,0.91744413
2011-03-11,1304.28,1304.2800,1417.94,0.91984146
2011-03-14,1296.39,1296.3900,1426.31,0.90891181
2011-03-15,1281.87,1281.8700,1394.11,0.91948985
2011-03-16,1256.88,1256.8800,1393.55,0.90192673
2011-03-17,1273.72,1273.7200,1404.61,0.90681399
2011-03-18,1279.21,1279.2100,1420.02,0.90083942
2011-03-21,1298.38,1298.3800,1426.59,0.91012835
2011-03-22,1293.77,1293.7700,1428.58,0.90563357
2011-03-23,1297.54,1297.5400,1438.11,0.90225365
2011-03-24,1309.66,1309.6600,1431.86,0.91465646
2011-03-25,1313.8,1313.8000,1429.9,0.91880551
2011-03-28,1310.19,1310.1900,1420.69,0.92222089
2011-03-29,1319.44,1319.4400,1418.78,0.92998210
2011-03-30,1328.26,1328.2600,1424.06,0.93272755
2011-03-31,1325.83,1325.8300,1432,0.92585894
2011-04-01,1332.41,1332.4100,1428.9,0.93247253
2011-04-04,1332.87,1332.8700,1434.42,0.92920484
2011-04-05,1332.63,1332.6300,1456.05,0.91523643
2011-04-06,1335.54,1335.5400,1459.13,0.91529884
2011-04-07,1333.51,1333.5100,1458.5,0.91430237
2011-04-08,1328.17,1328.1700,1475.1,0.90039319
2011-04-11,1324.46,1324.4600,1463.32,0.90510620
2011-04-12,1314.16,1314.1600,1453.1,0.90438373
2011-04-13,1314.41,1314.4100,1457,0.90213452
2011-04-14,1314.52,1314.5200,1474.9,0.89126042
2011-04-15,1319.68,1319.6800,1486.6,0.88771694
2011-04-18,1305.14,1305.1400,1495.94,0.87245478
2011-04-19,1312.62,1312.6200,1495.05,0.87797733
2011-04-20,1330.36,1330.3600,1502.35,0.88551935
2011-04-21,1337.38,1337.3800,1504.34,0.88901445
2011-04-25,1335.25,1335.2500,1507.33,0.88583787
2011-04-26,1347.24,1347.2400,1507.18,0.89388129
2011-04-27,1355.66,1355.6600,1526.95,0.88782213
2011-04-28,1360.48,1360.4800,1535.7,0.88590219
2011-04-29,1363.61,1363.6100,1563.45,0.87218011
2011-05-02,1361.22,1361.2200,1545.15,0.88096301
2011-05-03,1356.62,1356.6200,1536.87,0.88271617
2011-05-04,1347.32,1347.3200,1516.7,0.88832333
2011-05-05,1335.1,1335.1000,1473.5,0.90607397
2011-05-06,1340.2,1340.2000,1495.6,0.89609521
2011-05-09,1346.29,1346.2900,1513,0.88981494
2011-05-10,1357.16,1357.1600,1515.87,0.89530105
2011-05-11,1342.08,1342.0800,1500.5,0.89442186
2011-05-12,1348.65,1348.6500,1506.52,0.89520883
2011-05-13,1337.77,1337.7700,1495.25,0.89467982
2011-05-16,1329.47,1329.4700,1490.07,0.89221983
2011-05-17,1328.98,1328.9800,1486.92,0.89378043
2011-05-18,1340.68,1340.6800,1497.12,0.89550604
2011-05-19,1343.6,1343.6000,1493.77,0.89946913
2011-05-20,1333.27,1333.2700,1512.05,0.88176317
2011-05-23,1317.37,1317.3700,1517.15,0.86831889
2011-05-24,1316.28,1316.2800,1526.47,0.86230322
2011-05-25,1320.47,1320.4700,1526.02,0.86530321
2011-05-26,1325.69,1325.6900,1519.15,0.87265247
2011-05-27,1331.1,1331.1000,1536.26,0.86645490
2011-05-31,1345.2,1345.2000,1535.57,0.87602649
2011-06-01,1314.55,1314.5500,1540.92,0.85309426
2011-06-02,1312.94,1312.9400,1533.57,0.85613308
2011-06-03,1300.16,1300.1600,1542.15,0.84308271
2011-06-06,1286.17,1286.1700,1544.55,0.83271503
2011-06-07,1284.94,1284.9400,1544.57,0.83190791
2011-06-08,1279.56,1279.5600,1537.67,0.83214214
2011-06-09,1289,1289.0000,1544.4,0.83462833
2011-06-10,1270.98,1270.9800,1531.3,0.83000065
2011-06-13,1271.83,1271.8300,1515.95,0.83896567
2011-06-14,1287.87,1287.8700,1524,0.84505906
2011-06-15,1265.42,1265.4200,1530.42,0.82684492
2011-06-16,1267.64,1267.6400,1529.22,0.82894548
2011-06-17,1271.5,1271.5000,1539.4,0.82597116
2011-06-20,1278.36,1278.3600,1540.2,0.82999610
2011-06-21,1295.52,1295.5200,1547.15,0.83735901
2011-06-22,1287.14,1287.1400,1547.97,0.83150190
2011-06-23,1283.5,1283.5000,1520.98,0.84386382
2011-06-24,1268.45,1268.4500,1502.75,0.84408584
2011-06-27,1280.1,1280.1000,1497.07,0.85507024
2011-06-28,1296.67,1296.6700,1502.12,0.86322664
2011-06-29,1307.41,1307.4100,1511.65,0.86488936
2011-06-30,1320.64,1320.6400,1500.6,0.88007464
2011-07-01,1339.67,1339.6700,1487.75,0.90046715
2011-07-05,1337.88,1337.8800,1516.17,0.88240765
2011-07-06,1339.22,1339.2200,1529.42,0.87563913
2011-07-07,1353.22,1353.2200,1532.42,0.88306078
2011-07-08,1343.8,1343.8000,1544.2,0.87022406
2011-07-11,1319.49,1319.4900,1554.1,0.84903803
2011-07-12,1313.64,1313.6400,1567.22,0.83819757
2011-07-13,1317.72,1317.7200,1582.7,0.83257724
2011-07-14,1308.87,1308.8700,1587.42,0.82452659
2011-07-15,1316.14,1316.1400,1593.75,0.82581333
2011-07-18,1305.44,1305.4400,1605.4,0.81315560
2011-07-19,1326.73,1326.7300,1588.87,0.83501482
2011-07-20,1325.84,1325.8400,1602.12,0.82755349
2011-07-21,1343.8,1343.8000,1590.1,0.84510408
2011-07-22,1345.02,1345.0200,1601.25,0.83998126
2011-07-25,1337.43,1337.4300,1614.9,0.82818131
2011-07-26,1331.94,1331.9400,1619.3,0.82254060
2011-07-27,1304.89,1304.8900,1613.95,0.80850708
2011-07-28,1300.67,1300.6700,1617.02,0.80436235
2011-07-29,1292.28,1292.2800,1624.85,0.79532265
2011-08-01,1286.94,1286.9400,1620.2,0.79430934
2011-08-02,1254.05,1254.0500,1660.05,0.75542905
2011-08-03,1260.34,1260.3400,1661.4,0.75860118
2011-08-04,1200.07,1200.0700,1649.05,0.72773415
2011-08-05,1199.38,1199.3800,1661.05,0.72206135
2011-08-08,1119.46,1119.4600,1717.35,0.65185315
2011-08-09,1172.53,1172.5300,1744.15,0.67226443
2011-08-10,1120.76,1120.7600,1795.05,0.62436144
2011-08-11,1172.64,1172.6400,1767.82,0.66332545
2011-08-12,1178.81,1178.8100,1746.6,0.67491698
2011-08-15,1204.49,1204.4900,1765.7,0.68216005
2011-08-16,1192.76,1192.7600,1786.6,0.66761446
2011-08-17,1193.89,1193.8900,1788.65,0.66748106
2011-08-18,1140.65,1140.6500,1824.6,0.62515072
2011-08-19,1123.53,1123.5300,1852.05,0.60664129
2011-08-22,1123.82,1123.8200,1898.17,0.59205445
2011-08-23,1162.35,1162.3500,1830.82,0.63487945
2011-08-24,1177.6,1177.6000,1751.27,0.67242630
2011-08-25,1159.27,1159.2700,1772.15,0.65416020
2011-08-26,1176.8,1176.8000,1828.2,0.64369325
2011-08-29,1210.08,1210.0800,1788.42,0.67661959
2011-08-30,1212.92,1212.9200,1835.52,0.66080457
2011-08-31,1218.89,1218.8900,1825.34,0.66776053
2011-09-01,1204.42,1204.4200,1825.17,0.65989469
2011-09-02,1173.97,1173.9700,1882.85,0.62350692
2011-09-06,1165.24,1165.2400,1873.17,0.62206847
2011-09-07,1198.62,1198.6200,1817.27,0.65957178
2011-09-08,1185.9,1185.9000,1869.24,0.63442897
2011-09-09,1154.23,1154.2300,1856.5,0.62172367
2011-09-12,1162.27,1162.2700,1814.33,0.64060562
2011-09-13,1172.87,1172.8700,1834.06,0.63949380
2011-09-14,1188.68,1188.6800,1820.81,0.65283033
2011-09-15,1209.11,1209.1100,1789.61,0.67562765
2011-09-16,1216.01,1216.0100,1811.41,0.67130578
2011-09-19,1204.09,1204.0900,1778.68,0.67695707
2011-09-20,1202.09,1202.0900,1803.52,0.66652435
2011-09-21,1166.76,1166.7600,1780.26,0.65538742
2011-09-22,1129.56,1129.5600,1736.28,0.65056327
2011-09-23,1136.43,1136.4300,1644.1,0.69121708
2011-09-26,1162.95,1162.9500,1628.13,0.71428571
2011-09-27,1175.38,1175.3800,1649.58,0.71253289
2011-09-28,1151.06,1151.0600,1608.66,0.71553964
2011-09-29,1160.4,1160.4000,1615.16,0.71844275
2011-09-30,1131.42,1131.4200,1623.83,0.69676013
2011-10-03,1099.23,1099.2300,1660.93,0.66181597
2011-10-04,1123.95,1123.9500,1624.63,0.69181906
2011-10-05,1144.03,1144.0300,1642.43,0.69654719
2011-10-06,1164.97,1164.9700,1650.38,0.70587986
2011-10-07,1155.46,1155.4600,1638.16,0.70534014
2011-10-10,1194.89,1194.8900,1675.93,0.71297131
2011-10-11,1195.54,1195.5400,1663.13,0.71884940
2011-10-12,1207.25,1207.2500,1674.58,0.72092704
2011-10-13,1203.66,1203.6600,1662.71,0.72391457
2011-10-14,1224.58,1224.5800,1680.83,0.72855672
2011-10-17,1200.86,1200.8600,1670.53,0.71884971
2011-10-18,1225.38,1225.3800,1655.05,0.74038851
2011-10-19,1209.88,1209.8800,1649.56,0.73345619
2011-10-20,1215.39,1215.3900,1620.8,0.74987043
2011-10-21,1238.25,1238.2500,1641.67,0.75426243
2011-10-24,1254.19,1254.1900,1653.04,0.75871727
2011-10-25,1229.05,1229.0500,1705.18,0.72077435
2011-10-26,1242,1242.0000,1717.63,0.72308937
2011-10-27,1284.59,1284.5900,1745.44,0.73596915
2011-10-28,1285.09,1285.0900,1743.3,0.73715941
2011-10-31,1253.3,1253.3000,1709.82,0.73300113
2011-11-01,1218.28,1218.2800,1717.98,0.70913515
2011-11-02,1237.9,1237.9000,1738.39,0.71209567
2011-11-03,1261.15,1261.1500,1760.75,0.71625728
2011-11-04,1253.23,1253.2300,1754.84,0.71415628
2011-11-07,1261.12,1261.1200,1795.43,0.70240555
2011-11-08,1275.92,1275.9200,1785.79,0.71448491
2011-11-09,1229.1,1229.1000,1769.3,0.69468151
2011-11-10,1239.7,1239.7000,1758.62,0.70492773
2011-11-11,1263.85,1263.8500,1788.36,0.70670894
2011-11-14,1251.78,1251.7800,1780.04,0.70323139
2011-11-15,1257.81,1257.8100,1780.89,0.70628169
2011-11-16,1236.91,1236.9100,1762.42,0.70182476
2011-11-17,1216.13,1216.1300,1720.7,0.70676469
2011-11-18,1215.65,1215.6500,1724,0.70513341
2011-11-21,1192.98,1192.9800,1677.06,0.71135201
2011-11-22,1188.04,1188.0400,1698.88,0.69930778
2011-11-23,1161.79,1161.7900,1692.32,0.68650728
2011-11-25,1158.67,1158.6700,1680.46,0.68949573
2011-11-28,1192.55,1192.5500,1711.71,0.69670096
2011-11-29,1195.19,1195.1900,1715.65,0.69663976
2011-11-30,1246.96,1246.9600,1749.34,0.71281741
2011-12-01,1244.58,1244.5800,1745.38,0.71307108
2011-12-02,1244.28,1244.2800,1746.65,0.71238084
2011-12-05,1257.08,1257.0800,1722.03,0.72999890
2011-12-06,1258.47,1258.4700,1729.29,0.72773797
2011-12-07,1261.01,1261.0100,1742.78,0.72356235
2011-12-08,1234.35,1234.3500,1707.38,0.72294978
2011-12-09,1255.19,1255.1900,1711.41,0.73342449
2011-12-12,1236.47,1236.4700,1666.33,0.74203189
2011-12-13,1225.73,1225.7300,1631.66,0.75121655
2011-12-14,1211.82,1211.8200,1576.28,0.76878473
2011-12-15,1215.75,1215.7500,1570.58,0.77407709
2011-12-16,1219.66,1219.6600,1598.98,0.76277377
2011-12-19,1205.35,1205.3500,1594.57,0.75590912
2011-12-20,1241.3,1241.3000,1615.15,0.76853543
2011-12-21,1243.72,1243.7200,1615.08,0.77006712
2011-12-22,1254,1254.0000,1606.03,0.78080733
2011-12-23,1265.33,1265.3300,1606.91,0.78743053
2011-12-27,1265.43,1265.4300,1592.43,0.79465345
2011-12-28,1249.64,1249.6400,1556.58,0.80281129
2011-12-29,1263.02,1263.0200,1545.33,0.81731410
2011-12-30,1257.6,1257.6000,1564.81,0.80367585
2012-01-03,1277.06,1277.0600,1603.88,0.79623164
2012-01-04,1277.3,1277.3000,1611.73,0.79250247
2012-01-05,1281.06,1281.0600,1621.43,0.79008036
2012-01-06,1277.81,1277.8100,1617.55,0.78996631
2012-01-09,1280.7,1280.7000,1610.88,0.79503129
2012-01-10,1292.08,1292.0800,1632.33,0.79155563
2012-01-11,1292.48,1292.4800,1643.13,0.78659631
2012-01-12,1295.5,1295.5000,1648.68,0.78578014
2012-01-13,1289.09,1289.0900,1639.48,0.78627980
2012-01-17,1293.67,1293.6700,1651.83,0.78317381
2012-01-18,1308.04,1308.0400,1659.48,0.78822282
2012-01-19,1314.5,1314.5000,1656.73,0.79343043
2012-01-20,1315.38,1315.3800,1666.58,0.78926904
2012-01-23,1316,1316.0000,1676.43,0.78500146
2012-01-24,1314.65,1314.6500,1665.36,0.78940890
2012-01-25,1326.06,1326.0600,1710.68,0.77516543
2012-01-26,1318.43,1318.4300,1720.83,0.76615935
2012-01-27,1316.33,1316.3300,1739.26,0.75683337
2012-01-30,1313.01,1313.0100,1731.03,0.75851372
2012-01-31,1312.41,1312.4100,1737.23,0.75546128
2012-02-01,1324.09,1324.0900,1744.93,0.75882127
2012-02-02,1325.54,1325.5400,1758.68,0.75371301
2012-02-03,1344.9,1344.9000,1726.18,0.77911921
2012-02-06,1344.33,1344.3300,1719.93,0.78161902
2012-02-07,1347.05,1347.0500,1745.48,0.77173614
2012-02-08,1349.96,1349.9600,1734.93,0.77810632
2012-02-09,1351.95,1351.9500,1730.96,0.78104058
2012-02-10,1342.64,1342.6400,1721.72,0.77982483
2012-02-13,1351.77,1351.7700,1721.91,0.78504103
2012-02-14,1350.5,1350.5000,1720.16,0.78510139
2012-02-15,1343.23,1343.2300,1728.08,0.77729619
2012-02-16,1358.04,1358.0400,1728.01,0.78589823
2012-02-17,1361.23,1361.2300,1723.23,0.78992938
2012-02-21,1362.21,1362.2100,1759.69,0.77411931
2012-02-22,1357.66,1357.6600,1776.46,0.76425025
2012-02-23,1363.46,1363.4600,1779.18,0.76634180
2012-02-24,1365.74,1365.7400,1772.31,0.77059882
2012-02-27,1367.59,1367.5900,1767.99,0.77352813
2012-02-28,1372.18,1372.1800,1784.11,0.76911177
2012-02-29,1365.68,1365.6800,1695.47,0.80548756
2012-03-01,1374.09,1374.0900,1718.33,0.79966595
2012-03-02,1369.63,1369.6300,1712.46,0.79980262
2012-03-05,1364.33,1364.3300,1706.99,0.79926069
2012-03-06,1343.36,1343.3600,1674.33,0.80232690
2012-03-07,1352.63,1352.6300,1684.88,0.80280495
2012-03-08,1365.91,1365.9100,1699.46,0.80373177
2012-03-09,1370.87,1370.8700,1713.98,0.79981680
2012-03-12,1371.09,1371.0900,1702.11,0.80552373
2012-03-13,1395.95,1395.9500,1674.88,0.83346270
2012-03-14,1394.28,1394.2800,1643.41,0.84840667
2012-03-15,1402.6,1402.6000,1657.54,0.84619376
2012-03-16,1404.17,1404.1700,1659.91,0.84593141
2012-03-19,1409.75,1409.7500,1664.41,0.84699683
2012-03-20,1405.52,1405.5200,1650.38,0.85163417
2012-03-21,1402.89,1402.8900,1649.77,0.85035490
2012-03-22,1392.78,1392.7800,1645.75,0.84628893
2012-03-23,1397.11,1397.1100,1661.92,0.84066020
2012-03-26,1416.51,1416.5100,1690.33,0.83800796
2012-03-27,1412.52,1412.5200,1680.96,0.84030554
2012-03-28,1405.54,1405.5400,1663.46,0.84494968
2012-03-29,1403.28,1403.2800,1661.33,0.84467264
2012-03-30,1408.47,1408.4700,1668.28,0.84426475
2012-04-02,1419.04,1419.0400,1677.55,0.84590027
2012-04-03,1413.38,1413.3800,1646.55,0.85838875
2012-04-04,1398.96,1398.9600,1620.74,0.86316127
2012-04-05,1398.08,1398.0800,1631.23,0.85707104
2012-04-09,1382.2,1382.2000,1640.42,0.84258909
2012-04-10,1358.59,1358.5900,1659.57,0.81863977
2012-04-11,1368.71,1368.7100,1659.39,0.82482720
2012-04-12,1387.57,1387.5700,1675.07,0.82836538
2012-04-13,1370.26,1370.2600,1658.41,0.82624924
2012-04-16,1369.57,1369.5700,1652.95,0.82856106
2012-04-17,1390.78,1390.7800,1650.17,0.84281013
2012-04-18,1385.14,1385.1400,1642.17,0.84348149
2012-04-19,1376.92,1376.9200,1642.76,0.83817478
2012-04-20,1378.53,1378.5300,1642.97,0.83904758
2012-04-23,1366.94,1366.9400,1638.43,0.83429869
2012-04-24,1371.97,1371.9700,1641.58,0.83576189
2012-04-25,1390.69,1390.6900,1644.13,0.84585161
2012-04-26,1399.98,1399.9800,1654.9,0.84596048
2012-04-27,1403.36,1403.3600,1662.3,0.84422788
2012-04-30,1397.91,1397.9100,1663.7,0.84024163
2012-05-01,1405.82,1405.8200,1660.4,0.84667550
2012-05-02,1402.31,1402.3100,1651.6,0.84906152
2012-05-03,1391.57,1391.5700,1635.5,0.85085295
2012-05-04,1369.1,1369.1000,1641.8,0.83390182
2012-05-07,1369.58,1369.5800,1636.3,0.83699811
2012-05-08,1363.72,1363.7200,1605.32,0.84950041
2012-05-09,1354.58,1354.5800,1589.58,0.85216221
2012-05-10,1357.99,1357.9900,1594.38,0.85173547
2012-05-11,1353.39,1353.3900,1578.93,0.85715643
2012-05-14,1338.35,1338.3500,1556.67,0.85975191
2012-05-15,1330.66,1330.6600,1544.03,0.86180968
2012-05-16,1324.8,1324.8000,1539.09,0.86076838
2012-05-17,1304.86,1304.8600,1574.19,0.82890884
2012-05-18,1295.22,1295.2200,1592.44,0.81335561
2012-05-21,1315.99,1315.9900,1593.1,0.82605612
2012-05-22,1316.63,1316.6300,1567.57,0.83991783
2012-05-23,1318.86,1318.8600,1561.46,0.84463259
2012-05-24,1320.68,1320.6800,1557.57,0.84791053
2012-05-25,1317.82,1317.8200,1572.82,0.83787083
2012-05-29,1332.42,1332.4200,1554.58,0.85709323
2012-05-30,1313.32,1313.3200,1561.8,0.84090152
2012-05-31,1310.33,1310.3300,1558.7,0.84065567
2012-06-01,1278.04,1278.0400,1621.81,0.78803312
2012-06-04,1278.18,1278.1800,1616.47,0.79072300
2012-06-05,1285.5,1285.5000,1615.34,0.79580769
2012-06-06,1315.13,1315.1300,1618.89,0.81236526
2012-06-07,1314.99,1314.9900,1587.31,0.82843931
2012-06-08,1325.66,1325.6600,1592.08,0.83265916
2012-06-11,1308.93,1308.9300,1594.72,0.82078986
2012-06-12,1324.18,1324.1800,1608.35,0.82331582
2012-06-13,1314.88,1314.8800,1616.55,0.81338653
2012-06-14,1329.1,1329.1000,1621.51,0.81966809
2012-06-15,1342.84,1342.8400,1624.69,0.82652075
2012-06-18,1344.78,1344.7800,1626.72,0.82668191
2012-06-19,1357.98,1357.9800,1616.71,0.83996511
2012-06-20,1355.69,1355.6900,1604.22,0.84507736
2012-06-21,1325.51,1325.5100,1563.27,0.84790855
2012-06-22,1335.02,1335.0200,1571.8,0.84935742
2012-06-25,1313.72,1313.7200,1583.12,0.82982970
2012-06-26,1319.99,1319.9900,1570.44,0.84052240
2012-06-27,1331.85,1331.8500,1572.62,0.84689881
2012-06-28,1329.04,1329.0400,1550.3,0.85727924
2012-06-29,1362.16,1362.1600,1596.95,0.85297599
2012-07-02,1365.51,1365.5100,1595.95,0.85560951
2012-07-03,1374.02,1374.0200,1616.1,0.85020729
2012-07-05,1367.58,1367.5800,1604.27,0.85246249
2012-07-06,1354.68,1354.6800,1583.15,0.85568645
2012-07-09,1352.46,1352.4600,1587.41,0.85199161
2012-07-10,1341.47,1341.4700,1566.9,0.85612994
2012-07-11,1341.45,1341.4500,1576.65,0.85082295
2012-07-12,1334.76,1334.7600,1571.8,0.84919201
2012-07-13,1356.78,1356.7800,1589.4,0.85364288
2012-07-16,1353.64,1353.6400,1587.91,0.85246645
2012-07-17,1363.67,1363.6700,1582.18,0.86189308
2012-07-18,1372.78,1372.7800,1573.05,0.87268682
2012-07-19,1376.51,1376.5100,1581.33,0.87047612
2012-07-20,1362.66,1362.6600,1584.1,0.86021085
2012-07-23,1350.52,1350.5200,1576.3,0.85676584
2012-07-24,1338.31,1338.3100,1581.91,0.84600894
2012-07-25,1337.89,1337.8900,1604.3,0.83394004
2012-07-26,1360.02,1360.0200,1616.26,0.84146115
2012-07-27,1385.97,1385.9700,1622.5,0.85421880
2012-07-30,1385.3,1385.3000,1621.32,0.85442726
2012-07-31,1379.32,1379.3200,1614.08,0.85455492
2012-08-01,1375.32,1375.3200,1599.69,0.85974157
2012-08-02,1365,1365.0000,1587.93,0.85960968
2012-08-03,1390.99,1390.9900,1603.05,0.86771467
2012-08-06,1394.23,1394.2300,1610.97,0.86545994
2012-08-07,1401.35,1401.3500,1611.45,0.86962053
2012-08-08,1402.22,1402.2200,1611.89,0.86992289
2012-08-09,1402.8,1402.8000,1616.67,0.86770955
2012-08-10,1405.87,1405.8700,1619.75,0.86795493
2012-08-13,1404.11,1404.1100,1609.82,0.87221553
2012-08-14,1403.93,1403.9300,1599.1,0.87795010
2012-08-15,1405.53,1405.5300,1602.87,0.87688334
2012-08-16,1415.51,1415.5100,1614.1,0.87696549
2012-08-17,1418.16,1418.1600,1615.55,0.87781870
2012-08-20,1418.13,1418.1300,1620.32,0.87521601
2012-08-21,1413.17,1413.1700,1637.32,0.86309946
2012-08-22,1413.49,1413.4900,1654.37,0.85439775
2012-08-23,1402.08,1402.0800,1669.67,0.83973480
2012-08-24,1411.13,1411.1300,1670.15,0.84491213
2012-08-27,1410.44,1410.4400,1663.65,0.84779852
2012-08-28,1409.3,1409.3000,1666.4,0.84571531
2012-08-29,1410.49,1410.4900,1655.73,0.85188406
2012-08-30,1399.48,1399.4800,1654.87,0.84567368
2012-08-31,1406.58,1406.5800,1691.61,0.83150372
2012-09-04,1404.94,1404.9400,1695.66,0.82855053
2012-09-05,1403.44,1403.4400,1693,0.82896633
2012-09-06,1432.12,1432.1200,1701.24,0.84180950
2012-09-07,1437.92,1437.9200,1734.85,0.82884399
2012-09-10,1429.08,1429.0800,1724.84,0.82852902
2012-09-11,1433.56,1433.5600,1731.89,0.82774310
2012-09-12,1436.56,1436.5600,1730.65,0.83006963
2012-09-13,1459.99,1459.9900,1766.3,0.82658099
2012-09-14,1465.77,1465.7700,1769.5,0.82835264
2012-09-17,1461.19,1461.1900,1762.4,0.82909101
2012-09-18,1459.32,1459.3200,1771.17,0.82392994
2012-09-19,1461.05,1461.0500,1768.82,0.82600265
2012-09-20,1460.26,1460.2600,1767.63,0.82611180
2012-09-21,1460.15,1460.1500,1772.81,0.82363592
2012-09-24,1456.89,1456.8900,1764,0.82590136
2012-09-25,1441.59,1441.5900,1760.58,0.81881539
2012-09-26,1433.32,1433.3200,1752.44,0.81789961
2012-09-27,1447.15,1447.1500,1776.68,0.81452484
2012-09-28,1440.67,1440.6700,1771.25,0.81336344
2012-10-01,1444.49,1444.4900,1774.82,0.81387972
2012-10-02,1445.75,1445.7500,1774.25,0.81485135
2012-10-03,1450.99,1450.9900,1778.16,0.81600643
2012-10-04,1461.4,1461.4000,1789.87,0.81648388
2012-10-05,1460.93,1460.9300,1779.7,0.82088554
2012-10-08,1455.88,1455.8800,1775.32,0.82006624
2012-10-09,1441.48,1441.4800,1763.73,0.81729063
2012-10-10,1432.56,1432.5600,1761.82,0.81311371
2012-10-11,1432.84,1432.8400,1767.14,0.81082427
2012-10-12,1428.59,1428.5900,1753.5,0.81470773
2012-10-15,1440.13,1440.1300,1736.78,0.82919541
2012-10-16,1454.92,1454.9200,1747.66,0.83249602
2012-10-17,1460.91,1460.9100,1749.63,0.83498225
2012-10-18,1457.34,1457.3400,1741.23,0.83696008
2012-10-19,1433.19,1433.1900,1720.75,0.83288682
2012-10-22,1433.82,1433.8200,1728.61,0.82946414
2012-10-23,1413.11,1413.1100,1706.93,0.82786640
2012-10-24,1408.75,1408.7500,1701.55,0.82792160
2012-10-25,1412.97,1412.9700,1709.9,0.82634657
2012-10-26,1411.94,1411.9400,1710.6,0.82540629
2012-10-31,1412.16,1412.1600,1719.71,0.82116171
2012-11-01,1427.59,1427.5900,1715.03,0.83239943
2012-11-02,1414.2,1414.2000,1677.46,0.84306034
2012-11-05,1417.26,1417.2600,1684.74,0.84123366
2012-11-06,1428.39,1428.3900,1715.58,0.83259889
2012-11-07,1394.53,1394.5300,1717.1,0.81214257
2012-11-08,1377.51,1377.5100,1730.41,0.79605989
2012-11-09,1379.85,1379.8500,1730.75,0.79725553
2012-11-12,1380.03,1380.0300,1727.63,0.79879951
2012-11-13,1374.53,1374.5300,1724.8,0.79692138
2012-11-14,1355.49,1355.4900,1725.93,0.78536789
2012-11-15,1353.33,1353.3300,1716.5,0.78842412
2012-11-16,1359.88,1359.8800,1713.35,0.79369656
2012-11-19,1386.89,1386.8900,1730.95,0.80123054
2012-11-20,1387.81,1387.8100,1728.42,0.80293563
2012-11-21,1391.03,1391.0300,1728.27,0.80486845
2012-11-23,1409.15,1409.1500,1750.76,0.80487902
2012-11-26,1406.29,1406.2900,1748.17,0.80443550
2012-11-27,1398.94,1398.9400,1741.37,0.80335598
2012-11-28,1409.93,1409.9300,1719.54,0.81994603
2012-11-29,1415.95,1415.9500,1725.4,0.82065028
2012-11-30,1416.18,1416.1800,1714.4,0.82604993
2012-12-03,1409.46,1409.4600,1715.14,0.82177548
2012-12-04,1407.05,1407.0500,1696.61,0.82933025
2012-12-05,1409.28,1409.2800,1693.7,0.83207180
2012-12-06,1413.94,1413.9400,1699.7,0.83187621
2012-12-07,1418.07,1418.0700,1703.65,0.83237167
2012-12-10,1418.55,1418.5500,1712.4,0.82839874
2012-12-11,1427.84,1427.8400,1709.46,0.83525792
2012-12-12,1428.48,1428.4800,1711.3,0.83473383
2012-12-13,1419.45,1419.4500,1696.9,0.83649596
2012-12-14,1413.58,1413.5800,1695.7,0.83362623
2012-12-17,1430.36,1430.3600,1697.65,0.84255294
2012-12-18,1446.79,1446.7900,1670.4,0.86613386
2012-12-19,1435.81,1435.8100,1665.24,0.86222406
2012-12-20,1443.69,1443.6900,1647.75,0.87615840
2012-12-21,1430.15,1430.1500,1656.75,0.86322620
2012-12-24,1426.66,1426.6600,1657.98,0.86048083
2012-12-26,1419.83,1419.8300,1659.29,0.85568526
2012-12-27,1418.1,1418.1000,1663.06,0.85270525
2012-12-28,1402.43,1402.4300,1655.07,0.84735389
2012-12-31,1426.19,1426.1900,1676.4,0.85074565
2013-01-02,1462.42,1462.4200,1685.48,0.86765788
2013-01-03,1459.37,1459.3700,1663.52,0.87727830
2013-01-04,1466.47,1466.4700,1655.7,0.88570997
2013-01-07,1461.89,1461.8900,1647,0.88760777
2013-01-08,1457.15,1457.1500,1659.46,0.87808685
2013-01-09,1461.02,1461.0200,1657.87,0.88126331
2013-01-10,1472.12,1472.1200,1674.51,0.87913479
2013-01-11,1472.05,1472.0500,1662.4,0.88549687
2013-01-14,1470.68,1470.6800,1667.37,0.88203578
2013-01-15,1472.34,1472.3400,1679.68,0.87655982
2013-01-16,1472.63,1472.6300,1680,0.87656548
2013-01-17,1480.94,1480.9400,1686.84,0.87793745
2013-01-18,1485.98,1485.9800,1683.3,0.88277788
2013-01-22,1492.56,1492.5600,1692.19,0.88202861
2013-01-23,1494.81,1494.8100,1685.35,0.88694336
2013-01-24,1494.82,1494.8200,1666.86,0.89678797
2013-01-25,1502.96,1502.9600,1658.3,0.90632576
2013-01-28,1500.18,1500.1800,1654.58,0.90668327
2013-01-29,1507.84,1507.8400,1663.37,0.90649705
2013-01-30,1501.96,1501.9600,1676.49,0.89589559
2013-01-31,1498.11,1498.1100,1663.38,0.90064207
2013-02-01,1513.17,1513.1700,1667.05,0.90769323
2013-02-04,1495.71,1495.7100,1674.07,0.89345726
2013-02-05,1511.29,1511.2900,1672.61,0.90355193
2013-02-06,1512.12,1512.1200,1677.03,0.90166544
2013-02-07,1509.39,1509.3900,1670.61,0.90349633
2013-02-08,1517.93,1517.9300,1666.8,0.91068515
2013-02-11,1517.01,1517.0100,1647.93,0.92055488
2013-02-12,1519.43,1519.4300,1651.16,0.92021972
2013-02-13,1520.33,1520.3300,1642.47,0.92563639
2013-02-14,1521.38,1521.3800,1633.92,0.93112270
2013-02-15,1519.79,1519.7900,1609.7,0.94414487
2013-02-19,1530.94,1530.9400,1604.23,0.95431453
2013-02-20,1511.95,1511.9500,1564.71,0.96628129
2013-02-21,1502.42,1502.4200,1576.11,0.95324565
2013-02-22,1515.6,1515.6000,1581.15,0.95854283
2013-02-25,1487.85,1487.8500,1592.96,0.93401592
2013-02-26,1496.94,1496.9400,1614.17,0.92737444
2013-02-27,1515.99,1515.9900,1595.82,0.94997556
2013-02-28,1514.68,1514.6800,1579.16,0.95916817
2013-03-01,1518.2,1518.2000,1575.65,0.96353886
2013-03-04,1525.2,1525.2000,1574.05,0.96896541
2013-03-05,1539.79,1539.7900,1574.38,0.97802945
2013-03-06,1541.46,1541.4600,1584.13,0.97306408
2013-03-07,1544.26,1544.2600,1578.09,0.97856269
2013-03-08,1551.18,1551.1800,1578.24,0.98285432
2013-03-11,1556.22,1556.2200,1581.39,0.98408362
2013-03-12,1552.48,1552.4800,1592.49,0.97487582
2013-03-13,1554.52,1554.5200,1587.34,0.97932390
2013-03-14,1563.23,1563.2300,1589.88,0.98323773
2013-03-15,1560.7,1560.7000,1591.76,0.98048701
2013-03-18,1552.1,1552.1000,1605.09,0.96698627
2013-03-19,1548.34,1548.3400,1612.28,0.96034188
2013-03-20,1558.71,1558.7100,1606.35,0.97034270
2013-03-21,1545.8,1545.8000,1614.2,0.95762607
2013-03-22,1556.89,1556.8900,1608.21,0.96808874
2013-03-25,1551.69,1551.6900,1604.61,0.96702002
2013-03-26,1563.77,1563.7700,1599.65,0.97757009
2013-03-27,1562.85,1562.8500,1604.79,0.97386574
2013-03-28,1569.19,1569.1900,1596.65,0.98280149
2013-04-01,1562.17,1562.1700,1598.75,0.97711962
2013-04-02,1570.25,1570.2500,1575.78,0.99649063
2013-04-03,1553.69,1553.6900,1557.53,0.99753456
2013-04-04,1559.98,1559.9800,1553.05,1.00446219
2013-04-05,1553.28,1553.2800,1580.75,0.98262217
2013-04-08,1563.07,1563.0700,1572.6,0.99393997
2013-04-09,1568.61,1568.6100,1584.99,0.98966555
2013-04-10,1587.73,1587.7300,1558.98,1.01844155
2013-04-11,1593.37,1593.3700,1560.28,1.02120773
2013-04-12,1588.85,1588.8500,1482.8,1.07152010
2013-04-15,1552.36,1552.3600,1351.91,1.14827170
2013-04-16,1574.57,1574.5700,1368.64,1.15046323
2013-04-17,1552.01,1552.0100,1377.17,1.12695600
2013-04-18,1541.61,1541.6100,1390.93,1.10833040
2013-04-19,1555.25,1555.2500,1403.1,1.10843846
2013-04-22,1562.5,1562.5000,1425.93,1.09577609
2013-04-23,1578.78,1578.7800,1413,1.11732484
2013-04-24,1578.79,1578.7900,1431.28,1.10306160
2013-04-25,1585.16,1585.1600,1467.39,1.08025815
2013-04-26,1582.24,1582.2400,1461.3,1.08276192
2013-04-29,1593.61,1593.6100,1475.93,1.07973278
2013-04-30,1597.57,1597.5700,1476.23,1.08219586
2013-05-01,1582.7,1582.7000,1457.75,1.08571429
2013-05-02,1597.59,1597.5900,1466.96,1.08904810
2013-05-03,1614.42,1614.4200,1470.16,1.09812537
2013-05-06,1617.5,1617.5000,1469.6,1.10063963
2013-05-07,1625.96,1625.9600,1452.47,1.11944481
2013-05-08,1632.69,1632.6900,1473.8,1.10780974
2013-05-09,1626.67,1626.6700,1457.81,1.11583128
2013-05-10,1633.7,1633.7000,1443.85,1.13148873
2013-05-13,1633.77,1633.7700,1430.38,1.14219298
2013-05-14,1650.34,1650.3400,1425.25,1.15793019
2013-05-15,1658.78,1658.7800,1392.8,1.19096783
2013-05-16,1650.47,1650.4700,1385.8,1.19098716
2013-05-17,1667.47,1667.4700,1355.58,1.23007864
2013-05-20,1666.29,1666.2900,1393.6,1.19567308
2013-05-21,1669.16,1669.1600,1376.13,1.21293773
2013-05-22,1655.35,1655.3500,1369.93,1.20834641
2013-05-23,1650.51,1650.5100,1390.8,1.18673425
2013-05-24,1649.6,1649.6000,1383.61,1.19224348
2013-05-28,1660.06,1660.0600,1381,1.20207096
2013-05-29,1648.36,1648.3600,1392.5,1.18374147
2013-05-30,1654.41,1654.4100,1413.31,1.17059244
2013-05-31,1630.74,1630.7400,1385.08,1.17736160
2013-06-03,1640.42,1640.4200,1411.25,1.16238795
2013-06-04,1631.38,1631.3800,1399.5,1.16568775
2013-06-05,1608.9,1608.9000,1403.25,1.14655265
2013-06-06,1622.56,1622.5600,1413.64,1.14778869
2013-06-07,1643.38,1643.3800,1382.45,1.18874462
2013-06-10,1642.81,1642.8100,1386.35,1.18498936
2013-06-11,1626.13,1626.1300,1378.15,1.17993687
2013-06-12,1612.52,1612.5200,1388.75,1.16113051
2013-06-13,1636.36,1636.3600,1385.9,1.18072011
2013-06-14,1626.73,1626.7300,1390.32,1.17003999
2013-06-17,1639.04,1639.0400,1385.15,1.18329423
2013-06-18,1651.81,1651.8100,1367.6,1.20781661
2013-06-19,1628.93,1628.9300,1351.25,1.20549861
2013-06-20,1588.19,1588.1900,1284.75,1.23618603
2013-06-21,1592.43,1592.4300,1294.01,1.23061646
2013-06-24,1573.09,1573.0900,1282.37,1.22670524
2013-06-25,1588.03,1588.0300,1277.4,1.24317363
2013-06-26,1603.26,1603.2600,1226.48,1.30720436
2013-06-27,1613.2,1613.2000,1200.05,1.34427732
2013-06-28,1606.28,1606.2800,1232.63,1.30313233
2013-07-01,1614.96,1614.9600,1252.38,1.28951277
2013-07-02,1614.08,1614.0800,1243.3,1.29822247
2013-07-03,1615.41,1615.4100,1252.83,1.28940878
2013-07-05,1631.89,1631.8900,1222.95,1.33438816
2013-07-08,1640.46,1640.4600,1236.68,1.32650322
2013-07-09,1652.32,1652.3200,1251.05,1.32074657
2013-07-10,1652.62,1652.6200,1259.37,1.31225930
2013-07-11,1675.02,1675.0200,1285.67,1.30283821
2013-07-12,1680.19,1680.1900,1284.14,1.30841653
2013-07-15,1682.5,1682.5000,1284.42,1.30992977
2013-07-16,1676.26,1676.2600,1291.78,1.29763582
2013-07-17,1680.91,1680.9100,1275.58,1.31776133
2013-07-18,1689.37,1689.3700,1283.9,1.31581120
2013-07-19,1692.09,1692.0900,1294.59,1.30704702
2013-07-22,1695.53,1695.5300,1335.53,1.26955591
2013-07-23,1692.39,1692.3900,1345.13,1.25816092
2013-07-24,1685.94,1685.9400,1322.1,1.27519855
2013-07-25,1690.25,1690.2500,1333.45,1.26757659
2013-07-26,1691.65,1691.6500,1332.81,1.26923568
2013-07-29,1685.33,1685.3300,1327.95,1.26912158
2013-07-30,1685.96,1685.9600,1326.25,1.27122337
2013-07-31,1685.73,1685.7300,1324.83,1.27241231
2013-08-01,1706.87,1706.8700,1310.33,1.30262606
2013-08-02,1709.67,1709.6700,1307.67,1.30741701
2013-08-05,1707.14,1707.1400,1302.67,1.31049306
2013-08-06,1697.37,1697.3700,1283.05,1.32291805
2013-08-07,1690.91,1690.9100,1287.24,1.31359342
2013-08-08,1697.48,1697.4800,1313.11,1.29271729
2013-08-09,1691.42,1691.4200,1312.92,1.28828870
2013-08-12,1689.47,1689.4700,1337.53,1.26312681
2013-08-13,1694.16,1694.1600,1321.35,1.28214326
2013-08-14,1685.39,1685.3900,1335.89,1.26162334
2013-08-15,1661.32,1661.3200,1365.67,1.21648715
2013-08-16,1655.83,1655.8300,1372.75,1.20621380
2013-08-19,1646.06,1646.0600,1365.85,1.20515430
2013-08-20,1652.35,1652.3500,1371.06,1.20516243
2013-08-21,1642.8,1642.8000,1366.5,1.20219539
2013-08-22,1656.96,1656.9600,1375.52,1.20460626
2013-08-23,1663.5,1663.5000,1396.26,1.19139702
2013-08-26,1656.78,1656.7800,1404.13,1.17993348
2013-08-27,1630.48,1630.4800,1415,1.15228269
2013-08-28,1634.96,1634.9600,1417.01,1.15380978
2013-08-29,1638.17,1638.1700,1407.54,1.16385325
2013-08-30,1632.97,1632.9700,1393.98,1.17144435
2013-09-03,1639.77,1639.7700,1412.16,1.16117862
2013-09-04,1653.08,1653.0800,1391.34,1.18812080
2013-09-05,1655.08,1655.0800,1367.37,1.21041123
2013-09-06,1655.17,1655.1700,1389.16,1.19148982
2013-09-09,1671.71,1671.7100,1386.82,1.20542680
2013-09-10,1683.99,1683.9900,1363.5,1.23504950
2013-09-11,1689.13,1689.1300,1364.99,1.23746694
2013-09-12,1683.42,1683.4200,1321.51,1.27386096
2013-09-13,1687.99,1687.9900,1323.42,1.27547566
2013-09-16,1697.6,1697.6000,1312.16,1.29374467
2013-09-17,1704.76,1704.7600,1310.48,1.30086686
2013-09-18,1725.52,1725.5200,1362.71,1.26624153
2013-09-19,1722.34,1722.3400,1365.89,1.26096538
2013-09-20,1709.91,1709.9100,1326.2,1.28933042
2013-09-23,1701.84,1701.8400,1322.49,1.28684527
2013-09-24,1697.42,1697.4200,1322.78,1.28322170
2013-09-25,1692.77,1692.7700,1333.85,1.26908573
2013-09-26,1698.67,1698.6700,1323.78,1.28319660
2013-09-27,1691.75,1691.7500,1336.05,1.26623255
2013-09-30,1681.55,1681.5500,1328.82,1.26544603
2013-10-01,1695,1695.0000,1287.25,1.31676054
2013-10-02,1693.87,1693.8700,1315.84,1.28729177
2013-10-03,1678.66,1678.6600,1316.47,1.27512211
2013-10-04,1690.5,1690.5000,1310.56,1.28990660
2013-10-07,1676.12,1676.1200,1323.03,1.26687981
2013-10-08,1655.45,1655.4500,1319.13,1.25495592
2013-10-09,1656.4,1656.4000,1305.47,1.26881506
2013-10-10,1692.56,1692.5600,1287.39,1.31472203
2013-10-11,1703.2,1703.2000,1270.16,1.34093343
2013-10-14,1710.14,1710.1400,1272.22,1.34421720
2013-10-15,1698.06,1698.0600,1281.6,1.32495318
2013-10-16,1721.54,1721.5400,1282.29,1.34255122
2013-10-17,1733.15,1733.1500,1320.32,1.31267420
2013-10-18,1744.5,1744.5000,1314.59,1.32702972
2013-10-21,1744.66,1744.6600,1315.61,1.32612248
2013-10-22,1754.67,1754.6700,1339.98,1.30947477
2013-10-23,1746.38,1746.3800,1333.21,1.30990617
2013-10-24,1752.07,1752.0700,1346.6,1.30110649
2013-10-25,1759.77,1759.7700,1351.47,1.30211547
2013-10-28,1762.11,1762.1100,1352.06,1.30327796
2013-10-29,1771.95,1771.9500,1343.45,1.31895493
2013-10-30,1763.31,1763.3100,1342.26,1.31368736
2013-10-31,1756.54,1756.5400,1323.25,1.32744379
2013-11-01,1761.64,1761.6400,1315.81,1.33882551
2013-11-04,1767.93,1767.9300,1314.44,1.34500624
2013-11-05,1762.97,1762.9700,1311.48,1.34425992
2013-11-06,1770.49,1770.4900,1317.58,1.34374383
2013-11-07,1747.15,1747.1500,1307.48,1.33627283
2013-11-08,1770.61,1770.6100,1287.77,1.37494273
2013-11-11,1771.89,1771.8900,1282.63,1.38145061
2013-11-12,1767.69,1767.6900,1267.98,1.39409928
2013-11-13,1782,1782.0000,1281.42,1.39064475
2013-11-14,1790.62,1790.6200,1287.08,1.39122665
2013-11-15,1798.18,1798.1800,1288.06,1.39603745
2013-11-18,1791.53,1791.5300,1275.28,1.40481306
2013-11-19,1787.87,1787.8700,1275.5,1.40170129
2013-11-20,1781.37,1781.3700,1244.09,1.43186586
2013-11-21,1795.85,1795.8500,1242.8,1.44500322
2013-11-22,1804.76,1804.7600,1243.17,1.45174031
2013-11-25,1802.48,1802.4800,1251.34,1.44043985
2013-11-26,1802.75,1802.7500,1242.64,1.45074197
2013-11-27,1807.23,1807.2300,1237.57,1.46030528
2013-11-29,1805.81,1805.8100,1253.78,1.44029256
2013-12-02,1800.9,1800.9000,1219.73,1.47647430
2013-12-03,1795.15,1795.1500,1223.1,1.46770501
2013-12-04,1792.81,1792.8100,1243.58,1.44165233
2013-12-05,1785.03,1785.0300,1224.91,1.45727441
2013-12-06,1805.09,1805.0900,1228.67,1.46914143
2013-12-09,1808.37,1808.3700,1240.28,1.45803367
2013-12-10,1802.62,1802.6200,1261.9,1.42849671
2013-12-11,1782.22,1782.2200,1251.98,1.42352114
2013-12-12,1775.5,1775.5000,1225.39,1.44892646
2013-12-13,1775.32,1775.3200,1237.5,1.43460202
2013-12-16,1786.54,1786.5400,1241.05,1.43953910
2013-12-17,1781,1781.0000,1230.77,1.44706160
2013-12-18,1810.65,1810.6500,1218.23,1.48629569
2013-12-19,1809.6,1809.6000,1187.76,1.52354011
2013-12-20,1818.32,1818.3200,1202.09,1.51263217
2013-12-23,1827.99,1827.9900,1195.75,1.52873928
2013-12-24,1833.32,1833.3200,1203.78,1.52296931
2013-12-26,1842.02,1842.0200,1210.54,1.52165149
2013-12-27,1841.4,1841.4000,1214.05,1.51674149
2013-12-30,1841.07,1841.0700,1196.55,1.53864861
2013-12-31,1848.36,1848.3600,1204.12,1.53502973
2014-01-02,1831.98,1831.9800,1222.44,1.49862570
2014-01-03,1831.37,1831.3700,1237.11,1.48036149
2014-01-06,1826.77,1826.7700,1237.5,1.47617778
2014-01-07,1837.88,1837.8800,1231.63,1.49223387
2014-01-08,1837.49,1837.4900,1225.48,1.49940432
2014-01-09,1838.13,1838.1300,1227.52,1.49743385
2014-01-10,1842.37,1842.3700,1247,1.47744186
2014-01-13,1819.2,1819.2000,1252.78,1.45213046
2014-01-14,1838.88,1838.8800,1244.77,1.47728496
2014-01-15,1848.38,1848.3800,1241.73,1.48855226
2014-01-16,1845.89,1845.8900,1241.77,1.48649911
2014-01-17,1838.7,1838.7000,1253.87,1.46641996
2014-01-21,1843.8,1843.8000,1241.23,1.48546200
2014-01-22,1844.86,1844.8600,1236.98,1.49142266
2014-01-23,1828.46,1828.4600,1263.23,1.44744821
2014-01-24,1790.29,1790.2900,1268.39,1.41146650
2014-01-27,1781.56,1781.5600,1256.94,1.41737871
2014-01-28,1792.5,1792.5000,1256.25,1.42686567
2014-01-29,1774.2,1774.2000,1267.05,1.40026045
2014-01-30,1794.19,1794.1900,1243.05,1.44337718
2014-01-31,1782.59,1782.5900,1244.75,1.43208676
2014-02-03,1741.89,1741.8900,1257.6,1.38509065
2014-02-04,1755.2,1755.2000,1254.27,1.39937972
2014-02-05,1751.64,1751.6400,1257.46,1.39299858
2014-02-06,1773.43,1773.4300,1257.57,1.41020381
2014-02-07,1797.02,1797.0200,1266.94,1.41839393
2014-02-10,1799.84,1799.8400,1274.45,1.41224842
2014-02-11,1819.75,1819.7500,1290.75,1.40983924
2014-02-12,1819.26,1819.2600,1290.52,1.40971081
2014-02-13,1829.83,1829.8300,1302.12,1.40526987
2014-02-14,1838.63,1838.6300,1318.57,1.39441213
2014-02-18,1840.76,1840.7600,1321.48,1.39295336
2014-02-19,1828.75,1828.7500,1311.44,1.39445953
2014-02-20,1839.78,1839.7800,1322.78,1.39084353
2014-02-21,1836.25,1836.2500,1323.58,1.38733586
2014-02-24,1847.61,1847.6100,1336.67,1.38224842
2014-02-25,1845.12,1845.1200,1340.52,1.37642109
2014-02-26,1845.16,1845.1600,1330.35,1.38697335
2014-02-27,1854.29,1854.2900,1331.26,1.39288343
2014-02-28,1859.45,1859.4500,1323.58,1.40486408
2014-03-03,1845.73,1845.7300,1350.46,1.36674170
2014-03-04,1873.91,1873.9100,1334.28,1.40443535
2014-03-05,1873.81,1873.8100,1336.77,1.40174450
2014-03-06,1877.03,1877.0300,1350.53,1.38984695
2014-03-07,1878.04,1878.0400,1338.98,1.40259003
2014-03-10,1877.17,1877.1700,1339.83,1.40105088
2014-03-11,1867.63,1867.6300,1348.47,1.38499930
2014-03-12,1868.2,1868.2000,1366.6,1.36704229
2014-03-13,1846.34,1846.3400,1370.86,1.34684796
2014-03-14,1841.13,1841.1300,1381.2,1.33299305
2014-03-17,1858.83,1858.8300,1365.67,1.36111213
2014-03-18,1872.25,1872.2500,1356.77,1.37993175
2014-03-19,1860.77,1860.7700,1330.08,1.39899104
2014-03-20,1872.01,1872.0100,1329.68,1.40786505
2014-03-21,1866.52,1866.5200,1332.92,1.40032410
2014-03-24,1857.44,1857.4400,1308.85,1.41913894
2014-03-25,1865.62,1865.6200,1311.06,1.42298598
2014-03-26,1852.56,1852.5600,1304.92,1.41967324
2014-03-27,1849.04,1849.0400,1291.47,1.43173283
2014-03-28,1857.62,1857.6200,1292.76,1.43694112
2014-03-31,1872.34,1872.3400,1283.9,1.45832230
2014-04-01,1885.52,1885.5200,1278.89,1.47434103
2014-04-02,1890.9,1890.9000,1289.81,1.46602988
2014-04-03,1888.77,1888.7700,1286.5,1.46814613
2014-04-04,1865.09,1865.0900,1303.18,1.43118372
2014-04-07,1845.04,1845.0400,1297.06,1.42247853
2014-04-08,1851.96,1851.9600,1308.52,1.41530890
2014-04-09,1872.18,1872.1800,1311.51,1.42749960
2014-04-10,1833.08,1833.0800,1318.83,1.38992895
2014-04-11,1815.69,1815.6900,1317.7,1.37792365
2014-04-14,1830.61,1830.6100,1327.66,1.37882440
2014-04-15,1842.98,1842.9800,1302.08,1.41541226
2014-04-16,1862.31,1862.3100,1302.27,1.43004907
2014-04-17,1864.85,1864.8500,1295.11,1.43991630
2014-04-21,1871.89,1871.8900,1289.46,1.45168520
2014-04-22,1879.55,1879.5500,1283.5,1.46439423
2014-04-23,1875.39,1875.3900,1283.53,1.46111895
2014-04-24,1878.61,1878.6100,1293.02,1.45288549
2014-04-25,1863.4,1863.4000,1302.15,1.43101793
2014-04-28,1869.43,1869.4300,1296.31,1.44211647
2014-04-29,1878.33,1878.3300,1295.77,1.44958596
2014-04-30,1883.95,1883.9500,1291.26,1.45900129
2014-05-01,1883.68,1883.6800,1284,1.46704050
2014-05-02,1881.14,1881.1400,1298.24,1.44899248
2014-05-05,1884.66,1884.6600,1309.96,1.43871569
2014-05-06,1867.72,1867.7200,1307.9,1.42802967
2014-05-07,1878.21,1878.2100,1289.82,1.45617993
2014-05-08,1875.63,1875.6300,1289.34,1.45472102
2014-05-09,1878.48,1878.4800,1288.59,1.45777943
2014-05-12,1896.65,1896.6500,1295.69,1.46381465
2014-05-13,1897.45,1897.4500,1293.53,1.46687746
2014-05-14,1888.53,1888.5300,1305.75,1.44631821
2014-05-15,1870.85,1870.8500,1296.08,1.44346800
2014-05-16,1877.86,1877.8600,1292.97,1.45236162
2014-05-19,1885.08,1885.0800,1292.73,1.45821633
2014-05-20,1872.83,1872.8300,1293.97,1.44735195
2014-05-21,1888.03,1888.0300,1291.74,1.46161766
2014-05-22,1892.49,1892.4900,1294,1.46251159
2014-05-23,1900.53,1900.5300,1292.62,1.47029289
2014-05-27,1911.91,1911.9100,1264.79,1.51164225
2014-05-28,1909.78,1909.7800,1258.06,1.51803571
2014-05-29,1920.03,1920.0300,1255.4,1.52941692
2014-05-30,1923.57,1923.5700,1250.55,1.53817920
2014-06-02,1924.97,1924.9700,1243.57,1.54793860
2014-06-03,1924.24,1924.2400,1244.85,1.54576053
2014-06-04,1927.88,1927.8800,1243.84,1.54994211
2014-06-05,1940.46,1940.4600,1253.53,1.54799646
2014-06-06,1949.44,1949.4400,1252.61,1.55630244
2014-06-09,1951.27,1951.2700,1252.16,1.55832322
2014-06-10,1950.79,1950.7900,1259.51,1.54884836
2014-06-11,1943.89,1943.8900,1260.74,1.54186430
2014-06-12,1930.11,1930.1100,1273.16,1.51599956
2014-06-13,1936.16,1936.1600,1276.62,1.51662985
2014-06-16,1937.78,1937.7800,1271.82,1.52362756
2014-06-17,1941.99,1941.9900,1270.38,1.52866859
2014-06-18,1956.98,1956.9800,1277.61,1.53175069
2014-06-19,1959.48,1959.4800,1320,1.48445455
2014-06-20,1962.87,1962.8700,1313.97,1.49384689
2014-06-23,1962.61,1962.6100,1317.18,1.49000896
2014-06-24,1949.98,1949.9800,1318.19,1.47928599
2014-06-25,1959.53,1959.5300,1319.15,1.48544896
2014-06-26,1957.22,1957.2200,1316.35,1.48685380
2014-06-27,1960.96,1960.9600,1315.78,1.49034033
2014-06-30,1960.23,1960.2300,1327.06,1.47712236
2014-07-01,1973.32,1973.3200,1326.33,1.48780469
2014-07-02,1974.62,1974.6200,1326.7,1.48836964
2014-07-03,1985.44,1985.4400,1319.45,1.50474819
2014-07-07,1977.65,1977.6500,1319.62,1.49865113
2014-07-08,1963.71,1963.7100,1318.92,1.48887726
2014-07-09,1972.83,1972.8300,1327.7,1.48590043
2014-07-10,1964.68,1964.6800,1335.61,1.47099827
2014-07-11,1967.57,1967.5700,1337.48,1.47110237
2014-07-14,1977.1,1977.1000,1306.92,1.51279344
2014-07-15,1973.28,1973.2800,1293.97,1.52498126
2014-07-16,1981.57,1981.5700,1299.03,1.52542282
2014-07-17,1958.12,1958.1200,1319.1,1.48443636
2014-07-18,1978.22,1978.2200,1310.42,1.50960761
2014-07-21,1973.63,1973.6300,1312.41,1.50382121
2014-07-22,1983.53,1983.5300,1306.28,1.51845699
2014-07-23,1987.01,1987.0100,1304.54,1.52314992
2014-07-24,1987.98,1987.9800,1293.42,1.53699494
2014-07-25,1978.34,1978.3400,1307.01,1.51363800
2014-07-28,1978.91,1978.9100,1303.83,1.51776689
2014-07-29,1969.95,1969.9500,1299.11,1.51638429
2014-07-30,1970.07,1970.0700,1296.02,1.52009228
2014-07-31,1930.67,1930.6700,1282.59,1.50529008
2014-08-01,1925.15,1925.1500,1292.72,1.48922427
2014-08-04,1938.99,1938.9900,1288.11,1.50529846
2014-08-05,1920.21,1920.2100,1288.55,1.49020993
2014-08-06,1920.24,1920.2400,1305.65,1.47071574
2014-08-07,1909.57,1909.5700,1312.27,1.45516548
2014-08-08,1931.59,1931.5900,1311.48,1.47283222
2014-08-11,1936.92,1936.9200,1308.36,1.48041823
2014-08-12,1933.75,1933.7500,1309.3,1.47693424
2014-08-13,1946.72,1946.7200,1312.55,1.48315874
2014-08-14,1955.18,1955.1800,1313.46,1.48857217
2014-08-15,1955.06,1955.0600,1304.03,1.49924465
2014-08-18,1971.74,1971.7400,1298.15,1.51888457
2014-08-19,1981.6,1981.6000,1295.47,1.52963789
2014-08-20,1986.51,1986.5100,1291.63,1.53798688
2014-08-21,1992.37,1992.3700,1276.64,1.56063573
2014-08-22,1988.4,1988.4000,1280.37,1.55298859
2014-08-25,1997.92,1997.9200,1276.52,1.56513020
2014-08-26,2000.02,2000.0200,1280.95,1.56135681
2014-08-27,2000.12,2000.1200,1282.52,1.55952344
2014-08-28,1996.74,1996.7400,1289.55,1.54840060
2014-08-29,2003.37,2003.3700,1287.12,1.55647492
2014-09-02,2002.28,2002.2800,1265.3,1.58245475
2014-09-03,2000.72,2000.7200,1268.95,1.57667363
2014-09-04,1997.65,1997.6500,1261.71,1.58328776
2014-09-05,2007.71,2007.7100,1268.49,1.58275588
2014-09-08,2001.54,2001.5400,1255.31,1.59445874
2014-09-09,1988.44,1988.4400,1255.11,1.58427548
2014-09-10,1995.69,1995.6900,1249.45,1.59725479
2014-09-11,1997.45,1997.4500,1240.89,1.60969143
2014-09-12,1985.54,1985.5400,1230.42,1.61370914
2014-09-15,1984.13,1984.1300,1233.16,1.60898018
2014-09-16,1998.98,1998.9800,1235.53,1.61791296
2014-09-17,2001.57,2001.5700,1223.16,1.63639262
2014-09-18,2011.36,2011.3600,1224.99,1.64193993
2014-09-19,2010.4,2010.4000,1217.64,1.65106271
2014-09-22,1994.29,1994.2900,1214.93,1.64148552
2014-09-23,1982.77,1982.7700,1223.1,1.62110212
2014-09-24,1998.3,1998.3000,1217,1.64198850
2014-09-25,1965.99,1965.9900,1221.31,1.60973872
2014-09-26,1982.85,1982.8500,1217.46,1.62867774
2014-09-29,1977.8,1977.8000,1215.75,1.62681472
2014-09-30,1972.29,1972.2900,1208.09,1.63256877
2014-10-01,1946.16,1946.1600,1213.54,1.60370486
2014-10-02,1946.17,1946.1700,1214.33,1.60266978
2014-10-03,1967.9,1967.9000,1191.74,1.65128300
2014-10-06,1964.82,1964.8200,1206.92,1.62796209
2014-10-07,1935.1,1935.1000,1208.87,1.60075111
2014-10-08,1968.89,1968.8900,1221.03,1.61248290
2014-10-09,1928.21,1928.2100,1224.23,1.57503900
2014-10-10,1906.13,1906.1300,1223.1,1.55844166
2014-10-13,1874.74,1874.7400,1235.74,1.51709907
2014-10-14,1877.7,1877.7000,1232.68,1.52326638
2014-10-15,1862.49,1862.4900,1241.88,1.49973427
2014-10-16,1862.76,1862.7600,1238.68,1.50382665
2014-10-17,1886.76,1886.7600,1237.64,1.52448208
2014-10-20,1904.01,1904.0100,1246.61,1.52735017
2014-10-21,1941.28,1941.2800,1248.39,1.55502687
2014-10-22,1927.11,1927.1100,1241,1.55286865
2014-10-23,1950.82,1950.8200,1231.57,1.58401065
2014-10-24,1964.58,1964.5800,1230.93,1.59601277
2014-10-27,1961.63,1961.6300,1226,1.60002447
2014-10-28,1985.05,1985.0500,1227.94,1.61656921
2014-10-29,1982.3,1982.3000,1212.79,1.63449567
2014-10-30,1994.65,1994.6500,1199.53,1.66285962
2014-10-31,2018.05,2018.0500,1171.85,1.72210607
2014-11-03,2017.81,2017.8100,1165.47,1.73132728
2014-11-04,2012.1,2012.1000,1168.1,1.72254088
2014-11-05,2023.57,2023.5700,1140.26,1.77465666
2014-11-06,2031.21,2031.2100,1141.69,1.77912568
2014-11-07,2031.92,2031.9200,1174.92,1.72941136
2014-11-10,2038.26,2038.2600,1151.33,1.77035255
2014-11-11,2039.68,2039.6800,1164.2,1.75200137
2014-11-12,2038.25,2038.2500,1162.32,1.75360486
2014-11-13,2039.33,2039.3300,1162.15,1.75479069
2014-11-14,2039.82,2039.8200,1190.73,1.71308357
2014-11-17,2041.32,2041.3200,1186.42,1.72057113
2014-11-18,2051.8,2051.8000,1196.98,1.71414727
2014-11-19,2048.72,2048.7200,1182.6,1.73238627
2014-11-20,2052.75,2052.7500,1193.68,1.71968199
2014-11-21,2063.5,2063.5000,1200.86,1.71835185
2014-11-24,2069.41,2069.4100,1198.24,1.72704133
2014-11-25,2067.03,2067.0300,1200.99,1.72110509
2014-11-26,2072.83,2072.8300,1198.2,1.72995326
2014-11-28,2067.56,2067.5600,1168.85,1.76888395
2014-12-01,2053.44,2053.4400,1211.35,1.69516655
2014-12-02,2066.55,2066.5500,1197.79,1.72530243
2014-12-03,2074.33,2074.3300,1209.09,1.71561257
2014-12-04,2071.92,2071.9200,1205.41,1.71885085
2014-12-05,2075.37,2075.3700,1191.45,1.74188594
2014-12-08,2060.31,2060.3100,1203.16,1.71241564
2014-12-09,2059.82,2059.8200,1230.94,1.67337157
2014-12-10,2026.14,2026.1400,1224.89,1.65414037
2014-12-11,2035.33,2035.3300,1226.93,1.65888029
2014-12-12,2002.33,2002.3300,1221.48,1.63926548
2014-12-15,1989.63,1989.6300,1193.06,1.66766969
2014-12-16,1972.74,1972.7400,1194.7,1.65124299
2014-12-17,2012.89,2012.8900,1188.66,1.69341107
2014-12-18,2061.23,2061.2300,1198.01,1.72054490
2014-12-19,2070.65,2070.6500,1194.7,1.73319662
2014-12-22,2078.54,2078.5400,1176.11,1.76730068
2014-12-23,2082.17,2082.1700,1176.37,1.76999583
2014-12-24,2081.88,2081.8800,1174.8,1.77211440
2014-12-26,2088.77,2088.7700,1195.31,1.74747137
2014-12-29,2090.57,2090.5700,1183.17,1.76692276
2014-12-30,2080.35,2080.3500,1200.3,1.73319170
2014-12-31,2058.9,2058.9000,1183,1.74040575
2015-01-02,2058.2,2058.2000,1187.4,1.73336702
2015-01-05,2020.58,2020.5800,1204.54,1.67747024
2015-01-06,2002.61,2002.6100,1218.53,1.64346385
2015-01-07,2025.9,2025.9000,1211.19,1.67265252
2015-01-08,2062.14,2062.1400,1208.76,1.70599623
2015-01-09,2044.81,2044.8100,1220.73,1.67507147
2015-01-12,2028.26,2028.2600,1233.16,1.64476629
2015-01-13,2023.03,2023.0300,1230.68,1.64383105
2015-01-14,2011.27,2011.2700,1228.61,1.63702884
2015-01-15,1992.67,1992.6700,1262.38,1.57850251
2015-01-16,2019.42,2019.4200,1275.25,1.58354832
2015-01-20,2022.55,2022.5500,1293.87,1.56317868
2015-01-21,2032.12,2032.1200,1292.62,1.57209389
2015-01-22,2063.15,2063.1500,1302,1.58460061
2015-01-23,2051.82,2051.8200,1293.82,1.58586202
2015-01-26,2057.09,2057.0900,1281.03,1.60580939
2015-01-27,2029.55,2029.5500,1292.35,1.57043371
2015-01-28,2002.16,2002.1600,1283.14,1.56035974
2015-01-29,2021.25,2021.2500,1258.1,1.60658930
2015-01-30,1994.99,1994.9900,1283.8,1.55397258
2015-02-02,2020.85,2020.8500,1273.67,1.58663547
2015-02-03,2050.03,2050.0300,1260.23,1.62671100
2015-02-04,2041.51,2041.5100,1268.82,1.60898315
2015-02-05,2062.52,2062.5200,1264.28,1.63137912
2015-02-06,2055.47,2055.4700,1235.26,1.66399786
2015-02-09,2046.74,2046.7400,1238.62,1.65243578
2015-02-10,2068.59,2068.5900,1233.4,1.67714448
2015-02-11,2068.53,2068.5300,1217.88,1.69846783
2015-02-12,2088.48,2088.4800,1221.99,1.70908109
2015-02-13,2096.99,2096.9900,1228.44,1.70703494
2015-02-17,2100.34,2100.3400,1209.22,1.73693786
2015-02-18,2099.68,2099.6800,1212.79,1.73128077
2015-02-19,2097.45,2097.4500,1206.82,1.73799738
2015-02-20,2110.3,2110.3000,1201.11,1.75695815
2015-02-23,2109.66,2109.6600,1201.34,1.75608903
2015-02-24,2115.48,2115.4800,1200.65,1.76194561
2015-02-25,2113.86,2113.8600,1203.86,1.75590185
2015-02-26,2110.74,2110.7400,1209.08,1.74574056
2015-02-27,2104.5,2104.5000,1211.57,1.73700240
2015-03-02,2117.39,2117.3900,1206.38,1.75516007
2015-03-03,2107.78,2107.7800,1203.86,1.75085143
2015-03-04,2098.53,2098.5300,1200.59,1.74791561
2015-03-05,2101.04,2101.0400,1197.91,1.75392141
2015-03-06,2071.26,2071.2600,1165.53,1.77709711
2015-03-09,2079.43,2079.4300,1166.98,1.78189001
2015-03-10,2044.16,2044.1600,1161.4,1.76008266
2015-03-11,2040.24,2040.2400,1155.37,1.76587587
2015-03-12,2065.95,2065.9500,1153.76,1.79062370
2015-03-13,2053.4,2053.4000,1157.34,1.77424093
2015-03-16,2081.19,2081.1900,1154.31,1.80297320
2015-03-17,2074.28,2074.2800,1149.49,1.80452201
2015-03-18,2099.5,2099.5000,1167.99,1.79753251
2015-03-19,2089.27,2089.2700,1171.35,1.78364281
2015-03-20,2108.1,2108.1000,1182.55,1.78267304
2015-03-23,2104.42,2104.4200,1190.08,1.76830129
2015-03-24,2091.5,2091.5000,1193.14,1.75293763
2015-03-25,2061.05,2061.0500,1195.4,1.72415091
2015-03-26,2056.15,2056.1500,1204.16,1.70753887
2015-03-27,2061.02,2061.0200,1198.78,1.71926459
2015-03-30,2086.24,2086.2400,1186.02,1.75902599
2015-03-31,2067.89,2067.8900,1183.38,1.74744376
2015-04-01,2059.69,2059.6900,1204.26,1.71033664
2015-04-02,2066.96,2066.9600,1202.86,1.71837122
2015-04-06,2080.62,2080.6200,1214.82,1.71269818
2015-04-07,2076.33,2076.3300,1208.66,1.71787765
2015-04-08,2081.9,2081.9000,1202.86,1.73079161
2015-04-09,2091.18,2091.1800,1194.76,1.75029295
2015-04-10,2102.06,2102.0600,1208.56,1.73930959
2015-04-13,2092.43,2092.4300,1199.1,1.74500042
2015-04-14,2095.84,2095.8400,1192.71,1.75720837
2015-04-15,2106.63,2106.6300,1202.32,1.75213753
2015-04-16,2104.99,2104.9900,1198.7,1.75606073
2015-04-17,2081.18,2081.1800,1204.81,1.72739270
2015-04-20,2100.4,2100.4000,1196.42,1.75557079
2015-04-21,2097.29,2097.2900,1202.71,1.74380358
2015-04-22,2107.96,2107.9600,1187.61,1.77495979
2015-04-23,2112.93,2112.9300,1194.1,1.76947492
2015-04-24,2117.69,2117.6900,1178.99,1.79618996
2015-04-27,2108.92,2108.9200,1202.14,1.75430482
2015-04-28,2114.76,2114.7600,1212.19,1.74457800
2015-04-29,2106.85,2106.8500,1204.93,1.74852481
2015-04-30,2085.51,2085.5100,1184.5,1.76066695
2015-05-01,2108.29,2108.2900,1177.85,1.78994779
2015-05-04,2114.49,2114.4900,1188.57,1.77902017
2015-05-05,2089.46,2089.4600,1193.51,1.75068495
2015-05-06,2080.15,2080.1500,1192,1.74509228
2015-05-07,2088,2088.0000,1184.92,1.76214428
2015-05-08,2116.1,2116.1000,1188.37,1.78067437
2015-05-11,2105.33,2105.3300,1184.25,1.77777496
2015-05-12,2099.12,2099.1200,1194.1,1.75790972
2015-05-13,2098.48,2098.4800,1215.33,1.72667506
2015-05-14,2121.1,2121.1000,1221.6,1.73632940
2015-05-15,2122.73,2122.7300,1225.13,1.73265694
2015-05-18,2129.2,2129.2000,1225.89,1.73686057
2015-05-19,2127.83,2127.8300,1208.48,1.76074904
2015-05-20,2125.85,2125.8500,1209.92,1.75701699
2015-05-21,2130.82,2130.8200,1206.92,1.76550227
2015-05-22,2126.06,2126.0600,1205.67,1.76338467
2015-05-26,2104.2,2104.2000,1187.99,1.77122703
2015-05-27,2123.48,2123.4800,1188.32,1.78695974
2015-05-28,2120.79,2120.7900,1188.61,1.78426061
2015-05-29,2107.39,2107.3900,1190.22,1.77058863
2015-06-01,2111.73,2111.7300,1189.6,1.77515972
2015-06-02,2109.6,2109.6000,1193.44,1.76766323
2015-06-03,2114.07,2114.0700,1185.82,1.78279165
2015-06-04,2095.84,2095.8400,1177.01,1.78064757
2015-06-05,2092.83,2092.8300,1171.2,1.78691086
2015-06-08,2079.28,2079.2800,1174.09,1.77097156
2015-06-09,2080.15,2080.1500,1176.76,1.76769265
2015-06-10,2105.2,2105.2000,1185.95,1.77511699
2015-06-11,2108.86,2108.8600,1182.43,1.78349670
2015-06-12,2094.11,2094.1100,1181.35,1.77264147
2015-06-15,2084.43,2084.4300,1186.57,1.75668524
2015-06-16,2096.29,2096.2900,1181.94,1.77360103
2015-06-17,2100.44,2100.4400,1185.34,1.77201478
2015-06-18,2121.24,2121.2400,1202,1.76475874
2015-06-19,2109.99,2109.9900,1201.19,1.75658306
2015-06-22,2122.85,2122.8500,1186.1,1.78977321
2015-06-23,2124.2,2124.2000,1178.35,1.80269020
2015-06-24,2108.58,2108.5800,1175.34,1.79401705
2015-06-25,2102.31,2102.3100,1173.29,1.79180765
2015-06-26,2101.49,2101.4900,1174.78,1.78883706
2015-06-29,2057.64,2057.6400,1180.23,1.74342289
2015-06-30,2063.11,2063.1100,1172.36,1.75979221
2015-07-01,2077.42,2077.4200,1169.19,1.77680274
2015-07-02,2076.78,2076.7800,1166.65,1.78012257
2015-07-06,2068.76,2068.7600,1170.24,1.76780831
2015-07-07,2081.34,2081.3400,1155.25,1.80163601
2015-07-08,2046.68,2046.6800,1158.87,1.76609974
2015-07-09,2051.31,2051.3100,1159.88,1.76855364
2015-07-10,2076.62,2076.6200,1162.78,1.78590963
2015-07-13,2099.6,2099.6000,1157.83,1.81339229
2015-07-14,2108.95,2108.9500,1156.09,1.82420919
2015-07-15,2107.4,2107.4000,1149.12,1.83392509
2015-07-16,2124.29,2124.2900,1145.8,1.85397975
2015-07-17,2126.64,2126.6400,1134.11,1.87516202
2015-07-20,2128.28,2128.2800,1097.51,1.93918962
2015-07-21,2119.21,2119.2100,1101.78,1.92344207
2015-07-22,2114.15,2114.1500,1094.78,1.93111858
2015-07-23,2102.15,2102.1500,1091.01,1.92679261
2015-07-24,2079.65,2079.6500,1098.97,1.89236285
2015-07-27,2067.64,2067.6400,1094.23,1.88958446
2015-07-28,2093.25,2093.2500,1095.85,1.91016106
2015-07-29,2108.57,2108.5700,1096.68,1.92268483
2015-07-30,2108.63,2108.6300,1088.64,1.93693967
2015-07-31,2103.84,2103.8400,1095.23,1.92091159
2015-08-03,2098.04,2098.0400,1086.78,1.93051031
2015-08-04,2093.32,2093.3200,1088.13,1.92377749
2015-08-05,2099.84,2099.8400,1085.67,1.93414205
2015-08-06,2083.56,2083.5600,1089.98,1.91155801
2015-08-07,2077.57,2077.5700,1092.48,1.90170072
2015-08-10,2104.18,2104.1800,1104.85,1.90449382
2015-08-11,2084.07,2084.0700,1109.23,1.87884388
2015-08-12,2086.05,2086.0500,1125.29,1.85378880
2015-08-13,2083.39,2083.3900,1115.49,1.86769043
2015-08-14,2091.54,2091.5400,1115.41,1.87513112
2015-08-17,2102.44,2102.4400,1117.51,1.88136124
2015-08-18,2096.92,2096.9200,1117.87,1.87581740
2015-08-19,2079.61,2079.6100,1133.85,1.83411386
2015-08-20,2035.73,2035.7300,1153.27,1.76518075
2015-08-21,1970.89,1970.8900,1159.56,1.69968781
2015-08-24,1893.21,1893.2100,1155.39,1.63858957
2015-08-25,1867.61,1867.6100,1140.72,1.63722035
2015-08-26,1940.51,1940.5100,1124.88,1.72508179
2015-08-27,1987.66,1987.6600,1125.34,1.76627508
2015-08-28,1988.87,1988.8700,1134.33,1.75334338
2015-08-31,1972.18,1972.1800,1134.6,1.73821611
2015-09-01,1913.85,1913.8500,1140.14,1.67860964
2015-09-02,1948.86,1948.8600,1134.03,1.71852596
2015-09-03,1951.13,1951.1300,1125.89,1.73296681
2015-09-04,1921.22,1921.2200,1122.28,1.71189008
2015-09-08,1969.41,1969.4100,1121.79,1.75559597
2015-09-09,1942.04,1942.0400,1107.14,1.75410517
2015-09-10,1952.29,1952.2900,1110.96,1.75729999
2015-09-11,1961.05,1961.0500,1107.98,1.76993267
2015-09-14,1953.03,1953.0300,1108.23,1.76229664
2015-09-15,1978.09,1978.0900,1105.19,1.78981895
2015-09-16,1995.31,1995.3100,1118.96,1.78318260
2015-09-17,1990.2,1990.2000,1131.11,1.75951057
2015-09-18,1958.03,1958.0300,1139.55,1.71824843
2015-09-21,1966.97,1966.9700,1133.84,1.73478621
2015-09-22,1942.74,1942.7400,1125.42,1.72623554
2015-09-23,1938.76,1938.7600,1130.55,1.71488214
2015-09-24,1932.24,1932.2400,1153.56,1.67502341
2015-09-25,1931.34,1931.3400,1146.81,1.68409763
2015-09-28,1881.77,1881.7700,1132.56,1.66151904
2015-09-29,1884.09,1884.0900,1127.87,1.67048507
2015-09-30,1920.03,1920.0300,1115.34,1.72147507
2015-10-01,1923.82,1923.8200,1114.07,1.72683943
2015-10-02,1951.36,1951.3600,1137.99,1.71474266
2015-10-05,1987.05,1987.0500,1135.9,1.74931772
2015-10-06,1979.92,1979.9200,1147.23,1.72582656
2015-10-07,1995.83,1995.8300,1145.55,1.74224608
2015-10-08,2013.43,2013.4300,1139.53,1.76689512
2015-10-09,2014.89,2014.8900,1157.58,1.74060540
2015-10-12,2017.46,2017.4600,1164.59,1.73233498
2015-10-13,2003.69,2003.6900,1169.19,1.71374199
2015-10-14,1994.24,1994.2400,1183.79,1.68462312
2015-10-15,2023.86,2023.8600,1183.65,1.70984666
2015-10-16,2033.11,2033.1100,1176.38,1.72827658
2015-10-19,2033.66,2033.6600,1171.07,1.73658278
2015-10-20,2030.77,2030.7700,1176.09,1.72671309
2015-10-21,2018.94,2018.9400,1168.32,1.72807108
2015-10-22,2052.51,2052.5100,1165.97,1.76034546
2015-10-23,2075.15,2075.1500,1165.02,1.78121406
2015-10-26,2071.18,2071.1800,1163.51,1.78011362
2015-10-27,2065.89,2065.8900,1166.9,1.77040878
2015-10-28,2090.35,2090.3500,1157.61,1.80574632
2015-10-29,2089.41,2089.4100,1147.8,1.82036069
2015-10-30,2079.36,2079.3600,1142.22,1.82045490
2015-11-02,2104.05,2104.0500,1134.72,1.85424598
2015-11-03,2109.79,2109.7900,1117.93,1.88722908
2015-11-04,2102.31,2102.3100,1107.95,1.89747732
2015-11-05,2099.93,2099.9300,1104.63,1.90102568
2015-11-06,2099.2,2099.2000,1088.36,1.92877357
2015-11-09,2078.58,2078.5800,1092.28,1.90297360
2015-11-10,2081.72,2081.7200,1090.32,1.90927434
2015-11-11,2075,2075.0000,1086.46,1.90987243
2015-11-12,2045.97,2045.9700,1085.8,1.88429729
2015-11-13,2023.04,2023.0400,1082.07,1.86960178
2015-11-16,2053.19,2053.1900,1083.94,1.89419156
2015-11-17,2050.44,2050.4400,1071.24,1.91408088
2015-11-18,2083.58,2083.5800,1070.7,1.94599795
2015-11-19,2081.24,2081.2400,1082.07,1.92338758
2015-11-20,2089.17,2089.1700,1077.73,1.93849109
2015-11-23,2086.59,2086.5900,1068.63,1.95258415
2015-11-24,2089.14,2089.1400,1075.6,1.94230197
2015-11-25,2088.87,2088.8700,1072.13,1.94833649
2015-11-27,2090.11,2090.1100,1058.63,1.97435365
2015-11-30,2080.41,2080.4100,1064.66,1.95406045
2015-12-01,2102.63,2102.6300,1069.24,1.96647151
2015-12-02,2079.51,2079.5100,1054.13,1.97272632
2015-12-03,2049.62,2049.6200,1061.79,1.93034404
2015-12-04,2091.69,2091.6900,1087.07,1.92415392
2015-12-07,2077.07,2077.0700,1071.34,1.93875894
2015-12-08,2063.59,2063.5900,1075.03,1.91956504
2015-12-09,2047.62,2047.6200,1073.22,1.90792195
2015-12-10,2052.23,2052.2300,1072.08,1.91425080
2015-12-11,2012.37,2012.3700,1077.26,1.86804485
2015-12-14,2021.94,2021.9400,1060.19,1.90714872
2015-12-15,2043.41,2043.4100,1061.73,1.92460418
2015-12-16,2073.07,2073.0700,1072.26,1.93336504
2015-12-17,2041.89,2041.8900,1051.58,1.94173529
2015-12-18,2005.55,2005.5500,1066.65,1.88023250
2015-12-21,2021.15,2021.1500,1080.28,1.87095012
2015-12-22,2038.97,2038.9700,1072.47,1.90119071
2015-12-23,2064.29,2064.2900,1071.13,1.92720772
2015-12-24,2060.99,2060.9900,1076.88,1.91385298
2015-12-28,2056.5,2056.5000,1069.83,1.92226802
2015-12-29,2078.36,2078.3600,1069.11,1.94400950
2015-12-30,2063.36,2063.3600,1061.53,1.94376042
2015-12-31,2043.94,2043.9400,1061.46,1.92559305
2016-01-04,2012.66,2012.6600,1074.42,1.87325255
2016-01-05,2016.71,2016.7100,1077.94,1.87089263
2016-01-06,1990.26,1990.2600,1093.77,1.81963301
2016-01-07,1943.09,1943.0900,1109.92,1.75065771
2016-01-08,1922.03,1922.0300,1103.96,1.74103228
2016-01-11,1923.67,1923.6700,1094.56,1.75748246
2016-01-12,1938.68,1938.6800,1086.41,1.78448284
2016-01-13,1890.28,1890.2800,1093.66,1.72839822
2016-01-14,1921.84,1921.8400,1079.23,1.78075109
2016-01-15,1880.33,1880.3300,1088.11,1.72806977
2016-01-19,1881.33,1881.3300,1087.83,1.72943383
2016-01-20,1859.33,1859.3300,1101.32,1.68827407
2016-01-21,1868.99,1868.9900,1101.41,1.69690669
2016-01-22,1906.9,1906.9000,1097.66,1.73724104
2016-01-25,1877.08,1877.0800,1107.95,1.69419198
2016-01-26,1903.63,1903.6300,1120.08,1.69954825
2016-01-27,1882.95,1882.9500,1125.06,1.67364407
2016-01-28,1893.36,1893.3600,1115.13,1.69788276
2016-01-29,1940.24,1940.2400,1117.69,1.73593751
2016-02-01,1939.38,1939.3800,1127.9,1.71946095
2016-02-02,1903.03,1903.0300,1129.07,1.68548451
2016-02-03,1912.53,1912.5300,1142.65,1.67376712
2016-02-04,1915.45,1915.4500,1156.09,1.65683468
2016-02-05,1880.05,1880.0500,1173.45,1.60215604
2016-02-08,1853.44,1853.4400,1189.42,1.55827210
2016-02-09,1852.21,1852.2100,1189.08,1.55768325
2016-02-10,1851.86,1851.8600,1195.8,1.54863690
2016-02-11,1829.08,1829.0800,1247.25,1.46649028
2016-02-12,1864.78,1864.7800,1238.61,1.50554250
2016-02-16,1895.58,1895.5800,1200.8,1.57859760
2016-02-17,1926.82,1926.8200,1209.41,1.59319007
2016-02-18,1917.83,1917.8300,1230.9,1.55807133
2016-02-19,1917.78,1917.7800,1229.46,1.55985555
2016-02-22,1945.5,1945.5000,1208.38,1.61000679
2016-02-23,1921.27,1921.2700,1226.09,1.56698937
2016-02-24,1929.8,1929.8000,1228.87,1.57038580
2016-02-25,1951.7,1951.7000,1233.17,1.58266906
2016-02-26,1948.05,1948.0500,1224.01,1.59153111
2016-02-29,1932.23,1932.2300,1238.86,1.55968390
2016-03-01,1978.35,1978.3500,1232.66,1.60494378
2016-03-02,1986.45,1986.4500,1239.83,1.60219546
2016-03-03,1993.4,1993.4000,1264.87,1.57597223
2016-03-04,1999.99,1999.9900,1261.55,1.58534343
2016-03-07,2001.76,2001.7600,1267.54,1.57924799
2016-03-08,1979.26,1979.2600,1261.67,1.56876204
2016-03-09,1989.26,1989.2600,1253.93,1.58642029
2016-03-10,1989.57,1989.5700,1272.29,1.56377084
2016-03-11,2022.19,2022.1900,1250.22,1.61746733
2016-03-14,2019.64,2019.6400,1233.94,1.63674085
2016-03-15,2015.93,2015.9300,1233.46,1.63436998
2016-03-16,2027.22,2027.2200,1260.7,1.60801142
2016-03-17,2040.59,2040.5900,1257.17,1.62316155
2016-03-18,2049.58,2049.5800,1255.67,1.63226007
2016-03-21,2051.6,2051.6000,1243.69,1.64960722
2016-03-22,2049.8,2049.8000,1248.76,1.64146834
2016-03-23,2036.71,2036.7100,1222.44,1.66610222
2016-03-24,2035.94,2035.9400,1217.18,1.67266961
2016-03-28,2037.05,2037.0500,1221.97,1.66702129
2016-03-29,2055.01,2055.0100,1242.05,1.65453082
2016-03-30,2063.95,2063.9500,1225.37,1.68434840
2016-03-31,2059.74,2059.7400,1232.95,1.67057869
2016-04-01,2072.78,2072.7800,1223.75,1.69379367
2016-04-04,2066.13,2066.1300,1215.59,1.69969315
2016-04-05,2045.17,2045.1700,1231.32,1.66095735
2016-04-06,2066.66,2066.6600,1222.73,1.69020143
2016-04-07,2041.91,2041.9100,1240.42,1.64614405
2016-04-08,2047.6,2047.6000,1239.8,1.65155670
2016-04-11,2041.99,2041.9900,1258.1,1.62307448
2016-04-12,2061.72,2061.7200,1255.49,1.64216362
2016-04-13,2082.42,2082.4200,1242.88,1.67547953
2016-04-14,2082.78,2082.7800,1227.85,1.69628212
2016-04-15,2080.73,2080.7300,1234.26,1.68581174
2016-04-18,2094.34,2094.3400,1232.25,1.69960641
2016-04-19,2100.8,2100.8000,1250.29,1.68025018
2016-04-20,2102.4,2102.4000,1244.09,1.68990989
2016-04-21,2091.48,2091.4800,1248.33,1.67542236
2016-04-22,2091.58,2091.5800,1233.84,1.69517928
2016-04-25,2087.79,2087.7900,1238.32,1.68598585
2016-04-26,2091.7,2091.7000,1243.64,1.68191760
2016-04-27,2095.15,2095.1500,1245.78,1.68179775
2016-04-28,2075.81,2075.8100,1266.25,1.63933662
2016-04-29,2065.3,2065.3000,1293.03,1.59725606
2016-05-02,2081.43,2081.4300,1291.85,1.61120099
2016-05-03,2063.37,2063.3700,1286.62,1.60371361
2016-05-04,2051.12,2051.1200,1279.7,1.60281316
2016-05-05,2050.63,2050.6300,1278.12,1.60441117
2016-05-06,2057.14,2057.1400,1288.89,1.59605552
2016-05-09,2058.69,2058.6900,1264.09,1.62859448
2016-05-10,2084.39,2084.3900,1265.96,1.64648962
2016-05-11,2064.46,2064.4600,1277.28,1.61629400
2016-05-12,2064.11,2064.1100,1263.55,1.63357999
2016-05-13,2046.61,2046.6100,1273.9,1.60657037
2016-05-16,2066.66,2066.6600,1274.28,1.62182566
2016-05-17,2047.21,2047.2100,1279.1,1.60050817
2016-05-18,2047.63,2047.6300,1258.75,1.62671698
2016-05-19,2040.04,2040.0400,1255.41,1.62499900
2016-05-20,2052.32,2052.3200,1252.7,1.63831723
2016-05-23,2048.04,2048.0400,1249.01,1.63973067
2016-05-24,2076.06,2076.0600,1227.09,1.69185634
2016-05-25,2090.54,2090.5400,1224.16,1.70773428
2016-05-26,2090.1,2090.1000,1220.47,1.71253697
2016-05-27,2099.06,2099.0600,1210.39,1.73420137
2016-05-31,2096.95,2096.9500,1215.74,1.72483426
2016-06-01,2099.33,2099.3300,1213.39,1.73013623
2016-06-02,2105.26,2105.2600,1211.38,1.73790223
2016-06-03,2099.13,2099.1300,1244.37,1.68690181
2016-06-06,2109.41,2109.4100,1244.87,1.69448215
2016-06-07,2112.13,2112.1300,1243.83,1.69808575
2016-06-08,2119.12,2119.1200,1262.7,1.67824503
2016-06-09,2115.48,2115.4800,1269.36,1.66657213
2016-06-10,2096.07,2096.0700,1274.55,1.64455690
2016-06-13,2079.06,2079.0600,1284.57,1.61848712
2016-06-14,2075.32,2075.3200,1285.93,1.61386701
2016-06-15,2071.5,2071.5000,1292.59,1.60259634
2016-06-16,2077.99,2077.9900,1278.52,1.62530895
2016-06-17,2071.22,2071.2200,1298.62,1.59493924
2016-06-20,2083.25,2083.2500,1290.48,1.61432180
2016-06-21,2088.9,2088.9000,1268.57,1.64665726
2016-06-22,2085.45,2085.4500,1266.37,1.64679359
2016-06-23,2113.32,2113.3200,1255.92,1.68268680
2016-06-24,2037.41,2037.4100,1318.56,1.54517807
2016-06-27,2000.54,2000.5400,1324.33,1.51060536
2016-06-28,2036.09,2036.0900,1311.5,1.55248952
2016-06-29,2070.77,2070.7700,1319.52,1.56933582
2016-06-30,2098.86,2098.8600,1321.94,1.58771200
2016-07-01,2102.95,2102.9500,1343.61,1.56514911
2016-07-05,2088.55,2088.5500,1356.4,1.53977440
2016-07-06,2099.73,2099.7300,1364,1.53939150
2016-07-07,2097.9,2097.9000,1360.88,1.54157604
2016-07-08,2129.9,2129.9000,1366.65,1.55848242
2016-07-11,2137.16,2137.1600,1355.36,1.57682092
2016-07-12,2152.14,2152.1400,1333.79,1.61355236
2016-07-13,2152.43,2152.4300,1342.78,1.60296549
2016-07-14,2163.75,2163.7500,1335.3,1.62042238
2016-07-15,2161.74,2161.7400,1329.15,1.62640785
2016-07-18,2166.89,2166.8900,1328.87,1.63062602
2016-07-19,2163.78,2163.7800,1332.22,1.62419120
2016-07-20,2173.02,2173.0200,1316.28,1.65087975
2016-07-21,2165.17,2165.1700,1331.13,1.62656540
2016-07-22,2175.03,2175.0300,1323.44,1.64346703
2016-07-25,2168.48,2168.4800,1315.65,1.64821951
2016-07-26,2169.18,2169.1800,1320.2,1.64306923
2016-07-27,2166.58,2166.5800,1340.54,1.61619944
2016-07-28,2170.06,2170.0600,1336.18,1.62407759
2016-07-29,2173.6,2173.6000,1352.15,1.60751396
2016-08-01,2170.84,2170.8400,1353.17,1.60426258
2016-08-02,2157.03,2157.0300,1364.16,1.58121481
2016-08-03,2163.79,2163.7900,1358.26,1.59306024
2016-08-04,2164.25,2164.2500,1359.97,1.59139540
2016-08-05,2182.87,2182.8700,1336.76,1.63295580
2016-08-08,2180.89,2180.8900,1335.33,1.63322175
2016-08-09,2181.74,2181.7400,1340.75,1.62725340
2016-08-10,2175.49,2175.4900,1346.67,1.61545887
2016-08-11,2185.79,2185.7900,1339,1.63240478
2016-08-12,2184.05,2184.0500,1335.05,1.63593124
2016-08-15,2190.15,2190.1500,1339.4,1.63517247
2016-08-16,2178.15,2178.1500,1346.46,1.61768638
2016-08-17,2182.22,2182.2200,1349.19,1.61742972
2016-08-18,2187.02,2187.0200,1351.95,1.61767817
2016-08-19,2183.87,2183.8700,1340.55,1.62908508
2016-08-22,2182.64,2182.6400,1338.77,1.63033232
2016-08-23,2186.9,2186.9000,1337.31,1.63529772
2016-08-24,2175.44,2175.4400,1324.13,1.64292026
2016-08-25,2172.47,2172.4700,1321.7,1.64369373
2016-08-26,2169.04,2169.0400,1320.89,1.64210494
2016-08-29,2180.38,2180.3800,1323.29,1.64769627
2016-08-30,2176.12,2176.1200,1311.44,1.65933630
2016-08-31,2170.95,2170.9500,1308.88,1.65863181
2016-09-01,2170.86,2170.8600,1313.79,1.65236453
2016-09-02,2179.98,2179.9800,1325.34,1.64484585
2016-09-06,2186.48,2186.4800,1348.99,1.62082743
2016-09-07,2186.16,2186.1600,1346.31,1.62381621
2016-09-08,2181.3,2181.3000,1338.01,1.63025687
2016-09-09,2127.81,2127.8100,1329.23,1.60078391
2016-09-12,2159.04,2159.0400,1327.43,1.62648125
2016-09-13,2127.02,2127.0200,1318.59,1.61310187
2016-09-14,2125.77,2125.7700,1321.73,1.60832394
2016-09-15,2147.26,2147.2600,1314.67,1.63330722
2016-09-16,2139.16,2139.1600,1311.2,1.63145210
2016-09-19,2139.12,2139.1200,1312.99,1.62919748
2016-09-20,2139.76,2139.7600,1314.85,1.62737955
2016-09-21,2163.12,2163.1200,1334.56,1.62084882
2016-09-22,2177.18,2177.1800,1336.63,1.62885765
2016-09-23,2164.69,2164.6900,1337.64,1.61829042
2016-09-26,2146.1,2146.1000,1337.75,1.60426089
2016-09-27,2159.93,2159.9300,1327.28,1.62733560
2016-09-28,2171.37,2171.3700,1321.43,1.64319714
2016-09-29,2151.13,2151.1300,1320.33,1.62923663
2016-09-30,2168.27,2168.2700,1317.57,1.64565830
2016-10-03,2161.2,2161.2000,1311.01,1.64850001
2016-10-04,2150.49,2150.4900,1268.45,1.69536836
2016-10-05,2159.73,2159.7300,1266.58,1.70516667
2016-10-06,2160.77,2160.7700,1254.11,1.72295094
2016-10-07,2153.74,2153.7400,1254.97,1.71616851
2016-10-10,2163.66,2163.6600,1259.31,1.71813136
2016-10-11,2136.73,2136.7300,1252.7,1.70569969
2016-10-12,2139.18,2139.1800,1255.01,1.70451231
2016-10-13,2132.55,2132.5500,1257.85,1.69539293
2016-10-14,2132.98,2132.9800,1251.72,1.70403924
2016-10-17,2126.5,2126.5000,1255.51,1.69373402
2016-10-18,2139.6,2139.6000,1262.49,1.69474610
2016-10-19,2144.29,2144.2900,1269.01,1.68973452
2016-10-20,2141.34,2141.3400,1265.48,1.69211683
2016-10-21,2141.16,2141.1600,1266.81,1.69019821
2016-10-24,2151.33,2151.3300,1264.23,1.70169194
2016-10-25,2143.16,2143.1600,1274.1,1.68209717
2016-10-26,2139.43,2139.4300,1266.69,1.68899257
2016-10-27,2133.04,2133.0400,1268.41,1.68166445
2016-10-28,2126.41,2126.4100,1274.68,1.66819123
2016-10-31,2126.15,2126.1500,1276.66,1.66540034
2016-11-01,2111.72,2111.7200,1288.36,1.63907603
2016-11-02,2097.94,2097.9400,1297.64,1.61673500
2016-11-03,2088.66,2088.6600,1302.13,1.60403339
2016-11-04,2085.18,2085.1800,1304.29,1.59870888
2016-11-07,2131.52,2131.5200,1281.35,1.66349553
2016-11-08,2139.56,2139.5600,1275.38,1.67758629
2016-11-09,2163.26,2163.2600,1278,1.69269171
2016-11-10,2167.48,2167.4800,1258.81,1.72184841
2016-11-11,2164.45,2164.4500,1227.54,1.76324193
2016-11-14,2164.2,2164.2000,1221.03,1.77243802
2016-11-15,2180.39,2180.3900,1228.45,1.77491147
2016-11-16,2176.94,2176.9400,1225.05,1.77702135
2016-11-17,2187.12,2187.1200,1216.08,1.79850010
2016-11-18,2181.9,2181.9000,1207.87,1.80640301
2016-11-21,2198.18,2198.1800,1213.94,1.81078142
2016-11-22,2202.94,2202.9400,1212.38,1.81703756
2016-11-23,2204.72,2204.7200,1188.48,1.85507539
2016-11-25,2213.35,2213.3500,1184.27,1.86895725
2016-11-28,2201.72,2201.7200,1193.82,1.84426463
2016-11-29,2204.66,2204.6600,1188.31,1.85529029
2016-11-30,2198.81,2198.8100,1173.32,1.87400709
2016-12-01,2191.08,2191.0800,1171.61,1.87014450
2016-12-02,2191.95,2191.9500,1175.78,1.86425182
2016-12-05,2204.71,2204.7100,1170.54,1.88349821
2016-12-06,2212.23,2212.2300,1170,1.89079487
2016-12-07,2241.35,2241.3500,1173.93,1.90927057
2016-12-08,2246.19,2246.1900,1170.57,1.91888567
2016-12-09,2259.53,2259.5300,1158.9,1.94971956
2016-12-12,2256.96,2256.9600,1162.24,1.94190529
2016-12-13,2271.72,2271.7200,1158.61,1.96072880
2016-12-14,2253.28,2253.2800,1142.92,1.97151157
2016-12-15,2262.03,2262.0300,1128.6,2.00427964
2016-12-16,2258.07,2258.0700,1133.6,1.99194601
2016-12-19,2262.53,2262.5300,1137.84,1.98844301
2016-12-20,2270.76,2270.7600,1132.38,2.00529857
2016-12-21,2265.18,2265.1800,1131.51,2.00190895
2016-12-22,2260.96,2260.9600,1128.28,2.00389974
2016-12-23,2263.79,2263.7900,1131.77,2.00022089
2016-12-27,2268.88,2268.8800,1138.81,1.99232532
2016-12-28,2249.92,2249.9200,1141.5,1.97102059
2016-12-29,2249.26,2249.2600,1158.12,1.94216489
2016-12-30,2238.83,2238.8300,1150.91,1.94526940
2017-01-03,2257.83,2257.8300,1158.82,1.94838715
2017-01-04,2270.75,2270.7500,1163.53,1.95160417
2017-01-05,2269,2269.0000,1180.46,1.92213205
2017-01-06,2276.98,2276.9800,1172.3,1.94231852
2017-01-09,2268.9,2268.9000,1181,1.92116850
2017-01-10,2268.9,2268.9000,1187.7,1.91033089
2017-01-11,2275.32,2275.3200,1191.5,1.90962652
2017-01-12,2270.44,2270.4400,1195.8,1.89867871
2017-01-13,2274.64,2274.6400,1198.39,1.89807992
2017-01-17,2267.89,2267.8900,1217.15,1.86327897
2017-01-18,2271.89,2271.8900,1204.29,1.88649744
2017-01-19,2263.69,2263.6900,1204.53,1.87931392
2017-01-20,2271.31,2271.3100,1207.68,1.88072171
2017-01-23,2265.2,2265.2000,1218.22,1.85943426
2017-01-24,2280.07,2280.0700,1208.86,1.88613239
2017-01-25,2298.37,2298.3700,1200.67,1.91423955
2017-01-26,2296.68,2296.6800,1188.95,1.93168762
2017-01-27,2294.69,2294.6900,1190.91,1.92683746
2017-01-30,2280.9,2280.9000,1195.51,1.90788868
2017-01-31,2278.87,2278.8700,1210.61,1.88241465
2017-02-01,2279.55,2279.5500,1209.65,1.88447071
2017-02-02,2280.85,2280.8500,1215.78,1.87603843
2017-02-03,2297.42,2297.4200,1219.27,1.88425861
2017-02-06,2292.56,2292.5600,1235.45,1.85564774
2017-02-07,2293.08,2293.0800,1233.75,1.85862614
2017-02-08,2294.67,2294.6700,1241.51,1.84828958
2017-02-09,2307.87,2307.8700,1230.91,1.87492993
2017-02-10,2316.1,2316.1000,1233.81,1.87719341
2017-02-13,2328.25,2328.2500,1225.33,1.90010038
2017-02-14,2337.58,2337.5800,1228.09,1.90342727
2017-02-15,2349.25,2349.2500,1233.67,1.90427748
2017-02-16,2347.22,2347.2200,1239.1,1.89429425
2017-02-17,2351.16,2351.1600,1236.12,1.90204834
2017-02-21,2365.38,2365.3800,1235.78,1.91407856
2017-02-22,2362.82,2362.8200,1237.49,1.90936492
2017-02-23,2363.81,2363.8100,1249.63,1.89160792
2017-02-24,2367.34,2367.3400,1256.68,1.88380495
2017-02-27,2369.75,2369.7500,1253.04,1.89120060
2017-02-28,2363.64,2363.6400,1248.89,1.89259262
2017-03-01,2395.96,2395.9600,1248.87,1.91850233
2017-03-02,2381.92,2381.9200,1234.46,1.92952384
2017-03-03,2383.12,2383.1200,1234.3,1.93074617
2017-03-06,2375.31,2375.3100,1225.47,1.93828490
2017-03-07,2368.39,2368.3900,1216.84,1.94634463
2017-03-08,2362.98,2362.9800,1207.51,1.95690305
2017-03-09,2364.87,2364.8700,1203.29,1.96533670
2017-03-10,2372.6,2372.6000,1204.45,1.96986176
2017-03-13,2373.47,2373.4700,1203.95,1.97140247
2017-03-14,2365.45,2365.4500,1198.94,1.97295111
2017-03-15,2385.26,2385.2600,1218.47,1.95758615
2017-03-16,2381.38,2381.3800,1227.3,1.94034059
2017-03-17,2378.25,2378.2500,1229.42,1.93444876
2017-03-20,2373.47,2373.4700,1234.51,1.92260087
2017-03-21,2344.02,2344.0200,1244.59,1.88336721
2017-03-22,2348.45,2348.4500,1248.43,1.88112269
2017-03-23,2345.96,2345.9600,1244.46,1.88512286
2017-03-24,2343.98,2343.9800,1243.73,1.88463734
2017-03-27,2341.59,2341.5900,1254.47,1.86659705
2017-03-28,2358.57,2358.5700,1251.9,1.88399233
2017-03-29,2361.13,2361.1300,1253.7,1.88332935
2017-03-30,2368.06,2368.0600,1242.34,1.90612876
2017-03-31,2362.72,2362.7200,1247.31,1.89425243
2017-04-03,2358.84,2358.8400,1253.55,1.88172789
2017-04-04,2360.16,2360.1600,1256.27,1.87870442
2017-04-05,2352.95,2352.9500,1255.52,1.87408404
2017-04-06,2357.49,2357.4900,1251.49,1.88374657
2017-04-07,2355.54,2355.5400,1254.75,1.87729827
2017-04-10,2357.16,2357.1600,1254.14,1.87950309
2017-04-11,2353.78,2353.7800,1273.57,1.84817482
2017-04-12,2344.93,2344.9300,1287.06,1.82192749
2017-04-13,2328.95,2328.9500,1286.99,1.80961002
2017-04-17,2349.01,2349.0100,1285.16,1.82779576
2017-04-18,2342.19,2342.1900,1289.63,1.81617208
2017-04-19,2338.17,2338.1700,1279.96,1.82675240
2017-04-20,2355.84,2355.8400,1282.18,1.83737073
2017-04-21,2348.69,2348.6900,1284.94,1.82785967
2017-04-24,2374.15,2374.1500,1276.01,1.86060454
2017-04-25,2388.61,2388.6100,1263.92,1.88984271
2017-04-26,2387.45,2387.4500,1268.23,1.88250554
2017-04-27,2388.77,2388.7700,1264.65,1.88887835
2017-04-28,2384.2,2384.2000,1268.16,1.88004668
2017-05-01,2388.33,2388.3300,1256.15,1.90130956
2017-05-02,2391.17,2391.1700,1256.95,1.90235888
2017-05-03,2388.13,2388.1300,1237.56,1.92970846
2017-05-04,2389.52,2389.5200,1227.89,1.94603751
2017-05-05,2399.29,2399.2900,1229.41,1.95157840
2017-05-08,2399.38,2399.3800,1225.51,1.95786244
2017-05-09,2396.92,2396.9200,1221.11,1.96290261
2017-05-10,2399.63,2399.6300,1219.34,1.96797448
2017-05-11,2394.44,2394.4400,1224.98,1.95467681
2017-05-12,2390.9,2390.9000,1228.01,1.94697112
2017-05-15,2402.32,2402.3200,1231.06,1.95142398
2017-05-16,2400.67,2400.6700,1236.78,1.94106470
2017-05-17,2357.03,2357.0300,1261.91,1.86782734
2017-05-18,2365.72,2365.7200,1246.88,1.89731169
2017-05-19,2381.73,2381.7300,1255.14,1.89758115
2017-05-22,2394.02,2394.0200,1260.65,1.89903621
2017-05-23,2398.42,2398.4200,1251.44,1.91652816
2017-05-24,2404.39,2404.3900,1259.86,1.90845808
2017-05-25,2415.07,2415.0700,1254.99,1.92437390
2017-05-26,2415.82,2415.8200,1267.36,1.90618293
2017-05-30,2412.91,2412.9100,1262.35,1.91144294
2017-05-31,2411.8,2411.8000,1268.58,1.90118085
2017-06-01,2430.06,2430.0600,1265.11,1.92082902
2017-06-02,2439.07,2439.0700,1278.29,1.90807250
2017-06-05,2436.1,2436.1000,1276.57,1.90831682
2017-06-06,2429.33,2429.3300,1293.83,1.87762689
2017-06-07,2433.14,2433.1400,1287.49,1.88983215
2017-06-08,2433.79,2433.7900,1277.27,1.90546243
2017-06-09,2431.77,2431.7700,1267.65,1.91832919
2017-06-12,2429.39,2429.3900,1266.19,1.91866150
2017-06-13,2440.35,2440.3500,1266.31,1.92713475
2017-06-14,2437.92,2437.9200,1261.26,1.93292422
2017-06-15,2432.46,2432.4600,1254.89,1.93838504
2017-06-16,2433.15,2433.1500,1254.55,1.93946036
2017-06-19,2453.46,2453.4600,1244.36,1.97166415
2017-06-20,2437.03,2437.0300,1243.68,1.95953139
2017-06-21,2435.61,2435.6100,1247.68,1.95211112
2017-06-22,2434.5,2434.5000,1250.58,1.94669673
2017-06-23,2438.3,2438.3000,1255.86,1.94153807
2017-06-26,2439.07,2439.0700,1245.31,1.95860468
2017-06-27,2419.38,2419.3800,1247.63,1.93918069
2017-06-28,2440.69,2440.6900,1249.49,1.95334897
2017-06-29,2419.7,2419.7000,1244.72,1.94397133
2017-06-30,2423.41,2423.4100,1241.38,1.95219030
2017-07-03,2429.01,2429.0100,1219.22,1.99226555
2017-07-05,2432.54,2432.5400,1227.35,1.98194484
2017-07-06,2409.75,2409.7500,1224.6,1.96778540
2017-07-07,2425.18,2425.1800,1211.97,2.00102313
2017-07-10,2427.43,2427.4300,1214.39,1.99888833
2017-07-11,2425.53,2425.5300,1218.18,1.99110969
2017-07-12,2443.25,2443.2500,1218.29,2.00547489
2017-07-13,2447.83,2447.8300,1217.57,2.01042240
2017-07-14,2459.27,2459.2700,1228.47,2.00189667
2017-07-17,2459.14,2459.1400,1234.1,1.99265862
2017-07-18,2460.61,2460.6100,1242.4,1.98052962
2017-07-19,2473.83,2473.8300,1240.26,1.99460597
2017-07-20,2473.45,2473.4500,1244,1.98830386
2017-07-21,2472.54,2472.5400,1254.29,1.97126661
2017-07-24,2469.91,2469.9100,1255.08,1.96793033
2017-07-25,2477.13,2477.1300,1250.1,1.98154548
2017-07-26,2477.83,2477.8300,1261.31,1.96448930
2017-07-27,2475.42,2475.4200,1258.65,1.96672625
2017-07-28,2472.1,2472.1000,1269.18,1.94779306
2017-07-31,2470.3,2470.3000,1269.4,1.94603750
2017-08-01,2476.35,2476.3500,1268.66,1.95194142
2017-08-02,2477.57,2477.5700,1266.65,1.95600205
2017-08-03,2472.16,2472.1600,1267.92,1.94977601
2017-08-04,2476.83,2476.8300,1258.82,1.96758075
2017-08-07,2480.91,2480.9100,1257.18,1.97339283
2017-08-08,2474.92,2474.9200,1260.28,1.96378583
2017-08-09,2474.02,2474.0200,1277.37,1.93680766
2017-08-10,2438.21,2438.2100,1286.56,1.89513898
2017-08-11,2441.32,2441.3200,1290.96,1.89108880
2017-08-14,2465.84,2465.8400,1282.04,1.92337213
2017-08-15,2464.61,2464.6100,1271.5,1.93834841
2017-08-16,2468.11,2468.1100,1283.15,1.92347738
2017-08-17,2430.01,2430.0100,1287.53,1.88734243
2017-08-18,2425.55,2425.5500,1286.6,1.88524017
2017-08-21,2428.37,2428.3700,1291.98,1.87957244
2017-08-22,2452.51,2452.5100,1285.05,1.90849383
2017-08-23,2444.04,2444.0400,1290.75,1.89350378
2017-08-24,2438.97,2438.9700,1288.18,1.89334565
2017-08-25,2443.05,2443.0500,1291.08,1.89225300
2017-08-28,2444.24,2444.2400,1310.84,1.86463642
2017-08-29,2446.3,2446.3000,1309.86,1.86760417
2017-08-30,2457.59,2457.5900,1308.41,1.87830267
2017-08-31,2471.65,2471.6500,1320.64,1.87155470
2017-09-01,2476.55,2476.5500,1325.67,1.86814969
2017-09-05,2457.85,2457.8500,1339.68,1.83465454
2017-09-06,2465.54,2465.5400,1334.29,1.84782918
2017-09-07,2465.1,2465.1000,1349.2,1.82708272
2017-09-08,2461.43,2461.4300,1346.54,1.82796649
2017-09-11,2488.11,2488.1100,1328.15,1.87336521
2017-09-12,2496.48,2496.4800,1332,1.87423423
2017-09-13,2498.37,2498.3700,1324.14,1.88678690
2017-09-14,2495.62,2495.6200,1328.97,1.87786030
2017-09-15,2500.23,2500.2300,1320.91,1.89280875
2017-09-18,2503.87,2503.8700,1307.22,1.91541592
2017-09-19,2506.65,2506.6500,1311.15,1.91179499
2017-09-20,2508.24,2508.2400,1300.93,1.92803610
2017-09-21,2500.6,2500.6000,1291.98,1.93547888
2017-09-22,2502.22,2502.2200,1297.19,1.92895412
2017-09-25,2496.66,2496.6600,1310.78,1.90471322
2017-09-26,2496.84,2496.8400,1293.11,1.93087982
2017-09-27,2507.04,2507.0400,1282.82,1.95431939
2017-09-28,2510.06,2510.0600,1286,1.95183515
2017-09-29,2519.36,2519.3600,1280.59,1.96734318
2017-10-02,2529.12,2529.1200,1271.14,1.98964709
2017-10-03,2534.58,2534.5800,1271.65,1.99314277
2017-10-04,2537.74,2537.7400,1274.24,1.99157145
2017-10-05,2552.07,2552.0700,1268.37,2.01208638
2017-10-06,2549.33,2549.3300,1274.88,1.99966271
2017-10-09,2544.73,2544.7300,1283.55,1.98257177
2017-10-10,2550.64,2550.6400,1288.05,1.98023369
2017-10-11,2555.24,2555.2400,1291.75,1.97812270
2017-10-12,2550.93,2550.9300,1294.41,1.97072798
2017-10-13,2553.17,2553.1700,1303.5,1.95870349
2017-10-16,2557.64,2557.6400,1295.79,1.97380748
2017-10-17,2559.36,2559.3600,1285.7,1.99063545
2017-10-18,2561.26,2561.2600,1281.58,1.99851746
2017-10-19,2562.1,2562.1000,1289.86,1.98633960
2017-10-20,2575.21,2575.2100,1280.68,2.01081457
2017-10-23,2564.98,2564.9800,1281.5,2.00154506
2017-10-24,2569.13,2569.1300,1276.78,2.01219474
2017-10-25,2557.15,2557.1500,1276.98,2.00249808
2017-10-26,2560.4,2560.4000,1267.56,2.01994383
2017-10-27,2581.07,2581.0700,1273.25,2.02715099
2017-10-30,2572.83,2572.8300,1276.22,2.01597687
2017-10-31,2575.26,2575.2600,1271.31,2.02567430
2017-11-01,2579.36,2579.3600,1274.71,2.02348770
2017-11-02,2579.85,2579.8500,1278.61,2.01769891
2017-11-03,2587.84,2587.8400,1269.96,2.03773347
2017-11-06,2591.13,2591.1300,1281.38,2.02214019
2017-11-07,2590.64,2590.6400,1274.69,2.03236865
2017-11-08,2594.38,2594.3800,1281.55,2.02440794
2017-11-09,2584.62,2584.6200,1285.83,2.01007909
2017-11-10,2582.3,2582.3000,1275.9,2.02390469
2017-11-13,2584.84,2584.8400,1277.67,2.02308890
2017-11-14,2578.87,2578.8700,1278.37,2.01731111
2017-11-15,2564.62,2564.6200,1278.21,2.00641522
2017-11-16,2585.64,2585.6400,1278.86,2.02183194
2017-11-17,2578.85,2578.8500,1293.76,1.99329860
2017-11-20,2582.14,2582.1400,1276.78,2.02238444
2017-11-21,2599.03,2599.0300,1280.52,2.02966764
2017-11-22,2597.08,2597.0800,1292.09,2.00998382
2017-11-24,2602.42,2602.4200,1288.59,2.01958730
2017-11-27,2601.42,2601.4200,1294.5,2.00959444
2017-11-28,2627.04,2627.0400,1293.95,2.03024846
2017-11-29,2626.07,2626.0700,1283.84,2.04548075
2017-11-30,2647.58,2647.5800,1274.87,2.07674508
2017-12-01,2642.22,2642.2200,1280.78,2.06297725
2017-12-04,2639.44,2639.4400,1276.13,2.06831592
2017-12-05,2629.57,2629.5700,1265.96,2.07713514
2017-12-06,2629.27,2629.2700,1263.31,2.08125480
2017-12-07,2636.98,2636.9800,1247.2,2.11432008
2017-12-08,2651.5,2651.5000,1248.02,2.12456531
2017-12-11,2659.99,2659.9900,1242.1,2.14152645
2017-12-12,2664.11,2664.1100,1244.56,2.14060391
2017-12-13,2662.85,2662.8500,1255.49,2.12096472
2017-12-14,2652.01,2652.0100,1252.88,2.11673105
2017-12-15,2675.81,2675.8100,1255.77,2.13081217
2017-12-18,2690.16,2690.1600,1262.3,2.13115741
2017-12-19,2681.47,2681.4700,1261.75,2.12519913
2017-12-20,2679.25,2679.2500,1265.54,2.11708046
2017-12-21,2684.57,2684.5700,1266.62,2.11947545
2017-12-22,2683.34,2683.3400,1274.12,2.10603397
2017-12-26,2680.5,2680.5000,1282.95,2.08932538
2017-12-27,2682.62,2682.6200,1287.15,2.08415492
2017-12-28,2687.54,2687.5400,1294.96,2.07538457
2017-12-29,2673.61,2673.6100,1303.33,2.05136842
2018-01-02,2695.81,2695.8100,1317.63,2.04595372
2018-01-03,2713.06,2713.0600,1313.15,2.06607014
2018-01-04,2723.99,2723.9900,1322.67,2.05946306
2018-01-05,2743.15,2743.1500,1320.5,2.07735706
2018-01-08,2747.71,2747.7100,1320.44,2.08090485
2018-01-09,2751.29,2751.2900,1312.79,2.09575789
2018-01-10,2748.23,2748.2300,1316.99,2.08675085
2018-01-11,2767.56,2767.5600,1322.41,2.09281539
2018-01-12,2786.24,2786.2400,1338.15,2.08215820
2018-01-16,2776.42,2776.4200,1338.43,2.07438566
2018-01-17,2802.56,2802.5600,1326.98,2.11198360
2018-01-18,2798.03,2798.0300,1327.05,2.10845861
2018-01-19,2810.3,2810.3000,1332.28,2.10939142
2018-01-22,2832.97,2832.9700,1333.94,2.12376119
2018-01-23,2839.13,2839.1300,1341.29,2.11671600
2018-01-24,2837.54,2837.5400,1358.52,2.08869947
2018-01-25,2839.25,2839.2500,1348.06,2.10617480
2018-01-26,2872.87,2872.8700,1349.64,2.12861948
2018-01-29,2853.53,2853.5300,1340.4,2.12886452
2018-01-30,2822.43,2822.4300,1338.67,2.10838369
2018-01-31,2823.81,2823.8100,1345.13,2.09928408
2018-02-01,2821.98,2821.9800,1348.69,2.09238594
2018-02-02,2762.13,2762.1300,1331.97,2.07371788
2018-02-05,2648.94,2648.9400,1339.57,1.97745545
2018-02-06,2695.14,2695.1400,1324.25,2.03521994
2018-02-07,2681.66,2681.6600,1318.47,2.03391810
2018-02-08,2581,2581.0000,1318.75,1.95715640
2018-02-09,2619.55,2619.5500,1314.84,1.99229564
2018-02-12,2656,2656.0000,1322.71,2.00799873
2018-02-13,2662.94,2662.9400,1329.57,2.00285807
2018-02-14,2698.63,2698.6300,1350.61,1.99808235
2018-02-15,2731.2,2731.2000,1353.58,2.01776031
2018-02-16,2732.22,2732.2200,1348.76,2.02572733
2018-02-20,2716.26,2716.2600,1329.2,2.04352994
2018-02-21,2701.33,2701.3300,1324.62,2.03932449
2018-02-22,2703.96,2703.9600,1331.56,2.03067079
2018-02-23,2747.3,2747.3000,1329.32,2.06669575
2018-02-26,2779.6,2779.6000,1333.34,2.08468958
2018-02-27,2744.28,2744.2800,1318.37,2.08157042
2018-02-28,2713.83,2713.8300,1318.23,2.05869234
2018-03-01,2677.67,2677.6700,1317.1,2.03300433
2018-03-02,2691.25,2691.2500,1321.95,2.03581830
2018-03-05,2720.94,2720.9400,1320.42,2.06066252
2018-03-06,2728.12,2728.1200,1334.58,2.04417869
2018-03-07,2726.8,2726.8000,1325.62,2.05699974
2018-03-08,2738.97,2738.9700,1322.05,2.07175977
2018-03-09,2786.57,2786.5700,1323.45,2.10553478
2018-03-12,2783.02,2783.0200,1323,2.10356765
2018-03-13,2765.31,2765.3100,1324.97,2.08707367
2018-03-14,2749.48,2749.4800,1325.5,2.07429649
2018-03-15,2747.33,2747.3300,1317.35,2.08549740
2018-03-16,2752.01,2752.0100,1313.77,2.09474261
2018-03-19,2712.92,2712.9200,1317.14,2.05970512
2018-03-20,2716.94,2716.9400,1311.2,2.07210189
2018-03-21,2711.93,2711.9300,1332.97,2.03450190
2018-03-22,2643.69,2643.6900,1330.22,1.98740810
2018-03-23,2588.26,2588.2600,1347.4,1.92092920
2018-03-26,2658.55,2658.5500,1353.52,1.96417489
2018-03-27,2612.62,2612.6200,1344.65,1.94297401
2018-03-28,2605,2605.0000,1325.04,1.96597839
2018-03-29,2640.87,2640.8700,1325.43,1.99246282
2018-04-02,2581.88,2581.8800,1341.31,1.92489432
2018-04-03,2614.45,2614.4500,1332.78,1.96165159
2018-04-04,2644.69,2644.6900,1333.38,1.98344808
2018-04-05,2662.84,2662.8400,1326.62,2.00723644
2018-04-06,2604.47,2604.4700,1333.45,1.95318160
2018-04-09,2613.16,2613.1600,1336.28,1.95554824
2018-04-10,2656.87,2656.8700,1339.48,1.98350853
2018-04-11,2642.19,2642.1900,1353.34,1.95234753
2018-04-12,2663.99,2663.9900,1335.15,1.99527394
2018-04-13,2656.3,2656.3000,1344.4,1.97582565
2018-04-16,2677.84,2677.8400,1345.68,1.98995303
2018-04-17,2706.39,2706.3900,1347.29,2.00876574
2018-04-18,2708.64,2708.6400,1349.39,2.00730701
2018-04-19,2693.13,2693.1300,1345.71,2.00127070
2018-04-20,2670.14,2670.1400,1335.66,1.99911654
2018-04-23,2670.29,2670.2900,1324.84,2.01555660
2018-04-24,2634.56,2634.5600,1330.35,1.98035104
2018-04-25,2639.4,2639.4000,1323.2,1.99470979
2018-04-26,2666.94,2666.9400,1316.93,2.02511903
2018-04-27,2669.91,2669.9100,1323.61,2.01714251
2018-04-30,2648.05,2648.0500,1315.93,2.01230309
2018-05-01,2654.8,2654.8000,1304.21,2.03556176
2018-05-02,2635.67,2635.6700,1305.72,2.01855681
2018-05-03,2629.73,2629.7300,1312.75,2.00322224
2018-05-04,2663.42,2663.4200,1314.34,2.02643152
2018-05-07,2672.63,2672.6300,1314.78,2.03275833
2018-05-08,2671.92,2671.9200,1313.25,2.03458595
2018-05-09,2697.79,2697.7900,1313.17,2.05441032
2018-05-10,2723.07,2723.0700,1320.67,2.06188526
2018-05-11,2727.72,2727.7200,1319.28,2.06758232
2018-05-14,2730.13,2730.1300,1314.11,2.07755059
2018-05-15,2711.45,2711.4500,1291.41,2.09960431
2018-05-16,2722.46,2722.4600,1290.38,2.10981261
2018-05-17,2720.13,2720.1300,1290.74,2.10741900
2018-05-18,2712.97,2712.9700,1291.89,2.10000077
2018-05-21,2733.01,2733.0100,1292.54,2.11444907
2018-05-22,2724.44,2724.4400,1291.62,2.10932008
2018-05-23,2733.29,2733.2900,1294.17,2.11200229
2018-05-24,2727.76,2727.7600,1304.48,2.09107077
2018-05-25,2721.33,2721.3300,1300.11,2.09315366
2018-05-29,2689.86,2689.8600,1299.14,2.07049279
2018-05-30,2724.01,2724.0100,1300.43,2.09469945
2018-05-31,2705.27,2705.2700,1298.46,2.08344500
2018-06-01,2734.62,2734.6200,1293.65,2.11387933
2018-06-04,2746.87,2746.8700,1293.1,2.12425180
2018-06-05,2748.8,2748.8000,1295.02,2.12259270
2018-06-06,2772.35,2772.3500,1296.78,2.13787227
2018-06-07,2770.37,2770.3700,1294.43,2.14022388
2018-06-08,2779.03,2779.0300,1298.53,2.14013538
2018-06-11,2782,2782.0000,1300.39,2.13935819
2018-06-12,2786.85,2786.8500,1297.72,2.14749715
2018-06-13,2775.63,2775.6300,1299.5,2.13592151
2018-06-14,2782.49,2782.4900,1303.06,2.13535064
2018-06-15,2779.66,2779.6600,1279.97,2.17166027
2018-06-18,2773.75,2773.7500,1277.64,2.17099496
2018-06-19,2762.59,2762.5900,1275.37,2.16610866
2018-06-20,2767.32,2767.3200,1268.94,2.18081233
2018-06-21,2749.76,2749.7600,1266.47,2.17120027
2018-06-22,2754.88,2754.8800,1270.23,2.16880407
2018-06-25,2717.07,2717.0700,1265.53,2.14698190
2018-06-26,2723.06,2723.0600,1259.75,2.16158762
2018-06-27,2699.63,2699.6300,1252.93,2.15465349
2018-06-28,2716.31,2716.3100,1249.32,2.17423078
2018-06-29,2718.37,2718.3700,1252.55,2.17026865
2018-07-02,2726.71,2726.7100,1242.51,2.19451755
2018-07-03,2713.22,2713.2200,1252.12,2.16690094
2018-07-05,2736.61,2736.6100,1257.41,2.17638638
2018-07-06,2759.82,2759.8200,1254.99,2.19907728
2018-07-09,2784.17,2784.1700,1258.23,2.21276714
2018-07-10,2793.84,2793.8400,1256.27,2.22391683
2018-07-11,2774.02,2774.0200,1242.39,2.23280934
2018-07-12,2798.29,2798.2900,1247.21,2.24363980
2018-07-13,2801.31,2801.3100,1241.67,2.25608253
2018-07-16,2798.43,2798.4300,1240.71,2.25550693
2018-07-17,2809.55,2809.5500,1228.16,2.28760911
2018-07-18,2815.62,2815.6200,1226.78,2.29513034
2018-07-19,2804.49,2804.4900,1222.92,2.29327348
2018-07-20,2801.83,2801.8300,1230.99,2.27607860
2018-07-23,2806.98,2806.9800,1225.92,2.28969264
2018-07-24,2820.4,2820.4000,1224.36,2.30357085
2018-07-25,2846.07,2846.0700,1232.77,2.30867883
2018-07-26,2837.44,2837.4400,1223.76,2.31862457
2018-07-27,2818.82,2818.8200,1223.56,2.30378567
2018-07-30,2802.6,2802.6000,1222.56,2.29240283
2018-07-31,2816.29,2816.2900,1222.92,2.30292251
2018-08-01,2813.36,2813.3600,1215.39,2.31477962
2018-08-02,2827.22,2827.2200,1208.59,2.33927138
2018-08-03,2840.35,2840.3500,1213.69,2.34025987
2018-08-06,2850.4,2850.4000,1206.17,2.36318264
2018-08-07,2858.45,2858.4500,1212.58,2.35732900
2018-08-08,2857.7,2857.7000,1211.75,2.35832474
2018-08-09,2853.58,2853.5800,1212.48,2.35350686
2018-08-10,2833.28,2833.2800,1211.51,2.33863526
2018-08-13,2821.93,2821.9300,1194.28,2.36287135
2018-08-14,2839.96,2839.9600,1193.88,2.37876504
2018-08-15,2818.37,2818.3700,1175.49,2.39761291
2018-08-16,2840.69,2840.6900,1176.6,2.41432092
2018-08-17,2850.13,2850.1300,1184.35,2.40649301
2018-08-20,2857.05,2857.0500,1190.46,2.39995464
2018-08-21,2862.96,2862.9600,1196.03,2.39371922
2018-08-22,2861.82,2861.8200,1196.67,2.39148637
2018-08-23,2856.98,2856.9800,1184.82,2.41131986
2018-08-24,2874.69,2874.6900,1205.76,2.38413117
2018-08-27,2896.74,2896.7400,1210.96,2.39210213
2018-08-28,2897.52,2897.5200,1201.89,2.41080299
2018-08-29,2914.04,2914.0400,1206.41,2.41546406
2018-08-30,2901.13,2901.1300,1200.33,2.41694367
2018-08-31,2901.52,2901.5200,1199.52,2.41890089
2018-09-04,2896.72,2896.7200,1190.86,2.43246057
2018-09-05,2888.6,2888.6000,1196.69,2.41382480
2018-09-06,2878.05,2878.0500,1200.15,2.39807524
2018-09-07,2871.68,2871.6800,1196.45,2.40016716
2018-09-10,2877.13,2877.1300,1195.1,2.40743871
2018-09-11,2887.89,2887.8900,1196.81,2.41298953
2018-09-12,2888.92,2888.9200,1206.09,2.39527730
2018-09-13,2904.18,2904.1800,1201.95,2.41622364
2018-09-14,2904.98,2904.9800,1194.11,2.43275745
2018-09-17,2888.8,2888.8000,1201.34,2.40464814
2018-09-18,2904.31,2904.3100,1198.36,2.42357055
2018-09-19,2907.95,2907.9500,1204.04,2.41516063
2018-09-20,2930.75,2930.7500,1207.2,2.42772531
2018-09-21,2929.67,2929.6700,1199.01,2.44340748
2018-09-24,2919.37,2919.3700,1199.65,2.43351811
2018-09-25,2915.56,2915.5600,1200.04,2.42955235
2018-09-26,2905.97,2905.9700,1194.4,2.43299565
2018-09-27,2914,2914.0000,1182.7,2.46385389
2018-09-28,2913.98,2913.9800,1191.96,2.44469613
2018-10-01,2924.59,2924.5900,1188.45,2.46084396
2018-10-02,2923.43,2923.4300,1202.3,2.43153123
2018-10-03,2925.51,2925.5100,1198.21,2.44156700
2018-10-04,2901.61,2901.6100,1200.81,2.41637728
2018-10-05,2885.57,2885.5700,1202.97,2.39870487
2018-10-08,2884.43,2884.4300,1187.94,2.42809401
2018-10-09,2880.34,2880.3400,1189.75,2.42096239
2018-10-10,2785.68,2785.6800,1193.89,2.33328029
2018-10-11,2728.37,2728.3700,1223.39,2.23017190
2018-10-12,2767.13,2767.1300,1218.06,2.27175180
2018-10-15,2750.79,2750.7900,1226.18,2.24338189
2018-10-16,2809.92,2809.9200,1227.03,2.29001736
2018-10-17,2809.21,2809.2100,1223.51,2.29602537
2018-10-18,2768.78,2768.7800,1228.15,2.25443146
2018-10-19,2767.78,2767.7800,1226.44,2.25675940
2018-10-22,2755.88,2755.8800,1222.1,2.25503641
2018-10-23,2740.69,2740.6900,1231.62,2.22527241
2018-10-24,2656.1,2656.1000,1233.9,2.15260556
2018-10-25,2705.57,2705.5700,1231.58,2.19682846
2018-10-26,2658.69,2658.6900,1233.94,2.15463475
2018-10-29,2641.25,2641.2500,1230.24,2.14693881
2018-10-30,2682.63,2682.6300,1223.45,2.19267645
2018-10-31,2711.74,2711.7400,1215.37,2.23120531
2018-11-01,2740.37,2740.3700,1232.93,2.22264849
2018-11-02,2723.06,2723.0600,1233.04,2.20841173
2018-11-05,2738.31,2738.3100,1231.9,2.22283465
2018-11-06,2755.45,2755.4500,1227.46,2.24483894
2018-11-07,2813.89,2813.8900,1227.13,2.29306593
2018-11-08,2806.83,2806.8300,1223.63,2.29385517
2018-11-09,2781.01,2781.0100,1209.95,2.29845035
2018-11-12,2726.22,2726.2200,1200.01,2.27183107
2018-11-13,2722.18,2722.1800,1202.2,2.26433206
2018-11-14,2701.58,2701.5800,1211.69,2.22959668
2018-11-15,2730.2,2730.2000,1214.22,2.24852168
2018-11-16,2736.27,2736.2700,1222.05,2.23908187
2018-11-19,2690.73,2690.7300,1224.09,2.19814720
2018-11-20,2641.89,2641.8900,1221.33,2.16312545
2018-11-21,2649.93,2649.9300,1226.64,2.16031599
2018-11-23,2632.56,2632.5600,1223.11,2.15234934
2018-11-26,2673.45,2673.4500,1223.53,2.18503020
2018-11-27,2682.17,2682.1700,1215.72,2.20623992
2018-11-28,2743.79,2743.7900,1221.14,2.24690863
2018-11-29,2737.8,2737.8000,1224.75,2.23539498
2018-11-30,2760.17,2760.1700,1222.13,2.25849132
2018-12-03,2790.37,2790.3700,1231.54,2.26575669
2018-12-04,2700.06,2700.0600,1239.03,2.17917242
2018-12-06,2695.95,2695.9500,1238.42,2.17692705
2018-12-07,2633.08,2633.0800,1248.53,2.10894412
2018-12-10,2637.72,2637.7200,1244.45,2.11958697
2018-12-11,2636.78,2636.7800,1243.66,2.12017754
2018-12-12,2651.07,2651.0700,1245.64,2.12827944
2018-12-13,2650.54,2650.5400,1242.66,2.13295672
2018-12-14,2599.95,2599.9500,1238.43,2.09939197
2018-12-17,2545.94,2545.9400,1246.7,2.04214326
2018-12-18,2546.16,2546.1600,1248.35,2.03962030
2018-12-19,2506.96,2506.9600,1243.07,2.01674886
2018-12-20,2467.42,2467.4200,1260.68,1.95721357
2018-12-21,2416.62,2416.6200,1255.46,1.92488809
2018-12-24,2351.1,2351.1000,1269.2,1.85242673
2018-12-26,2467.7,2467.7000,1267.41,1.94704160
2018-12-27,2488.83,2488.8300,1275.59,1.95112066
2018-12-28,2485.74,2485.7400,1280.04,1.94192369
2018-12-31,2506.85,2506.8500,1282.56,1.95456743
2019-01-02,2510.03,2510.0300,1283.74,1.95524795
2019-01-03,2447.89,2447.8900,1293.53,1.89241069
2019-01-04,2531.94,2531.9400,1285.03,1.97033532
2019-01-07,2549.69,2549.6900,1288.78,1.97837490
2019-01-08,2574.41,2574.4100,1284.67,2.00394654
2019-01-09,2584.96,2584.9600,1292.77,1.99955135
2019-01-10,2596.64,2596.6400,1287.72,2.01646321
2019-01-11,2596.26,2596.2600,1288.25,2.01533864
2019-01-14,2582.61,2582.6100,1291.55,1.99962061
2019-01-15,2610.3,2610.3000,1289.34,2.02452418
2019-01-16,2616.1,2616.1000,1294.33,2.02120016
2019-01-17,2635.96,2635.9600,1291.85,2.04045361
2019-01-18,2670.71,2670.7100,1280.96,2.08492849
2019-01-22,2632.9,2632.9000,1283.53,2.05129604
2019-01-23,2638.7,2638.7000,1283.15,2.05642364
2019-01-24,2642.33,2642.3300,1281.05,2.06262831
2019-01-25,2664.76,2664.7600,1300.23,2.04945279
2019-01-28,2643.85,2643.8500,1302.85,2.02928196
2019-01-29,2640,2640.0000,1310.86,2.01394504
2019-01-30,2681.05,2681.0500,1320.58,2.03020642
2019-01-31,2704.1,2704.1000,1321.37,2.04643665
2019-02-01,2706.53,2706.5300,1317.93,2.05362197
2019-02-04,2724.87,2724.8700,1311.3,2.07799131
2019-02-05,2737.7,2737.7000,1314.91,2.08204364
2019-02-06,2731.61,2731.6100,1307.21,2.08964895
2019-02-07,2706.05,2706.0500,1310.94,2.06420584
2019-02-08,2707.88,2707.8800,1314.45,2.06008597
2019-02-11,2709.8,2709.8000,1308.06,2.07161751
2019-02-12,2744.73,2744.7300,1310.3,2.09473403
2019-02-13,2753.03,2753.0300,1306.54,2.10711498
2019-02-14,2745.73,2745.7300,1311.97,2.09282987
2019-02-15,2775.6,2775.6000,1321.04,2.10107188
2019-02-19,2779.76,2779.7600,1340.51,2.07365853
2019-02-20,2784.7,2784.7000,1339.14,2.07946891
2019-02-21,2774.88,2774.8800,1324.52,2.09500800
2019-02-22,2792.67,2792.6700,1328.46,2.10218599
2019-02-25,2796.11,2796.1100,1328.15,2.10526672
2019-02-26,2793.9,2793.9000,1328.52,2.10301689
2019-02-27,2792.38,2792.3800,1321.01,2.11382200
2019-02-28,2784.49,2784.4900,1312.45,2.12159701
2019-03-01,2803.69,2803.6900,1291.39,2.17106374
2019-03-04,2792.81,2792.8100,1287.38,2.16937501
2019-03-05,2789.65,2789.6500,1288.48,2.16507047
2019-03-06,2771.45,2771.4500,1286.06,2.15499277
2019-03-07,2748.93,2748.9300,1285.07,2.13912861
2019-03-08,2743.07,2743.0700,1300.17,2.10977795
2019-03-11,2783.3,2783.3000,1293.71,2.15140951
2019-03-12,2791.52,2791.5200,1301.22,2.14530979
2019-03-13,2810.92,2810.9200,1308.9,2.14754374
2019-03-14,2808.48,2808.4800,1296.48,2.16623473
2019-03-15,2822.48,2822.4800,1302.25,2.16738721
2019-03-18,2832.94,2832.9400,1303.89,2.17268328
2019-03-19,2832.57,2832.5700,1306.05,2.16880671
2019-03-20,2824.23,2824.2300,1313.69,2.14984509
2019-03-21,2854.88,2854.8800,1309.36,2.18036293
2019-03-22,2800.71,2800.7100,1313.31,2.13255819
2019-03-25,2798.36,2798.3600,1321.84,2.11701870
2019-03-26,2818.46,2818.4600,1316.08,2.14155674
2019-03-27,2805.37,2805.3700,1309.78,2.14186352
2019-03-28,2815.44,2815.4400,1290.6,2.18149698
2019-03-29,2834.4,2834.4000,1292.3,2.19329877
2019-04-01,2867.19,2867.1900,1287.7,2.22659781
2019-04-02,2867.24,2867.2400,1292.5,2.21836750
2019-04-03,2873.4,2873.4000,1290.46,2.22664786
2019-04-04,2879.39,2879.3900,1291.7,2.22914763
2019-04-05,2892.74,2892.7400,1291.91,2.23911882
2019-04-08,2895.77,2895.7700,1298.22,2.23056955
2019-04-09,2878.2,2878.2000,1305.19,2.20519618
2019-04-10,2888.21,2888.2100,1306.86,2.21003780
2019-04-11,2888.32,2888.3200,1293.17,2.23351918
2019-04-12,2907.41,2907.4100,1290.34,2.25321233
2019-04-15,2905.58,2905.5800,1289,2.25413499
2019-04-16,2907.06,2907.0600,1276.9,2.27665440
2019-04-17,2900.45,2900.4500,1274.54,2.27568378
2019-04-18,2905.03,2905.0300,1275.77,2.27707972
2019-04-22,2907.97,2907.9700,1274.86,2.28101125
2019-04-23,2933.68,2933.6800,1271.78,2.30675117
2019-04-24,2927.25,2927.2500,1275.62,2.29476647
2019-04-25,2926.17,2926.1700,1276.71,2.29196137
2019-04-26,2939.88,2939.8800,1285.53,2.28690112
2019-04-29,2943.03,2943.0300,1280.79,2.29782400
2019-04-30,2945.83,2945.8300,1283.48,2.29518964
2019-05-01,2923.73,2923.7300,1277.63,2.28840118
2019-05-02,2917.52,2917.5200,1270.92,2.29559689
2019-05-03,2945.64,2945.6400,1278.29,2.30435973
2019-05-06,2932.47,2932.4700,1280.5,2.29009762
2019-05-07,2884.05,2884.0500,1281.78,2.25003511
2019-05-08,2879.42,2879.4200,1281.57,2.24679105
2019-05-09,2870.72,2870.7200,1283.91,2.23591996
2019-05-10,2881.4,2881.4000,1286.07,2.24046903
2019-05-13,2811.87,2811.8700,1299.23,2.16425883
2019-05-14,2834.41,2834.4100,1295.77,2.18743295
2019-05-15,2850.96,2850.9600,1296.51,2.19894949
2019-05-16,2876.32,2876.3200,1288,2.23316770
2019-05-17,2859.53,2859.5300,1278.08,2.23736386
2019-05-20,2840.23,2840.2300,1276.53,2.22496142
2019-05-21,2864.36,2864.3600,1274.68,2.24712085
2019-05-22,2856.27,2856.2700,1274.07,2.24184699
2019-05-23,2822.24,2822.2400,1284.02,2.19797199
2019-05-24,2826.06,2826.0600,1284.79,2.19962795
2019-05-28,2802.39,2802.3900,1278.48,2.19197015
2019-05-29,2783.02,2783.0200,1281.65,2.17143526
2019-05-30,2788.86,2788.8600,1288.55,2.16433976
2019-05-31,2752.06,2752.0600,1305.87,2.10745327
2019-06-03,2744.45,2744.4500,1325.24,2.07090791
2019-06-04,2803.27,2803.2700,1325.53,2.11482954
2019-06-05,2826.15,2826.1500,1330.27,2.12449352
2019-06-06,2843.49,2843.4900,1335.32,2.12944463
2019-06-07,2873.34,2873.3400,1341.35,2.14212547
2019-06-10,2886.73,2886.7300,1327.98,2.17377521
2019-06-11,2885.72,2885.7200,1326.85,2.17486528
2019-06-12,2879.84,2879.8400,1333.54,2.15954527
2019-06-13,2891.64,2891.6400,1342.19,2.15441927
2019-06-14,2886.98,2886.9800,1341.08,2.15272765
2019-06-17,2889.67,2889.6700,1339.65,2.15703355
2019-06-18,2917.75,2917.7500,1346.58,2.16678549
2019-06-19,2926.46,2926.4600,1360.36,2.15123938
2019-06-20,2954.18,2954.1800,1388.51,2.12759001
2019-06-21,2950.46,2950.4600,1399.03,2.10893262
2019-06-24,2945.35,2945.3500,1419.7,2.07462844
2019-06-25,2917.38,2917.3800,1423.44,2.04952790
2019-06-26,2913.78,2913.7800,1408.98,2.06800664
2019-06-27,2924.92,2924.9200,1409.76,2.07476450
2019-06-28,2941.76,2941.7600,1411.07,2.08477255
2019-07-01,2964.33,2964.3300,1384.2,2.14154746
2019-07-02,2973.01,2973.0100,1418.62,2.09570569
2019-07-03,2995.82,2995.8200,1418.41,2.11209735
2019-07-05,2990.41,2990.4100,1400.78,2.13481774
2019-07-08,2975.95,2975.9500,1395.52,2.13250258
2019-07-09,2979.63,2979.6300,1397.57,2.13200770
2019-07-10,2993.07,2993.0700,1418.93,2.10938524
2019-07-11,2999.91,2999.9100,1403.83,2.13694678
2019-07-12,3013.77,3013.7700,1414.63,2.13042987
2019-07-15,3014.3,3014.3000,1414.1,2.13160314
2019-07-16,3004.04,3004.0400,1406.08,2.13646450
2019-07-17,2984.42,2984.4200,1426.51,2.09211292
2019-07-18,2995.11,2995.1100,1446.08,2.07119247
2019-07-19,2976.61,2976.6100,1425.7,2.08782353
2019-07-22,2985.03,2985.0300,1424.89,2.09491961
2019-07-23,3005.47,3005.4700,1417.86,2.11972268
2019-07-24,3019.56,3019.5600,1425.85,2.11772627
2019-07-25,3003.67,3003.6700,1414.6,2.12333522
2019-07-26,3025.86,3025.8600,1416.66,2.13591123
2019-07-29,3020.97,3020.9700,1426.84,2.11724510
2019-07-30,3013.18,3013.1800,1430.84,2.10588186
2019-07-31,2980.38,2980.3800,1413.73,2.10816775
2019-08-01,2953.56,2953.5600,1445.09,2.04385886
2019-08-02,2932.05,2932.0500,1440.97,2.03477519
2019-08-05,2844.74,2844.7400,1464,1.94312842
2019-08-06,2881.77,2881.7700,1474.35,1.95460372
2019-08-07,2883.98,2883.9800,1501.13,1.92120602
2019-08-08,2938.09,2938.0900,1500.86,1.95760431
2019-08-09,2918.65,2918.6500,1498.48,1.94774038
2019-08-12,2882.7,2882.7000,1511.22,1.90753166
2019-08-13,2926.32,2926.3200,1501.5,1.94893107
2019-08-14,2840.6,2840.6000,1516.33,1.87333892
2019-08-15,2847.6,2847.6000,1523.31,1.86935030
2019-08-16,2888.68,2888.6800,1514.49,1.90736155
2019-08-19,2923.65,2923.6500,1496.07,1.95422006
2019-08-20,2900.51,2900.5100,1507.19,1.92444881
2019-08-21,2924.43,2924.4300,1502.58,1.94627241
2019-08-22,2922.95,2922.9500,1498.12,1.95107869
2019-08-23,2847.11,2847.1100,1528.7,1.86243867
2019-08-26,2878.38,2878.3800,1527.4,1.88449653
2019-08-27,2869.16,2869.1600,1542.79,1.85972167
2019-08-28,2887.94,2887.9400,1538.95,1.87656519
2019-08-29,2924.58,2924.5800,1527.65,1.91443066
2019-08-30,2926.46,2926.4600,1523.72,1.92060221
2019-09-03,2906.27,2906.2700,1547.13,1.87849114
2019-09-04,2937.78,2937.7800,1552.54,1.89224110
2019-09-05,2976,2976.0000,1519.06,1.95910629
2019-09-06,2978.71,2978.7100,1505.78,1.97818406
2019-09-09,2978.43,2978.4300,1499.2,1.98667956
2019-09-10,2979.39,2979.3900,1485.8,2.00524297
2019-09-11,3000.93,3000.9300,1497.04,2.00457570
2019-09-12,3009.57,3009.5700,1499.27,2.00735691
2019-09-13,3007.39,3007.3900,1486.81,2.02271306
2019-09-16,2997.96,2997.9600,1497.6,2.00184295
2019-09-17,3005.7,3005.7000,1501.37,2.00197153
2019-09-18,3006.73,3006.7300,1493.96,2.01259070
2019-09-19,3006.79,3006.7900,1499.03,2.00582377
2019-09-20,2992.07,2992.0700,1516.36,1.97319238
2019-09-23,2991.78,2991.7800,1522.3,1.96530250
2019-09-24,2966.6,2966.6000,1531.77,1.93671374
2019-09-25,2984.87,2984.8700,1503.95,1.98468699
2019-09-26,2977.62,2977.6200,1504.83,1.97870856
2019-09-27,2961.79,2961.7900,1496.62,1.97898598
2019-09-30,2976.74,2976.7400,1472.72,2.02125319
2019-10-01,2940.25,2940.2500,1479.13,1.98782392
2019-10-02,2887.61,2887.6100,1499.43,1.92580514
2019-10-03,2910.63,2910.6300,1505.19,1.93372930
2019-10-04,2952.01,2952.0100,1505.16,1.96125993
2019-10-07,2938.79,2938.7900,1493.44,1.96779918
2019-10-08,2893.06,2893.0600,1505.54,1.92160952
2019-10-09,2919.4,2919.4000,1505.57,1.93906627
2019-10-10,2938.13,2938.1300,1494.14,1.96643554
2019-10-11,2970.27,2970.2700,1485.84,1.99905104
2019-10-14,2966.15,2966.1500,1493.25,1.98637201
2019-10-15,2995.68,2995.6800,1481.08,2.02263213
2019-10-16,2989.69,2989.6900,1490.08,2.00639563
2019-10-17,2997.95,2997.9500,1491.9,2.00948455
2019-10-18,2986.2,2986.2000,1490.63,2.00331404
2019-10-21,3006.72,3006.7200,1484.5,2.02540923
2019-10-22,2995.99,2995.9900,1487.64,2.01392138
2019-10-23,3004.52,3004.5200,1492.13,2.01357791
2019-10-24,3010.29,3010.2900,1503.95,2.00158915
2019-10-25,3022.55,3022.5500,1505.77,2.00731187
2019-10-28,3039.42,3039.4200,1492.59,2.03633952
2019-10-29,3036.89,3036.8900,1488.35,2.04044076
2019-10-30,3046.77,3046.7700,1496.54,2.03587609
2019-10-31,3037.56,3037.5600,1513.17,2.00741490
2019-11-01,3066.91,3066.9100,1514.34,2.02524532
2019-11-04,3078.27,3078.2700,1509.83,2.03881894
2019-11-05,3074.62,3074.6200,1483.61,2.07239099
2019-11-06,3076.78,3076.7800,1490.58,2.06414953
2019-11-07,3085.18,3085.1800,1468.51,2.10089138
2019-11-08,3093.08,3093.0800,1458.8,2.12029065
2019-11-11,3087.01,3087.0100,1455.82,2.12046132
2019-11-12,3091.84,3091.8400,1456.3,2.12307904
2019-11-13,3094.04,3094.0400,1463.55,2.11406512
2019-11-14,3096.63,3096.6300,1471.36,2.10460390
2019-11-15,3120.46,3120.4600,1466.91,2.12723344
2019-11-18,3122.03,3122.0300,1471.4,2.12180916
2019-11-19,3120.18,3120.1800,1472.46,2.11902530
2019-11-20,3108.46,3108.4600,1471.6,2.11229954
2019-11-21,3103.54,3103.5400,1464.46,2.11923849
2019-11-22,3110.29,3110.2900,1462.16,2.12718854
2019-11-25,3133.64,3133.6400,1455.28,2.15329009
2019-11-26,3140.52,3140.5200,1461.36,2.14903925
2019-11-27,3153.63,3153.6300,1454.44,2.16827783
2019-11-29,3140.98,3140.9800,1464.02,2.14544883
2019-12-02,3113.87,3113.8700,1462.39,2.12930203
2019-12-03,3093.2,3093.2000,1477.49,2.09355055
2019-12-04,3112.76,3112.7600,1474.62,2.11088959
2019-12-05,3117.43,3117.4300,1476.07,2.11197978
2019-12-06,3145.91,3145.9100,1460.61,2.15383299
2019-12-09,3135.96,3135.9600,1461.62,2.14553714
2019-12-10,3132.52,3132.5200,1464.35,2.13918804
2019-12-11,3141.63,3141.6300,1474.72,2.13032304
2019-12-12,3168.57,3168.5700,1469.84,2.15572443
2019-12-13,3168.8,3168.8000,1476.61,2.14599657
2019-12-16,3191.45,3191.4500,1476.19,2.16195070
2019-12-17,3192.52,3192.5200,1476.16,2.16271949
2019-12-18,3191.14,3191.1400,1475.48,2.16278093
2019-12-19,3205.37,3205.3700,1478.75,2.16762130
2019-12-20,3221.22,3221.2200,1477.58,2.18006470
2019-12-23,3224.01,3224.0100,1485.77,2.16992536
2019-12-24,3223.38,3223.3800,1499.56,2.14955053
2019-12-26,3239.91,3239.9100,1511.29,2.14380430
2019-12-27,3240.02,3240.0200,1510.86,2.14448725
2019-12-30,3221.29,3221.2900,1515.12,2.12609562
2019-12-31,3230.78,3230.7800,1517.305,2.12928844
2020-01-02,3257.85,3257.8500,1529.14,2.13051127
2020-01-03,3234.85,3234.8500,1549.02,2.08832036
2020-01-06,3246.28,3246.2800,1565.74,2.07331996
2020-01-07,3237.18,3237.1800,1574.26,2.05631852
2020-01-08,3253.05,3253.0500,1556.42,2.09008494
2020-01-09,3274.7,3274.7000,1552.39,2.10945703
2020-01-10,3265.35,3265.3500,1560.3,2.09277062
2020-01-13,3288.13,3288.1300,1547.89,2.12426594
2020-01-14,3283.15,3283.1500,1546.44,2.12303743
2020-01-15,3289.29,3289.2900,1556.29,2.11354568
2020-01-16,3316.81,3316.8100,1552.48,2.13645908
2020-01-17,3329.62,3329.6200,1557.07,2.13838813
2020-01-21,3320.79,3320.7900,1558.21,2.13115690
2020-01-22,3321.75,3321.7500,1558.9,2.13082943
2020-01-23,3325.54,3325.5400,1562.91,2.12778727
2020-01-24,3295.47,3295.4700,1571.66,2.09680847
2020-01-27,3243.63,3243.6300,1582.04,2.05028318
2020-01-28,3276.24,3276.2400,1567.29,2.09038531
2020-01-29,3273.4,3273.4000,1576.82,2.07595033
2020-01-30,3283.66,3283.6600,1574.47,2.08556530
2020-01-31,3225.52,3225.5200,1586.88,2.03261746
2020-02-03,3248.92,3248.9200,1576.74,2.06052995
2020-02-04,3297.59,3297.5900,1552.91,2.12349074
2020-02-05,3334.69,3334.6900,1555.99,2.14313074
2020-02-06,3345.78,3345.7800,1566.73,2.13551793
2020-02-07,3327.71,3327.7100,1570.19,2.11930403
2020-02-10,3352.09,3352.0900,1572.15,2.13216932
2020-02-11,3357.75,3357.7500,1567.93,2.14151780
2020-02-12,3379.45,3379.4500,1566.09,2.15789003
2020-02-13,3373.94,3373.9400,1576.01,2.14081129
2020-02-14,3380.16,3380.1600,1582.65,2.13575964
2020-02-18,3370.29,3370.2900,1601.62,2.10430065
2020-02-19,3386.15,3386.1500,1611.76,2.10090212
2020-02-20,3373.23,3373.2300,1619.63,2.08271642
2020-02-21,3337.75,3337.7500,1643.37,2.03103988
2020-02-24,3225.89,3225.8900,1659.41,1.94399817
2020-02-25,3128.21,3128.2100,1635.21,1.91303258
2020-02-26,3116.39,3116.3900,1640.98,1.89910298
2020-02-27,2978.76,2978.7600,1645,1.81079635
2020-02-28,2954.22,2954.2200,1577.4,1.87284138
2020-03-02,3090.23,3090.2300,1589.37,1.94431127
2020-03-03,3003.37,3003.3700,1640.92,1.83029642
2020-03-04,3130.12,3130.1200,1636.97,1.91214256
2020-03-05,3023.94,3023.9400,1672.21,1.80834943
2020-03-06,2972.37,2972.3700,1673.21,1.77644767
2020-03-09,2746.56,2746.5600,1678.8,1.63602573
2020-03-10,2882.23,2882.2300,1650.35,1.74643560
2020-03-11,2741.38,2741.3800,1637.57,1.67405363
2020-03-12,2480.64,2480.6400,1577.89,1.57212480
2020-03-13,2711.02,2711.0200,1529.75,1.77219807
2020-03-16,2386.13,2386.1300,1500.985,1.58970942
2020-03-17,2529.19,2529.1900,1530.37,1.65266570
2020-03-18,2398.1,2398.1000,1476.99,1.62363997
2020-03-19,2409.39,2409.3900,1471.175,1.63773175
2020-03-20,2304.92,2304.9200,1497.36,1.53932254
2020-03-23,2237.4,2237.4000,1556.695,1.43727577
2020-03-24,2447.33,2447.3300,1630.05,1.50138339
2020-03-25,2475.56,2475.5600,1613.095,1.53466473
2020-03-26,2630.07,2630.0700,1627.46,1.61605815
2020-03-27,2541.47,2541.4700,1620.75,1.56808268
2020-03-30,2626.65,2626.6500,1622.6,1.61879083
2020-03-31,2584.59,2584.5900,1575.15,1.64085325
2020-04-01,2470.5,2470.5000,1591.81,1.55200683
2020-04-02,2526.9,2526.9000,1613.65,1.56595296
2020-04-03,2488.65,2488.6500,1622.39,1.53394067
2020-04-06,2663.68,2663.6800,1662.1,1.60259912
2020-04-07,2659.41,2659.4100,1648.9,1.61283886
2020-04-08,2749.98,2749.9800,1646,1.67070474
2020-04-09,2789.82,2789.8200,1683.25,1.65740086
2020-04-13,2761.63,2761.6300,1715.07,1.61021416
2020-04-14,2846.06,2846.0600,1727.15,1.64783603
2020-04-15,2783.36,2783.3600,1717.13,1.62093726
2020-04-16,2799.55,2799.5500,1717.7,1.62982477
2020-04-17,2874.56,2874.5600,1684.1,1.70688201
2020-04-20,2823.16,2823.1600,1696.05,1.66454998
2020-04-21,2736.56,2736.5600,1686.1,1.62301168
2020-04-22,2799.31,2799.3100,1714.12,1.63308870
2020-04-23,2797.8,2797.8000,1730.33,1.61691700
2020-04-24,2836.74,2836.7400,1728.03,1.64160344
2020-04-27,2878.48,2878.4800,1714.135,1.67926097
2020-04-28,2863.39,2863.3900,1708.08,1.67637933
2020-04-29,2939.51,2939.5100,1713.32,1.71568067
2020-04-30,2912.43,2912.4300,1686.855,1.72654437
2020-05-01,2830.71,2830.7100,1699.23,1.66587807
2020-05-04,2842.74,2842.7400,1701.74,1.67049020
2020-05-05,2868.44,2868.4400,1705.93,1.68145235
2020-05-06,2848.42,2848.4200,1685.78,1.68967481
2020-05-07,2881.19,2881.1900,1715.94,1.67907386
2020-05-08,2929.8,2929.8000,1707.15,1.71619366
2020-05-11,2930.19,2930.1900,1698,1.72567138
2020-05-12,2870.12,2870.1200,1702.82,1.68550992
2020-05-13,2820,2820.0000,1715.08,1.64423817
2020-05-14,2852.5,2852.5000,1730.22,1.64863428
2020-05-15,2863.7,2863.7000,1742.98,1.64299074
2020-05-18,2953.91,2953.9100,1732.275,1.70522001
2020-05-19,2922.94,2922.9400,1745.07,1.67497006
2020-05-20,2971.61,2971.6100,1748.32,1.69969456
2020-05-21,2948.51,2948.5100,1727.38,1.70692610
2020-05-22,2955.45,2955.4500,1735.38,1.70305639
2020-05-26,2991.77,2991.7700,1711.13,1.74841771
2020-05-27,3036.13,3036.1300,1709.4,1.77613783
2020-05-28,3029.73,3029.7300,1718.64,1.76286482
2020-05-29,3044.31,3044.3100,1731.5,1.75819232
2020-06-01,3055.73,3055.7300,1739.58,1.75659067
2020-06-02,3080.82,3080.8200,1727.76,1.78312960
2020-06-03,3122.87,3122.8700,1699.75,1.83725254
2020-06-04,3112.35,3112.3500,1714.09,1.81574480
2020-06-05,3193.93,3193.9300,1681.82,1.89909146
2020-06-08,3232.39,3232.3900,1698.47,1.90311869
2020-06-09,3207.18,3207.1800,1715.28,1.86977053
2020-06-10,3190.14,3190.1400,1737.76,1.83577709
2020-06-11,3002.1,3002.1000,1727.12,1.73821159
2020-06-12,3041.31,3041.3100,1731.37,1.75659160
2020-06-15,3066.59,3066.5900,1725.11,1.77761998
2020-06-16,3124.74,3124.7400,1726.72,1.80963908
2020-06-17,3113.49,3113.4900,1726.82,1.80301942
2020-06-18,3115.34,3115.3400,1722.82,1.80827945
2020-06-19,3097.74,3097.7400,1742.52,1.77773569
2020-06-22,3117.86,3117.8600,1754.44,1.77712546
2020-06-23,3131.29,3131.2900,1768.38,1.77071105
2020-06-24,3050.33,3050.3300,1760.92,1.73223656
2020-06-25,3083.76,3083.7600,1763.72,1.74844080
2020-06-26,3009.05,3009.0500,1770.97,1.69909710
2020-06-29,3053.24,3053.2400,1772.92,1.72215328
2020-06-30,3100.29,3100.2900,1780.96,1.74079710
2020-07-01,3115.86,3115.8600,1770.15,1.76022371
2020-07-02,3130.01,3130.0100,1775.33,1.76305814
2020-07-06,3179.72,3179.7200,1784.55,1.78180494
2020-07-07,3145.32,3145.3200,1794.85,1.75241385
2020-07-08,3169.94,3169.9400,1808.87,1.75244213
2020-07-09,3152.05,3152.0500,1803.56,1.74768236
2020-07-10,3185.04,3185.0400,1799.54,1.76991898
2020-07-13,3155.22,3155.2200,1802.69,1.75028430
2020-07-14,3197.52,3197.5200,1809.33,1.76723981
2020-07-15,3226.56,3226.5600,1810.26,1.78237380
2020-07-16,3215.57,3215.5700,1797.22,1.78919108
2020-07-17,3224.73,3224.7300,1810.12,1.78150067
2020-07-20,3251.84,3251.8400,1817.83,1.78885814
2020-07-21,3257.3,3257.3000,1841.77,1.76857045
2020-07-22,3276.02,3276.0200,1872.97,1.74910436
2020-07-23,3235.66,3235.6600,1887.175,1.71455217
2020-07-24,3215.63,3215.6300,1902.59,1.69013292
2020-07-27,3239.41,3239.4100,1940.18,1.66964405
2020-07-28,3218.44,3218.4400,1960.38,1.64174293
2020-07-29,3258.44,3258.4400,1969.48,1.65446717
2020-07-30,3246.22,3246.2200,1951.13,1.66376408
2020-07-31,3271.12,3271.1200,1974.2,1.65693445
2020-08-03,3294.61,3294.6100,1976.85,1.66659585
2020-08-04,3306.51,3306.5100,2016.51,1.63971912
2020-08-05,3327.77,3327.7700,2038.635,1.63235204
2020-08-06,3349.16,3349.1600,2065.35,1.62159440
2020-08-07,3351.28,3351.2800,2031.69,1.64950362
2020-08-10,3360.47,3360.4700,2027.6,1.65736339
2020-08-11,3333.69,3333.6900,1912.05,1.74351612
2020-08-12,3380.35,3380.3500,1916.125,1.76415944
2020-08-13,3373.43,3373.4300,1954.13,1.72630787
2020-08-14,3372.85,3372.8500,1943.52,1.73543365
2020-08-17,3381.99,3381.9900,1981.05,1.70717044
2020-08-18,3389.78,3389.7800,1997.75,1.69679890
2020-08-19,3374.85,3374.8500,1935.93,1.74327068
2020-08-20,3385.51,3385.5100,1947.87,1.73805747
2020-08-21,3397.16,3397.1600,1938.02,1.75290245
2020-08-24,3431.28,3431.2800,1928.845,1.77892988
2020-08-25,3443.62,3443.6200,1928.46,1.78568391
2020-08-26,3478.73,3478.7300,1954.2,1.78012998
2020-08-27,3484.55,3484.5500,1925.41,1.80977039
2020-08-28,3508.01,3508.0100,1963.49,1.78661974
2020-08-31,3500.31,3500.3100,1967.82,1.77877550
2020-09-01,3526.65,3526.6500,1970.42,1.78979608
2020-09-02,3580.84,3580.8400,1943.06,1.84288699
2020-09-03,3455.06,3455.0600,1930.675,1.78956065
2020-09-04,3426.96,3426.9600,1934.81,1.77121268
2020-09-08,3331.84,3331.8400,1931.68,1.72484055
2020-09-09,3398.96,3398.9600,1946.79,1.74593048
2020-09-10,3339.19,3339.1900,1946.06,1.71587207
2020-09-11,3340.97,3340.9700,1942.445,1.71998178
2020-09-14,3383.54,3383.5400,1956.39,1.72948134
2020-09-15,3401.2,3401.2000,1954.05,1.74059006
2020-09-16,3385.49,3385.4900,1959.84,1.72743183
2020-09-17,3357.01,3357.0100,1944,1.72685700
2020-09-18,3319.47,3319.4700,1950.94,1.70147211
2020-09-21,3281.06,3281.0600,1912.58,1.71551517
2020-09-22,3315.57,3315.5700,1900.05,1.74499092
2020-09-23,3236.92,3236.9200,1863.6,1.73691779
2020-09-24,3246.59,3246.5900,1867.83,1.73816140
2020-09-25,3298.46,3298.4600,1862.66,1.77083311
2020-09-28,3351.6,3351.6000,1881.56,1.78128787
2020-09-29,3335.47,3335.4700,1896.56,1.75869469
2020-09-30,3363,3363.0000,1885.8,1.78332803
2020-10-01,3380.8,3380.8000,1906.05,1.77372052
2020-10-02,3348.42,3348.4200,1901.81,1.76064907
2020-10-05,3408.6,3408.6000,1913.56,1.78128723
2020-10-06,3360.97,3360.9700,1878.07,1.78958718
2020-10-07,3419.44,3419.4400,1887.4,1.81171983
2020-10-08,3446.83,3446.8300,1893.77,1.82008903
2020-10-09,3477.14,3477.1400,1928.47,1.80305631
2020-10-12,3534.22,3534.2200,1922.64,1.83821204
2020-10-13,3511.93,3511.9300,1891.11,1.85707336
2020-10-14,3488.67,3488.6700,1901.83,1.83437531
2020-10-15,3483.34,3483.3400,1908.16,1.82549681
2020-10-16,3483.81,3483.8100,1899.34,1.83422136
2020-10-19,3426.92,3426.9200,1904.36,1.79951270
2020-10-20,3443.12,3443.1200,1906.44,1.80604687
2020-10-21,3435.56,3435.5600,1924.685,1.78499858
2020-10-22,3453.49,3453.4900,1904.07,1.81374109
2020-10-23,3465.39,3465.3900,1903.55,1.82048804
2020-10-26,3400.97,3400.9700,1902.385,1.78774013
2020-10-27,3390.68,3390.6800,1907.77,1.77730020
2020-10-28,3271.03,3271.0300,1876.675,1.74299226
2020-10-29,3310.11,3310.1100,1868.57,1.77146695
2020-10-30,3269.96,3269.9600,1878.38,1.74084051
2020-11-02,3310.24,3310.2400,1895.8,1.74609136
2020-11-03,3369.16,3369.1600,1909.73,1.76420751
2020-11-04,3443.44,3443.4400,1902.99,1.80948928
2020-11-05,3510.45,3510.4500,1949.74,1.80047083
2020-11-06,3509.44,3509.4400,1951.76,1.79808993
2020-11-09,3550.5,3550.5000,1862.86,1.90594033
2020-11-10,3545.53,3545.5300,1877.26,1.88867285
2020-11-11,3572.66,3572.6600,1865.64,1.91497824
2020-11-12,3537.01,3537.0100,1877.01,1.88438527
2020-11-13,3585.15,3585.1500,1887.84,1.89907513
2020-11-16,3626.91,3626.9100,1888.99,1.92002605
2020-11-17,3609.53,3609.5300,1880.55,1.91940124
2020-11-18,3567.79,3567.7900,1872.48,1.90538217
2020-11-19,3581.87,3581.8700,1866.59,1.91893774
2020-11-20,3557.54,3557.5400,1873.16,1.89921843
2020-11-23,3577.59,3577.5900,1837.86,1.94660638
2020-11-24,3635.41,3635.4100,1807.53,2.01125846
2020-11-25,3629.65,3629.6500,1807.625,2.00796625
2020-11-27,3638.35,3638.3500,1787.215,2.03576514
2020-11-30,3621.63,3621.6300,1776.77,2.03832235
2020-12-01,3662.45,3662.4500,1815.21,2.01764534
2020-12-02,3669.01,3669.0100,1830.61,2.00425541
2020-12-03,3666.72,3666.7200,1841.04,1.99165689
2020-12-04,3699.12,3699.1200,1836.52,2.01420077
2020-12-07,3691.96,3691.9600,1862.31,1.98246264
2020-12-08,3702.25,3702.2500,1870.41,1.97937885
2020-12-09,3672.82,3672.8200,1840.06,1.99603274
2020-12-10,3668.1,3668.1000,1836.79,1.99701653
2020-12-11,3663.46,3663.4600,1839.5,1.99155205
2020-12-14,3647.49,3647.4900,1827.12,1.99630566
2020-12-15,3694.62,3694.6200,1853.36,1.99347132
2020-12-16,3701.17,3701.1700,1864.91,1.98463733
2020-12-17,3722.48,3722.4800,1885.595,1.97416731
2020-12-18,3709.41,3709.4100,1881.27,1.97175844
2020-12-21,3694.92,3694.9200,1876.76,1.96877598
2020-12-22,3687.26,3687.2600,1860.32,1.98205685
2020-12-23,3690.01,3690.0100,1873.21,1.96988592
2020-12-24,3703.06,3703.0600,1879.82,1.96990137
2020-12-28,3735.36,3735.3600,1873.96,1.99329762
2020-12-29,3727.04,3727.0400,1878.41,1.98414617
2020-12-30,3732.04,3732.0400,1894.58,1.96985084
2020-12-31,3756.07,3756.0700,1898.705,1.97822727
2021-01-04,3700.65,3700.6500,1942.78,1.90482196
2021-01-05,3726.86,3726.8600,1950.18,1.91103385
2021-01-06,3748.14,3748.1400,1919.48,1.95268510
2021-01-07,3803.79,3803.7900,1913.25,1.98813015
2021-01-08,3824.68,3824.6800,1848.61,2.06894910
2021-01-11,3799.61,3799.6100,1843.73,2.06082778
2021-01-12,3801.19,3801.1900,1854.75,2.04943523
2021-01-13,3809.84,3809.8400,1845.12,2.06481963
2021-01-14,3795.54,3795.5400,1845.87,2.05623365
2021-01-15,3768.25,3768.2500,1825.57,2.06414983
2021-01-19,3798.91,3798.9100,1839.96,2.06466988
2021-01-20,3851.85,3851.8500,1871.4,2.05827188
2021-01-21,3853.07,3853.0700,1869.83,2.06065257
2021-01-22,3841.47,3841.4700,1853.87,2.07213559
2021-01-25,3855.36,3855.3600,1855.95,2.07729734
2021-01-26,3849.62,3849.6200,1850.81,2.07996499
2021-01-27,3750.77,3750.7700,1843.56,2.03452559
2021-01-28,3787.38,3787.3800,1842.43,2.05564391
2021-01-29,3714.24,3714.2400,1842.81,2.01553063
2021-02-01,3773.86,3773.8600,1860.61,2.02829180
2021-02-02,3826.31,3826.3100,1837.97,2.08181309
2021-02-03,3830.17,3830.1700,1834.08,2.08833312
2021-02-04,3871.74,3871.7400,1794.33,2.15776362
2021-02-05,3886.83,3886.8300,1810.95,2.14629338
2021-02-08,3915.59,3915.5900,1830.61,2.13895368
2021-02-09,3911.23,3911.2300,1838.59,2.12729864
2021-02-10,3909.88,3909.8800,1843.255,2.12118236
2021-02-11,3916.38,3916.3800,1825.7,2.14513885
2021-02-12,3934.83,3934.8300,1821.29,2.16046319
2021-02-16,3932.59,3932.5900,1794.46,2.19151723
2021-02-17,3931.33,3931.3300,1776.44,2.21303844
2021-02-18,3913.97,3913.9700,1775.84,2.20401050
2021-02-19,3906.71,3906.7100,1781.43,2.19301909
2021-02-22,3876.5,3876.5000,1809.36,2.14247027
2021-02-23,3881.37,3881.3700,1805.67,2.14954560
2021-02-24,3925.43,3925.4300,1805.47,2.17418733
2021-02-25,3829.34,3829.3400,1770.75,2.16255259
2021-02-26,3811.15,3811.1500,1727.48,2.20619052
2021-03-01,3901.82,3901.8200,1724.95,2.26199020
2021-03-02,3870.29,3870.2900,1738.48,2.22624937
2021-03-03,3819.72,3819.7200,1711.04,2.23239667
2021-03-04,3768.47,3768.4700,1697.5,2.22001178
2021-03-05,3841.94,3841.9400,1698.33,2.26218697
2021-03-08,3821.35,3821.3500,1683.6,2.26974935
2021-03-09,3875.44,3875.4400,1716.17,2.25819120
2021-03-10,3898.81,3898.8100,1726.72,2.25792833
2021-03-11,3939.34,3939.3400,1722.6,2.28685708
2021-03-12,3943.34,3943.3400,1724.54,2.28660396
2021-03-15,3968.94,3968.9400,1732.16,2.29132413
2021-03-16,3962.71,3962.7100,1732.485,2.28729830
2021-03-17,3974.12,3974.1200,1747.38,2.27433071
2021-03-18,3915.46,3915.4600,1736.18,2.25521547
2021-03-19,3913.1,3913.1000,1745,2.24246418
2021-03-22,3940.59,3940.5900,1739.695,2.26510394
2021-03-23,3910.52,3910.5200,1727.48,2.26371362
2021-03-24,3889.14,3889.1400,1734.765,2.24188291
2021-03-25,3909.52,3909.5200,1727.855,2.26264357
2021-03-26,3974.54,3974.5400,1732.57,2.29401409
2021-03-29,3971.09,3971.0900,1712.21,2.31927743
2021-03-30,3958.55,3958.5500,1685.195,2.34901599
2021-03-31,3972.89,3972.8900,1707.65,2.32652476
2021-04-01,4019.87,4019.8700,1729.7,2.32402729
2021-04-05,4077.91,4077.9100,1728.33,2.35945103
2021-04-06,4073.94,4073.9400,1743.3,2.33691275
2021-04-07,4079.95,4079.9500,1737.7,2.34790240
2021-04-08,4097.17,4097.1700,1755.6,2.33377193
2021-04-09,4128.8,4128.8000,1742.98,2.36881662
2021-04-12,4127.99,4127.9900,1732.85,2.38219696
2021-04-13,4141.59,4141.5900,1745.34,2.37294166
2021-04-14,4124.66,4124.6600,1736.45,2.37534049
2021-04-15,4170.42,4170.4200,1763.64,2.36466626
2021-04-16,4185.47,4185.4700,1775.98,2.35671010
2021-04-19,4163.26,4163.2600,1771.45,2.35019899
2021-04-20,4134.94,4134.9400,1778.91,2.32442338
2021-04-21,4173.42,4173.4200,1793.65,2.32677501
2021-04-22,4134.98,4134.9800,1784.16,2.31760604
2021-04-23,4180.17,4180.1700,1776.3,2.35330181
2021-04-26,4187.62,4187.6200,1781.25,2.35094456
2021-04-27,4186.72,4186.7200,1776.65,2.35652492
2021-04-28,4183.18,4183.1800,1781.63,2.34795103
2021-04-29,4211.47,4211.4700,1772.03,2.37663584
2021-04-30,4181.17,4181.1700,1767.94,2.36499542
2021-05-03,4192.66,4192.6600,1792.995,2.33835566
2021-05-04,4164.66,4164.6600,1778.78,2.34130134
2021-05-05,4167.59,4167.5900,1786.86,2.33235396
2021-05-06,4201.62,4201.6200,1814.96,2.31499317
2021-05-07,4232.6,4232.6000,1832.13,2.31020725
2021-05-10,4188.43,4188.4300,1836.15,2.28109359
2021-05-11,4152.1,4152.1000,1837.49,2.25965856
2021-05-12,4063.04,4063.0400,1815.41,2.23808396
2021-05-13,4112.5,4112.5000,1826.5,2.25157405
2021-05-14,4173.85,4173.8500,1842.74,2.26502382
2021-05-17,4163.29,4163.2900,1866.85,2.23011490
2021-05-18,4127.83,4127.8300,1869.55,2.20792704
2021-05-19,4115.68,4115.6800,1869.52,2.20146348
2021-05-20,4159.12,4159.1200,1877.22,2.21557409
2021-05-21,4155.86,4155.8600,1879.9,2.21068142
2021-05-24,4197.05,4197.0500,1880.88,2.23142891
2021-05-25,4188.13,4188.1300,1899.16,2.20525390
2021-05-26,4195.99,4195.9900,1896.79,2.21215316
2021-05-27,4200.88,4200.8800,1896.37,2.21522171
2021-05-28,4204.11,4204.1100,1904.85,2.20705567
2021-06-01,4202.04,4202.0400,1900.3,2.21125086
2021-06-02,4208.12,4208.1200,1908.28,2.20519001
2021-06-03,4192.85,4192.8500,1870.59,2.24145858
2021-06-04,4229.89,4229.8900,1891.53,2.23622676
2021-06-07,4226.52,4226.5200,1899.25,2.22536264
2021-06-08,4227.26,4227.2600,1892.91,2.23320707
2021-06-09,4219.55,4219.5500,1888.62,2.23419746
2021-06-10,4239.18,4239.1800,1898.33,2.23311015
2021-06-11,4247.44,4247.4400,1876.63,2.26333374
2021-06-14,4255.15,4255.1500,1866.19,2.28012689
2021-06-15,4246.59,4246.5900,1858.8,2.28458683
2021-06-16,4223.7,4223.7000,1811.75,2.33128191
2021-06-17,4221.86,4221.8600,1773.29,2.38080630
2021-06-18,4166.45,4166.4500,1762.06,2.36453356
2021-06-21,4224.79,4224.7900,1783.15,2.36928469
2021-06-22,4246.44,4246.4400,1778.7,2.38738404
2021-06-23,4241.84,4241.8400,1778.7,2.38479789
2021-06-24,4266.49,4266.4900,1775.15,2.40345323
2021-06-25,4280.7,4280.7000,1779.39,2.40571207
2021-06-28,4290.61,4290.6100,1778.37,2.41266441
2021-06-29,4291.8,4291.8000,1761.17,2.43690274
2021-06-30,4297.5,4297.5000,1770.21,2.42767807
2021-07-01,4319.94,4319.9400,1776.76,2.43135820
2021-07-02,4352.34,4352.3400,1787.97,2.43423547
2021-07-06,4343.54,4343.5400,1797.02,2.41707939
2021-07-07,4358.13,4358.1300,1803.65,2.41628365
2021-07-08,4320.82,4320.8200,1802.71,2.39684697
2021-07-09,4369.55,4369.5500,1808.33,2.41634547
2021-07-12,4384.63,4384.6300,1806.18,2.42757090
2021-07-13,4369.21,4369.2100,1807.7,2.41699950
2021-07-14,4374.3,4374.3000,1827.41,2.39371570
2021-07-15,4360.03,4360.0300,1829.49,2.38319422
2021-07-16,4327.16,4327.1600,1811.01,2.38936284
2021-07-19,4258.49,4258.4900,1812.23,2.34986177
2021-07-20,4323.06,4323.0600,1810.27,2.38807471
2021-07-21,4358.69,4358.6900,1803.51,2.41678172
2021-07-22,4367.48,4367.4800,1806.93,2.41707205
2021-07-23,4411.79,4411.7900,1801.45,2.44902162
2021-07-26,4422.3,4422.3000,1797.48,2.46027772
2021-07-27,4401.46,4401.4600,1798.96,2.44666919
2021-07-28,4400.64,4400.6400,1807.15,2.43512713
2021-07-29,4419.15,4419.1500,1828.17,2.41725332
2021-07-30,4395.26,4395.2600,1813.91,2.42308604
2021-08-02,4387.16,4387.1600,1813.33,2.41939415
2021-08-03,4423.15,4423.1500,1810.5,2.44305440
2021-08-04,4402.66,4402.6600,1812.08,2.42961679
2021-08-05,4429.1,4429.1000,1804.355,2.45467217
2021-08-06,4436.52,4436.5200,1760.33,2.52027745
2021-08-09,4432.35,4432.3500,1729.7,2.56249639
2021-08-10,4436.75,4436.7500,1729.15,2.56585606
2021-08-11,4442.41,4442.4100,1751.73,2.53601297
2021-08-12,4460.83,4460.8300,1752.66,2.54517705
2021-08-13,4468,4468.0000,1778.57,2.51213053
2021-08-16,4479.71,4479.7100,1787.25,2.50648203
2021-08-17,4448.08,4448.0800,1786.06,2.49044265
2021-08-18,4400.27,4400.2700,1787.74,2.46135903
2021-08-19,4405.8,4405.8000,1780.13,2.47498778
2021-08-20,4441.67,4441.6700,1782.18,2.49226790
2021-08-23,4479.53,4479.5300,1805.5,2.48104680
2021-08-24,4486.23,4486.2300,1802.95,2.48827200
2021-08-25,4496.19,4496.1900,1790.9,2.51057569
2021-08-26,4470,4470.0000,1792.09,2.49429437
2021-08-27,4509.37,4509.3700,1818.45,2.47978773
2021-08-30,4528.79,4528.7900,1810.16,2.50187276
2021-08-31,4522.68,4522.6800,1813.47,2.49393704
2021-09-01,4524.09,4524.0900,1813.83,2.49421941
2021-09-02,4536.95,4536.9500,1809.565,2.50720477
2021-09-03,4535.43,4535.4300,1828.65,2.48020671
2021-09-07,4520.03,4520.0300,1794.4,2.51896456
2021-09-08,4514.07,4514.0700,1789.23,2.52291209
2021-09-09,4493.28,4493.2800,1794.5,2.50391753
2021-09-10,4458.58,4458.5800,1787.9,2.49375245
2021-09-13,4468.73,4468.7300,1793.63,2.49144472
2021-09-14,4443.05,4443.0500,1804.61,2.46205551
2021-09-15,4480.7,4480.7000,1793.775,2.49791641
2021-09-16,4473.75,4473.7500,1753.41,2.55145688
2021-09-17,4432.99,4432.9900,1751.65,2.53075101
2021-09-20,4357.73,4357.7300,1764.095,2.47023545
2021-09-21,4354.19,4354.1900,1774.19,2.45418473
2021-09-22,4395.64,4395.6400,1768.205,2.48593347
2021-09-23,4448.98,4448.9800,1742.76,2.55283573
2021-09-24,4455.48,4455.4800,1746.72,2.55076944
2021-09-27,4443.11,4443.1100,1750.085,2.53879669
2021-09-28,4352.63,4352.6300,1733.93,2.51026858
2021-09-29,4359.46,4359.4600,1726.35,2.52524691
2021-09-30,4307.54,4307.5400,1756.895,2.45179137
2021-10-01,4357.04,4357.0400,1760.07,2.47549245
2021-10-04,4300.46,4300.4600,1769.44,2.43040736
2021-10-05,4345.72,4345.7200,1759.96,2.46921521
2021-10-06,4363.55,4363.5500,1762.65,2.47556236
2021-10-07,4399.76,4399.7600,1755.17,2.50674294
2021-10-08,4391.34,4391.3400,1756.88,2.49951050
2021-10-11,4361.19,4361.1900,1754.2,2.48614183
2021-10-12,4350.65,4350.6500,1760.11,2.47180574
2021-10-13,4363.8,4363.8000,1793.05,2.43373024
2021-10-14,4438.26,4438.2600,1796.01,2.47117778
2021-10-15,4471.37,4471.3700,1768.33,2.52858347
2021-10-18,4486.46,4486.4600,1764.87,2.54209092
2021-10-19,4519.63,4519.6300,1769.54,2.55412706
2021-10-20,4536.19,4536.1900,1782.04,2.54550403
2021-10-21,4549.78,4549.7800,1782.83,2.55199879
2021-10-22,4544.9,4544.9000,1794.13,2.53320551
2021-10-25,4566.48,4566.4800,1807.73,2.52608520
2021-10-26,4574.79,4574.7900,1792.85,2.55168586
2021-10-27,4551.68,4551.6800,1797,2.53293267
2021-10-28,4596.42,4596.4200,1798.86,2.55518495
2021-10-29,4605.38,4605.3800,1782.82,2.58319965
2021-11-01,4613.67,4613.6700,1791.87,2.57477942
2021-11-02,4630.65,4630.6500,1787.09,2.59116776
2021-11-03,4660.57,4660.5700,1773.85,2.62737548
2021-11-04,4680.06,4680.0600,1791.43,2.61247160
2021-11-05,4697.53,4697.5300,1818.215,2.58359435
2021-11-08,4701.7,4701.7000,1824.32,2.57723426
2021-11-09,4685.25,4685.2500,1831.83,2.55768821
2021-11-10,4646.71,4646.7100,1849.36,2.51260436
2021-11-11,4649.27,4649.2700,1862,2.49692266
2021-11-12,4682.85,4682.8500,1866.08,2.50945833
2021-11-15,4682.8,4682.8000,1862.8,2.51385012
2021-11-16,4700.9,4700.9000,1850.43,2.54043655
2021-11-17,4688.67,4688.6700,1867.43,2.51076078
2021-11-18,4704.54,4704.5400,1858.91,2.53080569
2021-11-19,4697.96,4697.9600,1846.97,2.54360385
2021-11-22,4682.94,4682.9400,1804.8,2.59471410
2021-11-23,4690.7,4690.7000,1789.12,2.62179172
2021-11-24,4701.46,4701.4600,1788.64,2.62851105
2021-11-26,4594.62,4594.6200,1791.875,2.56414091
2021-11-29,4655.27,4655.2700,1784.71,2.60841817
2021-11-30,4567,4567.0000,1774.96,2.57301573
2021-12-01,4513.04,4513.0400,1781.87,2.53275491
2021-12-02,4577.1,4577.1000,1768.3,2.58841825
2021-12-03,4538.43,4538.4300,1782.96,2.54544690
2021-12-06,4591.67,4591.6700,1778.48,2.58179457
2021-12-07,4686.75,4686.7500,1784.17,2.62685170
2021-12-08,4701.21,4701.2100,1783.09,2.63655228
2021-12-09,4667.45,4667.4500,1775.17,2.62929748
2021-12-10,4712.02,4712.0200,1782.9,2.64289640
2021-12-13,4668.97,4668.9700,1786.68,2.61320998
2021-12-14,4634.09,4634.0900,1770.7,2.61709493
2021-12-15,4709.85,4709.8500,1777.13,2.65025631
2021-12-16,4668.67,4668.6700,1799.23,2.59481556
2021-12-17,4620.64,4620.6400,1796.14,2.57253889
2021-12-20,4568.02,4568.0200,1790.9,2.55068401
2021-12-21,4649.23,4649.2300,1788.97,2.59883061
2021-12-22,4696.56,4696.5600,1803.66,2.60390539
2021-12-23,4725.79,4725.7900,1808.57,2.61299811
2021-12-27,4791.19,4791.1900,1811.97,2.64418837
2021-12-28,4786.35,4786.3500,1806.15,2.65002907
2021-12-29,4793.06,4793.0600,1804.38,2.65634733
2021-12-30,4778.73,4778.7300,1814.69,2.63335887
2021-12-31,4766.18,4766.1800,1829.5,2.60518174
2022-01-03,4796.56,4796.5600,1801.32,2.66280283
2022-01-04,4793.54,4793.5400,1814.64,2.64159282
2022-01-05,4700.58,4700.5800,1810.29,2.59658950
2022-01-06,4696.05,4696.0500,1790.98,2.62205608
2022-01-07,4677.03,4677.0300,1795.81,2.60441249
2022-01-10,4670.29,4670.2900,1801.74,2.59209986
2022-01-11,4713.07,4713.0700,1821.54,2.58740955
2022-01-12,4726.35,4726.3500,1826.27,2.58797987
2022-01-13,4659.03,4659.0300,1822.7,2.55611456
2022-01-14,4662.85,4662.8500,1816.6,2.56680062
2022-01-18,4577.11,4577.1100,1813.81,2.52347820
2022-01-19,4532.76,4532.7600,1840.56,2.46270700
2022-01-20,4482.73,4482.7300,1839.6,2.43679604
2022-01-21,4397.94,4397.9400,1831.78,2.40091059
2022-01-24,4410.13,4410.1300,1843.17,2.39268760
2022-01-25,4356.45,4356.4500,1848.15,2.35719503
2022-01-26,4349.93,4349.9300,1819.45,2.39079392
2022-01-27,4326.51,4326.5100,1797.2,2.40736145
2022-01-28,4431.85,4431.8500,1788.87,2.47745784
2022-01-31,4515.55,4515.5500,1797.35,2.51233761
2022-02-01,4546.54,4546.5400,1801.11,2.52429890
2022-02-02,4589.38,4589.3800,1806.9,2.53991920
2022-02-03,4477.44,4477.4400,1804.86,2.48076859
2022-02-04,4500.53,4500.5300,1808.13,2.48905223
2022-02-07,4483.87,4483.8700,1820.54,2.46293407
2022-02-08,4521.54,4521.5400,1826.03,2.47615866
2022-02-09,4587.18,4587.1800,1832.99,2.50256684
2022-02-10,4504.08,4504.0800,1826.68,2.46571923
2022-02-11,4418.64,4418.6400,1861.27,2.37399195
2022-02-14,4401.67,4401.6700,1871.42,2.35204818
2022-02-15,4471.07,4471.0700,1853.55,2.41216584
2022-02-16,4475.01,4475.0100,1869.61,2.39355267
2022-02-17,4380.26,4380.2600,1898.4,2.30734303
2022-02-18,4348.87,4348.8700,1897.03,2.29246243
2022-02-22,4304.76,4304.7600,1898.49,2.26746520
2022-02-23,4225.5,4225.5000,1909.19,2.21324227
2022-02-24,4288.7,4288.7000,1904.1,2.25235019
2022-02-25,4384.65,4384.6500,1890.79,2.31895134
2022-02-28,4373.94,4373.9400,1908.82,2.29143659
2022-03-01,4306.26,4306.2600,1945.135,2.21386176
2022-03-02,4386.54,4386.5400,1928.67,2.27438598
2022-03-03,4363.49,4363.4900,1936.31,2.25350796
2022-03-04,4328.87,4328.8700,1967.46,2.20023279
2022-03-07,4201.09,4201.0900,1997.7,2.10296341
2022-03-08,4170.7,4170.7000,2050.01,2.03447788
2022-03-09,4277.88,4277.8800,1991.97,2.14756246
2022-03-10,4259.52,4259.5200,1996.87,2.13309830
2022-03-11,4204.31,4204.3100,1982.68,2.12051869
2022-03-14,4173.11,4173.1100,1953.71,2.13599255
2022-03-15,4262.45,4262.4500,1916.26,2.22435891
2022-03-16,4357.86,4357.8600,1925.71,2.26298872
2022-03-17,4411.67,4411.6700,1941.27,2.27256899
2022-03-18,4463.12,4463.1200,1921.13,2.32317438
2022-03-21,4461.18,4461.1800,1936.24,2.30404289
2022-03-22,4511.61,4511.6100,1920.87,2.34873261
2022-03-23,4456.24,4456.2400,1945.21,2.29087862
2022-03-24,4520.16,4520.1600,1958.42,2.30806466
2022-03-25,4543.06,4543.0600,1958.16,2.32006578
2022-03-28,4575.52,4575.5200,1922.78,2.37963782
2022-03-29,4631.6,4631.6000,1919.48,2.41294517
2022-03-30,4602.45,4602.4500,1932.71,2.38134536
2022-03-31,4530.41,4530.4100,1937.27,2.33855374
2022-04-01,4545.86,4545.8600,1922.73,2.36427371
2022-04-04,4582.64,4582.6400,1932.74,2.37105870
2022-04-05,4525.12,4525.1200,1923.495,2.35255096
2022-04-06,4481.15,4481.1500,1925.355,2.32744091
2022-04-07,4500.21,4500.2100,1931.575,2.32981375
2022-04-08,4488.28,4488.2800,1944.185,2.30856631
2022-04-11,4412.53,4412.5300,1953.765,2.25847530
2022-04-12,4397.45,4397.4500,1966.615,2.23605027
2022-04-13,4446.59,4446.5900,1978.185,2.24781302
2022-04-14,4392.59,4392.5900,1973.495,2.22579231
2022-04-18,4391.69,4391.6900,1978.735,2.21944323
2022-04-19,4462.21,4462.2100,1950.145,2.28814268
2022-04-20,4459.45,4459.4500,1957.625,2.27798991
2022-04-21,4393.66,4393.6600,1951.395,2.25154825
2022-04-22,4271.78,4271.7800,1932.645,2.21032833
2022-04-25,4296.12,4296.1200,1898.145,2.26332551
2022-04-26,4175.2,4175.2000,1905.315,2.19134369
2022-04-27,4183.96,4183.9600,1885.955,2.21848347
2022-04-28,4287.5,4287.5000,1894.545,2.26307636
2022-04-29,4131.93,4131.9300,1896.395,2.17883405
2022-05-02,4155.38,4155.3800,1862.885,2.23061542
2022-05-03,4175.48,4175.4800,1868.295,2.23491472
2022-05-04,4300.17,4300.1700,1881.335,2.28570138
2022-05-05,4146.87,4146.8700,1877.165,2.20911321
2022-05-06,4123.34,4123.3400,1880.915,2.19219901
2022-05-09,3991.24,3991.2400,1853.865,2.15292915
2022-05-10,4001.05,4001.0500,1838.325,2.17646499
2022-05-11,3935.18,3935.1800,1852.525,2.12422504
2022-05-12,3930.08,3930.0800,1821.805,2.15724515
2022-05-13,4023.89,4023.8900,1809.765,2.22343232
2022-05-16,4008.01,4008.0100,1823.995,2.19737993
2022-05-17,4088.85,4088.8500,1815.065,2.25272924
2022-05-18,3923.68,3923.6800,1816.615,2.15988528
2022-05-19,3900.79,3900.7900,1842.135,2.11753753
2022-05-20,3901.36,3901.3600,1844.705,2.11489642
2022-05-23,3973.75,3973.7500,1853.575,2.14383017
2022-05-24,3941.48,3941.4800,1866.535,2.11165609
2022-05-25,3978.73,3978.7300,1853.305,2.14682958
2022-05-26,4057.84,4057.8400,1850.815,2.19246116
2022-05-27,4158.24,4158.2400,1853.495,2.24345898
2022-05-31,4132.15,4132.1500,1837.635,2.24862391
2022-06-01,4101.23,4101.2300,1846.405,2.22119741
2022-06-02,4176.82,4176.8200,1868.645,2.23521322
2022-06-03,4108.54,4108.5400,1850.775,2.21990247
2022-06-06,4121.43,4121.4300,1841.705,2.23783396
2022-06-07,4160.68,4160.6800,1852.415,2.24608417
2022-06-08,4115.77,4115.7700,1853.165,2.22094093
2022-06-09,4017.82,4017.8200,1847.945,2.17420973
2022-06-10,3900.86,3900.8600,1871.945,2.08385396
2022-06-13,3749.63,3749.6300,1819.525,2.06077410
2022-06-14,3735.48,3735.4800,1808.255,2.06579271
2022-06-15,3789.99,3789.9900,1833.89,2.06663977
2022-06-16,3666.77,3666.7700,1856.725,1.97485896
2022-06-17,3674.84,3674.8400,1837.115,2.00033204
2022-06-21,3764.79,3764.7900,1833.125,2.05375520
2022-06-22,3759.89,3759.8900,1837.935,2.04571435
2022-06-23,3795.73,3795.7300,1822.665,2.08251653
2022-06-24,3911.74,3911.7400,1823.795,2.14483536
2022-06-27,3900.11,3900.1100,1822.775,2.13965520
2022-06-28,3821.55,3821.5500,1819.945,2.09981620
2022-06-29,3818.83,3818.8300,1817.915,2.10066477
2022-06-30,3785.38,3785.3800,1807.215,2.09459306
2022-07-01,3825.33,3825.3300,1806.055,2.11805842
2022-07-05,3831.39,3831.3900,1764.785,2.17102367
2022-07-06,3845.08,3845.0800,1739.295,2.21071181
2022-07-07,3902.62,3902.6200,1740.225,2.24259507
2022-07-08,3899.38,3899.3800,1741.515,2.23907345
2022-07-11,3854.43,3854.4300,1734.065,2.22277135
2022-07-12,3818.8,3818.8000,1726.205,2.21225173
2022-07-13,3801.78,3801.7800,1735.655,2.19040074
2022-07-14,3790.38,3790.3800,1709.935,2.21668075
2022-07-15,3863.16,3863.1600,1705.795,2.26472700
2022-07-18,3830.85,3830.8500,1709.145,2.24138385
2022-07-19,3936.69,3936.6900,1711.715,2.29985132
2022-07-20,3959.9,3959.9000,1696.605,2.33401410
2022-07-21,3998.95,3998.9500,1718.335,2.32722374
2022-07-22,3961.63,3961.6300,1724.155,2.29772265
2022-07-25,3966.84,3966.8400,1719.735,2.30665771
2022-07-26,3921.05,3921.0500,1717.525,2.28296531
2022-07-27,4023.61,4023.6100,1734.465,2.31979890
2022-07-28,4072.43,4072.4300,1756.065,2.31906564
2022-07-29,4130.29,4130.2900,1761.035,2.34537644
2022-08-01,4118.63,4118.6300,1772.235,2.32397509
2022-08-02,4091.19,4091.1900,1761.345,2.32276471
2022-08-03,4155.17,4155.1700,1765.625,2.35337062
2022-08-04,4151.94,4151.9400,1791.245,2.31790738
2022-08-05,4145.19,4145.1900,1773.485,2.33731326
2022-08-08,4140.06,4140.0600,1789.145,2.31398797
2022-08-09,4122.47,4122.4700,1794.435,2.29736379
2022-08-10,4210.24,4210.2400,1792.285,2.34909069
2022-08-11,4207.27,4207.2700,1789.505,2.35108033
2022-08-12,4280.15,4280.1500,1801.435,2.37596694
2022-08-15,4297.14,4297.1400,1779.545,2.41474085
2022-08-16,4305.2,4305.2000,1775.475,2.42481589
2022-08-17,4274.04,4274.0400,1762.145,2.42547577
2022-08-18,4283.74,4283.7400,1758.465,2.43606782
2022-08-19,4228.48,4228.4800,1746.665,2.42088781
2022-08-22,4137.99,4137.9900,1736.235,2.38331217
2022-08-23,4128.73,4128.7300,1747.965,2.36202098
2022-08-24,4140.77,4140.7700,1751.345,2.36433712
2022-08-25,4199.12,4199.1200,1758.675,2.38766117
2022-08-26,4057.66,4057.6600,1736.895,2.33615734
2022-08-29,4030.61,4030.6100,1737.595,2.31964871
2022-08-30,3986.16,3986.1600,1724.375,2.31165495
2022-08-31,3955,3955.0000,1711.145,2.31131786
2022-09-01,3966.85,3966.8500,1697.685,2.33662311
2022-09-02,3924.26,3924.2600,1709.765,2.29520431
2022-09-06,3908.19,3908.1900,1701.985,2.29625408
2022-09-07,3979.87,3979.8700,1718.455,2.31595823
2022-09-08,4006.18,4006.1800,1708.605,2.34470811
2022-09-09,4067.36,4067.3600,1715.935,2.37034620
2022-09-12,4110.41,4110.4100,1724.705,2.38325395
2022-09-13,3932.69,3932.6900,1702.555,2.30987545
2022-09-14,3946.01,3946.0100,1697.475,2.32463512
2022-09-15,3901.35,3901.3500,1664.525,2.34382181
2022-09-16,3873.33,3873.3300,1673.185,2.31494425
2022-09-19,3899.89,3899.8900,1675.705,2.32731298
2022-09-20,3855.93,3855.9300,1664.955,2.31593647
2022-09-21,3789.93,3789.9300,1673.875,2.26416548
2022-09-22,3757.99,3757.9900,1671.345,2.24848251
2022-09-23,3693.23,3693.2300,1643.155,2.24764554
2022-09-26,3655.04,3655.0400,1622.805,2.25229772
2022-09-27,3647.29,3647.2900,1629.195,2.23870685
2022-09-28,3719.04,3719.0400,1660.025,2.24035180
2022-09-29,3640.47,3640.4700,1660.615,2.19224203
2022-09-30,3585.62,3585.6200,1661.815,2.15765293
2022-10-03,3678.43,3678.4300,1699.695,2.16417063
2022-10-04,3790.93,3790.9300,1726.415,2.19583935
2022-10-05,3783.28,3783.2800,1716.345,2.20426546
2022-10-06,3744.52,3744.5200,1712.655,2.18638313
2022-10-07,3639.66,3639.6600,1695.525,2.14662715
2022-10-10,3612.39,3612.3900,1668.145,2.16551319
2022-10-11,3588.84,3588.8400,1666.265,2.15382307
2022-10-12,3577.03,3577.0300,1673.255,2.13776741
2022-10-13,3669.91,3669.9100,1666.265,2.20247680
2022-10-14,3583.07,3583.0700,1642.845,2.18101525
2022-10-17,3677.95,3677.9500,1650.765,2.22802761
2022-10-18,3719.98,3719.9800,1652.085,2.25168802
2022-10-19,3695.16,3695.1600,1629.155,2.26814514
2022-10-20,3665.78,3665.7800,1628.265,2.25134115
2022-10-21,3752.75,3752.7500,1655.175,2.26728292
2022-10-24,3797.34,3797.3400,1649.405,2.30224839
2022-10-25,3859.11,3859.1100,1653.155,2.33439091
2022-10-26,3830.6,3830.6000,1664.835,2.30088868
2022-10-27,3807.3,3807.3000,1663.455,2.28879050
2022-10-28,3901.06,3901.0600,1645.245,2.37111190
2022-10-31,3871.98,3871.9800,1632.755,2.37143968
2022-11-01,3856.1,3856.1000,1648.3,2.33944064
2022-11-02,3759.69,3759.6900,1634.175,2.30066547
2022-11-03,3719.89,3719.8900,1630.325,2.28168617
2022-11-04,3770.55,3770.5500,1681.4,2.24250624
2022-11-07,3806.8,3806.8000,1675.385,2.27219415
2022-11-08,3828.11,3828.1100,1712.375,2.23555588
2022-11-09,3748.57,3748.5700,1707.035,2.19595380
2022-11-10,3956.37,3956.3700,1755.575,2.25360352
2022-11-11,3992.93,3992.9300,1767.865,2.25861703
2022-11-14,3957.25,3957.2500,1771.305,2.23408730
2022-11-15,3991.73,3991.7300,1778.815,2.24403887
2022-11-16,3958.79,3958.7900,1773.865,2.23173128
2022-11-17,3946.56,3946.5600,1760.275,2.24201332
2022-11-18,3965.34,3965.3400,1748.775,2.26749582
2022-11-21,3949.94,3949.9400,1737.905,2.27281698
2022-11-22,4003.58,4003.5800,1740.115,2.30075598
2022-11-23,4027.26,4027.2600,1749.585,2.30183729
2022-11-25,4026.12,4026.1200,1754.625,2.29457576
2022-11-28,3963.94,3963.9400,1741.685,2.27592245
2022-11-29,3957.63,3957.6300,1749.795,2.26176781
2022-11-30,4080.11,4080.1100,1768.615,2.30695205
2022-12-01,4076.57,4076.5700,1802.935,2.26107430
2022-12-02,4071.7,4071.7000,1797.56,2.26512606
2022-12-05,3998.84,3998.8400,1768.77,2.26080270
2022-12-06,3941.26,3941.2600,1771.09,2.22533016
2022-12-07,3933.92,3933.9200,1786.13,2.20248246
2022-12-08,3963.51,3963.5100,1789.09,2.21537765
2022-12-09,3934.38,3934.3800,1795.12,2.19170863
2022-12-12,3990.56,3990.5600,1781.41,2.24011317
2022-12-13,4019.65,4019.6500,1810.61,2.22005291
2022-12-14,3995.32,3995.3200,1807.42,2.21051001
2022-12-15,3895.75,3895.7500,1776.9,2.19244189
2022-12-16,3852.36,3852.3600,1792.2,2.14951456
2022-12-19,3817.66,3817.6600,1787.75,2.13545518
2022-12-20,3821.62,3821.6200,1817.83,2.10229779
2022-12-21,3878.44,3878.4400,1814.37,2.13762353
2022-12-22,3822.39,3822.3900,1792.45,2.13249463
2022-12-23,3844.82,3844.8200,1797.69,2.13875585
2022-12-27,3829.25,3829.2500,1813.63,2.11137332
2022-12-28,3783.22,3783.2200,1804.35,2.09672181
2022-12-29,3849.28,3849.2800,1815.02,2.12079206
2022-12-30,3839.5,3839.5000,1823.48,2.10558931
2023-01-03,3824.14,3824.1400,1839.54,2.07885667
2023-01-04,3852.97,3852.9700,1854.66,2.07745355
2023-01-05,3808.1,3808.1000,1832.96,2.07756852
2023-01-06,3895.08,3895.0800,1867.01,2.08626628
2023-01-09,3892.09,3892.0900,1871.78,2.07935227
2023-01-10,3919.25,3919.2500,1876.96,2.08808392
2023-01-11,3969.61,3969.6100,1875.65,2.11639165
2023-01-12,3983.17,3983.1700,1896.87,2.09986451
2023-01-13,3999.09,3999.0900,1920.74,2.08205692
2023-01-17,3990.97,3990.9700,1908.67,2.09096910
2023-01-18,3928.86,3928.8600,1904.34,2.06310848
2023-01-19,3898.85,3898.8500,1932.17,2.01786075
2023-01-20,3972.61,3972.6100,1927.27,2.06126282
2023-01-23,4019.81,4019.8100,1931.02,2.08170293
2023-01-24,4016.95,4016.9500,1937.3,2.07347855
2023-01-25,4016.22,4016.2200,1946.27,2.06354720
2023-01-26,4060.43,4060.4300,1929.18,2.10474398
2023-01-27,4070.56,4070.5600,1926.56,2.11286438
2023-01-30,4017.77,4017.7700,1923.22,2.08908497
2023-01-31,4076.6,4076.6000,1928.28,2.11411206
2023-02-01,4119.21,4119.2100,1950.18,2.11222041
2023-02-02,4179.76,4179.7600,1912.64,2.18533545
2023-02-03,4136.48,4136.4800,1864.85,2.21813014
2023-02-06,4111.08,4111.0800,1867.69,2.20115758
2023-02-07,4164,4164.0000,1873.72,2.22231710
2023-02-08,4117.86,4117.8600,1875.55,2.19554797
2023-02-09,4081.5,4081.5000,1861.7,2.19235108
2023-02-10,4090.46,4090.4600,1864.2,2.19421736
2023-02-13,4137.29,4137.2900,1853.45,2.23221020
2023-02-14,4136.13,4136.1300,1854.46,2.23036895
2023-02-15,4147.6,4147.6000,1835.91,2.25915214
2023-02-16,4090.41,4090.4100,1836.5,2.22728560
2023-02-17,4079.09,4079.0900,1841.93,2.21457384
2023-02-21,3997.34,3997.3400,1835.01,2.17837505
2023-02-22,3991.05,3991.0500,1825.26,2.18656520
2023-02-23,4012.32,4012.3200,1822.37,2.20170437
2023-02-24,3970.04,3970.0400,1810.98,2.19220533
2023-02-27,3982.24,3982.2400,1817.31,2.19128272
2023-02-28,3970.15,3970.1500,1826.8,2.17328115
2023-03-01,3951.39,3951.3900,1836.705,2.15134711
2023-03-02,3981.35,3981.3500,1835.75,2.16878660
2023-03-03,4045.64,4045.6400,1855.24,2.18065587
2023-03-06,4048.42,4048.4200,1846.76,2.19217440
2023-03-07,3986.37,3986.3700,1813.23,2.19849109
2023-03-08,3992.01,3992.0100,1813.82,2.20088542
2023-03-09,3918.32,3918.3200,1830.86,2.14015272
2023-03-10,3861.59,3861.5900,1869.9,2.06513183
2023-03-13,3855.76,3855.7600,1910.27,2.01843718
2023-03-14,3919.29,3919.2900,1904.27,2.05815877
2023-03-15,3891.93,3891.9300,1920.35,2.02667743
2023-03-16,3960.28,3960.2800,1920.02,2.06262435
2023-03-17,3916.64,3916.6400,1989.33,1.96882367
2023-03-20,3951.57,3951.5700,1978.36,1.99739683
2023-03-21,4002.87,4002.8700,1941.18,2.06208080
2023-03-22,3936.97,3936.9700,1965.71,2.00282341
2023-03-23,3948.72,3948.7200,1992.03,1.98225930
2023-03-24,3970.99,3970.9900,1977.78,2.00780168
2023-03-27,3977.53,3977.5300,1956.52,2.03296158
2023-03-28,3971.27,3971.2700,1973.7,2.01209404
2023-03-29,4027.81,4027.8100,1964.52,2.05027691
2023-03-30,4050.83,4050.8300,1980.31,2.04555347
2023-03-31,4109.31,4109.3100,1970.8,2.08509742
2023-04-03,4124.51,4124.5100,1984.565,2.07829424
2023-04-04,4100.6,4100.6000,2020.665,2.02933193
2023-04-05,4090.38,4090.3800,2020.84,2.02409889
2023-04-06,4105.02,4105.0200,2007.465,2.04487749
2023-04-10,4109.11,4109.1100,1991.35,2.06347955
2023-04-11,4108.94,4108.9400,2003.62,2.05075813
2023-04-12,4091.95,4091.9500,2014.94,2.03080489
2023-04-13,4146.22,4146.2200,2040.15,2.03231135
2023-04-14,4137.64,4137.6400,2005.45,2.06319779
2023-04-17,4151.32,4151.3200,1995.16,2.08069528
2023-04-18,4154.87,4154.8700,2005.28,2.07196501
2023-04-19,4154.52,4154.5200,1994.79,2.08268540
2023-04-20,4129.79,4129.7900,2004.82,2.05993057
2023-04-21,4133.52,4133.5200,1982.78,2.08470935
2023-04-24,4137.04,4137.0400,1989.1,2.07985521
2023-04-25,4071.63,4071.6300,1997.13,2.03874059
2023-04-26,4055.99,4055.9900,1989.46,2.03873916
2023-04-27,4135.35,4135.3500,1987.85,2.08031290
2023-04-28,4169.48,4169.4800,1989.27,2.09598496
2023-05-01,4167.87,4167.8700,1982.48,2.10235160
2023-05-02,4119.58,4119.5800,2016.7,2.04273318
2023-05-03,4090.75,4090.7500,2038.64,2.00660735
2023-05-04,4061.22,4061.2200,2050.19,1.98089933
2023-05-05,4136.25,4136.2500,2018,2.04967790
2023-05-08,4138.12,4138.1200,2021.49,2.04706429
2023-05-09,4119.17,4119.1700,2034.56,2.02459991
2023-05-10,4137.64,4137.6400,2030.185,2.03806057
2023-05-11,4130.62,4130.6200,2015.12,2.04981341
2023-05-12,4124.08,4124.0800,2011.06,2.05069963
2023-05-15,4136.28,4136.2800,2016.46,2.05125815
2023-05-16,4109.9,4109.9000,1988.92,2.06639784
2023-05-17,4158.77,4158.7700,1981.57,2.09872475
2023-05-18,4198.05,4198.0500,1957.53,2.14456483
2023-05-19,4191.98,4191.9800,1976.33,2.12109314
2023-05-22,4192.63,4192.6300,1971.82,2.12627420
2023-05-23,4145.58,4145.5800,1975.03,2.09899596
2023-05-24,4115.24,4115.2400,1957.36,2.10244411
2023-05-25,4151.28,4151.2800,1940.86,2.13888689
2023-05-26,4205.45,4205.4500,1947.59,2.15930971
2023-05-30,4205.52,4205.5200,1959.43,2.14629765
2023-05-31,4179.83,4179.8300,1962.93,2.12938312
2023-06-01,4221.02,4221.0200,1977.58,2.13443704
2023-06-02,4282.37,4282.3700,1948.75,2.19749583
2023-06-05,4273.79,4273.7900,1961.89,2.17840450
2023-06-06,4283.85,4283.8500,1963.36,2.18189736
2023-06-07,4267.52,4267.5200,1940.01,2.19974124
2023-06-08,4293.93,4293.9300,1965.7,2.18442794
2023-06-09,4298.86,4298.8600,1960.04,2.19325116
2023-06-12,4338.93,4338.9300,1957.49,2.21657837
2023-06-13,4369.01,4369.0100,1943.6,2.24789566
2023-06-14,4372.59,4372.5900,1941.97,2.25162593
2023-06-15,4425.84,4425.8400,1958.045,2.26033620
2023-06-16,4409.59,4409.5900,1955.66,2.25478355
2023-06-20,4388.71,4388.7100,1936.325,2.26651518
2023-06-21,4365.69,4365.6900,1932.7,2.25885549
2023-06-22,4381.89,4381.8900,1913.77,2.28966386
2023-06-23,4348.33,4348.3300,1919.15,2.26575828
2023-06-26,4328.82,4328.8200,1923.145,2.25090672
2023-06-27,4378.41,4378.4100,1913.765,2.28785143
2023-06-28,4376.86,4376.8600,1907.425,2.29464330
2023-06-29,4396.44,4396.4400,1908.235,2.30393007
2023-06-30,4450.38,4450.3800,1920.185,2.31768293
2023-07-03,4455.59,4455.5900,1921.59,2.31869962
2023-07-05,4446.82,4446.8200,1915.235,2.32181429
2023-07-06,4411.59,4411.5900,1910.925,2.30861494
2023-07-07,4398.95,4398.9500,1924.845,2.28535285
2023-07-10,4409.53,4409.5300,1925.345,2.29025447
2023-07-11,4439.26,4439.2600,1932.225,2.29748606
2023-07-12,4472.16,4472.1600,1957.425,2.28471589
2023-07-13,4510.04,4510.0400,1960.475,2.30048330
2023-07-14,4505.42,4505.4200,1954.535,2.30511093
2023-07-17,4522.79,4522.7900,1954.935,2.31352449
2023-07-18,4554.98,4554.9800,1978.805,2.30188422
2023-07-19,4565.72,4565.7200,1977.01,2.30940663
2023-07-20,4534.87,4534.8700,1969.53,2.30251380
2023-07-21,4536.34,4536.3400,1962.5,2.31151083
2023-07-24,4554.64,4554.6400,1954.855,2.32991194
2023-07-25,4567.46,4567.4600,1965.015,2.32438938
2023-07-26,4566.75,4566.7500,1972.295,2.31544977
2023-07-27,4537.41,4537.4100,1945.645,2.33208525
2023-07-28,4582.23,4582.2300,1959.135,2.33890467
2023-07-31,4588.96,4588.9600,1965.575,2.33466543
2023-08-01,4576.73,4576.7300,1944.175,2.35407306
2023-08-02,4513.39,4513.3900,1934.895,2.33262787
2023-08-03,4501.89,4501.8900,1934.165,2.32756254
2023-08-04,4478.03,4478.0300,1941.515,2.30646171
2023-08-07,4518.44,4518.4400,1936.645,2.33312765
2023-08-08,4499.38,4499.3800,1925.305,2.33696999
2023-08-09,4467.71,4467.7100,1914.785,2.33326979
2023-08-10,4468.83,4468.8300,1912.375,2.33679587
2023-08-11,4464.05,4464.0500,1913.705,2.33267405
2023-08-14,4489.72,4489.7200,1907.495,2.35372570
2023-08-15,4437.86,4437.8600,1901.985,2.33327813
2023-08-16,4404.33,4404.3300,1892.12,2.32772234
2023-08-17,4370.36,4370.3600,1889.38,2.31311859
2023-08-18,4369.71,4369.7100,1889.48,2.31265216
2023-08-21,4399.77,4399.7700,1894.68,2.32217050
2023-08-22,4387.55,4387.5500,1897.45,2.31234025
2023-08-23,4436.01,4436.0100,1915.605,2.31572271
2023-08-24,4376.31,4376.3100,1916.83,2.28309761
2023-08-25,4405.71,4405.7100,1914.355,2.30140700
2023-08-28,4433.31,4433.3100,1920.235,2.30873305
2023-08-29,4497.63,4497.6300,1937.465,2.32139935
2023-08-30,4514.87,4514.8700,1942.58,2.32416168
2023-08-31,4507.66,4507.6600,1940.095,2.32342231
2023-09-01,4515.77,4515.7700,1940.585,2.32701479
2023-09-05,4496.83,4496.8300,1926.115,2.33466330
2023-09-06,4465.48,4465.4800,1916.565,2.32993924
2023-09-07,4451.14,4451.1400,1919.705,2.31865834
2023-09-08,4457.49,4457.4900,1919.255,2.32251056
2023-09-11,4487.46,4487.4600,1922.415,2.33428266
2023-09-12,4461.9,4461.9000,1913.425,2.33189176
2023-09-13,4467.44,4467.4400,1908.245,2.34112496
2023-09-14,4505.1,4505.1000,1910.635,2.35790719
2023-09-15,4450.32,4450.3200,1922.505,2.31485484
2023-09-18,4453.53,4453.5300,1933.755,2.30304770
2023-09-19,4443.95,4443.9500,1931.435,2.30085403
2023-09-20,4402.2,4402.2000,1930.405,2.28045410
2023-09-21,4330,4330.0000,1920.11,2.25507914
2023-09-22,4320.06,4320.0600,1925.415,2.24370331
2023-09-25,4337.44,4337.4400,1915.995,2.26380549
2023-09-26,4273.53,4273.5300,1900.665,2.24843936
2023-09-27,4274.51,4274.5100,1875.06,2.27966572
2023-09-28,4299.7,4299.7000,1864.94,2.30554334
2023-09-29,4288.05,4288.0500,1848.49,2.31975829
2023-10-02,4288.39,4288.3900,1827.89,2.34608757
2023-10-03,4229.45,4229.4500,1822.975,2.32008119
2023-10-04,4263.75,4263.7500,1821.25,2.34111187
2023-10-05,4258.19,4258.1900,1820.255,2.33933707
2023-10-06,4308.5,4308.5000,1829.385,2.35516307
2023-10-09,4335.66,4335.6600,1861.505,2.32911542
2023-10-10,4358.24,4358.2400,1860.5,2.34251008
2023-10-11,4376.95,4376.9500,1874.35,2.33518286
2023-10-12,4349.61,4349.6100,1868.81,2.32747577
2023-10-13,4327.78,4327.7800,1928.23,2.24443142
2023-10-16,4373.63,4373.6300,1920.185,2.27771282
2023-10-17,4373.2,4373.2000,1923.145,2.27398350
2023-10-18,4314.6,4314.6000,1947.735,2.21518841
2023-10-19,4278,4278.0000,1974.385,2.16675066
2023-10-20,4224.16,4224.1600,1979.84,2.13358655
2023-10-23,4217.04,4217.0400,1972.85,2.13753707
2023-10-24,4247.68,4247.6800,1971.12,2.15495759
2023-10-25,4186.77,4186.7700,1979.565,2.11499496
2023-10-26,4137.23,4137.2300,1984.87,2.08438336
2023-10-27,4117.37,4117.3700,2007.33,2.05116747
2023-10-30,4166.82,4166.8200,1995.14,2.08848502
2023-10-31,4193.8,4193.8000,1984.69,2.11307559
2023-11-01,4237.86,4237.8600,1983.925,2.13609889
2023-11-02,4317.78,4317.7800,1985,2.17520403
2023-11-03,4358.34,4358.3400,1992.57,2.18729580
2023-11-06,4365.98,4365.9800,1977.99,2.20728113
2023-11-07,4378.38,4378.3800,1969.13,2.22350987
2023-11-08,4382.78,4382.7800,1950.28,2.24725680
2023-11-09,4347.35,4347.3500,1958.435,2.21980816
2023-11-10,4415.24,4415.2400,1936.025,2.28056972
2023-11-13,4411.55,4411.5500,1946.21,2.26673894
2023-11-14,4495.7,4495.7000,1963.125,2.29007323
2023-11-15,4502.88,4502.8800,1959.395,2.29809712
2023-11-16,4508.24,4508.2400,1981.27,2.27542940
2023-11-17,4514.02,4514.0200,1980.79,2.27889882
2023-11-20,4547.38,4547.3800,1978.015,2.29896133
2023-11-21,4538.19,4538.1900,1998.41,2.27090037
2023-11-22,4556.62,4556.6200,1989.9,2.28987386
2023-11-24,4559.34,4559.3400,2002.445,2.27688651
2023-11-27,4550.43,4550.4300,2014.02,2.25937677
2023-11-28,4554.89,4554.8900,2040.95,2.23174992
2023-11-29,4550.58,4550.5800,2044.205,2.22608789
2023-11-30,4567.8,4567.8000,2036.195,2.24330184
2023-12-01,4594.63,4594.6300,2070.895,2.21866874
2023-12-04,4569.78,4569.7800,2029.42,2.25176651
2023-12-05,4567.18,4567.1800,2019.34,2.26171918
2023-12-06,4549.34,4549.3400,2025.4,2.24614397
2023-12-07,4585.59,4585.5900,2028.64,2.26042570
2023-12-08,4604.37,4604.3700,2002.82,2.29894349
2023-12-11,4622.44,4622.4400,1981.98,2.33223342
2023-12-12,4643.7,4643.7000,1979.47,2.34593098
2023-12-13,4707.09,4707.0900,2027.56,2.32155399
2023-12-14,4719.55,4719.5500,2036.38,2.31761754
2023-12-15,4719.19,4719.1900,2018.145,2.33838005
2023-12-18,4740.56,4740.5600,2027.29,2.33837290
2023-12-19,4768.37,4768.3700,2040.27,2.33712695
2023-12-20,4698.35,4698.3500,2031.275,2.31300538
2023-12-21,4746.75,4746.7500,2045.81,2.32023013
2023-12-22,4754.63,4754.6300,2053.335,2.31556468
2023-12-26,4774.75,4774.7500,2068.045,2.30882307
2023-12-27,4781.58,4781.5800,2077.675,2.30140903
2023-12-28,4783.35,4783.3500,2065.445,2.31589319
2023-12-29,4769.83,4769.8300,2063.235,2.31182100
2024-01-02,4742.83,4742.8300,2058.94,2.30352997
2024-01-03,4704.81,4704.8100,2041.45,2.30464131
2024-01-04,4688.68,4688.6800,2043.56,2.29436865
2024-01-05,4697.24,4697.2400,2043.805,2.29828188
2024-01-08,4763.54,4763.5400,2028.075,2.34879874
2024-01-09,4756.5,4756.5000,2030.21,2.34286108
2024-01-10,4783.45,4783.4500,2024.39,2.36290932
2024-01-11,4780.24,4780.2400,2028.995,2.35596441
2024-01-12,4783.83,4783.8300,2047.59,2.33632221
2024-01-16,4765.98,4765.9800,2028.345,2.34968903
2024-01-17,4739.21,4739.2100,2006.26,2.36221128
2024-01-18,4780.94,4780.9400,2023.17,2.36309356
2024-01-19,4839.81,4839.8100,2028.52,2.38588232
2024-01-22,4850.43,4850.4300,2021.645,2.39924913
2024-01-23,4864.6,4864.6000,2029.26,2.39722855
2024-01-24,4868.55,4868.5500,2014.01,2.41734152
2024-01-25,4894.16,4894.1600,2020.88,2.42179645
2024-01-26,4890.97,4890.9700,2018.66,2.42287953
2024-01-29,4927.93,4927.9300,2032.865,2.42413048
2024-01-30,4924.97,4924.9700,2036.95,2.41781585
2024-01-31,4845.65,4845.6500,2039.57,2.37581941
2024-02-01,4906.19,4906.1900,2054.99,2.38745201
2024-02-02,4958.61,4958.6100,2036.135,2.43530512
2024-02-05,4942.81,4942.8100,2025.17,2.44068893
2024-02-06,4954.23,4954.2300,2036.05,2.43325557
2024-02-07,4995.06,4995.0600,2035.145,2.45440006
2024-02-08,4997.91,4997.9100,2034.48,2.45660316
2024-02-09,5026.61,5026.6100,2025.175,2.48206204
2024-02-12,5021.84,5021.8400,2020.035,2.48601633
2024-02-13,4953.17,4953.1700,1993.245,2.48497801
2024-02-14,5000.62,5000.6200,1992.35,2.50991041
2024-02-15,5029.73,5029.7300,2004.3,2.50946964
2024-02-16,5005.57,5005.5700,2012.03,2.48782076
2024-02-20,4975.51,4975.5100,2024.335,2.45784912
2024-02-21,4981.8,4981.8000,2026.095,2.45881856
2024-02-22,5087.03,5087.0300,2024.45,2.51279607
2024-02-23,5088.8,5088.8000,2036.63,2.49863746
2024-02-26,5069.53,5069.5300,2031.215,2.49581162
2024-02-27,5078.18,5078.1800,2030.32,2.50117223
2024-02-28,5069.76,5069.7600,2034.52,2.49187032
2024-02-29,5096.27,5096.2700,2044.195,2.49304494
2024-03-01,5137.08,5137.0800,2083.595,2.46548873
2024-03-04,5130.95,5130.9500,2114.625,2.42641130
2024-03-05,5078.65,5078.6500,2127.75,2.38686406
2024-03-06,5104.76,5104.7600,2147.86,2.37667260
2024-03-07,5157.36,5157.3600,2160.115,2.38753955
2024-03-08,5123.69,5123.6900,2177.405,2.35311759
2024-03-11,5117.94,5117.9400,2181.395,2.34617756
2024-03-12,5175.27,5175.2700,2158.655,2.39745119
2024-03-13,5165.31,5165.3100,2174.705,2.37517732
2024-03-14,5150.48,5150.4800,2161.625,2.38268895
2024-03-15,5117.09,5117.0900,2156.065,2.37334681
2024-03-18,5149.42,5149.4200,2161.375,2.38247412
2024-03-19,5178.51,5178.5100,2158.795,2.39879655
2024-03-20,5224.62,5224.6200,2200.775,2.37399098
2024-03-21,5241.53,5241.5300,2181.355,2.40287803
2024-03-22,5234.18,5234.1800,2165.225,2.41738387
2024-03-25,5218.19,5218.1900,2172.085,2.40238757
2024-03-26,5203.58,5203.5800,2178.375,2.38874390
2024-03-27,5248.49,5248.4900,2192.355,2.39399641
2024-03-28,5254.35,5254.3500,2233.99,2.35200247
2024-04-01,5243.77,5243.7700,2251.9,2.32859807
2024-04-02,5205.81,5205.8100,2280.495,2.28275440
2024-04-03,5211.49,5211.4900,2300.44,2.26543183
2024-04-04,5147.21,5147.2100,2291.035,2.24667454
2024-04-05,5204.34,5204.3400,2323.585,2.23978895
2024-04-08,5202.39,5202.3900,2339.325,2.22388510
2024-04-09,5209.91,5209.9100,2352.95,2.21420345
2024-04-10,5160.64,5160.6400,2334.19,2.21089114
2024-04-11,5199.06,5199.0600,2372.55,2.19133843
2024-04-12,5123.41,5123.4100,2343.14,2.18655735
2024-04-15,5061.82,5061.8200,2383.225,2.12393710
2024-04-16,5051.41,5051.4100,2382.58,2.12014287
2024-04-17,5022.21,5022.2100,2360.38,2.12771249
2024-04-18,5011.12,5011.1200,2379.305,2.10612763
2024-04-19,4967.23,4967.2300,2387.69,2.08034963
2024-04-22,5010.6,5010.6000,2327.075,2.15317512
2024-04-23,5070.55,5070.5500,2322.02,2.18368059
2024-04-24,5071.63,5071.6300,2316.11,2.18971897
2024-04-25,5048.42,5048.4200,2332.22,2.16464141
2024-04-26,5099.96,5099.9600,2340.085,2.17939092
2024-04-29,5116.17,5116.1700,2335.74,2.19038506
2024-04-30,5035.69,5035.6900,2285.94,2.20289684
2024-05-01,5018.39,5018.3900,2319.305,2.16374733
2024-05-02,5064.2,5064.2000,2303.67,2.19831834
2024-05-03,5127.79,5127.7900,2301.52,2.22800149
2024-05-06,5180.74,5180.7400,2323.97,2.22926286
2024-05-07,5187.7,5187.7000,2313.99,2.24188523
2024-05-08,5187.67,5187.6700,2308.385,2.24731576
2024-05-09,5214.08,5214.0800,2346.3,2.22225632
2024-05-10,5222.68,5222.6800,2363.435,2.20978364
2024-05-13,5221.42,5221.4200,2336.465,2.23475207
2024-05-14,5246.68,5246.6800,2357.985,2.22506929
2024-05-15,5308.15,5308.1500,2386.085,2.22462737
2024-05-16,5297.1,5297.1000,2376.74,2.22872506
2024-05-17,5303.27,5303.2700,2416.5,2.19460790
2024-05-20,5308.13,5308.1300,2426.36,2.18769268
2024-05-21,5321.41,5321.4100,2420.935,2.19808049
2024-05-22,5307.01,5307.0100,2378.74,2.23101726
2024-05-23,5267.84,5267.8400,2328.885,2.26195798
2024-05-24,5304.72,5304.7200,2333.825,2.27297248
2024-05-28,5306.04,5306.0400,2361.215,2.24716512
2024-05-29,5266.95,5266.9500,2337.81,2.25294186
2024-05-30,5235.48,5235.4800,2343.245,2.23428621
2024-05-31,5277.51,5277.5100,2327.825,2.26714207
2024-06-03,5283.4,5283.4000,2350.735,2.24755236
2024-06-04,5291.34,5291.3400,2327.025,2.27386470
2024-06-05,5354.03,5354.0300,2355.335,2.27315010
2024-06-06,5352.96,5352.9600,2376.135,2.25280129
2024-06-07,5346.99,5346.9900,2287.92,2.33705287
2024-06-10,5360.79,5360.7900,2310.695,2.31999031
2024-06-11,5375.32,5375.3200,2316.87,2.32007838
2024-06-12,5421.03,5421.0300,2324.765,2.33186150
2024-06-13,5433.74,5433.7400,2303.96,2.35843504
2024-06-14,5431.6,5431.6000,2332.64,2.32852047
2024-06-17,5473.23,5473.2300,2319.165,2.36000026
2024-06-18,5487.03,5487.0300,2329.51,2.35544385
2024-06-20,5473.17,5473.1700,2359.995,2.31914474
2024-06-21,5464.62,5464.6200,2322.415,2.35299031
2024-06-24,5447.87,5447.8700,2334.42,2.33371458
2024-06-25,5469.3,5469.3000,2319.605,2.35785834
2024-06-26,5477.9,5477.9000,2298.24,2.38351956
2024-06-27,5482.87,5482.8700,2327.915,2.35527070
2024-06-28,5460.48,5460.4800,2325.185,2.34840669
2024-07-01,5475.09,5475.0900,2331.855,2.34795474
2024-07-02,5509.01,5509.0100,2329.575,2.36481332
2024-07-03,5537.02,5537.0200,2356.25,2.34992891
2024-07-05,5567.19,5567.1900,2388.865,2.33047493
2024-07-08,5572.85,5572.8500,2359.045,2.36233306
2024-07-09,5576.98,5576.9800,2364.025,2.35910365
2024-07-10,5633.91,5633.9100,2371.355,2.37581889
2024-07-11,5584.54,5584.5400,2415.345,2.31210862
2024-07-12,5615.35,5615.3500,2412.76,2.32735539
2024-07-15,5631.22,5631.2200,2422.3,2.32474095
2024-07-16,5667.2,5667.2000,2468.76,2.29556539
2024-07-17,5588.27,5588.2700,2458.925,2.27264760
2024-07-18,5544.59,5544.5900,2445.36,2.26739212
2024-07-19,5505,5505.0000,2398.595,2.29509359
2024-07-22,5564.41,5564.4100,2396.57,2.32182244
2024-07-23,5555.74,5555.7400,2409.56,2.30570727
2024-07-24,5427.13,5427.1300,2397.52,2.26364326
2024-07-25,5399.22,5399.2200,2364.45,2.28349933
2024-07-26,5459.1,5459.1000,2386.385,2.28760238
2024-07-29,5463.54,5463.5400,2384.125,2.29163320
2024-07-30,5436.44,5436.4400,2410.725,2.25510583
2024-07-31,5522.3,5522.3000,2447.64,2.25617329
2024-08-01,5446.68,5446.6800,2446.325,2.22647441
2024-08-02,5346.56,5346.5600,2437.455,2.19350101
2024-08-05,5186.33,5186.3300,2410.415,2.15163364
2024-08-06,5240.03,5240.0300,2390.72,2.19182087
2024-08-07,5199.5,5199.5000,2382.845,2.18205548
2024-08-08,5319.31,5319.3100,2427.5,2.19127085
2024-08-09,5344.16,5344.1600,2429.08,2.20007575
2024-08-12,5344.39,5344.3900,2472.8,2.16127062
2024-08-13,5434.43,5434.4300,2465.115,2.20453407
2024-08-14,5455.21,5455.2100,2448.005,2.22843091
2024-08-15,5543.22,5543.2200,2456.785,2.25629023
2024-08-16,5554.25,5554.2500,2508.135,2.21449404
2024-08-19,5608.25,5608.2500,2504.23,2.23951075
2024-08-20,5597.12,5597.1200,2513.975,2.22640241
2024-08-21,5620.85,5620.8500,2512.42,2.23722546
2024-08-22,5570.64,5570.6400,2484.8,2.24188667
2024-08-23,5634.61,5634.6100,2510.94,2.24402415
2024-08-26,5616.84,5616.8400,2518.05,2.23063085
2024-08-27,5625.8,5625.8000,2524.59,2.22840144
2024-08-28,5592.18,5592.1800,2504.735,2.23264337
2024-08-29,5591.96,5591.9600,2521.175,2.21799756
2024-08-30,5648.4,5648.4000,2502.54,2.25706682
2024-09-03,5528.93,5528.9300,2492.96,2.21781737
2024-09-04,5520.07,5520.0700,2495.65,2.21187667
2024-09-05,5503.41,5503.4100,2516.76,2.18670433
2024-09-06,5408.42,5408.4200,2495.95,2.16687834
2024-09-09,5471.05,5471.0500,2506.22,2.18298872
2024-09-10,5495.52,5495.5200,2516.65,2.18366479
2024-09-11,5554.13,5554.1300,2511.52,2.21146159
2024-09-12,5595.76,5595.7600,2558.795,2.18687312
2024-09-13,5626.02,5626.0200,2582.845,2.17822595
2024-09-16,5633.09,5633.0900,2582.51,2.18124615
2024-09-17,5634.58,5634.5800,2569.59,2.19279340
2024-09-18,5618.26,5618.2600,2559.005,2.19548614
2024-09-19,5713.64,5713.6400,2586.77,2.20879321
2024-09-20,5702.55,5702.5500,2621.17,2.17557427
2024-09-23,5718.57,5718.5700,2628.545,2.17556481
2024-09-24,5732.93,5732.9300,2657.145,2.15755256
2024-09-25,5722.26,5722.2600,2657.17,2.15351671
2024-09-26,5745.37,5745.3700,2672.45,2.14985126
2024-09-27,5738.17,5738.1700,2652.05,2.16367338
2024-09-30,5762.48,5762.4800,2634.735,2.18711939
2024-10-01,5708.75,5708.7500,2663.435,2.14337876
2024-10-02,5709.54,5709.5400,2658.81,2.14740429
2024-10-03,5699.94,5699.9400,2656.21,2.14589208
2024-10-04,5751.07,5751.0700,2651.64,2.16887285
2024-10-07,5695.94,5695.9400,2642.66,2.15538132
2024-10-08,5751.13,5751.1300,2621.955,2.19345107
2024-10-09,5792.04,5792.0400,2607.825,2.22102327
2024-10-10,5780.05,5780.0500,2630.155,2.19760813
2024-10-11,5815.03,5815.0300,2656.195,2.18923309
2024-10-14,5859.85,5859.8500,2648.62,2.21241628
2024-10-15,5815.26,5815.2600,2662.855,2.18384403
2024-10-16,5842.47,5842.4700,2673.84,2.18504847
2024-10-17,5841.47,5841.4700,2693.1,2.16905054
2024-10-18,5864.67,5864.6700,2719.83,2.15626344
2024-10-21,5853.98,5853.9800,2719.745,2.15240032
2024-10-22,5851.2,5851.2000,2749.015,2.12847147
2024-10-23,5797.42,5797.4200,2715.52,2.13492075
2024-10-24,5809.86,5809.8600,2735.985,2.12349848
2024-10-25,5808.12,5808.1200,2742.535,2.11779248
2024-10-28,5823.52,5823.5200,2742.225,2.12364777
2024-10-29,5832.92,5832.9200,2774.68,2.10219557
2024-10-30,5813.67,5813.6700,2787.59,2.08555419
2024-10-31,5705.45,5705.4500,2746.205,2.07757615
2024-11-01,5728.8,5728.8000,2736.515,2.09346559
2024-11-04,5712.69,5712.6900,2736.685,2.08744887
2024-11-05,5782.76,5782.7600,2743.995,2.10742367
2024-11-06,5929.04,5929.0400,2659.055,2.22975456
2024-11-07,5973.1,5973.1000,2706.51,2.20693809
2024-11-08,5995.54,5995.5400,2685.17,2.23283442
2024-11-11,6001.35,6001.3500,2619.54,2.29099384
2024-11-12,5983.99,5983.9900,2598.275,2.30306261
2024-11-13,5985.38,5985.3800,2572.935,2.32628496
2024-11-14,5949.17,5949.1700,2565.05,2.31931931
2024-11-15,5870.62,5870.6200,2562.33,2.29112566
2024-11-18,5893.62,5893.6200,2611.87,2.25647525
2024-11-19,5916.98,5916.9800,2632.265,2.24786638
2024-11-20,5917.11,5917.1100,2650.265,2.23264843
2024-11-21,5948.71,5948.7100,2669.665,2.22826085
2024-11-22,5969.34,5969.3400,2705.95,2.20600528
2024-11-25,5987.37,5987.3700,2625.23,2.28070302
2024-11-26,6021.63,6021.6300,2633.225,2.28678901
2024-11-27,5998.74,5998.7400,2635.945,2.27574551
2024-11-29,6032.38,6032.3800,2650.455,2.27597903
2024-12-02,6047.15,6047.1500,2639.06,2.29140300
2024-12-03,6049.88,6049.8800,2643.665,2.28844426
2024-12-04,6086.49,6086.4900,2650.095,2.29670634
2024-12-05,6075.11,6075.1100,2631.985,2.30818565
2024-12-06,6090.27,6090.2700,2631.985,2.31394556
2024-12-09,6052.85,6052.8500,2660.395,2.27516966
2024-12-10,6034.91,6034.9100,2693.945,2.24017565
2024-12-11,6084.19,6084.1900,2718.13,2.23837344
2024-12-12,6051.25,6051.2500,2680.865,2.25720057
2024-12-13,6051.09,6051.0900,2647.72,2.28539649
2024-12-16,6074.08,6074.0800,2652.725,2.28975110
2024-12-17,6050.61,6050.6100,2646.63,2.28615636
2024-12-18,5872.16,5872.1600,2585.34,2.27132988
2024-12-19,5867.08,5867.0800,2594.285,2.26154027
2024-12-20,5930.85,5930.8500,2623.09,2.26101659
2024-12-23,5974.07,5974.0700,2612.945,2.28633592
2024-12-24,6040.04,6040.0400,2616.18,2.30872493
2024-12-26,6037.59,6037.5900,2633.795,2.29235381
2024-12-27,5970.84,5970.8400,2615.555,2.28281952
2024-12-30,5906.94,5906.9400,2605.965,2.26669967
2024-12-31,5881.63,5881.6300,2624.585,2.24097524
2025-01-02,5868.55,5868.5500,2658.01,2.20787356
2025-01-03,5942.47,5942.4700,2638.26,2.25242016
2025-01-06,5975.38,5975.3800,2636.085,2.26676302
2025-01-07,5909.03,5909.0300,2648.735,2.23088757
2025-01-08,5918.25,5918.2500,2662.1,2.22315090
2025-01-10,5827.04,5827.0400,2690.62,2.16568672
2025-01-13,5836.22,5836.2200,2663.045,2.19155891
2025-01-14,5842.91,5842.9100,2677.36,2.18234007
2025-01-15,5949.91,5949.9100,2696.525,2.20651023
2025-01-16,5937.34,5937.3400,2714.685,2.18711932
2025-01-17,5996.66,5996.6600,2700.865,2.22027388
2025-01-21,6049.24,6049.2400,2744.81,2.20388296
2025-01-22,6086.37,6086.3700,2756.305,2.20816274
2025-01-23,6118.71,6118.7100,2754.885,2.22104008
2025-01-24,6101.24,6101.2400,2771.105,2.20173541
2025-01-27,6012.28,6012.2800,2740.93,2.19351826
2025-01-28,6067.7,6067.7000,2763.89,2.19534786
2025-01-29,6039.31,6039.3100,2759.62,2.18845711
2025-01-30,6071.17,6071.1700,2794.195,2.17277964
2025-01-31,6040.53,6040.5300,2801.28,2.15634638
2025-02-03,5994.57,5994.5700,2815,2.12950977
2025-02-04,6037.88,6037.8800,2842.58,2.12408446
2025-02-05,6061.48,6061.4800,2866.67,2.11446731
2025-02-06,6083.57,6083.5700,2856.035,2.13007544
2025-02-07,6025.99,6025.9900,2860.655,2.10650708
2025-02-10,6066.44,6066.4400,2908.045,2.08608876
2025-02-11,6068.5,6068.5000,2897.58,2.09433389
2025-02-12,6051.97,6051.9700,2903.91,2.08407630
2025-02-13,6115.07,6115.0700,2928.14,2.08838034
2025-02-14,6114.63,6114.6300,2885.16,2.11933827
2025-02-18,6129.58,6129.5800,2935.29,2.08823660
2025-02-19,6144.15,6144.1500,2932.94,2.09487749
2025-02-20,6117.52,6117.5200,2939.675,2.08101916
2025-02-21,6013.13,6013.1300,2934.92,2.04882246
2025-02-24,5983.25,5983.2500,2952.76,2.02632452
2025-02-25,5955.25,5955.2500,2914.995,2.04297091
2025-02-26,5956.06,5956.0600,2916.38,2.04227844
2025-02-27,5861.57,5861.5700,2877.07,2.03734007
2025-02-28,5954.5,5954.5000,2854.945,2.08567941
2025-03-03,5849.72,5849.7200,2892.82,2.02215140
2025-03-04,5778.15,5778.1500,2917.99,1.98018156
2025-03-05,5842.63,5842.6300,2919.17,2.00146960
2025-03-06,5738.52,5738.5200,2911.14,1.97122777
2025-03-07,5770.2,5770.2000,2909.36,1.98332279
2025-03-10,5614.56,5614.5600,2884.98,1.94613481
2025-03-11,5572.07,5572.0700,2917.51,1.90987177
2025-03-12,5599.3,5599.3000,2938.16,1.90571650
2025-03-13,5521.52,5521.5200,2987.325,1.84831580
2025-03-14,5638.94,5638.9400,2985.045,1.88906365